ISO-10303-21;
HEADER;
FILE_DESCRIPTION (( 'STEP AP214' ),
    '1' );
FILE_NAME ('ES8388S.STEP',
    '2020-12-02T21:55:02',
    ( '' ),
    ( '' ),
    'SwSTEP 2.0',
    'SolidWorks 2017',
    '' );
FILE_SCHEMA (( 'AUTOMOTIVE_DESIGN' ));
ENDSEC;

DATA;
#1 = AXIS2_PLACEMENT_3D ( 'NONE', #8049, #5455, #4363 ) ;
#2 = ORIENTED_EDGE ( 'NONE', *, *, #9557, .T. ) ;
#3 = VERTEX_POINT ( 'NONE', #2729 ) ;
#4 = ORIENTED_EDGE ( 'NONE', *, *, #11282, .F. ) ;
#5 = AXIS2_PLACEMENT_3D ( 'NONE', #2124, #10910, #1925 ) ;
#6 = VECTOR ( 'NONE', #9720, 1000.000000000000000 ) ;
#7 = DIRECTION ( 'NONE',  ( 0.0000000000000000000, -1.000000000000000000, 0.0000000000000000000 ) ) ;
#8 =( NAMED_UNIT ( * ) SI_UNIT ( $, .STERADIAN. ) SOLID_ANGLE_UNIT ( ) );
#9 = LINE ( 'NONE', #4104, #9915 ) ;
#10 = EDGE_CURVE ( 'NONE', #8460, #125, #5861, .T. ) ;
#11 = CARTESIAN_POINT ( 'NONE',  ( 1.650000000000000800, 0.2030000000000001000, 1.310000000000000500 ) ) ;
#12 = VECTOR ( 'NONE', #9229, 1000.000000000000000 ) ;
#13 = ORIENTED_EDGE ( 'NONE', *, *, #2937, .T. ) ;
#14 = DIRECTION ( 'NONE',  ( 0.0000000000000000000, 0.0000000000000000000, 1.000000000000000000 ) ) ;
#15 = ORIENTED_EDGE ( 'NONE', *, *, #9872, .F. ) ;
#16 = ORIENTED_EDGE ( 'NONE', *, *, #2057, .F. ) ;
#17 = DIRECTION ( 'NONE',  ( -0.0000000000000000000, -1.000000000000000000, -0.0000000000000000000 ) ) ;
#18 = DIRECTION ( 'NONE',  ( 1.000000000000000000, -0.0000000000000000000, -0.0000000000000000000 ) ) ;
#19 = DIRECTION ( 'NONE',  ( -0.0000000000000000000, -1.000000000000000000, -0.0000000000000000000 ) ) ;
#20 = CARTESIAN_POINT ( 'NONE',  ( -0.9400000000000001700, 0.6218078318274390400, -1.650000000000000100 ) ) ;
#21 = EDGE_LOOP ( 'NONE', ( #5109, #10533, #10120, #620 ) ) ;
#23 = EDGE_CURVE ( 'NONE', #11779, #1147, #12022, .T. ) ;
#22 = VECTOR ( 'NONE', #12244, 1000.000000000000000 ) ;
#24 = DIRECTION ( 'NONE',  ( 0.0000000000000000000, 1.000000000000000000, 0.0000000000000000000 ) ) ;
#25 = CARTESIAN_POINT ( 'NONE',  ( 0.5650000000000003900, 0.2030000000000000100, 1.725000000000001200 ) ) ;
#26 = ADVANCED_FACE ( 'NONE', ( #2108 ), #8372, .F. ) ;
#27 = FACE_OUTER_BOUND ( 'NONE', #277, .T. ) ;
#28 = ORIENTED_EDGE ( 'NONE', *, *, #451, .F. ) ;
#29 = AXIS2_PLACEMENT_3D ( 'NONE', #8125, #10397, #11184 ) ;
#30 = DIRECTION ( 'NONE',  ( -0.0000000000000000000, -1.000000000000000000, -0.0000000000000000000 ) ) ;
#31 = ORIENTED_EDGE ( 'NONE', *, *, #8022, .F. ) ;
#32 = VERTEX_POINT ( 'NONE', #103 ) ;
#33 = EDGE_CURVE ( 'NONE', #8053, #683, #9497, .T. ) ;
#34 = FILL_AREA_STYLE ('',( #691 ) ) ;
#35 = DIRECTION ( 'NONE',  ( 0.0000000000000000000, 1.000000000000000000, 0.0000000000000000000 ) ) ;
#36 = SURFACE_STYLE_FILL_AREA ( #5265 ) ;
#37 = CARTESIAN_POINT ( 'NONE',  ( 1.650000000000000800, 0.0000000000000000000, 1.310000000000000500 ) ) ;
#38 = VECTOR ( 'NONE', #11300, 1000.000000000000000 ) ;
#39 = CARTESIAN_POINT ( 'NONE',  ( 0.3349999999999995800, 0.04999999999999999600, -1.725000000000000300 ) ) ;
#40 = CARTESIAN_POINT ( 'NONE',  ( -1.650000000000000800, 0.6218078318274388200, -0.4099999999999999800 ) ) ;
#41 = ORIENTED_EDGE ( 'NONE', *, *, #5489, .T. ) ;
#42 = CARTESIAN_POINT ( 'NONE',  ( 1.465000000000000500, 0.2030000000000000100, 1.725000000000001200 ) ) ;
#43 = PRESENTATION_LAYER_ASSIGNMENT (  '', '', ( #11651 ) ) ;
#44 = ORIENTED_EDGE ( 'NONE', *, *, #10112, .F. ) ;
#45 = CARTESIAN_POINT ( 'NONE',  ( 2.000000000000000900, 0.6218078318274388200, 0.5649999999999999500 ) ) ;
#46 = VECTOR ( 'NONE', #10949, 1000.000000000000000 ) ;
#47 = EDGE_CURVE ( 'NONE', #8459, #2183, #1087, .T. ) ;
#48 = VECTOR ( 'NONE', #3535, 1000.000000000000000 ) ;
#49 = EDGE_CURVE ( 'NONE', #6232, #6280, #6905, .T. ) ;
#50 = CARTESIAN_POINT ( 'NONE',  ( -0.5649999999999997200, 0.0000000000000000000, 2.000000000000000400 ) ) ;
#51 = DIRECTION ( 'NONE',  ( 0.7071067811865475700, 0.0000000000000000000, -0.7071067811865475700 ) ) ;
#52 = ORIENTED_EDGE ( 'NONE', *, *, #9502, .T. ) ;
#53 = ADVANCED_FACE ( 'NONE', ( #7949 ), #8503, .T. ) ;
#54 = ORIENTED_EDGE ( 'NONE', *, *, #2267, .T. ) ;
#55 =( NAMED_UNIT ( * ) SI_UNIT ( $, .STERADIAN. ) SOLID_ANGLE_UNIT ( ) );
#56 = VECTOR ( 'NONE', #17, 1000.000000000000000 ) ;
#57 = AXIS2_PLACEMENT_3D ( 'NONE', #1528, #1600, #1487 ) ;
#58 = CARTESIAN_POINT ( 'NONE',  ( 1.517503272058749800, 0.05000000000000000300, 1.857503272058750300 ) ) ;
#59 = DIRECTION ( 'NONE',  ( 7.885106708985485100E-016, 0.0000000000000000000, -1.000000000000000000 ) ) ;
#60 = FACE_OUTER_BOUND ( 'NONE', #11180, .T. ) ;
#61 = AXIS2_PLACEMENT_3D ( 'NONE', #3984, #4908, #1177 ) ;
#62 = DIRECTION ( 'NONE',  ( -2.365532012695645800E-015, 0.0000000000000000000, 1.000000000000000000 ) ) ;
#63 = EDGE_CURVE ( 'NONE', #10171, #2015, #3010, .T. ) ;
#64 = ORIENTED_EDGE ( 'NONE', *, *, #911, .T. ) ;
#65 = ORIENTED_EDGE ( 'NONE', *, *, #1094, .T. ) ;
#66 = LINE ( 'NONE', #5600, #9971 ) ;
#67 = CARTESIAN_POINT ( 'NONE',  ( 2.000000000000000900, 0.04999999999999991300, 0.1150000000000000900 ) ) ;
#68 = DIRECTION ( 'NONE',  ( 1.000000000000000000, -0.0000000000000000000, 1.577021341797097400E-015 ) ) ;
#69 = LINE ( 'NONE', #3870, #11299 ) ;
#70 = CARTESIAN_POINT ( 'NONE',  ( -0.5650000000000001700, 0.0000000000000000000, -2.000000000000000400 ) ) ;
#71 = CARTESIAN_POINT ( 'NONE',  ( -0.1149999999999996600, 0.2030000000000000100, 1.725000000000001200 ) ) ;
#72 = AXIS2_PLACEMENT_3D ( 'NONE', #3670, #7379, #11142 ) ;
#73 = DIRECTION ( 'NONE',  ( 0.0000000000000000000, 0.0000000000000000000, -1.000000000000000000 ) ) ;
#74 = ORIENTED_EDGE ( 'NONE', *, *, #8752, .F. ) ;
#75 = CARTESIAN_POINT ( 'NONE',  ( 1.725000000000000800, 0.6218078318274387100, -1.015000000000000300 ) ) ;
#76 = ORIENTED_EDGE ( 'NONE', *, *, #4292, .T. ) ;
#77 = AXIS2_PLACEMENT_3D ( 'NONE', #8973, #3261, #2212 ) ;
#78 = VECTOR ( 'NONE', #3216, 1000.000000000000000 ) ;
#79 = CARTESIAN_POINT ( 'NONE',  ( -1.725000000000000800, 0.05000000000000002400, -1.310000000000000100 ) ) ;
#80 = LINE ( 'NONE', #6004, #1400 ) ;
#81 = VECTOR ( 'NONE', #3982, 1000.000000000000000 ) ;
#82 = DIRECTION ( 'NONE',  ( 1.000000000000000000, 0.0000000000000000000, 1.577021341797097400E-015 ) ) ;
#83 = EDGE_CURVE ( 'NONE', #1205, #11058, #2419, .T. ) ;
#84 = ADVANCED_FACE ( 'NONE', ( #5415 ), #8546, .F. ) ;
#85 = CARTESIAN_POINT ( 'NONE',  ( 1.310000000000000500, 0.2030000000000000100, -1.650000000000000800 ) ) ;
#86 = ORIENTED_EDGE ( 'NONE', *, *, #8185, .T. ) ;
#87 = VERTEX_POINT ( 'NONE', #5725 ) ;
#88 = UNCERTAINTY_MEASURE_WITH_UNIT (LENGTH_MEASURE( 1.000000000000000100E-005 ), #8290, 'distance_accuracy_value', 'NONE');
#89 = ORIENTED_EDGE ( 'NONE', *, *, #8264, .F. ) ;
#90 = CARTESIAN_POINT ( 'NONE',  ( 0.0000000000000000000, 0.05000000000000000300, -1.650000000000000100 ) ) ;
#91 = VECTOR ( 'NONE', #956, 1000.000000000000000 ) ;
#92 = ORIENTED_EDGE ( 'NONE', *, *, #3474, .F. ) ;
#93 = AXIS2_PLACEMENT_3D ( 'NONE', #8716, #11603, #5035 ) ;
#94 = LINE ( 'NONE', #5487, #3677 ) ;
#95 = CARTESIAN_POINT ( 'NONE',  ( -0.4899999999999997700, 0.2030000000000000100, 1.725000000000000800 ) ) ;
#96 = DIRECTION ( 'NONE',  ( 0.7071067811865475700, 0.0000000000000000000, -0.7071067811865475700 ) ) ;
#97 = ORIENTED_EDGE ( 'NONE', *, *, #10946, .F. ) ;
#98 = VECTOR ( 'NONE', #11950, 1000.000000000000000 ) ;
#99 = FILL_AREA_STYLE ('',( #5883 ) ) ;
#100 = EDGE_CURVE ( 'NONE', #7958, #1815, #5710, .T. ) ;
#101 = DIRECTION ( 'NONE',  ( 2.365532012695645400E-015, 0.0000000000000000000, -1.000000000000000000 ) ) ;
#102 = ORIENTED_EDGE ( 'NONE', *, *, #5756, .F. ) ;
#103 = CARTESIAN_POINT ( 'NONE',  ( -1.650000000000000800, 0.0000000000000000000, 0.8599999999999998800 ) ) ;
#104 = VECTOR ( 'NONE', #2991, 1000.000000000000000 ) ;
#105 = ORIENTED_EDGE ( 'NONE', *, *, #4907, .F. ) ;
#106 = VECTOR ( 'NONE', #7631, 1000.000000000000000 ) ;
#107 = VECTOR ( 'NONE', #12004, 1000.000000000000100 ) ;
#108 = VERTEX_POINT ( 'NONE', #903 ) ;
#109 = CARTESIAN_POINT ( 'NONE',  ( 1.725000000000000800, 0.2030000000000000100, 0.4899999999999995500 ) ) ;
#110 = ORIENTED_EDGE ( 'NONE', *, *, #4061, .F. ) ;
#111 = VERTEX_POINT ( 'NONE', #6614 ) ;
#112 = DIRECTION ( 'NONE',  ( 0.0000000000000000000, 0.0000000000000000000, -1.000000000000000000 ) ) ;
#113 = ADVANCED_FACE ( 'NONE', ( #10988 ), #10511, .F. ) ;
#114 = VECTOR ( 'NONE', #10945, 1000.000000000000000 ) ;
#115 = DIRECTION ( 'NONE',  ( 0.0000000000000000000, 1.000000000000000000, 0.0000000000000000000 ) ) ;
#116 = ORIENTED_EDGE ( 'NONE', *, *, #677, .T. ) ;
#117 = CARTESIAN_POINT ( 'NONE',  ( -1.650000000000000800, 0.2030000000000000100, 0.4899999999999999900 ) ) ;
#118 = EDGE_CURVE ( 'NONE', #3540, #6976, #10402, .T. ) ;
#119 = CARTESIAN_POINT ( 'NONE',  ( 1.465000000000001000, 0.2030000000000000100, 2.000000000000000400 ) ) ;
#120 = FACE_OUTER_BOUND ( 'NONE', #10714, .T. ) ;
#121 = EDGE_LOOP ( 'NONE', ( #3705, #5880, #835, #8584 ) ) ;
#122 = ORIENTED_EDGE ( 'NONE', *, *, #7318, .T. ) ;
#123 = ORIENTED_EDGE ( 'NONE', *, *, #4907, .T. ) ;
#124 = DIRECTION ( 'NONE',  ( -1.000000000000000000, 0.0000000000000000000, -1.577021341797097400E-015 ) ) ;
#125 = VERTEX_POINT ( 'NONE', #9582 ) ;
#126 = DIRECTION ( 'NONE',  ( -1.577021341797097400E-015, 0.0000000000000000000, 1.000000000000000000 ) ) ;
#127 = DIRECTION ( 'NONE',  ( 0.0000000000000000000, 0.0000000000000000000, -1.000000000000000000 ) ) ;
#128 = FACE_OUTER_BOUND ( 'NONE', #11781, .T. ) ;
#129 = FACE_OUTER_BOUND ( 'NONE', #10053, .T. ) ;
#130 = VECTOR ( 'NONE', #3368, 1000.000000000000000 ) ;
#131 = DIRECTION ( 'NONE',  ( 0.0000000000000000000, 0.0000000000000000000, 1.000000000000000000 ) ) ;
#132 = ORIENTED_EDGE ( 'NONE', *, *, #647, .T. ) ;
#133 = ORIENTED_EDGE ( 'NONE', *, *, #8283, .F. ) ;
#134 = EDGE_CURVE ( 'NONE', #331, #11788, #11285, .T. ) ;
#135 = ORIENTED_EDGE ( 'NONE', *, *, #5448, .T. ) ;
#136 = EDGE_CURVE ( 'NONE', #917, #10391, #795, .T. ) ;
#137 = ORIENTED_EDGE ( 'NONE', *, *, #10441, .T. ) ;
#138 = EDGE_CURVE ( 'NONE', #165, #4954, #6008, .T. ) ;
#139 =( NAMED_UNIT ( * ) PLANE_ANGLE_UNIT ( ) SI_UNIT ( $, .RADIAN. ) );
#140 = DIRECTION ( 'NONE',  ( -1.000000000000000000, 0.0000000000000000000, 1.577021341797102100E-015 ) ) ;
#141 = LINE ( 'NONE', #4338, #7457 ) ;
#142 = CARTESIAN_POINT ( 'NONE',  ( -1.725000000000000800, 0.05000000000000002400, 0.8599999999999998800 ) ) ;
#143 = SURFACE_SIDE_STYLE ('',( #6086 ) ) ;
#144 = LINE ( 'NONE', #6902, #4629 ) ;
#145 = FACE_OUTER_BOUND ( 'NONE', #8527, .T. ) ;
#146 = CARTESIAN_POINT ( 'NONE',  ( -1.600000000000000800, 0.6999999999999999600, -1.600000000000000300 ) ) ;
#147 = EDGE_LOOP ( 'NONE', ( #11504, #6225, #8013, #7742 ) ) ;
#148 = DIRECTION ( 'NONE',  ( 0.0000000000000000000, 0.0000000000000000000, -1.000000000000000000 ) ) ;
#149 = ORIENTED_EDGE ( 'NONE', *, *, #12059, .T. ) ;
#150 = DIRECTION ( 'NONE',  ( 0.0000000000000000000, -1.000000000000000000, 0.0000000000000000000 ) ) ;
#151 = ADVANCED_FACE ( 'NONE', ( #197 ), #11427, .T. ) ;
#152 = ORIENTED_EDGE ( 'NONE', *, *, #5877, .T. ) ;
#153 = CARTESIAN_POINT ( 'NONE',  ( -1.650000000000000800, 0.0000000000000000000, -0.9399999999999999500 ) ) ;
#154 = ORIENTED_EDGE ( 'NONE', *, *, #1240, .T. ) ;
#155 = AXIS2_PLACEMENT_3D ( 'NONE', #9130, #2442, #11010 ) ;
#156 = LINE ( 'NONE', #1680, #5668 ) ;
#157 = CARTESIAN_POINT ( 'NONE',  ( -1.650000000000000800, 0.6218078318274388200, -0.4099999999999999800 ) ) ;
#158 = AXIS2_PLACEMENT_3D ( 'NONE', #6242, #523, #2469 ) ;
#159 = CIRCLE ( 'NONE', #10763, 0.07499999999999998300 ) ;
#160 = FACE_OUTER_BOUND ( 'NONE', #8622, .T. ) ;
#161 = DIRECTION ( 'NONE',  ( -1.000000000000000000, 0.0000000000000000000, 0.0000000000000000000 ) ) ;
#162 = EDGE_CURVE ( 'NONE', #5522, #8212, #10547, .T. ) ;
#163 = ORIENTED_EDGE ( 'NONE', *, *, #9149, .F. ) ;
#164 = DIRECTION ( 'NONE',  ( 1.000000000000000000, -0.0000000000000000000, 0.0000000000000000000 ) ) ;
#165 = VERTEX_POINT ( 'NONE', #5885 ) ;
#166 = EDGE_LOOP ( 'NONE', ( #7550, #10731, #10931, #6553, #2523 ) ) ;
#167 = ADVANCED_BREP_SHAPE_REPRESENTATION ( 'ES8388S', ( #9780, #7880, #6440, #4386, #1608, #11437, #4758, #2683, #8663, #851, #3836, #2283, #2897, #6963, #12360, #10154, #2126, #11975, #9623, #5667, #11814, #3044, #4223, #4536, #6593, #6038, #6740, #7122, #1973, #5281, #10001, #4885 ), #4244 ) ;
#168 = PRESENTATION_STYLE_ASSIGNMENT (( #9704 ) ) ;
#169 = LINE ( 'NONE', #9157, #10375 ) ;
#170 = STYLED_ITEM ( 'NONE', ( #3324 ), #12360 ) ;
#171 = CARTESIAN_POINT ( 'NONE',  ( -1.725000000000000800, 0.05000000000000002400, -0.9399999999999999500 ) ) ;
#172 = ORIENTED_EDGE ( 'NONE', *, *, #6338, .F. ) ;
#173 = AXIS2_PLACEMENT_3D ( 'NONE', #10797, #11697, #11609 ) ;
#174 = ORIENTED_EDGE ( 'NONE', *, *, #7451, .T. ) ;
#175 = CARTESIAN_POINT ( 'NONE',  ( 0.7850000000000001400, 0.6218078318274392600, 1.725000000000001200 ) ) ;
#176 = EDGE_CURVE ( 'NONE', #8210, #4652, #1540, .T. ) ;
#178 = VECTOR ( 'NONE', #11856, 1000.000000000000000 ) ;
#177 = DIRECTION ( 'NONE',  ( 1.577021341797097400E-015, 0.0000000000000000000, -1.000000000000000000 ) ) ;
#179 = LINE ( 'NONE', #1751, #2706 ) ;
#180 = ADVANCED_FACE ( 'NONE', ( #6615 ), #11139, .T. ) ;
#181 = CARTESIAN_POINT ( 'NONE',  ( -0.8599999999999999900, 0.2030000000000000100, 1.650000000000000800 ) ) ;
#182 = LINE ( 'NONE', #1202, #10086 ) ;
#183 = CARTESIAN_POINT ( 'NONE',  ( -1.725000000000000800, 0.2030000000000000100, 0.4899999999999999900 ) ) ;
#184 = DIRECTION ( 'NONE',  ( 1.000000000000000000, 0.0000000000000000000, 0.0000000000000000000 ) ) ;
#185 = DIRECTION ( 'NONE',  ( 0.0000000000000000000, -0.0000000000000000000, 1.000000000000000000 ) ) ;
#186 = ORIENTED_EDGE ( 'NONE', *, *, #11578, .F. ) ;
#187 = DIRECTION ( 'NONE',  ( 0.0000000000000000000, 1.000000000000000000, 0.0000000000000000000 ) ) ;
#188 = EDGE_CURVE ( 'NONE', #2195, #3572, #3162, .T. ) ;
#189 = DIRECTION ( 'NONE',  ( -0.0000000000000000000, -1.000000000000000000, -0.0000000000000000000 ) ) ;
#190 = VECTOR ( 'NONE', #4525, 1000.000000000000000 ) ;
#191 = VECTOR ( 'NONE', #10198, 1000.000000000000000 ) ;
#192 = EDGE_CURVE ( 'NONE', #3392, #7561, #3936, .T. ) ;
#193 = DIRECTION ( 'NONE',  ( -0.0000000000000000000, -1.000000000000000000, -0.0000000000000000000 ) ) ;
#194 = CARTESIAN_POINT ( 'NONE',  ( 0.1149999999999998700, 0.6218078318274392600, -1.725000000000000300 ) ) ;
#195 = CARTESIAN_POINT ( 'NONE',  ( -2.000000000000000900, 0.2030000000000000100, -0.7850000000000000300 ) ) ;
#196 = ORIENTED_EDGE ( 'NONE', *, *, #2347, .T. ) ;
#197 = FACE_OUTER_BOUND ( 'NONE', #1001, .T. ) ;
#198 = CARTESIAN_POINT ( 'NONE',  ( 1.725000000000000800, 0.0000000000000000000, 0.8599999999999994300 ) ) ;
#199 = CARTESIAN_POINT ( 'NONE',  ( -0.1150000000000003000, 0.2030000000000000100, -1.725000000000000300 ) ) ;
#200 = DIRECTION ( 'NONE',  ( 0.0000000000000000000, -0.0000000000000000000, 1.000000000000000000 ) ) ;
#201 = LINE ( 'NONE', #5604, #6169 ) ;
#202 = SURFACE_STYLE_FILL_AREA ( #9441 ) ;
#203 = DIRECTION ( 'NONE',  ( 1.000000000000000000, 0.0000000000000000000, -0.0000000000000000000 ) ) ;
#204 = CARTESIAN_POINT ( 'NONE',  ( 2.000000000000000900, 0.6218078318274388200, -1.464999999999999900 ) ) ;
#205 = ADVANCED_FACE ( 'NONE', ( #9191 ), #4075, .T. ) ;
#206 = EDGE_CURVE ( 'NONE', #9148, #4947, #12330, .T. ) ;
#207 = DIRECTION ( 'NONE',  ( -0.0000000000000000000, 0.0000000000000000000, -1.000000000000000000 ) ) ;
#208 = ORIENTED_EDGE ( 'NONE', *, *, #7855, .T. ) ;
#209 = EDGE_CURVE ( 'NONE', #2728, #6232, #6316, .T. ) ;
#210 = EDGE_LOOP ( 'NONE', ( #2774, #321, #8807, #3292, #3077, #9932 ) ) ;
#211 = VECTOR ( 'NONE', #7500, 1000.000000000000000 ) ;
#212 = ORIENTED_EDGE ( 'NONE', *, *, #11415, .T. ) ;
#213 = CARTESIAN_POINT ( 'NONE',  ( -0.9399999999999997200, 0.2030000000000000100, 1.725000000000000800 ) ) ;
#214 = ORIENTED_EDGE ( 'NONE', *, *, #5581, .T. ) ;
#215 = AXIS2_PLACEMENT_3D ( 'NONE', #10753, #9722, #11653 ) ;
#216 = FACE_OUTER_BOUND ( 'NONE', #375, .T. ) ;
#217 = PLANE ( 'NONE',  #10670 ) ;
#218 = SURFACE_SIDE_STYLE ('',( #875 ) ) ;
#219 = LINE ( 'NONE', #7589, #3489 ) ;
#220 = CARTESIAN_POINT ( 'NONE',  ( -0.7850000000000002500, 0.2030000000000000100, -1.725000000000000300 ) ) ;
#221 = FACE_OUTER_BOUND ( 'NONE', #4539, .T. ) ;
#222 = CARTESIAN_POINT ( 'NONE',  ( 2.000000000000000900, 0.2030000000000000100, 0.1150000000000000900 ) ) ;
#223 = EDGE_CURVE ( 'NONE', #3757, #4351, #5269, .T. ) ;
#224 = DIRECTION ( 'NONE',  ( -0.7071067811865474600, 0.0000000000000000000, 0.7071067811865474600 ) ) ;
#225 = CARTESIAN_POINT ( 'NONE',  ( 2.000000000000000900, 0.6218078318274388200, 0.1150000000000000900 ) ) ;
#226 = EDGE_CURVE ( 'NONE', #6613, #4037, #2874, .T. ) ;
#227 = ORIENTED_EDGE ( 'NONE', *, *, #162, .F. ) ;
#228 = ORIENTED_EDGE ( 'NONE', *, *, #9485, .T. ) ;
#229 = CARTESIAN_POINT ( 'NONE',  ( 1.725000000000000800, 0.2030000000000000100, -0.9400000000000003900 ) ) ;
#230 = FACE_OUTER_BOUND ( 'NONE', #5228, .T. ) ;
#231 = ORIENTED_EDGE ( 'NONE', *, *, #5488, .F. ) ;
#232 = CARTESIAN_POINT ( 'NONE',  ( 1.725000000000000800, 0.0000000000000000000, -1.310000000000000500 ) ) ;
#233 = FACE_OUTER_BOUND ( 'NONE', #3339, .T. ) ;
#234 = ADVANCED_FACE ( 'NONE', ( #8873 ), #11720, .F. ) ;
#235 = ORIENTED_EDGE ( 'NONE', *, *, #11803, .T. ) ;
#236 = CARTESIAN_POINT ( 'NONE',  ( 0.3350000000000002400, 0.2030000000000000100, 1.725000000000001200 ) ) ;
#237 = CARTESIAN_POINT ( 'NONE',  ( 1.725000000000000800, 0.6218078318274388200, -0.1150000000000003000 ) ) ;
#238 = DIRECTION ( 'NONE',  ( 0.0000000000000000000, -0.0000000000000000000, 1.000000000000000000 ) ) ;
#239 = EDGE_LOOP ( 'NONE', ( #8535, #9833, #6571, #10150 ) ) ;
#240 = ORIENTED_EDGE ( 'NONE', *, *, #4748, .F. ) ;
#241 = AXIS2_PLACEMENT_3D ( 'NONE', #3916, #11534, #4987 ) ;
#242 = VERTEX_POINT ( 'NONE', #9710 ) ;
#243 = EDGE_LOOP ( 'NONE', ( #10535, #7759, #12036, #12073 ) ) ;
#244 = DIRECTION ( 'NONE',  ( 0.0000000000000000000, 0.0000000000000000000, 1.000000000000000000 ) ) ;
#245 = EDGE_CURVE ( 'NONE', #5456, #5200, #10836, .T. ) ;
#246 = SURFACE_STYLE_FILL_AREA ( #10608 ) ;
#247 = EDGE_LOOP ( 'NONE', ( #12394, #4446, #9847, #8816, #8485, #3124, #186, #7467, #2271, #8932, #4126, #116, #64, #7863, #2364, #5431, #7416, #10607, #10292, #1930, #6873, #4011, #516, #2221, #7174, #791, #3467, #7123, #11434, #8625, #4376, #4035 ) ) ;
#248 = DIRECTION ( 'NONE',  ( -0.0000000000000000000, -1.000000000000000000, -0.0000000000000000000 ) ) ;
#249 = FACE_OUTER_BOUND ( 'NONE', #3779, .T. ) ;
#250 = LINE ( 'NONE', #10186, #1139 ) ;
#251 = ORIENTED_EDGE ( 'NONE', *, *, #1612, .T. ) ;
#252 = DIRECTION ( 'NONE',  ( 0.0000000000000000000, 0.0000000000000000000, 1.000000000000000000 ) ) ;
#253 =( NAMED_UNIT ( * ) PLANE_ANGLE_UNIT ( ) SI_UNIT ( $, .RADIAN. ) );
#254 = EDGE_CURVE ( 'NONE', #3987, #4351, #641, .T. ) ;
#255 = LINE ( 'NONE', #9090, #3843 ) ;
#256 = DIRECTION ( 'NONE',  ( 0.0000000000000000000, -1.000000000000000000, 0.0000000000000000000 ) ) ;
#257 = AXIS2_PLACEMENT_3D ( 'NONE', #6529, #2597, #10333 ) ;
#258 = VERTEX_POINT ( 'NONE', #8708 ) ;
#259 = LINE ( 'NONE', #4515, #4601 ) ;
#260 = DIRECTION ( 'NONE',  ( 0.0000000000000000000, 0.0000000000000000000, -1.000000000000000000 ) ) ;
#261 = CYLINDRICAL_SURFACE ( 'NONE', #8040, 0.07500000000000019200 ) ;
#262 = ORIENTED_EDGE ( 'NONE', *, *, #723, .T. ) ;
#263 = CARTESIAN_POINT ( 'NONE',  ( 2.000000000000000900, 0.2030000000000000100, -0.3350000000000000200 ) ) ;
#264 = CARTESIAN_POINT ( 'NONE',  ( -1.650000000000000800, 0.2030000000000001000, -1.310000000000000500 ) ) ;
#265 = EDGE_CURVE ( 'NONE', #11700, #7694, #4977, .T. ) ;
#266 = VERTEX_POINT ( 'NONE', #222 ) ;
#267 = DIRECTION ( 'NONE',  ( 0.0000000000000000000, 0.0000000000000000000, -1.000000000000000000 ) ) ;
#268 = EDGE_LOOP ( 'NONE', ( #6265, #1507, #7885, #8612, #3518 ) ) ;
#269 = ADVANCED_FACE ( 'NONE', ( #6168 ), #10825, .F. ) ;
#270 = CARTESIAN_POINT ( 'NONE',  ( -2.000000000000000900, 0.2030000000000001000, -0.3350000000000000200 ) ) ;
#271 = DIRECTION ( 'NONE',  ( 0.0000000000000000000, -1.000000000000000000, 0.0000000000000000000 ) ) ;
#272 = FACE_OUTER_BOUND ( 'NONE', #3183, .T. ) ;
#273 = LINE ( 'NONE', #1154, #3092 ) ;
#274 = DIRECTION ( 'NONE',  ( -0.0000000000000000000, -1.000000000000000000, -0.0000000000000000000 ) ) ;
#275 = ORIENTED_EDGE ( 'NONE', *, *, #8402, .F. ) ;
#276 = DIRECTION ( 'NONE',  ( -0.0000000000000000000, -1.000000000000000000, -0.0000000000000000000 ) ) ;
#277 = EDGE_LOOP ( 'NONE', ( #9201, #3993, #6261, #9992 ) ) ;
#278 = AXIS2_PLACEMENT_3D ( 'NONE', #12167, #4424, #12124 ) ;
#279 = ORIENTED_EDGE ( 'NONE', *, *, #12032, .F. ) ;
#280 = DIRECTION ( 'NONE',  ( 0.0000000000000000000, -1.000000000000000000, 0.0000000000000000000 ) ) ;
#281 = CARTESIAN_POINT ( 'NONE',  ( 1.465000000000000500, 0.2030000000000000100, -2.000000000000000400 ) ) ;
#282 = EDGE_CURVE ( 'NONE', #2303, #11967, #1689, .T. ) ;
#283 = PLANE ( 'NONE',  #10353 ) ;
#284 = EDGE_CURVE ( 'NONE', #1421, #2070, #10102, .T. ) ;
#285 = DIRECTION ( 'NONE',  ( -1.000000000000000000, 0.0000000000000000000, 0.0000000000000000000 ) ) ;
#286 = LINE ( 'NONE', #1993, #11216 ) ;
#287 = FACE_OUTER_BOUND ( 'NONE', #2518, .T. ) ;
#288 = DIRECTION ( 'NONE',  ( 0.0000000000000000000, 0.0000000000000000000, -1.000000000000000000 ) ) ;
#289 = VECTOR ( 'NONE', #7965, 1000.000000000000000 ) ;
#290 = ORIENTED_EDGE ( 'NONE', *, *, #4392, .F. ) ;
#291 = VERTEX_POINT ( 'NONE', #10984 ) ;
#292 = DIRECTION ( 'NONE',  ( -0.0000000000000000000, -1.000000000000000000, -0.0000000000000000000 ) ) ;
#293 = ORIENTED_EDGE ( 'NONE', *, *, #6046, .T. ) ;
#294 = ORIENTED_EDGE ( 'NONE', *, *, #11446, .F. ) ;
#295 = CARTESIAN_POINT ( 'NONE',  ( -1.389999999999999700, 0.2030000000000000100, 1.725000000000000800 ) ) ;
#296 = ORIENTED_EDGE ( 'NONE', *, *, #4766, .F. ) ;
#297 = VECTOR ( 'NONE', #7198, 1000.000000000000000 ) ;
#298 = AXIS2_PLACEMENT_3D ( 'NONE', #9454, #10415, #9491 ) ;
#299 = DIRECTION ( 'NONE',  ( 0.0000000000000000000, 1.000000000000000000, -0.0000000000000000000 ) ) ;
#300 = FACE_OUTER_BOUND ( 'NONE', #1942, .T. ) ;
#301 = DIRECTION ( 'NONE',  ( 0.0000000000000000000, 0.0000000000000000000, -1.000000000000000000 ) ) ;
#302 = EDGE_LOOP ( 'NONE', ( #1869, #10209, #650, #11805 ) ) ;
#303 = ADVANCED_FACE ( 'NONE', ( #8252 ), #4152, .F. ) ;
#304 = EDGE_CURVE ( 'NONE', #6121, #1632, #947, .T. ) ;
#305 = ORIENTED_EDGE ( 'NONE', *, *, #2740, .F. ) ;
#306 = DIRECTION ( 'NONE',  ( -0.0000000000000000000, 0.0000000000000000000, -1.000000000000000000 ) ) ;
#307 = ORIENTED_EDGE ( 'NONE', *, *, #8449, .F. ) ;
#308 = ORIENTED_EDGE ( 'NONE', *, *, #1012, .F. ) ;
#309 = PLANE ( 'NONE',  #7214 ) ;
#310 = DIRECTION ( 'NONE',  ( -1.000000000000000000, 0.0000000000000000000, 0.0000000000000000000 ) ) ;
#311 = FACE_OUTER_BOUND ( 'NONE', #3232, .T. ) ;
#312 = DIRECTION ( 'NONE',  ( 0.0000000000000000000, 1.000000000000000000, 0.0000000000000000000 ) ) ;
#313 = LINE ( 'NONE', #9661, #7179 ) ;
#314 = PLANE ( 'NONE',  #1257 ) ;
#315 = FACE_OUTER_BOUND ( 'NONE', #1005, .T. ) ;
#316 = CARTESIAN_POINT ( 'NONE',  ( -0.4900000000000002100, 0.04999999999999999600, -1.725000000000000300 ) ) ;
#317 = CARTESIAN_POINT ( 'NONE',  ( -1.725000000000000800, 0.2030000000000001000, -0.5649999999999999500 ) ) ;
#318 = EDGE_LOOP ( 'NONE', ( #6508, #105, #6991, #3899 ) ) ;
#319 = AXIS2_PLACEMENT_3D ( 'NONE', #11562, #4737, #1883 ) ;
#320 = ORIENTED_EDGE ( 'NONE', *, *, #6331, .T. ) ;
#321 = ORIENTED_EDGE ( 'NONE', *, *, #12364, .F. ) ;
#322 = UNCERTAINTY_MEASURE_WITH_UNIT (LENGTH_MEASURE( 1.000000000000000100E-005 ), #2960, 'distance_accuracy_value', 'NONE');
#323 = DIRECTION ( 'NONE',  ( 0.0000000000000000000, 1.000000000000000000, 0.0000000000000000000 ) ) ;
#324 = AXIS2_PLACEMENT_3D ( 'NONE', #10661, #1840, #2920 ) ;
#325 = DIRECTION ( 'NONE',  ( -2.365532012695645400E-015, 0.0000000000000000000, 1.000000000000000000 ) ) ;
#326 = DIRECTION ( 'NONE',  ( 0.0000000000000000000, 1.000000000000000000, -0.0000000000000000000 ) ) ;
#327 = VECTOR ( 'NONE', #3480, 1000.000000000000000 ) ;
#328 = EDGE_CURVE ( 'NONE', #425, #10119, #5574, .T. ) ;
#329 = LINE ( 'NONE', #3405, #10229 ) ;
#330 = DIRECTION ( 'NONE',  ( -1.000000000000000000, 0.0000000000000000000, 0.0000000000000000000 ) ) ;
#331 = VERTEX_POINT ( 'NONE', #9952 ) ;
#332 = CARTESIAN_POINT ( 'NONE',  ( -0.9399999999999997200, 0.2030000000000000100, 1.650000000000000800 ) ) ;
#333 = EDGE_LOOP ( 'NONE', ( #12282, #7995, #7522, #5728 ) ) ;
#334 = DIRECTION ( 'NONE',  ( -0.7071067811865474600, 0.0000000000000000000, 0.7071067811865474600 ) ) ;
#335 = VECTOR ( 'NONE', #2084, 1000.000000000000000 ) ;
#336 = ADVANCED_FACE ( 'NONE', ( #8101 ), #9095, .T. ) ;
#337 = AXIS2_PLACEMENT_3D ( 'NONE', #10205, #11150, #477 ) ;
#338 = DIRECTION ( 'NONE',  ( 1.000000000000000000, 0.0000000000000000000, 0.0000000000000000000 ) ) ;
#339 = FACE_OUTER_BOUND ( 'NONE', #12405, .T. ) ;
#340 = FACE_BOUND ( 'NONE', #10302, .T. ) ;
#341 = MECHANICAL_DESIGN_GEOMETRIC_PRESENTATION_REPRESENTATION (  '', ( #9747 ), #8903 ) ;
#342 = VERTEX_POINT ( 'NONE', #511 ) ;
#343 = EDGE_CURVE ( 'NONE', #11795, #9519, #5123, .T. ) ;
#344 = EDGE_LOOP ( 'NONE', ( #7173, #995, #9591, #8316 ) ) ;
#345 = ORIENTED_EDGE ( 'NONE', *, *, #417, .T. ) ;
#346 = VECTOR ( 'NONE', #7781, 1000.000000000000000 ) ;
#347 = DIRECTION ( 'NONE',  ( -7.885106708985485100E-016, -0.0000000000000000000, 1.000000000000000000 ) ) ;
#348 = VECTOR ( 'NONE', #3788, 1000.000000000000000 ) ;
#349 =( NAMED_UNIT ( * ) PLANE_ANGLE_UNIT ( ) SI_UNIT ( $, .RADIAN. ) );
#350 = DIRECTION ( 'NONE',  ( 0.0000000000000000000, -1.000000000000000000, 0.0000000000000000000 ) ) ;
#351 = DIRECTION ( 'NONE',  ( -0.0000000000000000000, 0.0000000000000000000, 1.000000000000000000 ) ) ;
#352 = EDGE_LOOP ( 'NONE', ( #102, #3273, #11008, #3418 ) ) ;
#353 = VERTEX_POINT ( 'NONE', #475 ) ;
#354 = EDGE_CURVE ( 'NONE', #3532, #7617, #10248, .T. ) ;
#355 = LINE ( 'NONE', #5645, #7372 ) ;
#356 = CARTESIAN_POINT ( 'NONE',  ( 1.650000000000000800, 0.2030000000000000100, -0.4100000000000004200 ) ) ;
#357 = CARTESIAN_POINT ( 'NONE',  ( 1.999999999999999100, 0.2030000000000000700, -0.1150000000000000900 ) ) ;
#358 = LINE ( 'NONE', #8066, #10699 ) ;
#359 = CARTESIAN_POINT ( 'NONE',  ( 1.235000000000000300, 0.6218078318274392600, 1.725000000000001200 ) ) ;
#360 = ADVANCED_FACE ( 'NONE', ( #7655 ), #1305, .F. ) ;
#361 = CARTESIAN_POINT ( 'NONE',  ( -2.000000000000000900, 0.2030000000000000100, -0.5649999999999999500 ) ) ;
#362 = CARTESIAN_POINT ( 'NONE',  ( -1.015000000000000300, 0.0000000000000000000, -2.000000000000000400 ) ) ;
#363 = ORIENTED_EDGE ( 'NONE', *, *, #1406, .F. ) ;
#364 = DIRECTION ( 'NONE',  ( 0.0000000000000000000, 0.0000000000000000000, -1.000000000000000000 ) ) ;
#365 = DIRECTION ( 'NONE',  ( 1.000000000000000000, -0.0000000000000000000, 0.0000000000000000000 ) ) ;
#366 = ORIENTED_EDGE ( 'NONE', *, *, #9333, .T. ) ;
#367 = LINE ( 'NONE', #3563, #11739 ) ;
#368 = CARTESIAN_POINT ( 'NONE',  ( 0.0000000000000000000, 0.05000000000000000300, 1.650000000000000800 ) ) ;
#369 = VECTOR ( 'NONE', #9297, 1000.000000000000000 ) ;
#370 = AXIS2_PLACEMENT_3D ( 'NONE', #2063, #7955, #288 ) ;
#371 = VECTOR ( 'NONE', #2770, 1000.000000000000000 ) ;
#372 = EDGE_CURVE ( 'NONE', #8069, #3255, #4880, .T. ) ;
#373 = DIRECTION ( 'NONE',  ( 0.0000000000000000000, -1.000000000000000000, 0.0000000000000000000 ) ) ;
#374 = EDGE_CURVE ( 'NONE', #1834, #7464, #6519, .T. ) ;
#375 = EDGE_LOOP ( 'NONE', ( #11251, #549, #10425, #6828 ) ) ;
#376 = ORIENTED_EDGE ( 'NONE', *, *, #2180, .T. ) ;
#377 = DIRECTION ( 'NONE',  ( 0.0000000000000000000, -0.0000000000000000000, 1.000000000000000000 ) ) ;
#378 = VECTOR ( 'NONE', #3795, 1000.000000000000000 ) ;
#379 = FACE_OUTER_BOUND ( 'NONE', #10900, .T. ) ;
#380 = ORIENTED_EDGE ( 'NONE', *, *, #6534, .F. ) ;
#381 = DIRECTION ( 'NONE',  ( -1.000000000000000000, 0.0000000000000000000, 0.0000000000000000000 ) ) ;
#382 = DIRECTION ( 'NONE',  ( 2.365532012695645400E-015, 0.0000000000000000000, -1.000000000000000000 ) ) ;
#383 = ORIENTED_EDGE ( 'NONE', *, *, #2813, .F. ) ;
#384 = ORIENTED_EDGE ( 'NONE', *, *, #9469, .F. ) ;
#385 = AXIS2_PLACEMENT_3D ( 'NONE', #11062, #1542, #9034 ) ;
#386 = ORIENTED_EDGE ( 'NONE', *, *, #11846, .T. ) ;
#387 = FILL_AREA_STYLE ('',( #6050 ) ) ;
#388 = CARTESIAN_POINT ( 'NONE',  ( -1.389999999999999700, 0.2030000000000000100, 1.725000000000000800 ) ) ;
#389 = ORIENTED_EDGE ( 'NONE', *, *, #5564, .T. ) ;
#390 = STYLED_ITEM ( 'NONE', ( #1787 ), #2126 ) ;
#391 = LINE ( 'NONE', #9645, #10293 ) ;
#392 = PLANE ( 'NONE',  #9785 ) ;
#393 = CARTESIAN_POINT ( 'NONE',  ( -0.4099999999999999800, 0.2030000000000000100, 1.650000000000000800 ) ) ;
#394 = ADVANCED_FACE ( 'NONE', ( #11920 ), #8966, .F. ) ;
#395 = ORIENTED_EDGE ( 'NONE', *, *, #5414, .F. ) ;
#396 = DIRECTION ( 'NONE',  ( -0.0000000000000000000, -1.000000000000000000, -0.0000000000000000000 ) ) ;
#397 = FACE_OUTER_BOUND ( 'NONE', #3432, .T. ) ;
#398 = EDGE_CURVE ( 'NONE', #10222, #2015, #1587, .T. ) ;
#399 = CARTESIAN_POINT ( 'NONE',  ( -2.000000000000000900, 0.0000000000000000000, -0.5649999999999999500 ) ) ;
#400 = ORIENTED_EDGE ( 'NONE', *, *, #6196, .T. ) ;
#401 = CYLINDRICAL_SURFACE ( 'NONE', #1508, 0.07499999999999998300 ) ;
#402 = CARTESIAN_POINT ( 'NONE',  ( 0.5650000000000003900, 0.2030000000000000100, -2.000000000000000400 ) ) ;
#403 = VERTEX_POINT ( 'NONE', #4274 ) ;
#404 = CIRCLE ( 'NONE', #10270, 0.07499999999999998300 ) ;
#405 = DIRECTION ( 'NONE',  ( 0.0000000000000000000, 0.0000000000000000000, 1.000000000000000000 ) ) ;
#406 = AXIS2_PLACEMENT_3D ( 'NONE', #11857, #10044, #4110 ) ;
#407 = DIRECTION ( 'NONE',  ( 0.0000000000000000000, 1.000000000000000000, 0.0000000000000000000 ) ) ;
#408 = ORIENTED_EDGE ( 'NONE', *, *, #11400, .T. ) ;
#409 = VECTOR ( 'NONE', #5948, 1000.000000000000000 ) ;
#410 = DIRECTION ( 'NONE',  ( 0.0000000000000000000, 0.0000000000000000000, -1.000000000000000000 ) ) ;
#411 = FACE_OUTER_BOUND ( 'NONE', #3252, .T. ) ;
#412 = AXIS2_PLACEMENT_3D ( 'NONE', #11042, #5276, #8195 ) ;
#413 = ORIENTED_EDGE ( 'NONE', *, *, #11378, .F. ) ;
#414 = DIRECTION ( 'NONE',  ( 0.0000000000000000000, -0.0000000000000000000, 1.000000000000000000 ) ) ;
#415 = ORIENTED_EDGE ( 'NONE', *, *, #3810, .T. ) ;
#416 = CARTESIAN_POINT ( 'NONE',  ( 1.725000000000000800, 0.2030000000000000100, 1.234999999999999900 ) ) ;
#417 = EDGE_CURVE ( 'NONE', #6176, #4689, #3534, .T. ) ;
#418 = CARTESIAN_POINT ( 'NONE',  ( 1.015000000000000800, 0.6218078318274392600, 2.000000000000000400 ) ) ;
#419 = LINE ( 'NONE', #2999, #6984 ) ;
#420 = CYLINDRICAL_SURFACE ( 'NONE', #2098, 0.07499999999999998300 ) ;
#421 = DIRECTION ( 'NONE',  ( 7.885106708985486100E-016, 0.0000000000000000000, -1.000000000000000000 ) ) ;
#422 = VERTEX_POINT ( 'NONE', #8919 ) ;
#423 = DIRECTION ( 'NONE',  ( 1.000000000000000000, 0.0000000000000000000, -0.0000000000000000000 ) ) ;
#424 = ORIENTED_EDGE ( 'NONE', *, *, #1963, .T. ) ;
#425 = VERTEX_POINT ( 'NONE', #7188 ) ;
#426 = EDGE_CURVE ( 'NONE', #12061, #7115, #10596, .T. ) ;
#427 = ADVANCED_FACE ( 'NONE', ( #8767 ), #392, .T. ) ;
#428 = DIRECTION ( 'NONE',  ( 0.0000000000000000000, -1.000000000000000000, 0.0000000000000000000 ) ) ;
#429 =( GEOMETRIC_REPRESENTATION_CONTEXT ( 3 ) GLOBAL_UNCERTAINTY_ASSIGNED_CONTEXT ( ( #7721 ) ) GLOBAL_UNIT_ASSIGNED_CONTEXT ( ( #1579, #8256, #11921 ) ) REPRESENTATION_CONTEXT ( 'NONE', 'WORKASPACE' ) );
#430 = PLANE ( 'NONE',  #6745 ) ;
#431 = VECTOR ( 'NONE', #4165, 1000.000000000000000 ) ;
#432 = EDGE_CURVE ( 'NONE', #8607, #5020, #8004, .T. ) ;
#433 = ORIENTED_EDGE ( 'NONE', *, *, #8533, .T. ) ;
#434 = DIRECTION ( 'NONE',  ( 0.0000000000000000000, -1.000000000000000000, 0.0000000000000000000 ) ) ;
#435 = ORIENTED_EDGE ( 'NONE', *, *, #6810, .F. ) ;
#436 = ORIENTED_EDGE ( 'NONE', *, *, #9689, .F. ) ;
#437 = ORIENTED_EDGE ( 'NONE', *, *, #7505, .F. ) ;
#438 = PLANE ( 'NONE',  #3117 ) ;
#439 = VECTOR ( 'NONE', #11497, 1000.000000000000000 ) ;
#440 = FILL_AREA_STYLE ('',( #3340 ) ) ;
#441 = CARTESIAN_POINT ( 'NONE',  ( -1.234999999999999700, 0.2030000000000000100, -2.000000000000000400 ) ) ;
#442 = VECTOR ( 'NONE', #9588, 1000.000000000000000 ) ;
#443 = VECTOR ( 'NONE', #3326, 1000.000000000000000 ) ;
#444 = AXIS2_PLACEMENT_3D ( 'NONE', #7605, #6608, #2849 ) ;
#445 = ORIENTED_EDGE ( 'NONE', *, *, #9409, .T. ) ;
#446 = VERTEX_POINT ( 'NONE', #10157 ) ;
#447 = DIRECTION ( 'NONE',  ( 0.0000000000000000000, 1.000000000000000000, 0.0000000000000000000 ) ) ;
#448 = ORIENTED_EDGE ( 'NONE', *, *, #4969, .T. ) ;
#449 = EDGE_CURVE ( 'NONE', #9306, #12337, #1287, .T. ) ;
#450 = ORIENTED_EDGE ( 'NONE', *, *, #1529, .T. ) ;
#451 = EDGE_CURVE ( 'NONE', #446, #6570, #7262, .T. ) ;
#452 = PLANE ( 'NONE',  #4963 ) ;
#453 = VECTOR ( 'NONE', #11418, 1000.000000000000000 ) ;
#454 = DIRECTION ( 'NONE',  ( 0.0000000000000000000, 0.0000000000000000000, -1.000000000000000000 ) ) ;
#455 = CARTESIAN_POINT ( 'NONE',  ( 0.3349999999999998000, 0.04999999999999969700, -2.000000000000000400 ) ) ;
#456 = ADVANCED_FACE ( 'NONE', ( #3220 ), #2413, .T. ) ;
#457 = VECTOR ( 'NONE', #3260, 1000.000000000000000 ) ;
#458 = PLANE ( 'NONE',  #7642 ) ;
#459 = ORIENTED_EDGE ( 'NONE', *, *, #2327, .T. ) ;
#460 = EDGE_LOOP ( 'NONE', ( #7145, #8881, #12361, #9573, #240, #6725 ) ) ;
#461 = ORIENTED_EDGE ( 'NONE', *, *, #5632, .F. ) ;
#462 = AXIS2_PLACEMENT_3D ( 'NONE', #5811, #2040, #8742 ) ;
#463 = DIRECTION ( 'NONE',  ( 0.0000000000000000000, -0.0000000000000000000, 1.000000000000000000 ) ) ;
#464 = AXIS2_PLACEMENT_3D ( 'NONE', #10514, #4740, #9666 ) ;
#465 = CIRCLE ( 'NONE', #3508, 0.07500000000000019200 ) ;
#466 = EDGE_CURVE ( 'NONE', #11080, #7899, #6211, .T. ) ;
#467 = VECTOR ( 'NONE', #2946, 1000.000000000000000 ) ;
#468 = CARTESIAN_POINT ( 'NONE',  ( -1.234999999999999700, 0.0000000000000000000, -2.000000000000000400 ) ) ;
#469 = EDGE_CURVE ( 'NONE', #3217, #5494, #2313, .T. ) ;
#470 = VERTEX_POINT ( 'NONE', #10097 ) ;
#471 = DIRECTION ( 'NONE',  ( -0.7071067811865474600, 0.0000000000000000000, -0.7071067811865474600 ) ) ;
#472 = CARTESIAN_POINT ( 'NONE',  ( -1.015000000000000300, 0.6218078318274390400, -1.725000000000000300 ) ) ;
#473 = VERTEX_POINT ( 'NONE', #11998 ) ;
#474 = UNCERTAINTY_MEASURE_WITH_UNIT (LENGTH_MEASURE( 1.000000000000000100E-005 ), #12384, 'distance_accuracy_value', 'NONE');
#475 = CARTESIAN_POINT ( 'NONE',  ( 1.235000000000000300, 0.0000000000000000000, 1.725000000000001200 ) ) ;
#476 = FACE_OUTER_BOUND ( 'NONE', #6465, .T. ) ;
#477 = DIRECTION ( 'NONE',  ( 0.0000000000000000000, 0.0000000000000000000, -1.000000000000000000 ) ) ;
#478 = CIRCLE ( 'NONE', #9708, 0.07499999999999998300 ) ;
#479 = CARTESIAN_POINT ( 'NONE',  ( -1.014999999999999900, 0.2030000000000000700, -2.000000000000000400 ) ) ;
#480 = LINE ( 'NONE', #10879, #8702 ) ;
#481 = DIRECTION ( 'NONE',  ( 0.0000000000000000000, 0.0000000000000000000, -1.000000000000000000 ) ) ;
#482 = DIRECTION ( 'NONE',  ( 0.0000000000000000000, 0.0000000000000000000, -1.000000000000000000 ) ) ;
#483 = AXIS2_PLACEMENT_3D ( 'NONE', #3046, #6818, #1141 ) ;
#484 = DIRECTION ( 'NONE',  ( -0.7071067811865474600, 0.0000000000000000000, 0.7071067811865474600 ) ) ;
#485 = ORIENTED_EDGE ( 'NONE', *, *, #9078, .T. ) ;
#486 = DIRECTION ( 'NONE',  ( 0.0000000000000000000, 1.000000000000000000, 0.0000000000000000000 ) ) ;
#487 = DIRECTION ( 'NONE',  ( 1.000000000000000000, 0.0000000000000000000, -0.0000000000000000000 ) ) ;
#488 = ADVANCED_FACE ( 'NONE', ( #4735 ), #12118, .F. ) ;
#489 = EDGE_CURVE ( 'NONE', #5161, #7136, #12386, .T. ) ;
#490 = CARTESIAN_POINT ( 'NONE',  ( 1.725000000000000800, 0.2030000000000000100, 1.309999999999999800 ) ) ;
#491 = CIRCLE ( 'NONE', #7503, 0.07499999999999998300 ) ;
#492 = LINE ( 'NONE', #7096, #6618 ) ;
#493 = CARTESIAN_POINT ( 'NONE',  ( 1.310000000000000500, 0.0000000000000000000, 1.650000000000000800 ) ) ;
#494 = ORIENTED_EDGE ( 'NONE', *, *, #10863, .T. ) ;
#495 = PLANE ( 'NONE',  #2907 ) ;
#496 = AXIS2_PLACEMENT_3D ( 'NONE', #3612, #6452, #2682 ) ;
#497 = ORIENTED_EDGE ( 'NONE', *, *, #9806, .F. ) ;
#498 = VECTOR ( 'NONE', #62, 1000.000000000000000 ) ;
#499 = VECTOR ( 'NONE', #1035, 1000.000000000000000 ) ;
#500 = DIRECTION ( 'NONE',  ( 0.0000000000000000000, -1.000000000000000000, 0.0000000000000000000 ) ) ;
#501 = EDGE_CURVE ( 'NONE', #2087, #8198, #697, .T. ) ;
#502 = CARTESIAN_POINT ( 'NONE',  ( 0.03999999999999989000, 0.2030000000000000100, -1.650000000000000100 ) ) ;
#503 = CARTESIAN_POINT ( 'NONE',  ( 1.725000000000000800, 0.6218078318274388200, -1.310000000000000500 ) ) ;
#504 = ORIENTED_EDGE ( 'NONE', *, *, #1128, .F. ) ;
#505 = CARTESIAN_POINT ( 'NONE',  ( 1.650000000000000800, 0.0000000000000000000, 0.4099999999999995300 ) ) ;
#506 = CLOSED_SHELL ( 'NONE', ( #4992, #3674, #2600, #7411, #4155, #8315, #11809, #234 ) ) ;
#507 = CARTESIAN_POINT ( 'NONE',  ( -1.600676661924048300E-015, 0.05000000000000000300, 1.014999999999996600 ) ) ;
#508 = CARTESIAN_POINT ( 'NONE',  ( 1.725000000000000800, 0.2030000000000000100, -0.8600000000000004300 ) ) ;
#509 = CARTESIAN_POINT ( 'NONE',  ( -1.234999999999999200, 0.2030000000000000100, 2.000000000000000400 ) ) ;
#510 = LINE ( 'NONE', #8626, #4849 ) ;
#511 = CARTESIAN_POINT ( 'NONE',  ( 1.650000000000000800, 0.0000000000000000000, 1.310000000000000500 ) ) ;
#512 = DIRECTION ( 'NONE',  ( -2.365532012695645800E-015, 0.0000000000000000000, 1.000000000000000000 ) ) ;
#513 = AXIS2_PLACEMENT_3D ( 'NONE', #1572, #7334, #9246 ) ;
#514 = DIRECTION ( 'NONE',  ( -0.0000000000000000000, 0.0000000000000000000, -1.000000000000000000 ) ) ;
#515 = EDGE_CURVE ( 'NONE', #7757, #8943, #10303, .T. ) ;
#516 = ORIENTED_EDGE ( 'NONE', *, *, #3268, .F. ) ;
#517 = EDGE_CURVE ( 'NONE', #9271, #5827, #11190, .T. ) ;
#518 = ORIENTED_EDGE ( 'NONE', *, *, #6715, .T. ) ;
#519 = DIRECTION ( 'NONE',  ( -1.000000000000000000, 0.0000000000000000000, 0.0000000000000000000 ) ) ;
#520 = LINE ( 'NONE', #8440, #6336 ) ;
#521 = CYLINDRICAL_SURFACE ( 'NONE', #7293, 0.07499999999999998300 ) ;
#522 = CARTESIAN_POINT ( 'NONE',  ( -1.650000000000000800, 0.0000000000000000000, -0.4899999999999999900 ) ) ;
#523 = DIRECTION ( 'NONE',  ( -0.0000000000000000000, -1.000000000000000000, -0.0000000000000000000 ) ) ;
#524 = CARTESIAN_POINT ( 'NONE',  ( 1.725000000000000800, 0.05000000000000023900, 1.014999999999999500 ) ) ;
#525 = VECTOR ( 'NONE', #10177, 1000.000000000000000 ) ;
#526 = DIRECTION ( 'NONE',  ( 0.0000000000000000000, -0.0000000000000000000, 1.000000000000000000 ) ) ;
#527 = CARTESIAN_POINT ( 'NONE',  ( 0.9399999999999998400, 0.2030000000000000100, 1.650000000000000800 ) ) ;
#528 = CARTESIAN_POINT ( 'NONE',  ( 1.725000000000000800, 0.6218078318274388200, 0.4099999999999995300 ) ) ;
#529 = ADVANCED_FACE ( 'NONE', ( #5466 ), #401, .T. ) ;
#530 = ORIENTED_EDGE ( 'NONE', *, *, #7877, .F. ) ;
#531 = DIRECTION ( 'NONE',  ( -0.0000000000000000000, -1.000000000000000000, -0.0000000000000000000 ) ) ;
#532 = VERTEX_POINT ( 'NONE', #4419 ) ;
#533 = AXIS2_PLACEMENT_3D ( 'NONE', #5961, #9812, #5005 ) ;
#534 = VECTOR ( 'NONE', #7539, 1000.000000000000000 ) ;
#535 = DIRECTION ( 'NONE',  ( 0.0000000000000000000, 1.000000000000000000, 0.0000000000000000000 ) ) ;
#536 = ORIENTED_EDGE ( 'NONE', *, *, #591, .T. ) ;
#537 = EDGE_CURVE ( 'NONE', #3854, #3998, #12075, .T. ) ;
#538 = CARTESIAN_POINT ( 'NONE',  ( -2.000000000000000900, 0.6218078318274387100, -1.014999999999999900 ) ) ;
#539 = VECTOR ( 'NONE', #2811, 1000.000000000000000 ) ;
#540 = EDGE_CURVE ( 'NONE', #11771, #4466, #7111, .T. ) ;
#541 = ORIENTED_EDGE ( 'NONE', *, *, #1573, .T. ) ;
#542 = ORIENTED_EDGE ( 'NONE', *, *, #2969, .T. ) ;
#543 = DIRECTION ( 'NONE',  ( -0.0000000000000000000, -1.000000000000000000, -0.0000000000000000000 ) ) ;
#544 = CLOSED_SHELL ( 'NONE', ( #5860, #11588, #7563, #8498, #456, #10646, #11221 ) ) ;
#545 = EDGE_LOOP ( 'NONE', ( #2781, #6234, #689, #10580 ) ) ;
#546 = ADVANCED_FACE ( 'NONE', ( #2170 ), #6291, .T. ) ;
#547 = CIRCLE ( 'NONE', #11930, 0.07499999999999998300 ) ;
#548 = PLANE ( 'NONE',  #2982 ) ;
#549 = ORIENTED_EDGE ( 'NONE', *, *, #6985, .F. ) ;
#550 = VECTOR ( 'NONE', #2059, 1000.000000000000000 ) ;
#551 = DIRECTION ( 'NONE',  ( 1.000000000000000000, 0.0000000000000000000, -0.0000000000000000000 ) ) ;
#552 = LINE ( 'NONE', #6036, #2480 ) ;
#553 = DIRECTION ( 'NONE',  ( -0.0000000000000000000, 0.0000000000000000000, 1.000000000000000000 ) ) ;
#554 = ORIENTED_EDGE ( 'NONE', *, *, #872, .T. ) ;
#555 = MECHANICAL_DESIGN_GEOMETRIC_PRESENTATION_REPRESENTATION (  '', ( #8062 ), #5505 ) ;
#556 = CARTESIAN_POINT ( 'NONE',  ( -1.300000000000000700, 3.879955262170047700, 1.300000000000000700 ) ) ;
#557 = DIRECTION ( 'NONE',  ( 0.0000000000000000000, 1.000000000000000000, 0.0000000000000000000 ) ) ;
#558 = CARTESIAN_POINT ( 'NONE',  ( 1.650000000000000800, 0.6218078318274388200, -0.4100000000000004200 ) ) ;
#559 = EDGE_CURVE ( 'NONE', #10772, #4780, #996, .T. ) ;
#560 = LINE ( 'NONE', #3808, #2174 ) ;
#561 = ORIENTED_EDGE ( 'NONE', *, *, #3956, .T. ) ;
#562 = LINE ( 'NONE', #5255, #4447 ) ;
#563 = LINE ( 'NONE', #5170, #7867 ) ;
#564 = ORIENTED_EDGE ( 'NONE', *, *, #2669, .T. ) ;
#565 = CARTESIAN_POINT ( 'NONE',  ( 1.650000000000000800, 0.2030000000000000100, -0.8600000000000004300 ) ) ;
#566 = CARTESIAN_POINT ( 'NONE',  ( 1.650000000000000800, 0.2030000000000001000, 0.4099999999999995300 ) ) ;
#567 = ORIENTED_EDGE ( 'NONE', *, *, #5116, .F. ) ;
#568 = ORIENTED_EDGE ( 'NONE', *, *, #3366, .F. ) ;
#569 = DIRECTION ( 'NONE',  ( 0.0000000000000000000, 0.0000000000000000000, 1.000000000000000000 ) ) ;
#570 = CARTESIAN_POINT ( 'NONE',  ( 2.000000000000000900, 0.6218078318274388200, 1.235000000000000100 ) ) ;
#571 = AXIS2_PLACEMENT_3D ( 'NONE', #3377, #11027, #5304 ) ;
#572 = DIRECTION ( 'NONE',  ( 0.0000000000000000000, 0.0000000000000000000, 1.000000000000000000 ) ) ;
#573 = AXIS2_PLACEMENT_3D ( 'NONE', #11648, #5078, #7741 ) ;
#574 = DIRECTION ( 'NONE',  ( -7.885106708985485100E-016, -0.0000000000000000000, 1.000000000000000000 ) ) ;
#575 = VECTOR ( 'NONE', #9576, 1000.000000000000000 ) ;
#576 = AXIS2_PLACEMENT_3D ( 'NONE', #3159, #10814, #8997 ) ;
#577 = DIRECTION ( 'NONE',  ( -0.0000000000000000000, -1.000000000000000000, -0.0000000000000000000 ) ) ;
#578 = FACE_OUTER_BOUND ( 'NONE', #6642, .T. ) ;
#579 = CYLINDRICAL_SURFACE ( 'NONE', #8447, 0.07499999999999998300 ) ;
#580 = ORIENTED_EDGE ( 'NONE', *, *, #4685, .T. ) ;
#581 = DIRECTION ( 'NONE',  ( -0.0000000000000000000, -1.000000000000000000, -0.0000000000000000000 ) ) ;
#582 = EDGE_CURVE ( 'NONE', #8113, #10961, #6965, .T. ) ;
#583 = EDGE_LOOP ( 'NONE', ( #1927, #3067, #6223, #2320 ) ) ;
#584 = CARTESIAN_POINT ( 'NONE',  ( -0.9500000000000002900, 0.05000000000000100200, -1.299999999999999200 ) ) ;
#585 = ORIENTED_EDGE ( 'NONE', *, *, #7171, .F. ) ;
#586 = VECTOR ( 'NONE', #1361, 1000.000000000000000 ) ;
#587 = DIRECTION ( 'NONE',  ( -0.7071067811865475700, 0.0000000000000000000, 0.7071067811865475700 ) ) ;
#588 = COLOUR_RGB ( '',0.7921568627450980000, 0.8196078431372548800, 0.9333333333333333500 ) ;
#589 = LINE ( 'NONE', #6970, #11963 ) ;
#590 = ORIENTED_EDGE ( 'NONE', *, *, #7213, .F. ) ;
#591 = EDGE_CURVE ( 'NONE', #4430, #10904, #9076, .T. ) ;
#592 = EDGE_LOOP ( 'NONE', ( #9430, #11225, #542, #2702 ) ) ;
#593 = SURFACE_STYLE_USAGE ( .BOTH. , #6306 ) ;
#594 = ORIENTED_EDGE ( 'NONE', *, *, #11541, .F. ) ;
#595 = AXIS2_PLACEMENT_3D ( 'NONE', #2707, #10440, #7549 ) ;
#596 = ORIENTED_EDGE ( 'NONE', *, *, #5836, .T. ) ;
#597 = DIRECTION ( 'NONE',  ( 0.0000000000000000000, 0.0000000000000000000, -1.000000000000000000 ) ) ;
#598 = ADVANCED_FACE ( 'NONE', ( #3839 ), #3312, .F. ) ;
#599 = EDGE_CURVE ( 'NONE', #3284, #8471, #9553, .T. ) ;
#600 = LINE ( 'NONE', #4523, #7470 ) ;
#601 = VECTOR ( 'NONE', #7661, 1000.000000000000000 ) ;
#602 = CARTESIAN_POINT ( 'NONE',  ( -0.1150000000000000900, 0.0000000000000000000, -2.000000000000000400 ) ) ;
#603 = FACE_OUTER_BOUND ( 'NONE', #4187, .T. ) ;
#604 = CARTESIAN_POINT ( 'NONE',  ( -1.234999999999999700, 0.2030000000000000100, 1.725000000000001200 ) ) ;
#605 = CARTESIAN_POINT ( 'NONE',  ( 1.465000000000000500, 0.2030000000000001000, -2.000000000000000400 ) ) ;
#606 = ORIENTED_EDGE ( 'NONE', *, *, #7551, .T. ) ;
#607 = ORIENTED_EDGE ( 'NONE', *, *, #3442, .F. ) ;
#608 = EDGE_LOOP ( 'NONE', ( #3045, #2247, #3327, #3020 ) ) ;
#609 = CARTESIAN_POINT ( 'NONE',  ( -0.4900000000000002100, 0.2030000000000000100, -1.650000000000000100 ) ) ;
#610 = VERTEX_POINT ( 'NONE', #3349 ) ;
#611 = SURFACE_SIDE_STYLE ('',( #1641 ) ) ;
#612 = VECTOR ( 'NONE', #7360, 1000.000000000000000 ) ;
#613 = DIRECTION ( 'NONE',  ( 0.0000000000000000000, 0.0000000000000000000, -1.000000000000000000 ) ) ;
#614 = CIRCLE ( 'NONE', #11692, 0.07499999999999998300 ) ;
#615 = VECTOR ( 'NONE', #6156, 1000.000000000000000 ) ;
#616 = DIRECTION ( 'NONE',  ( 0.0000000000000000000, 0.0000000000000000000, 1.000000000000000000 ) ) ;
#617 = DIRECTION ( 'NONE',  ( 0.0000000000000000000, 0.0000000000000000000, 1.000000000000000000 ) ) ;
#618 = EDGE_CURVE ( 'NONE', #10281, #7891, #8619, .T. ) ;
#619 = EDGE_CURVE ( 'NONE', #2137, #9905, #4283, .T. ) ;
#620 = ORIENTED_EDGE ( 'NONE', *, *, #9060, .F. ) ;
#621 = VERTEX_POINT ( 'NONE', #12370 ) ;
#622 =( LENGTH_UNIT ( ) NAMED_UNIT ( * ) SI_UNIT ( .MILLI., .METRE. ) );
#623 = ORIENTED_EDGE ( 'NONE', *, *, #618, .F. ) ;
#624 = FILL_AREA_STYLE_COLOUR ( '', #9927 ) ;
#625 = DIRECTION ( 'NONE',  ( -0.0000000000000000000, -0.0000000000000000000, 1.000000000000000000 ) ) ;
#626 = VECTOR ( 'NONE', #5274, 1000.000000000000000 ) ;
#627 = FACE_OUTER_BOUND ( 'NONE', #318, .T. ) ;
#628 = VERTEX_POINT ( 'NONE', #6616 ) ;
#629 = CARTESIAN_POINT ( 'NONE',  ( 0.4100000000000002000, 0.2030000000000000100, 1.725000000000000800 ) ) ;
#630 = VERTEX_POINT ( 'NONE', #4785 ) ;
#631 = FILL_AREA_STYLE ('',( #3499 ) ) ;
#632 = AXIS2_PLACEMENT_3D ( 'NONE', #3700, #7410, #6495 ) ;
#633 = CARTESIAN_POINT ( 'NONE',  ( -1.309999999999999600, 0.2030000000000000100, 1.725000000000000800 ) ) ;
#634 = LINE ( 'NONE', #10586, #1223 ) ;
#635 = CARTESIAN_POINT ( 'NONE',  ( 1.650000000000000800, 0.0000000000000000000, 0.9399999999999993900 ) ) ;
#636 = EDGE_CURVE ( 'NONE', #2081, #1916, #11329, .T. ) ;
#637 = CARTESIAN_POINT ( 'NONE',  ( 1.725000000000000800, 0.6218078318274388200, -0.5650000000000003900 ) ) ;
#638 = ORIENTED_EDGE ( 'NONE', *, *, #5068, .F. ) ;
#639 = ORIENTED_EDGE ( 'NONE', *, *, #5780, .T. ) ;
#640 = DIRECTION ( 'NONE',  ( -1.000000000000000000, 0.0000000000000000000, 0.0000000000000000000 ) ) ;
#641 = LINE ( 'NONE', #2963, #7803 ) ;
#642 = PRESENTATION_LAYER_ASSIGNMENT (  '', '', ( #11152 ) ) ;
#643 = CARTESIAN_POINT ( 'NONE',  ( -1.234999999999999200, 0.04999999999999999600, 2.000000000000000400 ) ) ;
#644 = LINE ( 'NONE', #3202, #950 ) ;
#645 = CARTESIAN_POINT ( 'NONE',  ( 1.299999999999999200, 3.879955262170047700, -1.300000000000000300 ) ) ;
#646 = CARTESIAN_POINT ( 'NONE',  ( 1.650000000000000800, 0.05000000000000002400, -0.8600000000000004300 ) ) ;
#647 = EDGE_CURVE ( 'NONE', #7534, #6698, #10005, .T. ) ;
#648 = DIRECTION ( 'NONE',  ( 0.0000000000000000000, 1.000000000000000000, 0.0000000000000000000 ) ) ;
#649 = CARTESIAN_POINT ( 'NONE',  ( 1.650000000000000800, 0.6218078318274387100, -0.8600000000000004300 ) ) ;
#650 = ORIENTED_EDGE ( 'NONE', *, *, #8518, .T. ) ;
#651 = EDGE_LOOP ( 'NONE', ( #1774, #4810, #1206, #6954 ) ) ;
#652 = ADVANCED_FACE ( 'NONE', ( #6062 ), #2629, .T. ) ;
#653 = LINE ( 'NONE', #4733, #3322 ) ;
#654 = LINE ( 'NONE', #4278, #7961 ) ;
#655 = DIRECTION ( 'NONE',  ( 0.0000000000000000000, -1.000000000000000000, 0.0000000000000000000 ) ) ;
#656 = DIRECTION ( 'NONE',  ( 0.0000000000000000000, -1.000000000000000000, 0.0000000000000000000 ) ) ;
#657 = EDGE_CURVE ( 'NONE', #3471, #6003, #3681, .T. ) ;
#658 = ORIENTED_EDGE ( 'NONE', *, *, #2366, .T. ) ;
#659 = ORIENTED_EDGE ( 'NONE', *, *, #3909, .T. ) ;
#660 = PRESENTATION_STYLE_ASSIGNMENT (( #3645 ) ) ;
#661 = EDGE_CURVE ( 'NONE', #5041, #4305, #9855, .T. ) ;
#662 = CARTESIAN_POINT ( 'NONE',  ( 1.725000000000000800, 0.0000000000000000000, -0.5650000000000003900 ) ) ;
#663 = VECTOR ( 'NONE', #8246, 1000.000000000000000 ) ;
#664 = DIRECTION ( 'NONE',  ( 0.0000000000000000000, 0.0000000000000000000, -1.000000000000000000 ) ) ;
#665 = ADVANCED_FACE ( 'NONE', ( #12225 ), #8580, .T. ) ;
#666 = CARTESIAN_POINT ( 'NONE',  ( -2.000000000000000900, 0.0000000000000000000, 1.014999999999999900 ) ) ;
#667 = CARTESIAN_POINT ( 'NONE',  ( -0.5650000000000003900, 0.2030000000000000100, -1.725000000000000300 ) ) ;
#668 = VERTEX_POINT ( 'NONE', #7576 ) ;
#669 = ORIENTED_EDGE ( 'NONE', *, *, #11999, .T. ) ;
#670 = LINE ( 'NONE', #20, #11593 ) ;
#671 = CARTESIAN_POINT ( 'NONE',  ( -0.3349999999999991300, 0.6218078318274392600, 2.000000000000000400 ) ) ;
#672 = CARTESIAN_POINT ( 'NONE',  ( -1.015000000000000300, 0.2030000000000000100, -2.000000000000000400 ) ) ;
#673 = LINE ( 'NONE', #1378, #8732 ) ;
#674 = VECTOR ( 'NONE', #6932, 1000.000000000000000 ) ;
#675 = EDGE_CURVE ( 'NONE', #7150, #7002, #1881, .T. ) ;
#676 = ADVANCED_FACE ( 'NONE', ( #4583 ), #6626, .F. ) ;
#677 = EDGE_CURVE ( 'NONE', #4866, #3717, #1126, .T. ) ;
#678 = VERTEX_POINT ( 'NONE', #8624 ) ;
#679 = DIRECTION ( 'NONE',  ( -0.0000000000000000000, -1.000000000000000000, -0.0000000000000000000 ) ) ;
#681 = VERTEX_POINT ( 'NONE', #5726 ) ;
#680 = CARTESIAN_POINT ( 'NONE',  ( -0.002499999999999681300, 0.2030000000000000100, 0.3375000000000008000 ) ) ;
#682 = DIRECTION ( 'NONE',  ( -0.0000000000000000000, -1.000000000000000000, -0.0000000000000000000 ) ) ;
#683 = VERTEX_POINT ( 'NONE', #25 ) ;
#684 = LINE ( 'NONE', #2894, #10588 ) ;
#685 = DIRECTION ( 'NONE',  ( 0.0000000000000000000, -1.000000000000000000, -0.0000000000000000000 ) ) ;
#686 = CARTESIAN_POINT ( 'NONE',  ( 1.725000000000000800, 0.0000000000000000000, 0.1149999999999996600 ) ) ;
#687 = DIRECTION ( 'NONE',  ( 0.0000000000000000000, 1.000000000000000000, 0.0000000000000000000 ) ) ;
#688 = CARTESIAN_POINT ( 'NONE',  ( -0.3349999999999991300, 0.2030000000000000100, 2.000000000000000400 ) ) ;
#689 = ORIENTED_EDGE ( 'NONE', *, *, #7241, .T. ) ;
#690 = VECTOR ( 'NONE', #101, 1000.000000000000000 ) ;
#691 = FILL_AREA_STYLE_COLOUR ( '', #10653 ) ;
#692 = DIRECTION ( 'NONE',  ( 1.000000000000000000, -0.0000000000000000000, 7.885106708985486100E-016 ) ) ;
#693 = UNCERTAINTY_MEASURE_WITH_UNIT (LENGTH_MEASURE( 1.000000000000000100E-005 ), #3853, 'distance_accuracy_value', 'NONE');
#694 = ORIENTED_EDGE ( 'NONE', *, *, #7634, .T. ) ;
#695 = ORIENTED_EDGE ( 'NONE', *, *, #1191, .T. ) ;
#696 = AXIS2_PLACEMENT_3D ( 'NONE', #4616, #7492, #4574 ) ;
#697 = LINE ( 'NONE', #6368, #1735 ) ;
#698 = PLANE ( 'NONE',  #9035 ) ;
#699 = AXIS2_PLACEMENT_3D ( 'NONE', #5150, #11806, #1348 ) ;
#700 = EDGE_LOOP ( 'NONE', ( #2896, #6532, #9228, #4618 ) ) ;
#701 = EDGE_CURVE ( 'NONE', #6003, #4102, #3639, .T. ) ;
#702 = LINE ( 'NONE', #4260, #11619 ) ;
#703 = VERTEX_POINT ( 'NONE', #11487 ) ;
#704 = LINE ( 'NONE', #1233, #5472 ) ;
#705 = ORIENTED_EDGE ( 'NONE', *, *, #10676, .F. ) ;
#706 = LINE ( 'NONE', #1755, #11942 ) ;
#707 = DIRECTION ( 'NONE',  ( 0.0000000000000000000, 0.0000000000000000000, -1.000000000000000000 ) ) ;
#708 = ORIENTED_EDGE ( 'NONE', *, *, #2497, .F. ) ;
#709 = CARTESIAN_POINT ( 'NONE',  ( 1.234999999999998500, 0.05000000000000000300, 9.738106785597060600E-016 ) ) ;
#710 = ORIENTED_EDGE ( 'NONE', *, *, #136, .T. ) ;
#711 = ORIENTED_EDGE ( 'NONE', *, *, #4530, .T. ) ;
#712 = ORIENTED_EDGE ( 'NONE', *, *, #6245, .F. ) ;
#713 = CARTESIAN_POINT ( 'NONE',  ( 2.000000000000000900, 0.2030000000000000100, 1.014999999999999900 ) ) ;
#714 = CYLINDRICAL_SURFACE ( 'NONE', #1253, 0.07499999999999998300 ) ;
#715 = DIRECTION ( 'NONE',  ( 0.0000000000000000000, 0.0000000000000000000, 1.000000000000000000 ) ) ;
#716 = LINE ( 'NONE', #12430, #10484 ) ;
#717 = VERTEX_POINT ( 'NONE', #1179 ) ;
#718 = AXIS2_PLACEMENT_3D ( 'NONE', #11241, #11313, #7359 ) ;
#719 = ORIENTED_EDGE ( 'NONE', *, *, #11501, .F. ) ;
#720 = CARTESIAN_POINT ( 'NONE',  ( 0.8600000000000001000, 0.0000000000000000000, 1.725000000000000800 ) ) ;
#721 = DIRECTION ( 'NONE',  ( -0.0000000000000000000, -1.000000000000000000, -0.0000000000000000000 ) ) ;
#722 = ORIENTED_EDGE ( 'NONE', *, *, #489, .F. ) ;
#723 = EDGE_CURVE ( 'NONE', #7911, #1905, #4443, .T. ) ;
#724 = LINE ( 'NONE', #810, #9585 ) ;
#725 = CARTESIAN_POINT ( 'NONE',  ( -0.3350000000000002400, 0.2030000000000000100, -1.725000000000000300 ) ) ;
#726 = CARTESIAN_POINT ( 'NONE',  ( -2.000000000000000900, 0.6218078318274388200, -1.234999999999999900 ) ) ;
#727 = CARTESIAN_POINT ( 'NONE',  ( 0.1150000000000009500, 0.2030000000000000100, 2.000000000000000400 ) ) ;
#728 = LINE ( 'NONE', #2392, #2351 ) ;
#729 = CARTESIAN_POINT ( 'NONE',  ( -0.4100000000000002000, 0.0000000000000000000, -1.725000000000000300 ) ) ;
#730 = LINE ( 'NONE', #12088, #11804 ) ;
#731 = ORIENTED_EDGE ( 'NONE', *, *, #10776, .F. ) ;
#732 = CARTESIAN_POINT ( 'NONE',  ( 2.000000000000000900, 0.0000000000000000000, -1.014999999999999900 ) ) ;
#733 = ADVANCED_FACE ( 'NONE', ( #9943 ), #314, .T. ) ;
#734 = VERTEX_POINT ( 'NONE', #5070 ) ;
#735 = DIRECTION ( 'NONE',  ( 0.0000000000000000000, 0.0000000000000000000, 1.000000000000000000 ) ) ;
#736 = DIRECTION ( 'NONE',  ( -0.0000000000000000000, -1.000000000000000000, -0.0000000000000000000 ) ) ;
#737 = ORIENTED_EDGE ( 'NONE', *, *, #5876, .T. ) ;
#738 = ORIENTED_EDGE ( 'NONE', *, *, #1209, .F. ) ;
#739 = AXIS2_PLACEMENT_3D ( 'NONE', #7483, #11471, #6568 ) ;
#740 = CARTESIAN_POINT ( 'NONE',  ( -1.234999999999999700, 0.2030000000000000100, -2.000000000000000400 ) ) ;
#741 = DIRECTION ( 'NONE',  ( 0.0000000000000000000, 1.000000000000000000, 0.0000000000000000000 ) ) ;
#742 = VECTOR ( 'NONE', #6993, 1000.000000000000000 ) ;
#743 = CARTESIAN_POINT ( 'NONE',  ( 2.000000000000000900, 0.6218078318274388200, 0.7849999999999999200 ) ) ;
#744 = FACE_OUTER_BOUND ( 'NONE', #12357, .T. ) ;
#745 = EDGE_CURVE ( 'NONE', #8003, #12131, #6325, .T. ) ;
#746 = LINE ( 'NONE', #5226, #443 ) ;
#747 = EDGE_LOOP ( 'NONE', ( #2654, #5410, #5616, #2809, #4124 ) ) ;
#748 = ORIENTED_EDGE ( 'NONE', *, *, #4309, .T. ) ;
#749 = VERTEX_POINT ( 'NONE', #11642 ) ;
#750 = ORIENTED_EDGE ( 'NONE', *, *, #4238, .T. ) ;
#751 = ADVANCED_FACE ( 'NONE', ( #1370 ), #11685, .T. ) ;
#752 = CARTESIAN_POINT ( 'NONE',  ( -1.725000000000000800, 0.6218078318274387100, -0.9399999999999999500 ) ) ;
#753 = CARTESIAN_POINT ( 'NONE',  ( 1.805000000000000400, 0.2030000000000000100, 1.464999999999999900 ) ) ;
#754 = FACE_OUTER_BOUND ( 'NONE', #7651, .T. ) ;
#755 = VECTOR ( 'NONE', #6975, 1000.000000000000000 ) ;
#756 = DIRECTION ( 'NONE',  ( 0.0000000000000000000, -0.0000000000000000000, -1.000000000000000000 ) ) ;
#757 = LINE ( 'NONE', #8072, #12136 ) ;
#758 = AXIS2_PLACEMENT_3D ( 'NONE', #10065, #12040, #5172 ) ;
#759 = PLANE ( 'NONE',  #4036 ) ;
#760 = ORIENTED_EDGE ( 'NONE', *, *, #4349, .F. ) ;
#761 = ORIENTED_EDGE ( 'NONE', *, *, #11133, .T. ) ;
#762 = DIRECTION ( 'NONE',  ( -7.885106708985485100E-016, -0.0000000000000000000, 1.000000000000000000 ) ) ;
#763 = ORIENTED_EDGE ( 'NONE', *, *, #1554, .T. ) ;
#764 = EDGE_CURVE ( 'NONE', #630, #4487, #5842, .T. ) ;
#765 = SURFACE_STYLE_USAGE ( .BOTH. , #6481 ) ;
#766 = VECTOR ( 'NONE', #6930, 1000.000000000000000 ) ;
#767 = CARTESIAN_POINT ( 'NONE',  ( -0.8599999999999999900, 0.6218078318274390400, 1.650000000000000800 ) ) ;
#768 = CARTESIAN_POINT ( 'NONE',  ( -1.600000000000000800, 0.6999999999999999600, -1.400000000000000400 ) ) ;
#769 = ORIENTED_EDGE ( 'NONE', *, *, #6331, .F. ) ;
#770 = DIRECTION ( 'NONE',  ( -0.0000000000000000000, -1.000000000000000000, 0.0000000000000000000 ) ) ;
#771 = ORIENTED_EDGE ( 'NONE', *, *, #7297, .F. ) ;
#772 = AXIS2_PLACEMENT_3D ( 'NONE', #5047, #11740, #11616 ) ;
#773 = DIRECTION ( 'NONE',  ( 0.0000000000000000000, 1.000000000000000000, 0.0000000000000000000 ) ) ;
#774 = FACE_OUTER_BOUND ( 'NONE', #608, .T. ) ;
#775 = DIRECTION ( 'NONE',  ( 1.577021341797097400E-015, 0.0000000000000000000, -1.000000000000000000 ) ) ;
#776 = EDGE_CURVE ( 'NONE', #12217, #8849, #8084, .T. ) ;
#777 = LINE ( 'NONE', #10628, #10084 ) ;
#778 = EDGE_CURVE ( 'NONE', #9388, #5460, #6456, .T. ) ;
#779 = CARTESIAN_POINT ( 'NONE',  ( 0.3350000000000002400, 0.0000000000000000000, 1.725000000000001200 ) ) ;
#780 = CYLINDRICAL_SURFACE ( 'NONE', #923, 0.07499999999999998300 ) ;
#781 = CARTESIAN_POINT ( 'NONE',  ( -2.000000000000000900, 0.2030000000000000100, -0.1149999999999998700 ) ) ;
#782 = CARTESIAN_POINT ( 'NONE',  ( -1.725000000000000800, 0.2030000000000001000, 0.3350000000000000200 ) ) ;
#783 = EDGE_LOOP ( 'NONE', ( #3575, #1688, #11944, #8694 ) ) ;
#784 = PLANE ( 'NONE',  #9072 ) ;
#785 = LINE ( 'NONE', #6396, #2408 ) ;
#786 = CARTESIAN_POINT ( 'NONE',  ( -2.000000000000000900, 0.0000000000000000000, -0.3350000000000000200 ) ) ;
#787 = AXIS2_PLACEMENT_3D ( 'NONE', #6742, #889, #1831 ) ;
#788 = CARTESIAN_POINT ( 'NONE',  ( 1.310000000000000500, 0.2030000000000000100, 1.725000000000000800 ) ) ;
#789 = ADVANCED_FACE ( 'NONE', ( #6148 ), #9008, .F. ) ;
#790 = DIRECTION ( 'NONE',  ( 1.000000000000000000, -0.0000000000000000000, -0.0000000000000000000 ) ) ;
#791 = ORIENTED_EDGE ( 'NONE', *, *, #11054, .T. ) ;
#792 = VERTEX_POINT ( 'NONE', #6896 ) ;
#793 = DIRECTION ( 'NONE',  ( 0.0000000000000000000, 0.0000000000000000000, -1.000000000000000000 ) ) ;
#794 = EDGE_CURVE ( 'NONE', #6544, #4340, #8391, .T. ) ;
#795 = CIRCLE ( 'NONE', #2857, 0.07499999999999998300 ) ;
#796 = CARTESIAN_POINT ( 'NONE',  ( -1.234999999999999700, 0.0000000000000000000, 1.725000000000001200 ) ) ;
#797 = LINE ( 'NONE', #12418, #4241 ) ;
#798 = VECTOR ( 'NONE', #11567, 1000.000000000000100 ) ;
#799 =( LENGTH_UNIT ( ) NAMED_UNIT ( * ) SI_UNIT ( .MILLI., .METRE. ) );
#800 = DIRECTION ( 'NONE',  ( 0.0000000000000000000, -1.000000000000000000, 0.0000000000000000000 ) ) ;
#801 = ORIENTED_EDGE ( 'NONE', *, *, #5655, .T. ) ;
#802 = ADVANCED_FACE ( 'NONE', ( #10235 ), #2163, .F. ) ;
#803 = ORIENTED_EDGE ( 'NONE', *, *, #8927, .F. ) ;
#804 = FILL_AREA_STYLE_COLOUR ( '', #9900 ) ;
#805 = CARTESIAN_POINT ( 'NONE',  ( 1.015000000000000300, 0.2030000000000000100, 1.725000000000001200 ) ) ;
#806 = AXIS2_PLACEMENT_3D ( 'NONE', #5083, #3226, #5204 ) ;
#807 = DIRECTION ( 'NONE',  ( -0.0000000000000000000, -1.000000000000000000, -0.0000000000000000000 ) ) ;
#808 = LINE ( 'NONE', #9810, #4404 ) ;
#809 = DIRECTION ( 'NONE',  ( -1.000000000000000000, 0.0000000000000000000, 0.0000000000000000000 ) ) ;
#810 = CARTESIAN_POINT ( 'NONE',  ( -2.000000000000000900, 0.05000000000000000300, 2.000000000000000400 ) ) ;
#811 = COLOUR_RGB ( '',1.000000000000000000, 1.000000000000000000, 1.000000000000000000 ) ;
#812 = EDGE_CURVE ( 'NONE', #621, #5626, #4217, .T. ) ;
#813 = CARTESIAN_POINT ( 'NONE',  ( -1.310000000000000500, 0.2030000000000000100, -1.650000000000000800 ) ) ;
#814 = CARTESIAN_POINT ( 'NONE',  ( 1.650000000000000800, 0.6218078318274387100, -0.8600000000000004300 ) ) ;
#815 = CARTESIAN_POINT ( 'NONE',  ( 1.310000000000000500, 0.0000000000000000000, 1.725000000000000800 ) ) ;
#816 = VERTEX_POINT ( 'NONE', #10664 ) ;
#817 = ORIENTED_EDGE ( 'NONE', *, *, #3628, .F. ) ;
#818 = FACE_OUTER_BOUND ( 'NONE', #8883, .T. ) ;
#819 = DIRECTION ( 'NONE',  ( 1.000000000000000000, -0.0000000000000000000, -0.0000000000000000000 ) ) ;
#820 = EDGE_CURVE ( 'NONE', #7448, #3494, #4814, .T. ) ;
#821 = LINE ( 'NONE', #7626, #6503 ) ;
#822 = PRESENTATION_LAYER_ASSIGNMENT (  '', '', ( #5699 ) ) ;
#823 = EDGE_LOOP ( 'NONE', ( #3515, #2076, #2871, #1474 ) ) ;
#824 = PLANE ( 'NONE',  #9138 ) ;
#825 = EDGE_CURVE ( 'NONE', #8113, #5210, #11556, .T. ) ;
#826 = CARTESIAN_POINT ( 'NONE',  ( 0.4099999999999997500, 0.6218078318274392600, -1.650000000000000100 ) ) ;
#827 = ORIENTED_EDGE ( 'NONE', *, *, #11175, .T. ) ;
#828 = CIRCLE ( 'NONE', #8567, 0.07499999999999998300 ) ;
#829 = DIRECTION ( 'NONE',  ( 0.0000000000000000000, 1.000000000000000000, 0.0000000000000000000 ) ) ;
#830 = ORIENTED_EDGE ( 'NONE', *, *, #10373, .T. ) ;
#831 = LINE ( 'NONE', #9754, #5013 ) ;
#832 = CARTESIAN_POINT ( 'NONE',  ( 1.725000000000000800, 0.2030000000000001000, 0.7849999999999994800 ) ) ;
#833 = EDGE_LOOP ( 'NONE', ( #8294, #227, #7592, #2889 ) ) ;
#834 = ADVANCED_FACE ( 'NONE', ( #774 ), #10743, .F. ) ;
#835 = ORIENTED_EDGE ( 'NONE', *, *, #2218, .T. ) ;
#836 = VERTEX_POINT ( 'NONE', #3002 ) ;
#837 = ORIENTED_EDGE ( 'NONE', *, *, #9590, .T. ) ;
#838 = ORIENTED_EDGE ( 'NONE', *, *, #9752, .F. ) ;
#839 =( GEOMETRIC_REPRESENTATION_CONTEXT ( 3 ) GLOBAL_UNCERTAINTY_ASSIGNED_CONTEXT ( ( #5822 ) ) GLOBAL_UNIT_ASSIGNED_CONTEXT ( ( #9512, #2622, #8392 ) ) REPRESENTATION_CONTEXT ( 'NONE', 'WORKASPACE' ) );
#840 = DIRECTION ( 'NONE',  ( -0.0000000000000000000, -1.000000000000000000, -0.0000000000000000000 ) ) ;
#841 = SURFACE_STYLE_USAGE ( .BOTH. , #10448 ) ;
#842 = ORIENTED_EDGE ( 'NONE', *, *, #540, .T. ) ;
#843 = DIRECTION ( 'NONE',  ( 7.885106708985485100E-016, 0.0000000000000000000, -1.000000000000000000 ) ) ;
#844 = VECTOR ( 'NONE', #11626, 1000.000000000000000 ) ;
#845 = ORIENTED_EDGE ( 'NONE', *, *, #6345, .F. ) ;
#846 = EDGE_CURVE ( 'NONE', #8618, #11473, #3619, .T. ) ;
#847 = FACE_OUTER_BOUND ( 'NONE', #4510, .T. ) ;
#848 = EDGE_CURVE ( 'NONE', #5451, #3729, #2561, .T. ) ;
#849 = LINE ( 'NONE', #2568, #2324 ) ;
#850 = FILL_AREA_STYLE ('',( #6574 ) ) ;
#851 = MANIFOLD_SOLID_BREP ( 'LPattern3[10]', #10289 ) ;
#852 = DIRECTION ( 'NONE',  ( 1.000000000000000000, 0.0000000000000000000, 1.577021341797097400E-015 ) ) ;
#853 = ORIENTED_EDGE ( 'NONE', *, *, #540, .F. ) ;
#854 = CARTESIAN_POINT ( 'NONE',  ( 0.03999999999999989000, 0.2030000000000000100, -1.725000000000000300 ) ) ;
#855 = DIRECTION ( 'NONE',  ( 0.0000000000000000000, -0.0000000000000000000, 1.000000000000000000 ) ) ;
#856 = ADVANCED_FACE ( 'NONE', ( #476 ), #7103, .F. ) ;
#857 = DIRECTION ( 'NONE',  ( 0.7071067811865474600, 0.0000000000000000000, -0.7071067811865474600 ) ) ;
#858 = DIRECTION ( 'NONE',  ( -0.0000000000000000000, -1.000000000000000000, -0.0000000000000000000 ) ) ;
#859 = CYLINDRICAL_SURFACE ( 'NONE', #11141, 0.07499999999999998300 ) ;
#860 = CARTESIAN_POINT ( 'NONE',  ( 1.725000000000000800, 0.2030000000000000100, 0.7849999999999994800 ) ) ;
#861 = ORIENTED_EDGE ( 'NONE', *, *, #1060, .T. ) ;
#862 = DIRECTION ( 'NONE',  ( 0.0000000000000000000, -0.0000000000000000000, -1.000000000000000000 ) ) ;
#863 = CIRCLE ( 'NONE', #5500, 0.07499999999999998300 ) ;
#864 = VERTEX_POINT ( 'NONE', #6055 ) ;
#865 = VECTOR ( 'NONE', #12391, 1000.000000000000000 ) ;
#866 =( GEOMETRIC_REPRESENTATION_CONTEXT ( 3 ) GLOBAL_UNCERTAINTY_ASSIGNED_CONTEXT ( ( #7510 ) ) GLOBAL_UNIT_ASSIGNED_CONTEXT ( ( #8400, #1799, #6603 ) ) REPRESENTATION_CONTEXT ( 'NONE', 'WORKASPACE' ) );
#867 = ORIENTED_EDGE ( 'NONE', *, *, #12046, .F. ) ;
#868 = ORIENTED_EDGE ( 'NONE', *, *, #4931, .F. ) ;
#869 = AXIS2_PLACEMENT_3D ( 'NONE', #9046, #4275, #512 ) ;
#870 = CARTESIAN_POINT ( 'NONE',  ( -1.310000000000000100, 0.6218078318274392600, 1.650000000000000800 ) ) ;
#871 = EDGE_LOOP ( 'NONE', ( #5012, #10796, #10660, #6833 ) ) ;
#872 = EDGE_CURVE ( 'NONE', #4714, #2616, #5698, .T. ) ;
#873 = ADVANCED_FACE ( 'NONE', ( #1663 ), #3212, .F. ) ;
#874 = EDGE_CURVE ( 'NONE', #7744, #1861, #12158, .T. ) ;
#875 = SURFACE_STYLE_FILL_AREA ( #5931 ) ;
#876 = DIRECTION ( 'NONE',  ( -0.0000000000000000000, -1.000000000000000000, -0.0000000000000000000 ) ) ;
#877 = DIRECTION ( 'NONE',  ( 0.0000000000000000000, 0.0000000000000000000, 1.000000000000000000 ) ) ;
#878 = FILL_AREA_STYLE_COLOUR ( '', #9214 ) ;
#879 = LINE ( 'NONE', #11662, #2653 ) ;
#880 = ORIENTED_EDGE ( 'NONE', *, *, #10140, .T. ) ;
#881 = VERTEX_POINT ( 'NONE', #9953 ) ;
#882 = ORIENTED_EDGE ( 'NONE', *, *, #5583, .T. ) ;
#883 = PLANE ( 'NONE',  #595 ) ;
#884 = PRESENTATION_LAYER_ASSIGNMENT (  '', '', ( #10755 ) ) ;
#885 = FACE_OUTER_BOUND ( 'NONE', #12081, .T. ) ;
#886 = VECTOR ( 'NONE', #6188, 1000.000000000000000 ) ;
#887 = VECTOR ( 'NONE', #7767, 1000.000000000000000 ) ;
#888 = ORIENTED_EDGE ( 'NONE', *, *, #9853, .F. ) ;
#889 = DIRECTION ( 'NONE',  ( -0.0000000000000000000, -1.000000000000000000, -0.0000000000000000000 ) ) ;
#890 = EDGE_CURVE ( 'NONE', #955, #1969, #9639, .T. ) ;
#891 = DIRECTION ( 'NONE',  ( 0.0000000000000000000, -1.000000000000000000, 0.0000000000000000000 ) ) ;
#892 = EDGE_LOOP ( 'NONE', ( #9619, #10445, #11544, #5804 ) ) ;
#893 = VERTEX_POINT ( 'NONE', #6149 ) ;
#894 = ORIENTED_EDGE ( 'NONE', *, *, #9942, .T. ) ;
#895 = CARTESIAN_POINT ( 'NONE',  ( 2.000000000000000900, 0.6218078318274388200, -1.234999999999999900 ) ) ;
#896 = CARTESIAN_POINT ( 'NONE',  ( -1.310000000000000300, 0.2030000000000000100, -1.725000000000000300 ) ) ;
#897 = CARTESIAN_POINT ( 'NONE',  ( -1.725000000000000800, 0.2030000000000000100, -1.464999999999999900 ) ) ;
#898 = CIRCLE ( 'NONE', #12354, 0.07499999999999998300 ) ;
#899 = DIRECTION ( 'NONE',  ( -0.0000000000000000000, -1.000000000000000000, -0.0000000000000000000 ) ) ;
#900 = FACE_OUTER_BOUND ( 'NONE', #9137, .T. ) ;
#901 = CARTESIAN_POINT ( 'NONE',  ( 1.650000000000000800, 0.6218078318274388200, -0.4100000000000004200 ) ) ;
#902 = EDGE_CURVE ( 'NONE', #4410, #4340, #10384, .T. ) ;
#903 = CARTESIAN_POINT ( 'NONE',  ( 1.725000000000000800, 0.2030000000000001000, 1.014999999999999500 ) ) ;
#904 = ORIENTED_EDGE ( 'NONE', *, *, #6259, .T. ) ;
#905 = CARTESIAN_POINT ( 'NONE',  ( -1.725000000000000800, 0.2030000000000000100, 0.1150000000000000900 ) ) ;
#906 = ADVANCED_FACE ( 'NONE', ( #7344 ), #10042, .F. ) ;
#907 = ORIENTED_EDGE ( 'NONE', *, *, #138, .F. ) ;
#908 = AXIS2_PLACEMENT_3D ( 'NONE', #6785, #9681, #6952 ) ;
#909 =( NAMED_UNIT ( * ) SI_UNIT ( $, .STERADIAN. ) SOLID_ANGLE_UNIT ( ) );
#910 = ORIENTED_EDGE ( 'NONE', *, *, #10498, .T. ) ;
#911 = EDGE_CURVE ( 'NONE', #3717, #5820, #11855, .T. ) ;
#912 = LINE ( 'NONE', #10752, #10650 ) ;
#913 = CARTESIAN_POINT ( 'NONE',  ( -1.805000000000000600, 0.05000000000000000300, 1.465000000000000100 ) ) ;
#914 = LINE ( 'NONE', #2113, #8215 ) ;
#915 = CIRCLE ( 'NONE', #8181, 0.07499999999999998300 ) ;
#916 = ORIENTED_EDGE ( 'NONE', *, *, #1713, .T. ) ;
#917 = VERTEX_POINT ( 'NONE', #1349 ) ;
#918 = DIRECTION ( 'NONE',  ( -0.0000000000000000000, -1.000000000000000000, -0.0000000000000000000 ) ) ;
#919 = ORIENTED_EDGE ( 'NONE', *, *, #4765, .T. ) ;
#920 = ORIENTED_EDGE ( 'NONE', *, *, #8343, .F. ) ;
#921 = DIRECTION ( 'NONE',  ( -0.0000000000000000000, -1.000000000000000000, -0.0000000000000000000 ) ) ;
#922 = DIRECTION ( 'NONE',  ( -2.365532012695645800E-015, 0.0000000000000000000, 1.000000000000000000 ) ) ;
#923 = AXIS2_PLACEMENT_3D ( 'NONE', #10100, #6251, #6126 ) ;
#924 = LINE ( 'NONE', #2686, #10228 ) ;
#925 = DIRECTION ( 'NONE',  ( 0.0000000000000000000, 0.0000000000000000000, -1.000000000000000000 ) ) ;
#926 = VECTOR ( 'NONE', #1497, 1000.000000000000100 ) ;
#927 = EDGE_CURVE ( 'NONE', #6375, #2658, #10539, .T. ) ;
#928 = EDGE_CURVE ( 'NONE', #11294, #3987, #11130, .T. ) ;
#929 = ORIENTED_EDGE ( 'NONE', *, *, #11570, .F. ) ;
#930 = ORIENTED_EDGE ( 'NONE', *, *, #1899, .T. ) ;
#932 = VECTOR ( 'NONE', #10158, 1000.000000000000000 ) ;
#931 = DIRECTION ( 'NONE',  ( 0.0000000000000000000, 0.0000000000000000000, 1.000000000000000000 ) ) ;
#933 = LINE ( 'NONE', #117, #10973 ) ;
#934 = ADVANCED_FACE ( 'NONE', ( #11417 ), #6228, .F. ) ;
#935 = CARTESIAN_POINT ( 'NONE',  ( -1.014999999999999900, 0.6218078318274390400, 2.000000000000000400 ) ) ;
#936 = COLOUR_RGB ( '',0.7921568627450980000, 0.8196078431372548800, 0.9333333333333333500 ) ;
#937 = AXIS2_PLACEMENT_3D ( 'NONE', #8542, #8497, #12288 ) ;
#938 = DIRECTION ( 'NONE',  ( -0.0000000000000000000, -1.000000000000000000, -0.0000000000000000000 ) ) ;
#939 = DIRECTION ( 'NONE',  ( -1.000000000000000000, 0.0000000000000000000, -1.577021341797097400E-015 ) ) ;
#940 = EDGE_LOOP ( 'NONE', ( #9838, #3243, #2120, #4832 ) ) ;
#941 = CARTESIAN_POINT ( 'NONE',  ( 1.465000000000000100, 0.2030000000000000100, -1.805000000000000600 ) ) ;
#942 = DIRECTION ( 'NONE',  ( 0.0000000000000000000, 1.000000000000000000, 0.0000000000000000000 ) ) ;
#943 = EDGE_CURVE ( 'NONE', #6766, #1216, #3767, .T. ) ;
#944 = VERTEX_POINT ( 'NONE', #2378 ) ;
#945 = DIRECTION ( 'NONE',  ( 0.0000000000000000000, -0.0000000000000000000, -1.000000000000000000 ) ) ;
#946 = EDGE_CURVE ( 'NONE', #4954, #5929, #9321, .T. ) ;
#947 = LINE ( 'NONE', #10856, #2730 ) ;
#948 = DIRECTION ( 'NONE',  ( 1.000000000000000000, 0.0000000000000000000, 0.0000000000000000000 ) ) ;
#949 = DIRECTION ( 'NONE',  ( -1.000000000000000000, 0.0000000000000000000, 0.0000000000000000000 ) ) ;
#950 = VECTOR ( 'NONE', #11849, 1000.000000000000000 ) ;
#951 = DIRECTION ( 'NONE',  ( -0.0000000000000000000, -1.000000000000000000, -0.0000000000000000000 ) ) ;
#952 = DIRECTION ( 'NONE',  ( -0.0000000000000000000, -1.000000000000000000, -0.0000000000000000000 ) ) ;
#953 = DIRECTION ( 'NONE',  ( -1.668003342285392000E-016, 0.0000000000000000000, 1.000000000000000000 ) ) ;
#954 = ORIENTED_EDGE ( 'NONE', *, *, #2028, .T. ) ;
#955 = VERTEX_POINT ( 'NONE', #9224 ) ;
#956 = DIRECTION ( 'NONE',  ( -0.0000000000000000000, -1.000000000000000000, -0.0000000000000000000 ) ) ;
#957 = CARTESIAN_POINT ( 'NONE',  ( -1.465000000000000300, 0.2030000000000000100, -1.725000000000000300 ) ) ;
#958 = PLANE ( 'NONE',  #5140 ) ;
#959 = VECTOR ( 'NONE', #285, 1000.000000000000000 ) ;
#960 = AXIS2_PLACEMENT_3D ( 'NONE', #1057, #5810, #5764 ) ;
#961 = DIRECTION ( 'NONE',  ( 0.0000000000000000000, -1.000000000000000000, 0.0000000000000000000 ) ) ;
#962 = SURFACE_STYLE_USAGE ( .BOTH. , #2065 ) ;
#963 = EDGE_CURVE ( 'NONE', #87, #5446, #3153, .T. ) ;
#964 = ADVANCED_FACE ( 'NONE', ( #3461 ), #3468, .F. ) ;
#965 = DIRECTION ( 'NONE',  ( 0.0000000000000000000, 0.0000000000000000000, 1.000000000000000000 ) ) ;
#966 = VERTEX_POINT ( 'NONE', #602 ) ;
#967 = VERTEX_POINT ( 'NONE', #4406 ) ;
#968 =( NAMED_UNIT ( * ) SI_UNIT ( $, .STERADIAN. ) SOLID_ANGLE_UNIT ( ) );
#969 = VECTOR ( 'NONE', #1567, 1000.000000000000000 ) ;
#970 = DIRECTION ( 'NONE',  ( 0.0000000000000000000, 0.0000000000000000000, -1.000000000000000000 ) ) ;
#971 = AXIS2_PLACEMENT_3D ( 'NONE', #8027, #2292, #2339 ) ;
#972 = DIRECTION ( 'NONE',  ( -0.0000000000000000000, -1.000000000000000000, -0.0000000000000000000 ) ) ;
#973 = AXIS2_PLACEMENT_3D ( 'NONE', #7834, #4850, #2027 ) ;
#974 = ORIENTED_EDGE ( 'NONE', *, *, #7952, .F. ) ;
#975 = DIRECTION ( 'NONE',  ( 0.0000000000000000000, 0.0000000000000000000, -1.000000000000000000 ) ) ;
#976 = ORIENTED_EDGE ( 'NONE', *, *, #8689, .F. ) ;
#977 = LINE ( 'NONE', #1183, #78 ) ;
#978 = EDGE_CURVE ( 'NONE', #1887, #6121, #1380, .T. ) ;
#979 = CIRCLE ( 'NONE', #29, 0.07500000000000019200 ) ;
#980 = CARTESIAN_POINT ( 'NONE',  ( -1.725000000000000800, 0.0000000000000000000, -0.7850000000000000300 ) ) ;
#981 = VECTOR ( 'NONE', #5976, 1000.000000000000000 ) ;
#982 = SURFACE_SIDE_STYLE ('',( #9973 ) ) ;
#983 = ORIENTED_EDGE ( 'NONE', *, *, #10108, .F. ) ;
#984 = ORIENTED_EDGE ( 'NONE', *, *, #12315, .F. ) ;
#985 = VERTEX_POINT ( 'NONE', #672 ) ;
#986 = CARTESIAN_POINT ( 'NONE',  ( 0.0000000000000000000, 0.05000000000000000300, 0.3350000000000000200 ) ) ;
#987 = CARTESIAN_POINT ( 'NONE',  ( -1.310000000000000300, 0.2030000000000000100, -1.725000000000000300 ) ) ;
#988 = CIRCLE ( 'NONE', #3851, 0.07500000000000019200 ) ;
#989 = ORIENTED_EDGE ( 'NONE', *, *, #11146, .T. ) ;
#990 = LINE ( 'NONE', #688, #1120 ) ;
#991 = ADVANCED_FACE ( 'NONE', ( #8404 ), #1588, .F. ) ;
#992 = VECTOR ( 'NONE', #1694, 1000.000000000000000 ) ;
#993 = EDGE_CURVE ( 'NONE', #966, #2771, #9797, .T. ) ;
#994 = DIRECTION ( 'NONE',  ( 0.0000000000000000000, 0.0000000000000000000, -1.000000000000000000 ) ) ;
#995 = ORIENTED_EDGE ( 'NONE', *, *, #3777, .T. ) ;
#996 = LINE ( 'NONE', #3397, #5177 ) ;
#997 = DIRECTION ( 'NONE',  ( 0.0000000000000000000, 1.000000000000000000, 0.0000000000000000000 ) ) ;
#998 = ORIENTED_EDGE ( 'NONE', *, *, #12324, .T. ) ;
#999 = DIRECTION ( 'NONE',  ( -1.000000000000000000, 0.0000000000000000000, 0.0000000000000000000 ) ) ;
#1000 = FACE_OUTER_BOUND ( 'NONE', #11665, .T. ) ;
#1001 = EDGE_LOOP ( 'NONE', ( #5973, #596, #3149, #7935 ) ) ;
#1002 = DIRECTION ( 'NONE',  ( 1.668003342285390600E-016, 0.0000000000000000000, -1.000000000000000000 ) ) ;
#1003 = FACE_OUTER_BOUND ( 'NONE', #2617, .T. ) ;
#1004 = VECTOR ( 'NONE', #9516, 1000.000000000000000 ) ;
#1005 = EDGE_LOOP ( 'NONE', ( #12055, #10744, #2533, #5818, #3890, #4421 ) ) ;
#1006 = VERTEX_POINT ( 'NONE', #8353 ) ;
#1007 = AXIS2_PLACEMENT_3D ( 'NONE', #2185, #1111, #203 ) ;
#1008 = CARTESIAN_POINT ( 'NONE',  ( 1.650000000000000800, 0.2030000000000001000, 0.03999999999999967500 ) ) ;
#1009 = ORIENTED_EDGE ( 'NONE', *, *, #6669, .T. ) ;
#1010 = ORIENTED_EDGE ( 'NONE', *, *, #8328, .F. ) ;
#1011 = DIRECTION ( 'NONE',  ( -0.7071067811865475700, 0.0000000000000000000, 0.7071067811865475700 ) ) ;
#1012 = EDGE_CURVE ( 'NONE', #9767, #11754, #3311, .T. ) ;
#1013 = EDGE_CURVE ( 'NONE', #9081, #12051, #12014, .T. ) ;
#1014 = DIRECTION ( 'NONE',  ( 0.0000000000000000000, 1.000000000000000000, 0.0000000000000000000 ) ) ;
#1015 = DIRECTION ( 'NONE',  ( 0.0000000000000000000, 0.0000000000000000000, -1.000000000000000000 ) ) ;
#1016 = LINE ( 'NONE', #1906, #5343 ) ;
#1017 = ORIENTED_EDGE ( 'NONE', *, *, #1066, .F. ) ;
#1018 = DIRECTION ( 'NONE',  ( -1.000000000000000000, 0.0000000000000000000, 0.0000000000000000000 ) ) ;
#1019 = ORIENTED_EDGE ( 'NONE', *, *, #8339, .F. ) ;
#1020 = CARTESIAN_POINT ( 'NONE',  ( 1.015000000000000300, 0.2030000000000000100, -2.000000000000000400 ) ) ;
#1021 = EDGE_LOOP ( 'NONE', ( #8593, #4268, #5742, #4801 ) ) ;
#1022 = DIRECTION ( 'NONE',  ( 0.0000000000000000000, -1.000000000000000000, 0.0000000000000000000 ) ) ;
#1023 = ADVANCED_FACE ( 'NONE', ( #6160 ), #2260, .F. ) ;
#1024 = VECTOR ( 'NONE', #6410, 1000.000000000000000 ) ;
#1025 = MECHANICAL_DESIGN_GEOMETRIC_PRESENTATION_REPRESENTATION (  '', ( #2280 ), #12171 ) ;
#1026 = VECTOR ( 'NONE', #1638, 1000.000000000000000 ) ;
#1027 = VECTOR ( 'NONE', #6743, 1000.000000000000000 ) ;
#1028 = CARTESIAN_POINT ( 'NONE',  ( 1.725000000000000800, 0.6218078318274388200, 1.234999999999999900 ) ) ;
#1029 = ORIENTED_EDGE ( 'NONE', *, *, #6856, .T. ) ;
#1030 = PRESENTATION_LAYER_ASSIGNMENT (  '', '', ( #390 ) ) ;
#1031 = VERTEX_POINT ( 'NONE', #7354 ) ;
#1032 = ORIENTED_EDGE ( 'NONE', *, *, #6910, .F. ) ;
#1033 = VERTEX_POINT ( 'NONE', #3560 ) ;
#1034 = EDGE_CURVE ( 'NONE', #2050, #8570, #2572, .T. ) ;
#1035 = DIRECTION ( 'NONE',  ( -0.0000000000000000000, -1.000000000000000000, -0.0000000000000000000 ) ) ;
#1036 = CARTESIAN_POINT ( 'NONE',  ( -2.000000000000000900, 0.2030000000000000100, 0.3350000000000000200 ) ) ;
#1037 = LINE ( 'NONE', #9839, #2061 ) ;
#1038 = CIRCLE ( 'NONE', #241, 0.07499999999999998300 ) ;
#1039 = ORIENTED_EDGE ( 'NONE', *, *, #8946, .T. ) ;
#1040 = DIRECTION ( 'NONE',  ( 0.0000000000000000000, 0.0000000000000000000, 1.000000000000000000 ) ) ;
#1041 = ORIENTED_EDGE ( 'NONE', *, *, #11215, .T. ) ;
#1042 = ORIENTED_EDGE ( 'NONE', *, *, #10800, .F. ) ;
#1043 = CARTESIAN_POINT ( 'NONE',  ( 0.4899999999999997700, 0.2030000000000000100, -1.650000000000000100 ) ) ;
#1044 = EDGE_LOOP ( 'NONE', ( #1476, #1718, #11104, #974, #11982, #12066 ) ) ;
#1045 = FACE_OUTER_BOUND ( 'NONE', #3281, .T. ) ;
#1046 = FACE_OUTER_BOUND ( 'NONE', #5781, .T. ) ;
#1047 = EDGE_CURVE ( 'NONE', #7031, #3319, #785, .T. ) ;
#1048 = PLANE ( 'NONE',  #5846 ) ;
#1049 = FACE_OUTER_BOUND ( 'NONE', #592, .T. ) ;
#1050 = ADVANCED_FACE ( 'NONE', ( #10686 ), #3929, .T. ) ;
#1051 = ORIENTED_EDGE ( 'NONE', *, *, #723, .F. ) ;
#1052 = ORIENTED_EDGE ( 'NONE', *, *, #4738, .T. ) ;
#1053 =( NAMED_UNIT ( * ) SI_UNIT ( $, .STERADIAN. ) SOLID_ANGLE_UNIT ( ) );
#1054 = VERTEX_POINT ( 'NONE', #11231 ) ;
#1055 = ORIENTED_EDGE ( 'NONE', *, *, #11745, .F. ) ;
#1056 = CARTESIAN_POINT ( 'NONE',  ( -0.7849999999999995900, 0.2030000000000000100, 1.725000000000001200 ) ) ;
#1057 = CARTESIAN_POINT ( 'NONE',  ( 1.725000000000000800, 0.6218078318274388200, 0.7849999999999994800 ) ) ;
#1058 = CARTESIAN_POINT ( 'NONE',  ( 2.000000000000000900, 0.2030000000000000100, -0.7850000000000000300 ) ) ;
#1059 = VERTEX_POINT ( 'NONE', #3376 ) ;
#1060 = EDGE_CURVE ( 'NONE', #1338, #473, #1532, .T. ) ;
#1061 = DIRECTION ( 'NONE',  ( -0.0000000000000000000, -1.000000000000000000, 0.0000000000000000000 ) ) ;
#1062 = FACE_OUTER_BOUND ( 'NONE', #1252, .T. ) ;
#1063 = STYLED_ITEM ( 'NONE', ( #3500 ), #4386 ) ;
#1064 = VERTEX_POINT ( 'NONE', #4365 ) ;
#1065 = ORIENTED_EDGE ( 'NONE', *, *, #6878, .T. ) ;
#1066 = EDGE_CURVE ( 'NONE', #5522, #9294, #4971, .T. ) ;
#1067 = DIRECTION ( 'NONE',  ( 1.000000000000000000, 0.0000000000000000000, 0.0000000000000000000 ) ) ;
#1068 = DIRECTION ( 'NONE',  ( -2.365532012695645800E-015, 0.0000000000000000000, 1.000000000000000000 ) ) ;
#1069 = CYLINDRICAL_SURFACE ( 'NONE', #7423, 0.07499999999999998300 ) ;
#1070 = VECTOR ( 'NONE', #1536, 1000.000000000000000 ) ;
#1071 = CARTESIAN_POINT ( 'NONE',  ( 2.000000000000000900, 0.2030000000000000100, 1.014999999999999900 ) ) ;
#1072 = DIRECTION ( 'NONE',  ( 0.0000000000000000000, -1.000000000000000000, 0.0000000000000000000 ) ) ;
#1073 = CARTESIAN_POINT ( 'NONE',  ( -1.600000000000000800, 0.6999999999999999600, -1.600000000000000300 ) ) ;
#1074 = DIRECTION ( 'NONE',  ( 1.000000000000000000, 0.0000000000000000000, 0.0000000000000000000 ) ) ;
#1075 = VERTEX_POINT ( 'NONE', #6271 ) ;
#1076 = DIRECTION ( 'NONE',  ( 0.0000000000000000000, -1.000000000000000000, 0.0000000000000000000 ) ) ;
#1077 = CARTESIAN_POINT ( 'NONE',  ( -1.805000000000000600, 0.2030000000000000100, 1.465000000000000100 ) ) ;
#1078 = ADVANCED_FACE ( 'NONE', ( #11419 ), #11119, .T. ) ;
#1079 = EDGE_CURVE ( 'NONE', #2765, #1143, #7202, .T. ) ;
#1080 = CARTESIAN_POINT ( 'NONE',  ( 2.000000000000000900, 0.0000000000000000000, -0.7850000000000000300 ) ) ;
#1081 = CIRCLE ( 'NONE', #8298, 0.07499999999999998300 ) ;
#1082 = EDGE_CURVE ( 'NONE', #11177, #11826, #4228, .T. ) ;
#1083 = VECTOR ( 'NONE', #11753, 1000.000000000000000 ) ;
#1084 = CARTESIAN_POINT ( 'NONE',  ( -1.725000000000000800, 0.2030000000000000100, 0.4899999999999999900 ) ) ;
#1085 = CARTESIAN_POINT ( 'NONE',  ( 1.725000000000000800, 0.2030000000000000100, -1.310000000000000500 ) ) ;
#1086 = EDGE_LOOP ( 'NONE', ( #8905, #10785, #1734, #6407 ) ) ;
#1087 = LINE ( 'NONE', #3743, #4393 ) ;
#1088 = CARTESIAN_POINT ( 'NONE',  ( -1.300000000000000300, 3.879955262170047700, -0.9499999999999990700 ) ) ;
#1089 = CARTESIAN_POINT ( 'NONE',  ( -0.5650000000000003900, 0.2030000000000000100, -1.725000000000000300 ) ) ;
#1090 = VECTOR ( 'NONE', #975, 1000.000000000000000 ) ;
#1091 = DIRECTION ( 'NONE',  ( -0.0000000000000000000, -1.000000000000000000, -0.0000000000000000000 ) ) ;
#1092 = DIRECTION ( 'NONE',  ( 0.0000000000000000000, 1.000000000000000000, -0.0000000000000000000 ) ) ;
#1093 = CARTESIAN_POINT ( 'NONE',  ( -0.8600000000000002100, 0.6218078318274390400, -1.650000000000000400 ) ) ;
#1094 = EDGE_CURVE ( 'NONE', #5946, #2370, #8711, .T. ) ;
#1095 = CARTESIAN_POINT ( 'NONE',  ( 0.0000000000000000000, 0.05000000000000000300, -1.014999999999999900 ) ) ;
#1096 = CARTESIAN_POINT ( 'NONE',  ( -0.5650000000000003900, 0.0000000000000000000, -1.725000000000000300 ) ) ;
#1097 = VERTEX_POINT ( 'NONE', #5556 ) ;
#1098 = EDGE_CURVE ( 'NONE', #3934, #2944, #8093, .T. ) ;
#1099 = ORIENTED_EDGE ( 'NONE', *, *, #2691, .T. ) ;
#1100 = CIRCLE ( 'NONE', #9667, 0.07500000000000019200 ) ;
#1101 = ADVANCED_FACE ( 'NONE', ( #2102 ), #9022, .T. ) ;
#1102 = CARTESIAN_POINT ( 'NONE',  ( -1.650000000000000800, 0.0000000000000000000, 0.9399999999999998400 ) ) ;
#1103 = AXIS2_PLACEMENT_3D ( 'NONE', #3946, #5853, #7851 ) ;
#1104 = CARTESIAN_POINT ( 'NONE',  ( 2.000000000000000900, 0.6218078318274388200, 0.7849999999999999200 ) ) ;
#1105 = ORIENTED_EDGE ( 'NONE', *, *, #3956, .F. ) ;
#1106 = CARTESIAN_POINT ( 'NONE',  ( -0.5649999999999997200, 0.6218078318274392600, 2.000000000000000400 ) ) ;
#1107 = PLANE ( 'NONE',  #7692 ) ;
#1108 = ORIENTED_EDGE ( 'NONE', *, *, #3646, .T. ) ;
#1109 = AXIS2_PLACEMENT_3D ( 'NONE', #8131, #9990, #11850 ) ;
#1110 = VECTOR ( 'NONE', #271, 1000.000000000000000 ) ;
#1111 = DIRECTION ( 'NONE',  ( 0.0000000000000000000, 0.0000000000000000000, 1.000000000000000000 ) ) ;
#1112 = FACE_OUTER_BOUND ( 'NONE', #5018, .T. ) ;
#1113 = FACE_OUTER_BOUND ( 'NONE', #10917, .T. ) ;
#1114 = EDGE_CURVE ( 'NONE', #11324, #425, #491, .T. ) ;
#1115 = ORIENTED_EDGE ( 'NONE', *, *, #33, .T. ) ;
#1116 = ORIENTED_EDGE ( 'NONE', *, *, #11747, .F. ) ;
#1117 = ORIENTED_EDGE ( 'NONE', *, *, #5370, .F. ) ;
#1118 = LINE ( 'NONE', #12197, #6796 ) ;
#1119 = ORIENTED_EDGE ( 'NONE', *, *, #8971, .T. ) ;
#1120 = VECTOR ( 'NONE', #8501, 1000.000000000000000 ) ;
#1121 = VERTEX_POINT ( 'NONE', #12331 ) ;
#1122 = DIRECTION ( 'NONE',  ( 1.000000000000000000, 0.0000000000000000000, 0.0000000000000000000 ) ) ;
#1123 = PRESENTATION_LAYER_ASSIGNMENT (  '', '', ( #6326 ) ) ;
#1124 = DIRECTION ( 'NONE',  ( 0.0000000000000000000, 0.0000000000000000000, 1.000000000000000000 ) ) ;
#1125 = VERTEX_POINT ( 'NONE', #3623 ) ;
#1126 = LINE ( 'NONE', #9632, #4133 ) ;
#1127 = DIRECTION ( 'NONE',  ( -0.0000000000000000000, -1.000000000000000000, -0.0000000000000000000 ) ) ;
#1128 = EDGE_CURVE ( 'NONE', #8753, #3158, #5259, .T. ) ;
#1129 = VERTEX_POINT ( 'NONE', #3391 ) ;
#1130 = DIRECTION ( 'NONE',  ( 0.0000000000000000000, 0.0000000000000000000, 1.000000000000000000 ) ) ;
#1131 = EDGE_LOOP ( 'NONE', ( #2023, #415, #1904, #11953 ) ) ;
#1132 = DIRECTION ( 'NONE',  ( 0.0000000000000000000, 0.0000000000000000000, -1.000000000000000000 ) ) ;
#1133 = LINE ( 'NONE', #2908, #2318 ) ;
#1134 = CARTESIAN_POINT ( 'NONE',  ( 1.465000000000000500, 0.6218078318274392600, -2.000000000000000400 ) ) ;
#1135 = ADVANCED_FACE ( 'NONE', ( #7357 ), #6240, .F. ) ;
#1136 = VERTEX_POINT ( 'NONE', #522 ) ;
#1137 = CARTESIAN_POINT ( 'NONE',  ( 1.465000000000000500, 0.2030000000000000100, -2.000000000000000400 ) ) ;
#1138 = VECTOR ( 'NONE', #8077, 1000.000000000000000 ) ;
#1139 = VECTOR ( 'NONE', #8157, 1000.000000000000000 ) ;
#1140 = ORIENTED_EDGE ( 'NONE', *, *, #432, .T. ) ;
#1141 = DIRECTION ( 'NONE',  ( -1.000000000000000000, 0.0000000000000000000, -1.577021341797097400E-015 ) ) ;
#1142 = DIRECTION ( 'NONE',  ( -1.000000000000000000, 0.0000000000000000000, -2.365532012695645800E-015 ) ) ;
#1143 = VERTEX_POINT ( 'NONE', #4626 ) ;
#1144 = ORIENTED_EDGE ( 'NONE', *, *, #7520, .F. ) ;
#1145 = DIRECTION ( 'NONE',  ( -1.000000000000000000, 0.0000000000000000000, 1.577021341797101900E-015 ) ) ;
#1146 = CARTESIAN_POINT ( 'NONE',  ( -0.04000000000000010500, 0.0000000000000000000, -1.650000000000000100 ) ) ;
#1147 = VERTEX_POINT ( 'NONE', #9411 ) ;
#1148 = EDGE_CURVE ( 'NONE', #2230, #3414, #3630, .T. ) ;
#1149 = EDGE_CURVE ( 'NONE', #2181, #7617, #6606, .T. ) ;
#1150 = CARTESIAN_POINT ( 'NONE',  ( -0.5650000000000001700, 0.04999999999999969700, -2.000000000000000400 ) ) ;
#1151 = FACE_OUTER_BOUND ( 'NONE', #11690, .T. ) ;
#1152 = EDGE_LOOP ( 'NONE', ( #8168, #5368, #7261, #5924, #9005 ) ) ;
#1153 = ORIENTED_EDGE ( 'NONE', *, *, #10405, .F. ) ;
#1154 = CARTESIAN_POINT ( 'NONE',  ( -0.3349999999999995800, 0.0000000000000000000, 1.725000000000001200 ) ) ;
#1155 = ORIENTED_EDGE ( 'NONE', *, *, #9249, .F. ) ;
#1156 = CARTESIAN_POINT ( 'NONE',  ( 0.5649999999999997200, 0.2030000000000000100, -1.725000000000000300 ) ) ;
#1157 = VECTOR ( 'NONE', #7842, 1000.000000000000100 ) ;
#1158 = VECTOR ( 'NONE', #4048, 1000.000000000000000 ) ;
#1159 = VECTOR ( 'NONE', #11968, 1000.000000000000000 ) ;
#1160 = AXIS2_PLACEMENT_3D ( 'NONE', #171, #11622, #7827 ) ;
#1161 = ORIENTED_EDGE ( 'NONE', *, *, #8908, .F. ) ;
#1162 = DIRECTION ( 'NONE',  ( 0.0000000000000000000, 1.000000000000000000, 0.0000000000000000000 ) ) ;
#1163 = ORIENTED_EDGE ( 'NONE', *, *, #449, .F. ) ;
#1164 = EDGE_CURVE ( 'NONE', #9151, #6425, #9487, .T. ) ;
#1165 = AXIS2_PLACEMENT_3D ( 'NONE', #1962, #11409, #945 ) ;
#1166 = ORIENTED_EDGE ( 'NONE', *, *, #10098, .T. ) ;
#1167 = ADVANCED_FACE ( 'NONE', ( #7793 ), #6538, .F. ) ;
#1168 = EDGE_CURVE ( 'NONE', #403, #6544, #5562, .T. ) ;
#1169 = CARTESIAN_POINT ( 'NONE',  ( 1.235000000000000300, 0.04999999999999969700, 2.000000000000000400 ) ) ;
#1170 = LINE ( 'NONE', #6024, #10639 ) ;
#1171 = CARTESIAN_POINT ( 'NONE',  ( 0.3349999999999995800, 0.2030000000000000100, -1.725000000000000300 ) ) ;
#1172 =( NAMED_UNIT ( * ) SI_UNIT ( $, .STERADIAN. ) SOLID_ANGLE_UNIT ( ) );
#1173 = FACE_OUTER_BOUND ( 'NONE', #3415, .T. ) ;
#1174 = LINE ( 'NONE', #6926, #5065 ) ;
#1175 = DIRECTION ( 'NONE',  ( 0.0000000000000000000, 0.0000000000000000000, -1.000000000000000000 ) ) ;
#1176 = VERTEX_POINT ( 'NONE', #1485 ) ;
#1177 = DIRECTION ( 'NONE',  ( 0.0000000000000000000, -0.0000000000000000000, 1.000000000000000000 ) ) ;
#1178 = VERTEX_POINT ( 'NONE', #4662 ) ;
#1179 = CARTESIAN_POINT ( 'NONE',  ( -0.9400000000000001700, 0.2030000000000000100, -1.650000000000000100 ) ) ;
#1180 = ORIENTED_EDGE ( 'NONE', *, *, #2180, .F. ) ;
#1181 = CARTESIAN_POINT ( 'NONE',  ( -2.000000000000000900, 0.2030000000000000100, 0.7849999999999999200 ) ) ;
#1182 = ORIENTED_EDGE ( 'NONE', *, *, #12424, .T. ) ;
#1183 = CARTESIAN_POINT ( 'NONE',  ( -2.000000000000000900, 0.0000000000000000000, -0.3350000000000000200 ) ) ;
#1184 = VECTOR ( 'NONE', #762, 1000.000000000000000 ) ;
#1185 = DIRECTION ( 'NONE',  ( -1.000000000000000000, 0.0000000000000000000, 0.0000000000000000000 ) ) ;
#1186 = AXIS2_PLACEMENT_3D ( 'NONE', #4361, #11018, #1382 ) ;
#1187 = CARTESIAN_POINT ( 'NONE',  ( -1.650000000000000800, 0.05000000000000000300, -1.310000000000000500 ) ) ;
#1188 = LINE ( 'NONE', #4819, #7168 ) ;
#1189 = CARTESIAN_POINT ( 'NONE',  ( 1.725000000000000800, 0.6218078318274388200, -0.5650000000000003900 ) ) ;
#1190 = ORIENTED_EDGE ( 'NONE', *, *, #209, .F. ) ;
#1191 = EDGE_CURVE ( 'NONE', #9542, #5522, #9182, .T. ) ;
#1192 = EDGE_LOOP ( 'NONE', ( #2291, #8790, #6683, #8029, #6497, #4797 ) ) ;
#1193 = CARTESIAN_POINT ( 'NONE',  ( 1.015000000000000800, 0.2030000000000000100, 2.000000000000000400 ) ) ;
#1194 = DIRECTION ( 'NONE',  ( -0.0000000000000000000, 0.0000000000000000000, 1.000000000000000000 ) ) ;
#1195 = EDGE_LOOP ( 'NONE', ( #212, #8572, #11828, #7003 ) ) ;
#1196 = ORIENTED_EDGE ( 'NONE', *, *, #8129, .T. ) ;
#1197 = DIRECTION ( 'NONE',  ( 2.365532012695645400E-015, 0.0000000000000000000, -1.000000000000000000 ) ) ;
#1198 = CARTESIAN_POINT ( 'NONE',  ( 2.000000000000000900, 0.2030000000000001000, -0.5649999999999999500 ) ) ;
#1199 = VECTOR ( 'NONE', #519, 1000.000000000000000 ) ;
#1200 = DIRECTION ( 'NONE',  ( 0.0000000000000000000, 0.0000000000000000000, -1.000000000000000000 ) ) ;
#1201 = FACE_OUTER_BOUND ( 'NONE', #2207, .T. ) ;
#1202 = CARTESIAN_POINT ( 'NONE',  ( -0.8600000000000002100, 0.2030000000000000100, -1.650000000000000100 ) ) ;
#1203 = ADVANCED_FACE ( 'NONE', ( #7506 ), #2650, .F. ) ;
#1204 = LINE ( 'NONE', #6235, #7326 ) ;
#1205 = VERTEX_POINT ( 'NONE', #779 ) ;
#1206 = ORIENTED_EDGE ( 'NONE', *, *, #5268, .T. ) ;
#1207 = ORIENTED_EDGE ( 'NONE', *, *, #9123, .T. ) ;
#1208 = CARTESIAN_POINT ( 'NONE',  ( -1.725000000000000800, 0.6218078318274387100, -1.014999999999999900 ) ) ;
#1209 = EDGE_CURVE ( 'NONE', #8896, #1064, #10096, .T. ) ;
#1210 = DIRECTION ( 'NONE',  ( 0.0000000000000000000, 0.0000000000000000000, -1.000000000000000000 ) ) ;
#1211 = LINE ( 'NONE', #8409, #11694 ) ;
#1212 = DIRECTION ( 'NONE',  ( -1.000000000000000000, -0.0000000000000000000, -1.577021341797097000E-015 ) ) ;
#1213 = LINE ( 'NONE', #6082, #6300 ) ;
#1214 = DIRECTION ( 'NONE',  ( 1.577021341797102100E-015, 0.0000000000000000000, 1.000000000000000000 ) ) ;
#1215 = DIRECTION ( 'NONE',  ( 0.0000000000000000000, 1.000000000000000000, 0.0000000000000000000 ) ) ;
#1216 = VERTEX_POINT ( 'NONE', #1813 ) ;
#1217 = EDGE_CURVE ( 'NONE', #4866, #2224, #10394, .T. ) ;
#1218 = CARTESIAN_POINT ( 'NONE',  ( -1.725000000000000800, 0.2030000000000000100, 0.3350000000000000200 ) ) ;
#1219 = VECTOR ( 'NONE', #10083, 1000.000000000000000 ) ;
#1220 = DIRECTION ( 'NONE',  ( 0.0000000000000000000, -0.0000000000000000000, -1.000000000000000000 ) ) ;
#1221 = AXIS2_PLACEMENT_3D ( 'NONE', #7708, #7638, #1040 ) ;
#1222 = CARTESIAN_POINT ( 'NONE',  ( -0.1149999999999996600, 0.0000000000000000000, 2.000000000000000400 ) ) ;
#1223 = VECTOR ( 'NONE', #2891, 1000.000000000000100 ) ;
#1224 = DIRECTION ( 'NONE',  ( 0.0000000000000000000, -0.0000000000000000000, 1.000000000000000000 ) ) ;
#1225 = SURFACE_STYLE_FILL_AREA ( #7791 ) ;
#1226 = UNCERTAINTY_MEASURE_WITH_UNIT (LENGTH_MEASURE( 1.000000000000000100E-005 ), #9688, 'distance_accuracy_value', 'NONE');
#1227 = EDGE_CURVE ( 'NONE', #4236, #6294, #11705, .T. ) ;
#1228 = DIRECTION ( 'NONE',  ( 1.577021341797101900E-015, -0.0000000000000000000, 1.000000000000000000 ) ) ;
#1229 = PLANE ( 'NONE',  #10180 ) ;
#1230 = ORIENTED_EDGE ( 'NONE', *, *, #3969, .F. ) ;
#1231 = ADVANCED_FACE ( 'NONE', ( #9335 ), #12199, .T. ) ;
#1232 = VECTOR ( 'NONE', #7408, 1000.000000000000000 ) ;
#1233 = CARTESIAN_POINT ( 'NONE',  ( 2.000000000000000900, 0.6218078318274388200, -1.234999999999999900 ) ) ;
#1234 = DIRECTION ( 'NONE',  ( 0.0000000000000000000, 0.0000000000000000000, -1.000000000000000000 ) ) ;
#1235 = CARTESIAN_POINT ( 'NONE',  ( 1.725000000000000800, 0.0000000000000000000, -0.7850000000000004800 ) ) ;
#1236 = FACE_OUTER_BOUND ( 'NONE', #11017, .T. ) ;
#1237 = DIRECTION ( 'NONE',  ( -0.0000000000000000000, -1.000000000000000000, -0.0000000000000000000 ) ) ;
#1238 = PRESENTATION_LAYER_ASSIGNMENT (  '', '', ( #7232 ) ) ;
#1239 = DIRECTION ( 'NONE',  ( -0.0000000000000000000, -1.000000000000000000, -0.0000000000000000000 ) ) ;
#1240 = EDGE_CURVE ( 'NONE', #4322, #6766, #6468, .T. ) ;
#1241 = DIRECTION ( 'NONE',  ( 1.000000000000000000, 0.0000000000000000000, 0.0000000000000000000 ) ) ;
#1242 = VERTEX_POINT ( 'NONE', #4546 ) ;
#1243 = EDGE_CURVE ( 'NONE', #7305, #1097, #1081, .T. ) ;
#1244 = VERTEX_POINT ( 'NONE', #7458 ) ;
#1245 = CYLINDRICAL_SURFACE ( 'NONE', #5773, 0.07499999999999998300 ) ;
#1246 = DIRECTION ( 'NONE',  ( 0.0000000000000000000, -0.0000000000000000000, 1.000000000000000000 ) ) ;
#1247 = CIRCLE ( 'NONE', #11472, 0.07499999999999998300 ) ;
#1248 = SURFACE_STYLE_USAGE ( .BOTH. , #11883 ) ;
#1249 = CARTESIAN_POINT ( 'NONE',  ( -1.725000000000000800, 0.6218078318274388200, 1.014999999999999900 ) ) ;
#1250 = VERTEX_POINT ( 'NONE', #782 ) ;
#1251 = DIRECTION ( 'NONE',  ( -0.0000000000000000000, -0.0000000000000000000, 1.000000000000000000 ) ) ;
#1252 = EDGE_LOOP ( 'NONE', ( #7684, #590, #6951, #7337, #1180 ) ) ;
#1253 = AXIS2_PLACEMENT_3D ( 'NONE', #3130, #1255, #11757 ) ;
#1254 = FACE_OUTER_BOUND ( 'NONE', #8942, .T. ) ;
#1255 = DIRECTION ( 'NONE',  ( -0.0000000000000000000, -1.000000000000000000, -0.0000000000000000000 ) ) ;
#1256 = CARTESIAN_POINT ( 'NONE',  ( 1.813574543066709800E-016, 0.05000000000000000300, -0.1150000000000030300 ) ) ;
#1257 = AXIS2_PLACEMENT_3D ( 'NONE', #4951, #6983, #10702 ) ;
#1258 = VECTOR ( 'NONE', #11099, 1000.000000000000000 ) ;
#1259 = CARTESIAN_POINT ( 'NONE',  ( 1.650000000000000800, 0.05000000000000000300, 1.310000000000000500 ) ) ;
#1260 = CARTESIAN_POINT ( 'NONE',  ( -1.124999999999999800, 0.05000000000000000300, -1.124999999999999800 ) ) ;
#1261 = ADVANCED_FACE ( 'NONE', ( #10082 ), #3583, .F. ) ;
#1262 = CARTESIAN_POINT ( 'NONE',  ( 1.999999999999999100, 0.05000000000000000300, 1.999999999999999600 ) ) ;
#1263 = EDGE_CURVE ( 'NONE', #2746, #2794, #4959, .T. ) ;
#1264 = DIRECTION ( 'NONE',  ( 0.0000000000000000000, -1.000000000000000000, 0.0000000000000000000 ) ) ;
#1265 = EDGE_LOOP ( 'NONE', ( #4966, #11413, #6388, #4062, #4022, #8806 ) ) ;
#1266 = ORIENTED_EDGE ( 'NONE', *, *, #3207, .F. ) ;
#1267 = CARTESIAN_POINT ( 'NONE',  ( 1.650000000000000800, 0.2030000000000000100, 0.4899999999999995500 ) ) ;
#1268 = DIRECTION ( 'NONE',  ( 0.0000000000000000000, 0.0000000000000000000, 1.000000000000000000 ) ) ;
#1269 = LINE ( 'NONE', #7853, #10868 ) ;
#1270 = FACE_OUTER_BOUND ( 'NONE', #5086, .T. ) ;
#1271 = COLOUR_RGB ( '',0.7921568627450980000, 0.8196078431372548800, 0.9333333333333333500 ) ;
#1272 = DIRECTION ( 'NONE',  ( 0.0000000000000000000, 0.0000000000000000000, -1.000000000000000000 ) ) ;
#1273 =( GEOMETRIC_REPRESENTATION_CONTEXT ( 3 ) GLOBAL_UNCERTAINTY_ASSIGNED_CONTEXT ( ( #11288 ) ) GLOBAL_UNIT_ASSIGNED_CONTEXT ( ( #4743, #6693, #909 ) ) REPRESENTATION_CONTEXT ( 'NONE', 'WORKASPACE' ) );
#1274 = DIRECTION ( 'NONE',  ( 0.0000000000000000000, -1.000000000000000000, 0.0000000000000000000 ) ) ;
#1275 = CARTESIAN_POINT ( 'NONE',  ( 2.000000000000000900, 0.6218078318274388200, -1.234999999999999900 ) ) ;
#1276 = ORIENTED_EDGE ( 'NONE', *, *, #2057, .T. ) ;
#1277 = ORIENTED_EDGE ( 'NONE', *, *, #2028, .F. ) ;
#1278 = ORIENTED_EDGE ( 'NONE', *, *, #3189, .F. ) ;
#1279 = CARTESIAN_POINT ( 'NONE',  ( 0.04000000000000010500, 0.2030000000000000100, 1.650000000000000800 ) ) ;
#1280 = DIRECTION ( 'NONE',  ( -1.000000000000000000, 0.0000000000000000000, -2.365532012695645400E-015 ) ) ;
#1281 = EDGE_CURVE ( 'NONE', #2309, #1595, #4827, .T. ) ;
#1282 = ORIENTED_EDGE ( 'NONE', *, *, #4931, .T. ) ;
#1283 = SURFACE_STYLE_USAGE ( .BOTH. , #7005 ) ;
#1284 = CIRCLE ( 'NONE', #11455, 0.07499999999999998300 ) ;
#1285 = VECTOR ( 'NONE', #6502, 1000.000000000000000 ) ;
#1286 = ORIENTED_EDGE ( 'NONE', *, *, #4501, .T. ) ;
#1287 = LINE ( 'NONE', #6270, #1435 ) ;
#1288 = FILL_AREA_STYLE ('',( #1337 ) ) ;
#1289 = ORIENTED_EDGE ( 'NONE', *, *, #7428, .F. ) ;
#1290 = EDGE_CURVE ( 'NONE', #291, #3728, #9651, .T. ) ;
#1291 = ADVANCED_FACE ( 'NONE', ( #6758 ), #7941, .T. ) ;
#1292 = DIRECTION ( 'NONE',  ( 1.000000000000000000, 0.0000000000000000000, 0.0000000000000000000 ) ) ;
#1293 = AXIS2_PLACEMENT_3D ( 'NONE', #6729, #9624, #3859 ) ;
#1294 = EDGE_LOOP ( 'NONE', ( #9222, #3730 ) ) ;
#1295 = CYLINDRICAL_SURFACE ( 'NONE', #5730, 0.07499999999999998300 ) ;
#1296 = FILL_AREA_STYLE ('',( #11928 ) ) ;
#1297 = VECTOR ( 'NONE', #4013, 1000.000000000000000 ) ;
#1298 = ORIENTED_EDGE ( 'NONE', *, *, #3723, .T. ) ;
#1299 = CARTESIAN_POINT ( 'NONE',  ( 0.1150000000000009500, 0.2030000000000000700, 2.000000000000000000 ) ) ;
#1300 = PLANE ( 'NONE',  #9863 ) ;
#1301 = EDGE_CURVE ( 'NONE', #1006, #5800, #4670, .T. ) ;
#1302 = ORIENTED_EDGE ( 'NONE', *, *, #517, .T. ) ;
#1303 = PLANE ( 'NONE',  #8312 ) ;
#1304 = ORIENTED_EDGE ( 'NONE', *, *, #6908, .T. ) ;
#1305 = PLANE ( 'NONE',  #7799 ) ;
#1306 = CARTESIAN_POINT ( 'NONE',  ( 0.7850000000000001400, 0.2030000000000000100, 1.725000000000001200 ) ) ;
#1307 = CARTESIAN_POINT ( 'NONE',  ( 2.000000000000000900, 0.2030000000000000100, -0.7850000000000000300 ) ) ;
#1308 = VECTOR ( 'NONE', #1215, 1000.000000000000000 ) ;
#1309 = VECTOR ( 'NONE', #10971, 1000.000000000000000 ) ;
#1310 = PLANE ( 'NONE',  #5832 ) ;
#1311 = ORIENTED_EDGE ( 'NONE', *, *, #6277, .T. ) ;
#1312 = ORIENTED_EDGE ( 'NONE', *, *, #5963, .F. ) ;
#1313 = ORIENTED_EDGE ( 'NONE', *, *, #6980, .F. ) ;
#1314 = AXIS2_PLACEMENT_3D ( 'NONE', #6355, #7396, #6400 ) ;
#1315 = EDGE_LOOP ( 'NONE', ( #1696, #11650, #11910, #7342 ) ) ;
#1316 = DIRECTION ( 'NONE',  ( -1.000000000000000000, 0.0000000000000000000, -0.0000000000000000000 ) ) ;
#1317 = DIRECTION ( 'NONE',  ( 0.0000000000000000000, 0.0000000000000000000, 1.000000000000000000 ) ) ;
#1318 = PLANE ( 'NONE',  #2209 ) ;
#1319 = EDGE_CURVE ( 'NONE', #5452, #3716, #5253, .T. ) ;
#1320 = DIRECTION ( 'NONE',  ( 1.000000000000000000, -0.0000000000000000000, -0.0000000000000000000 ) ) ;
#1321 = EDGE_CURVE ( 'NONE', #7177, #11738, #6152, .T. ) ;
#1322 = PLANE ( 'NONE',  #6175 ) ;
#1323 = CIRCLE ( 'NONE', #10572, 0.07499999999999998300 ) ;
#1324 = VECTOR ( 'NONE', #8406, 1000.000000000000000 ) ;
#1325 = DIRECTION ( 'NONE',  ( 0.0000000000000000000, -1.000000000000000000, 0.0000000000000000000 ) ) ;
#1326 = LINE ( 'NONE', #5379, #10334 ) ;
#1327 = EDGE_LOOP ( 'NONE', ( #10378, #6882, #1577, #11711 ) ) ;
#1328 = ORIENTED_EDGE ( 'NONE', *, *, #636, .F. ) ;
#1329 = ADVANCED_FACE ( 'NONE', ( #339 ), #698, .F. ) ;
#1330 = ORIENTED_EDGE ( 'NONE', *, *, #4221, .T. ) ;
#1331 = DIRECTION ( 'NONE',  ( -1.577021341797101900E-015, -0.0000000000000000000, -1.000000000000000000 ) ) ;
#1332 = ORIENTED_EDGE ( 'NONE', *, *, #4389, .T. ) ;
#1333 = VECTOR ( 'NONE', #5036, 1000.000000000000100 ) ;
#1334 = AXIS2_PLACEMENT_3D ( 'NONE', #7234, #11129, #6286 ) ;
#1335 = PLANE ( 'NONE',  #5107 ) ;
#1336 = LINE ( 'NONE', #2971, #9288 ) ;
#1337 = FILL_AREA_STYLE_COLOUR ( '', #2902 ) ;
#1338 = VERTEX_POINT ( 'NONE', #11658 ) ;
#1339 = AXIS2_PLACEMENT_3D ( 'NONE', #2766, #10464, #6773 ) ;
#1340 = EDGE_CURVE ( 'NONE', #3682, #266, #4817, .T. ) ;
#1341 = ORIENTED_EDGE ( 'NONE', *, *, #2708, .F. ) ;
#1342 = ORIENTED_EDGE ( 'NONE', *, *, #7486, .F. ) ;
#1343 = ORIENTED_EDGE ( 'NONE', *, *, #12299, .T. ) ;
#1344 = DIRECTION ( 'NONE',  ( 0.0000000000000000000, 0.0000000000000000000, -1.000000000000000000 ) ) ;
#1345 = FACE_OUTER_BOUND ( 'NONE', #1758, .T. ) ;
#1346 = CARTESIAN_POINT ( 'NONE',  ( -1.464999999999999600, 0.2030000000000001000, 2.000000000000000400 ) ) ;
#1347 = CIRCLE ( 'NONE', #6875, 0.07499999999999998300 ) ;
#1348 = DIRECTION ( 'NONE',  ( 0.7071067811865474600, 0.0000000000000000000, 0.7071067811865474600 ) ) ;
#1349 = CARTESIAN_POINT ( 'NONE',  ( -1.725000000000000800, 0.2030000000000000100, -0.7850000000000000300 ) ) ;
#1350 = SURFACE_STYLE_FILL_AREA ( #440 ) ;
#1351 = DIRECTION ( 'NONE',  ( 0.0000000000000000000, -1.000000000000000000, 0.0000000000000000000 ) ) ;
#1352 = CARTESIAN_POINT ( 'NONE',  ( -1.300000000000000300, 0.2030000000000000700, -0.9499999999999990700 ) ) ;
#1353 = VERTEX_POINT ( 'NONE', #3104 ) ;
#1354 = AXIS2_PLACEMENT_3D ( 'NONE', #8469, #8592, #7587 ) ;
#1355 = ORIENTED_EDGE ( 'NONE', *, *, #10295, .T. ) ;
#1356 = ORIENTED_EDGE ( 'NONE', *, *, #11955, .T. ) ;
#1357 = CARTESIAN_POINT ( 'NONE',  ( 0.9399999999999996100, 0.2030000000000000100, -1.725000000000000300 ) ) ;
#1358 = AXIS2_PLACEMENT_3D ( 'NONE', #10288, #5476, #2594 ) ;
#1359 = CARTESIAN_POINT ( 'NONE',  ( -1.725000000000000800, 0.6218078318274388200, -0.3350000000000000200 ) ) ;
#1360 = ORIENTED_EDGE ( 'NONE', *, *, #2783, .T. ) ;
#1361 = DIRECTION ( 'NONE',  ( -1.000000000000000000, 0.0000000000000000000, 0.0000000000000000000 ) ) ;
#1362 = ADVANCED_FACE ( 'NONE', ( #3622 ), #283, .F. ) ;
#1363 = EDGE_CURVE ( 'NONE', #10799, #2930, #478, .T. ) ;
#1364 = LINE ( 'NONE', #6205, #2700 ) ;
#1365 = DIRECTION ( 'NONE',  ( 0.0000000000000000000, 0.0000000000000000000, -1.000000000000000000 ) ) ;
#1366 = SURFACE_STYLE_USAGE ( .BOTH. , #3054 ) ;
#1367 = ORIENTED_EDGE ( 'NONE', *, *, #3336, .F. ) ;
#1368 = DIRECTION ( 'NONE',  ( -0.7071067811865474600, 0.0000000000000000000, -0.7071067811865474600 ) ) ;
#1369 = ORIENTED_EDGE ( 'NONE', *, *, #8384, .T. ) ;
#1370 = FACE_OUTER_BOUND ( 'NONE', #3861, .T. ) ;
#1371 = CARTESIAN_POINT ( 'NONE',  ( -2.000000000000000900, 0.6218078318274388200, 0.5649999999999999500 ) ) ;
#1373 = LINE ( 'NONE', #2980, #1956 ) ;
#1372 = AXIS2_PLACEMENT_3D ( 'NONE', #4452, #4413, #11124 ) ;
#1374 = VECTOR ( 'NONE', #2355, 1000.000000000000000 ) ;
#1375 = PLANE ( 'NONE',  #6141 ) ;
#1376 = ORIENTED_EDGE ( 'NONE', *, *, #12015, .F. ) ;
#1377 = EDGE_CURVE ( 'NONE', #1792, #3382, #933, .T. ) ;
#1378 = CARTESIAN_POINT ( 'NONE',  ( 1.725000000000000800, 0.6218078318274388200, 1.014999999999999500 ) ) ;
#1379 = PLANE ( 'NONE',  #11353 ) ;
#1380 = LINE ( 'NONE', #1550, #3005 ) ;
#1381 = CARTESIAN_POINT ( 'NONE',  ( -1.725000000000000800, 0.0000000000000000000, -0.4099999999999999800 ) ) ;
#1382 = DIRECTION ( 'NONE',  ( 0.0000000000000000000, 0.0000000000000000000, 1.000000000000000000 ) ) ;
#1383 = DIRECTION ( 'NONE',  ( -0.0000000000000000000, -1.000000000000000000, -0.0000000000000000000 ) ) ;
#1384 = UNCERTAINTY_MEASURE_WITH_UNIT (LENGTH_MEASURE( 1.000000000000000100E-005 ), #11870, 'distance_accuracy_value', 'NONE');
#1385 = CARTESIAN_POINT ( 'NONE',  ( -0.3349999999999995800, 0.2030000000000000100, -2.000000000000000400 ) ) ;
#1386 = DIRECTION ( 'NONE',  ( 0.0000000000000000000, 1.000000000000000000, 0.0000000000000000000 ) ) ;
#1387 = ADVANCED_FACE ( 'NONE', ( #5401 ), #6747, .F. ) ;
#1388 = ORIENTED_EDGE ( 'NONE', *, *, #6046, .F. ) ;
#1389 = DIRECTION ( 'NONE',  ( -1.000000000000000000, 0.0000000000000000000, -0.0000000000000000000 ) ) ;
#1390 = VECTOR ( 'NONE', #224, 1000.000000000000100 ) ;
#1391 = EDGE_CURVE ( 'NONE', #4906, #1006, #7045, .T. ) ;
#1392 = VECTOR ( 'NONE', #5062, 1000.000000000000000 ) ;
#1393 = SURFACE_SIDE_STYLE ('',( #6258 ) ) ;
#1394 = DIRECTION ( 'NONE',  ( 0.0000000000000000000, 0.0000000000000000000, -1.000000000000000000 ) ) ;
#1395 = LINE ( 'NONE', #8923, #5578 ) ;
#1396 = PLANE ( 'NONE',  #2193 ) ;
#1397 = CARTESIAN_POINT ( 'NONE',  ( 1.650000000000000800, 0.2030000000000000100, 1.310000000000000500 ) ) ;
#1398 = ORIENTED_EDGE ( 'NONE', *, *, #7689, .T. ) ;
#1399 = ORIENTED_EDGE ( 'NONE', *, *, #4998, .F. ) ;
#1400 = VECTOR ( 'NONE', #1461, 1000.000000000000000 ) ;
#1401 = DIRECTION ( 'NONE',  ( 0.0000000000000000000, -1.000000000000000000, 0.0000000000000000000 ) ) ;
#1402 = VECTOR ( 'NONE', #7917, 1000.000000000000000 ) ;
#1403 = AXIS2_PLACEMENT_3D ( 'NONE', #8727, #9735, #3962 ) ;
#1404 = FACE_OUTER_BOUND ( 'NONE', #3841, .T. ) ;
#1405 = CARTESIAN_POINT ( 'NONE',  ( -0.9500000000000002900, 0.2030000000000000700, -1.299999999999999200 ) ) ;
#1406 = EDGE_CURVE ( 'NONE', #2697, #7757, #1373, .T. ) ;
#1407 = EDGE_CURVE ( 'NONE', #7579, #10119, #10238, .T. ) ;
#1408 = CARTESIAN_POINT ( 'NONE',  ( -1.310000000000000500, 0.2030000000000001000, 1.650000000000000800 ) ) ;
#1409 = EDGE_CURVE ( 'NONE', #1989, #1433, #6458, .T. ) ;
#1410 = EDGE_LOOP ( 'NONE', ( #6276, #4444, #11212, #1116, #6206, #12174 ) ) ;
#1411 = EDGE_LOOP ( 'NONE', ( #6601, #10905, #658, #5918 ) ) ;
#1412 = CARTESIAN_POINT ( 'NONE',  ( -0.4100000000000002000, 0.2030000000000000100, -1.650000000000000100 ) ) ;
#1413 = VECTOR ( 'NONE', #3337, 1000.000000000000000 ) ;
#1414 = DIRECTION ( 'NONE',  ( 1.000000000000000000, -0.0000000000000000000, -0.0000000000000000000 ) ) ;
#1415 = VECTOR ( 'NONE', #3363, 1000.000000000000000 ) ;
#1416 = LINE ( 'NONE', #3374, #11015 ) ;
#1417 = ADVANCED_FACE ( 'NONE', ( #5701 ), #2250, .F. ) ;
#1418 = CARTESIAN_POINT ( 'NONE',  ( -0.3349999999999995800, 0.2030000000000000100, -2.000000000000000400 ) ) ;
#1419 = CARTESIAN_POINT ( 'NONE',  ( 1.999999999999999100, 0.8000000000000003800, 1.999999999999999600 ) ) ;
#1420 = EDGE_LOOP ( 'NONE', ( #6028, #10342, #8116, #6938, #4352 ) ) ;
#1421 = VERTEX_POINT ( 'NONE', #6950 ) ;
#1422 = CARTESIAN_POINT ( 'NONE',  ( -1.650000000000000800, 0.0000000000000000000, -0.03999999999999989000 ) ) ;
#1423 = DIRECTION ( 'NONE',  ( 0.0000000000000000000, 1.000000000000000000, -0.0000000000000000000 ) ) ;
#1424 = VERTEX_POINT ( 'NONE', #7916 ) ;
#1425 = DIRECTION ( 'NONE',  ( 1.000000000000000000, 0.0000000000000000000, 7.885106708985485100E-016 ) ) ;
#1426 = AXIS2_PLACEMENT_3D ( 'NONE', #7727, #899, #7609 ) ;
#1427 = CYLINDRICAL_SURFACE ( 'NONE', #6402, 0.07500000000000019200 ) ;
#1428 = DIRECTION ( 'NONE',  ( 0.0000000000000000000, 1.000000000000000000, -0.0000000000000000000 ) ) ;
#1429 = ORIENTED_EDGE ( 'NONE', *, *, #5697, .F. ) ;
#1430 = VECTOR ( 'NONE', #11043, 1000.000000000000000 ) ;
#1431 = EDGE_CURVE ( 'NONE', #10026, #2695, #8866, .T. ) ;
#1432 = CARTESIAN_POINT ( 'NONE',  ( -1.650000000000000800, 0.0000000000000000000, 0.4099999999999999800 ) ) ;
#1433 = VERTEX_POINT ( 'NONE', #5043 ) ;
#1434 = DIRECTION ( 'NONE',  ( -1.000000000000000000, 0.0000000000000000000, 0.0000000000000000000 ) ) ;
#1435 = VECTOR ( 'NONE', #8178, 1000.000000000000000 ) ;
#1436 = CARTESIAN_POINT ( 'NONE',  ( -1.725000000000000800, 0.0000000000000000000, -0.8599999999999999900 ) ) ;
#1437 = DIRECTION ( 'NONE',  ( -0.0000000000000000000, 0.0000000000000000000, -1.000000000000000000 ) ) ;
#1438 = ORIENTED_EDGE ( 'NONE', *, *, #8818, .F. ) ;
#1439 = DIRECTION ( 'NONE',  ( 1.000000000000000000, 0.0000000000000000000, -0.0000000000000000000 ) ) ;
#1440 = CARTESIAN_POINT ( 'NONE',  ( 1.725000000000000800, 0.6218078318274388200, -0.3350000000000004600 ) ) ;
#1441 = ORIENTED_EDGE ( 'NONE', *, *, #9021, .T. ) ;
#1442 = VECTOR ( 'NONE', #7, 1000.000000000000000 ) ;
#1443 = AXIS2_PLACEMENT_3D ( 'NONE', #604, #6229, #6274 ) ;
#1444 = CARTESIAN_POINT ( 'NONE',  ( 2.000000000000000900, 0.6218078318274387100, -1.014999999999999900 ) ) ;
#1445 = ORIENTED_EDGE ( 'NONE', *, *, #7241, .F. ) ;
#1446 = LINE ( 'NONE', #4994, #409 ) ;
#1447 = FILL_AREA_STYLE_COLOUR ( '', #3463 ) ;
#1448 = LINE ( 'NONE', #4094, #7565 ) ;
#1449 = AXIS2_PLACEMENT_3D ( 'NONE', #6195, #9879, #7950 ) ;
#1450 = CARTESIAN_POINT ( 'NONE',  ( -1.650000000000000800, -0.0000000000000000000, -1.310000000000000500 ) ) ;
#1451 = ORIENTED_EDGE ( 'NONE', *, *, #8701, .F. ) ;
#1452 = ORIENTED_EDGE ( 'NONE', *, *, #4166, .T. ) ;
#1453 = DIRECTION ( 'NONE',  ( 0.0000000000000000000, 0.0000000000000000000, 1.000000000000000000 ) ) ;
#1454 = EDGE_CURVE ( 'NONE', #2107, #7554, #7645, .T. ) ;
#1455 = DIRECTION ( 'NONE',  ( -0.0000000000000000000, -1.000000000000000000, -0.0000000000000000000 ) ) ;
#1456 = LINE ( 'NONE', #11232, #4300 ) ;
#1457 = ORIENTED_EDGE ( 'NONE', *, *, #4981, .T. ) ;
#1458 = CIRCLE ( 'NONE', #5889, 0.07500000000000019200 ) ;
#1459 = FACE_OUTER_BOUND ( 'NONE', #4549, .T. ) ;
#1460 = ORIENTED_EDGE ( 'NONE', *, *, #7696, .T. ) ;
#1461 = DIRECTION ( 'NONE',  ( -0.0000000000000000000, -1.000000000000000000, -0.0000000000000000000 ) ) ;
#1462 = EDGE_LOOP ( 'NONE', ( #10019, #3419, #9396, #7183 ) ) ;
#1463 = EDGE_LOOP ( 'NONE', ( #11621, #4771, #8323, #433 ) ) ;
#1464 = EDGE_CURVE ( 'NONE', #4037, #2746, #12161, .T. ) ;
#1465 = AXIS2_PLACEMENT_3D ( 'NONE', #213, #5847, #260 ) ;
#1466 = DIRECTION ( 'NONE',  ( 0.0000000000000000000, 0.0000000000000000000, 1.000000000000000000 ) ) ;
#1467 = CIRCLE ( 'NONE', #1733, 0.07500000000000019200 ) ;
#1468 =( NAMED_UNIT ( * ) SI_UNIT ( $, .STERADIAN. ) SOLID_ANGLE_UNIT ( ) );
#1469 = EDGE_CURVE ( 'NONE', #11540, #628, #5552, .T. ) ;
#1470 = CIRCLE ( 'NONE', #8107, 0.07499999999999998300 ) ;
#1471 = ORIENTED_EDGE ( 'NONE', *, *, #928, .T. ) ;
#1472 = VERTEX_POINT ( 'NONE', #9968 ) ;
#1473 = ORIENTED_EDGE ( 'NONE', *, *, #5655, .F. ) ;
#1474 = ORIENTED_EDGE ( 'NONE', *, *, #5797, .F. ) ;
#1475 = CARTESIAN_POINT ( 'NONE',  ( -1.725000000000000800, 0.2030000000000000100, -1.310000000000000100 ) ) ;
#1476 = ORIENTED_EDGE ( 'NONE', *, *, #10259, .F. ) ;
#1477 = CARTESIAN_POINT ( 'NONE',  ( -0.1150000000000003000, 0.6218078318274392600, -1.725000000000000300 ) ) ;
#1478 = LINE ( 'NONE', #10478, #5950 ) ;
#1479 = DIRECTION ( 'NONE',  ( -1.000000000000000000, 0.0000000000000000000, -0.0000000000000000000 ) ) ;
#1480 = FILL_AREA_STYLE_COLOUR ( '', #588 ) ;
#1481 = CARTESIAN_POINT ( 'NONE',  ( 0.1150000000000009500, 0.6218078318274392600, 2.000000000000000400 ) ) ;
#1482 = VECTOR ( 'NONE', #5844, 1000.000000000000000 ) ;
#1483 = STYLED_ITEM ( 'NONE', ( #11525 ), #6740 ) ;
#1484 = ORIENTED_EDGE ( 'NONE', *, *, #6594, .F. ) ;
#1485 = CARTESIAN_POINT ( 'NONE',  ( 2.000000000000000900, 0.04999999999999991300, 1.014999999999999900 ) ) ;
#1486 = DIRECTION ( 'NONE',  ( 0.0000000000000000000, 1.000000000000000000, 0.0000000000000000000 ) ) ;
#1487 = DIRECTION ( 'NONE',  ( -1.000000000000000000, 0.0000000000000000000, -1.577021341797097000E-015 ) ) ;
#1488 = ADVANCED_FACE ( 'NONE', ( #7785 ), #1069, .T. ) ;
#1489 = ORIENTED_EDGE ( 'NONE', *, *, #8499, .T. ) ;
#1490 = CARTESIAN_POINT ( 'NONE',  ( -0.3350000000000042900, 0.05000000000000000300, -7.924532242530513700E-016 ) ) ;
#1491 = ORIENTED_EDGE ( 'NONE', *, *, #2799, .F. ) ;
#1492 = EDGE_CURVE ( 'NONE', #11826, #11755, #5843, .T. ) ;
#1493 = ORIENTED_EDGE ( 'NONE', *, *, #6366, .F. ) ;
#1494 = EDGE_CURVE ( 'NONE', #12417, #6187, #1665, .T. ) ;
#1495 = DIRECTION ( 'NONE',  ( 0.0000000000000000000, 0.0000000000000000000, 1.000000000000000000 ) ) ;
#1496 = FACE_OUTER_BOUND ( 'NONE', #7968, .T. ) ;
#1497 = DIRECTION ( 'NONE',  ( -0.7071067811865474600, -0.0000000000000000000, -0.7071067811865474600 ) ) ;
#1498 = FACE_OUTER_BOUND ( 'NONE', #11897, .T. ) ;
#1499 = CARTESIAN_POINT ( 'NONE',  ( 0.8599999999999996500, 0.2030000000000000100, -1.650000000000000100 ) ) ;
#1500 = ORIENTED_EDGE ( 'NONE', *, *, #7612, .F. ) ;
#1501 = ORIENTED_EDGE ( 'NONE', *, *, #372, .T. ) ;
#1502 = ORIENTED_EDGE ( 'NONE', *, *, #3454, .F. ) ;
#1503 = AXIS2_PLACEMENT_3D ( 'NONE', #2374, #4233, #3294 ) ;
#1504 = CARTESIAN_POINT ( 'NONE',  ( -1.725000000000000800, 0.6218078318274388200, -0.5649999999999999500 ) ) ;
#1505 = DIRECTION ( 'NONE',  ( 0.0000000000000000000, 1.000000000000000000, 0.0000000000000000000 ) ) ;
#1506 = VECTOR ( 'NONE', #4284, 1000.000000000000000 ) ;
#1507 = ORIENTED_EDGE ( 'NONE', *, *, #3142, .T. ) ;
#1508 = AXIS2_PLACEMENT_3D ( 'NONE', #528, #5363, #2394 ) ;
#1509 = FACE_OUTER_BOUND ( 'NONE', #5085, .T. ) ;
#1510 = EDGE_CURVE ( 'NONE', #7386, #532, #4520, .T. ) ;
#1511 = CARTESIAN_POINT ( 'NONE',  ( -1.725000000000000800, 0.05000000000000023900, -0.1149999999999998700 ) ) ;
#1512 = EDGE_CURVE ( 'NONE', #11767, #7753, #6000, .T. ) ;
#1513 = ORIENTED_EDGE ( 'NONE', *, *, #874, .T. ) ;
#1514 = DIRECTION ( 'NONE',  ( 0.0000000000000000000, 1.000000000000000000, -0.0000000000000000000 ) ) ;
#1515 = VERTEX_POINT ( 'NONE', #7383 ) ;
#1516 = DIRECTION ( 'NONE',  ( 0.0000000000000000000, -0.0000000000000000000, 1.000000000000000000 ) ) ;
#1517 = DIRECTION ( 'NONE',  ( -0.0000000000000000000, 0.0000000000000000000, -1.000000000000000000 ) ) ;
#1518 = CARTESIAN_POINT ( 'NONE',  ( -0.5649999999999997200, 0.6218078318274392600, 1.725000000000001200 ) ) ;
#1519 = CARTESIAN_POINT ( 'NONE',  ( -1.725000000000000800, 0.05000000000000002400, 0.4899999999999999900 ) ) ;
#1520 = FACE_OUTER_BOUND ( 'NONE', #12396, .T. ) ;
#1521 = MECHANICAL_DESIGN_GEOMETRIC_PRESENTATION_REPRESENTATION (  '', ( #10755 ), #1273 ) ;
#1522 = CARTESIAN_POINT ( 'NONE',  ( 1.725000000000000800, 0.2030000000000000100, -1.015000000000000300 ) ) ;
#1523 = FILL_AREA_STYLE ('',( #1480 ) ) ;
#1524 = AXIS2_PLACEMENT_3D ( 'NONE', #11890, #5229, #10114 ) ;
#1525 = CARTESIAN_POINT ( 'NONE',  ( -0.03999999999999967500, 0.2030000000000000100, 1.725000000000000800 ) ) ;
#1526 = ORIENTED_EDGE ( 'NONE', *, *, #4625, .T. ) ;
#1527 = CARTESIAN_POINT ( 'NONE',  ( -1.235000000000000100, 0.0000000000000000000, -1.725000000000000300 ) ) ;
#1528 = CARTESIAN_POINT ( 'NONE',  ( 1.725000000000000800, 0.6218078318274387100, -0.7850000000000004800 ) ) ;
#1529 = EDGE_CURVE ( 'NONE', #9867, #11324, #179, .T. ) ;
#1530 = DIRECTION ( 'NONE',  ( -0.0000000000000000000, -0.0000000000000000000, 1.000000000000000000 ) ) ;
#1531 = CARTESIAN_POINT ( 'NONE',  ( -0.3349999999999995800, 0.2030000000000000100, 1.725000000000001200 ) ) ;
#1532 = LINE ( 'NONE', #5426, #6899 ) ;
#1533 = DIRECTION ( 'NONE',  ( 0.0000000000000000000, -1.000000000000000000, 0.0000000000000000000 ) ) ;
#1534 = LINE ( 'NONE', #12311, #8867 ) ;
#1535 = CARTESIAN_POINT ( 'NONE',  ( -1.389999999999999700, 0.2030000000000000100, 1.725000000000000800 ) ) ;
#1536 = DIRECTION ( 'NONE',  ( -1.000000000000000000, 0.0000000000000000000, -1.577021341797097400E-015 ) ) ;
#1537 = CARTESIAN_POINT ( 'NONE',  ( -1.300000000000000700, 3.879955262170047700, 1.300000000000000700 ) ) ;
#1538 = EDGE_CURVE ( 'NONE', #5946, #7185, #11858, .T. ) ;
#1539 = ORIENTED_EDGE ( 'NONE', *, *, #4619, .F. ) ;
#1540 = LINE ( 'NONE', #1218, #11713 ) ;
#1541 = COLOUR_RGB ( '',0.7921568627450980000, 0.8196078431372548800, 0.9333333333333333500 ) ;
#1542 = DIRECTION ( 'NONE',  ( 0.0000000000000000000, -1.000000000000000000, 0.0000000000000000000 ) ) ;
#1543 = EDGE_CURVE ( 'NONE', #967, #4724, #8699, .T. ) ;
#1544 = CARTESIAN_POINT ( 'NONE',  ( -1.600000000000000800, 0.6999999999999999600, -1.600000000000000300 ) ) ;
#1545 = VERTEX_POINT ( 'NONE', #10360 ) ;
#1546 = CARTESIAN_POINT ( 'NONE',  ( 1.725000000000000800, 0.6218078318274388200, 1.309999999999999800 ) ) ;
#1547 = VERTEX_POINT ( 'NONE', #4595 ) ;
#1548 = DIRECTION ( 'NONE',  ( -1.000000000000000000, 0.0000000000000000000, 0.0000000000000000000 ) ) ;
#1549 = CYLINDRICAL_SURFACE ( 'NONE', #2966, 0.07499999999999998300 ) ;
#1550 = CARTESIAN_POINT ( 'NONE',  ( -1.014999999999999900, 0.2030000000000000100, 2.000000000000000400 ) ) ;
#1551 = AXIS2_PLACEMENT_3D ( 'NONE', #11084, #8230, #7269 ) ;
#1552 =( NAMED_UNIT ( * ) PLANE_ANGLE_UNIT ( ) SI_UNIT ( $, .RADIAN. ) );
#1553 = CARTESIAN_POINT ( 'NONE',  ( -2.000000000000000900, 7.256854249492381100, 2.000000000000000400 ) ) ;
#1554 = EDGE_CURVE ( 'NONE', #7617, #9718, #3301, .T. ) ;
#1555 = ORIENTED_EDGE ( 'NONE', *, *, #8948, .F. ) ;
#1556 = EDGE_CURVE ( 'NONE', #4136, #11255, #777, .T. ) ;
#1557 = VERTEX_POINT ( 'NONE', #8633 ) ;
#1558 = CARTESIAN_POINT ( 'NONE',  ( -1.725000000000000800, 0.6218078318274387100, -1.014999999999999900 ) ) ;
#1559 = DIRECTION ( 'NONE',  ( 1.000000000000000000, 0.0000000000000000000, 0.0000000000000000000 ) ) ;
#1560 = CARTESIAN_POINT ( 'NONE',  ( -1.465000000000000300, 0.6218078318274392600, -1.805000000000000800 ) ) ;
#1561 = VECTOR ( 'NONE', #1619, 1000.000000000000000 ) ;
#1562 = CARTESIAN_POINT ( 'NONE',  ( -1.725000000000000800, 0.0000000000000000000, 1.235000000000000100 ) ) ;
#1563 = LINE ( 'NONE', #1450, #9059 ) ;
#1564 = CARTESIAN_POINT ( 'NONE',  ( -1.725000000000000800, 0.2030000000000000100, 1.310000000000000300 ) ) ;
#1565 = DIRECTION ( 'NONE',  ( -0.0000000000000000000, 1.000000000000000000, 0.0000000000000000000 ) ) ;
#1566 = SURFACE_STYLE_USAGE ( .BOTH. , #5733 ) ;
#1567 = DIRECTION ( 'NONE',  ( -1.000000000000000000, 0.0000000000000000000, -1.577021341797097000E-015 ) ) ;
#1568 = ORIENTED_EDGE ( 'NONE', *, *, #745, .F. ) ;
#1569 = ORIENTED_EDGE ( 'NONE', *, *, #1492, .F. ) ;
#1570 = AXIS2_PLACEMENT_3D ( 'NONE', #8410, #3655, #10698 ) ;
#1571 = VECTOR ( 'NONE', #10326, 1000.000000000000000 ) ;
#1572 = CARTESIAN_POINT ( 'NONE',  ( 0.04000000000000053500, 0.0000000000000000000, 1.725000000000000800 ) ) ;
#1573 = EDGE_CURVE ( 'NONE', #8570, #2665, #11264, .T. ) ;
#1574 = CARTESIAN_POINT ( 'NONE',  ( -0.3349999999999995800, 0.2030000000000000100, 1.725000000000001200 ) ) ;
#1575 = LINE ( 'NONE', #4905, #8453 ) ;
#1576 = EDGE_CURVE ( 'NONE', #2942, #4985, #8086, .T. ) ;
#1577 = ORIENTED_EDGE ( 'NONE', *, *, #10579, .T. ) ;
#1578 = ORIENTED_EDGE ( 'NONE', *, *, #3071, .F. ) ;
#1579 =( LENGTH_UNIT ( ) NAMED_UNIT ( * ) SI_UNIT ( .MILLI., .METRE. ) );
#1580 = VERTEX_POINT ( 'NONE', #11885 ) ;
#1581 = CARTESIAN_POINT ( 'NONE',  ( 1.725000000000000800, 0.2030000000000001000, -0.1150000000000003000 ) ) ;
#1582 = ORIENTED_EDGE ( 'NONE', *, *, #993, .T. ) ;
#1583 = CYLINDRICAL_SURFACE ( 'NONE', #10199, 0.07499999999999998300 ) ;
#1584 = VECTOR ( 'NONE', #12208, 1000.000000000000000 ) ;
#1585 = AXIS2_PLACEMENT_3D ( 'NONE', #4089, #1274, #2176 ) ;
#1586 = ORIENTED_EDGE ( 'NONE', *, *, #8870, .T. ) ;
#1587 = LINE ( 'NONE', #11854, #8929 ) ;
#1588 = PLANE ( 'NONE',  #4074 ) ;
#1589 = ORIENTED_EDGE ( 'NONE', *, *, #417, .F. ) ;
#1590 = EDGE_CURVE ( 'NONE', #8382, #10016, #634, .T. ) ;
#1591 = ORIENTED_EDGE ( 'NONE', *, *, #8499, .F. ) ;
#1592 = VECTOR ( 'NONE', #707, 1000.000000000000000 ) ;
#1593 = VECTOR ( 'NONE', #3917, 1000.000000000000000 ) ;
#1594 = CARTESIAN_POINT ( 'NONE',  ( 0.4099999999999997500, 0.04999999999999999600, -1.725000000000000300 ) ) ;
#1595 = VERTEX_POINT ( 'NONE', #5937 ) ;
#1596 = PLANE ( 'NONE',  #1372 ) ;
#1597 = CARTESIAN_POINT ( 'NONE',  ( 1.725000000000000800, 0.2030000000000000100, 0.8599999999999994300 ) ) ;
#1598 = EDGE_LOOP ( 'NONE', ( #6592, #3676, #12221, #2196 ) ) ;
#1599 = VERTEX_POINT ( 'NONE', #6395 ) ;
#1600 = DIRECTION ( 'NONE',  ( 1.577021341797097000E-015, 0.0000000000000000000, -1.000000000000000000 ) ) ;
#1601 = ADVANCED_FACE ( 'NONE', ( #3770 ), #2261, .F. ) ;
#1602 = ORIENTED_EDGE ( 'NONE', *, *, #4602, .T. ) ;
#1603 = DIRECTION ( 'NONE',  ( -2.365532012695645400E-015, 0.0000000000000000000, 1.000000000000000000 ) ) ;
#1604 = CARTESIAN_POINT ( 'NONE',  ( -0.4100000000000002000, 0.2030000000000000100, -1.650000000000000100 ) ) ;
#1605 = AXIS2_PLACEMENT_3D ( 'NONE', #5966, #7962, #1210 ) ;
#1606 = CARTESIAN_POINT ( 'NONE',  ( 0.9399999999999998400, 0.2030000000000000100, 1.650000000000000800 ) ) ;
#1607 = LINE ( 'NONE', #10871, #11500 ) ;
#1608 = MANIFOLD_SOLID_BREP ( 'LPattern3[5]', #5647 ) ;
#1609 = CYLINDRICAL_SURFACE ( 'NONE', #7166, 0.07499999999999998300 ) ;
#1610 = ORIENTED_EDGE ( 'NONE', *, *, #2575, .T. ) ;
#1611 = DIRECTION ( 'NONE',  ( 0.0000000000000000000, -1.000000000000000000, 0.0000000000000000000 ) ) ;
#1612 = EDGE_CURVE ( 'NONE', #7628, #5454, #4511, .T. ) ;
#1613 = ORIENTED_EDGE ( 'NONE', *, *, #9806, .T. ) ;
#1614 = ORIENTED_EDGE ( 'NONE', *, *, #3316, .F. ) ;
#1615 = ADVANCED_FACE ( 'NONE', ( #4806 ), #8226, .F. ) ;
#1616 = FACE_OUTER_BOUND ( 'NONE', #2712, .T. ) ;
#1617 = DIRECTION ( 'NONE',  ( -0.0000000000000000000, -1.000000000000000000, -0.0000000000000000000 ) ) ;
#1618 = LINE ( 'NONE', #3341, #6850 ) ;
#1619 = DIRECTION ( 'NONE',  ( -0.0000000000000000000, -1.000000000000000000, -0.0000000000000000000 ) ) ;
#1620 = VECTOR ( 'NONE', #1703, 1000.000000000000000 ) ;
#1621 = ORIENTED_EDGE ( 'NONE', *, *, #10691, .F. ) ;
#1622 = ORIENTED_EDGE ( 'NONE', *, *, #825, .T. ) ;
#1623 = VERTEX_POINT ( 'NONE', #332 ) ;
#1624 = AXIS2_PLACEMENT_3D ( 'NONE', #4266, #10982, #8128 ) ;
#1625 = VERTEX_POINT ( 'NONE', #8984 ) ;
#1626 = DIRECTION ( 'NONE',  ( -0.0000000000000000000, -1.000000000000000000, -0.0000000000000000000 ) ) ;
#1627 = EDGE_CURVE ( 'NONE', #683, #6215, #7637, .T. ) ;
#1628 = VECTOR ( 'NONE', #10590, 1000.000000000000000 ) ;
#1629 = LINE ( 'NONE', #10866, #5812 ) ;
#1630 = DIRECTION ( 'NONE',  ( 0.0000000000000000000, -1.000000000000000000, 0.0000000000000000000 ) ) ;
#1631 = FACE_OUTER_BOUND ( 'NONE', #247, .T. ) ;
#1632 = VERTEX_POINT ( 'NONE', #4335 ) ;
#1633 = CARTESIAN_POINT ( 'NONE',  ( 1.650000000000000800, 0.6218078318274388200, 0.03999999999999967500 ) ) ;
#1634 = ORIENTED_EDGE ( 'NONE', *, *, #7573, .F. ) ;
#1635 = ORIENTED_EDGE ( 'NONE', *, *, #12160, .T. ) ;
#1636 = ORIENTED_EDGE ( 'NONE', *, *, #4783, .F. ) ;
#1637 = DIRECTION ( 'NONE',  ( -0.0000000000000000000, 0.0000000000000000000, 1.000000000000000000 ) ) ;
#1638 = DIRECTION ( 'NONE',  ( -0.0000000000000000000, -1.000000000000000000, -0.0000000000000000000 ) ) ;
#1639 = DIRECTION ( 'NONE',  ( 0.0000000000000000000, -1.000000000000000000, 0.0000000000000000000 ) ) ;
#1640 = CARTESIAN_POINT ( 'NONE',  ( -1.650000000000000800, 0.2030000000000001000, 0.8599999999999998800 ) ) ;
#1641 = SURFACE_STYLE_FILL_AREA ( #8273 ) ;
#1642 = CARTESIAN_POINT ( 'NONE',  ( -1.310000000000000500, 0.2030000000000000100, 1.650000000000000800 ) ) ;
#1643 = SURFACE_STYLE_FILL_AREA ( #387 ) ;
#1644 = LINE ( 'NONE', #11768, #9301 ) ;
#1645 = DIRECTION ( 'NONE',  ( 1.000000000000000000, -0.0000000000000000000, 1.577021341797097400E-015 ) ) ;
#1646 = DIRECTION ( 'NONE',  ( -0.0000000000000000000, -1.000000000000000000, -0.0000000000000000000 ) ) ;
#1647 = EDGE_CURVE ( 'NONE', #1244, #12009, #8854, .T. ) ;
#1648 = EDGE_CURVE ( 'NONE', #4614, #9267, #3761, .T. ) ;
#1649 = ORIENTED_EDGE ( 'NONE', *, *, #820, .T. ) ;
#1650 = ORIENTED_EDGE ( 'NONE', *, *, #12234, .T. ) ;
#1651 = DIRECTION ( 'NONE',  ( 1.000000000000000000, 0.0000000000000000000, 0.0000000000000000000 ) ) ;
#1652 = CARTESIAN_POINT ( 'NONE',  ( 1.015000000000000800, 0.6218078318274392600, 2.000000000000000400 ) ) ;
#1653 = ORIENTED_EDGE ( 'NONE', *, *, #1510, .F. ) ;
#1654 = CARTESIAN_POINT ( 'NONE',  ( 0.4100000000000002000, 0.2030000000000000100, 1.650000000000000800 ) ) ;
#1655 = DIRECTION ( 'NONE',  ( -0.0000000000000000000, -1.000000000000000000, -0.0000000000000000000 ) ) ;
#1656 = DIRECTION ( 'NONE',  ( -0.0000000000000000000, -1.000000000000000000, -0.0000000000000000000 ) ) ;
#1657 = LINE ( 'NONE', #1481, #3912 ) ;
#1658 =( GEOMETRIC_REPRESENTATION_CONTEXT ( 3 ) GLOBAL_UNCERTAINTY_ASSIGNED_CONTEXT ( ( #693 ) ) GLOBAL_UNIT_ASSIGNED_CONTEXT ( ( #3853, #1983, #968 ) ) REPRESENTATION_CONTEXT ( 'NONE', 'WORKASPACE' ) );
#1659 = VERTEX_POINT ( 'NONE', #6864 ) ;
#1660 = CARTESIAN_POINT ( 'NONE',  ( -1.464999999999999600, 0.2030000000000000100, 2.000000000000000400 ) ) ;
#1661 = MECHANICAL_DESIGN_GEOMETRIC_PRESENTATION_REPRESENTATION (  '', ( #390 ), #2285 ) ;
#1662 = ADVANCED_FACE ( 'NONE', ( #1946 ), #8145, .T. ) ;
#1663 = FACE_OUTER_BOUND ( 'NONE', #7278, .T. ) ;
#1664 = CARTESIAN_POINT ( 'NONE',  ( 1.015000000000000300, 0.04999999999999999600, 1.725000000000001200 ) ) ;
#1665 = CIRCLE ( 'NONE', #6941, 0.07499999999999998300 ) ;
#1666 = DIRECTION ( 'NONE',  ( 1.000000000000000000, -0.0000000000000000000, -0.0000000000000000000 ) ) ;
#1667 = EDGE_CURVE ( 'NONE', #10774, #8819, #11844, .T. ) ;
#1668 = LINE ( 'NONE', #2580, #9644 ) ;
#1669 = CARTESIAN_POINT ( 'NONE',  ( 0.1150000000000005200, 0.2030000000000000100, -2.000000000000000400 ) ) ;
#1670 = ORIENTED_EDGE ( 'NONE', *, *, #5615, .F. ) ;
#1671 = CARTESIAN_POINT ( 'NONE',  ( 1.725000000000000800, 0.2030000000000000100, 0.3349999999999995800 ) ) ;
#1672 = SURFACE_SIDE_STYLE ('',( #1991 ) ) ;
#1673 = AXIS2_PLACEMENT_3D ( 'NONE', #316, #396, #2287 ) ;
#1674 = VECTOR ( 'NONE', #2731, 1000.000000000000000 ) ;
#1675 = ADVANCED_FACE ( 'NONE', ( #6884 ), #11128, .F. ) ;
#1676 = DIRECTION ( 'NONE',  ( -1.000000000000000000, 0.0000000000000000000, 1.577021341797102100E-015 ) ) ;
#1677 = CIRCLE ( 'NONE', #2085, 0.07499999999999998300 ) ;
#1678 = PLANE ( 'NONE',  #8646 ) ;
#1679 = AXIS2_PLACEMENT_3D ( 'NONE', #901, #12247, #4659 ) ;
#1680 = CARTESIAN_POINT ( 'NONE',  ( 2.000000000000000900, 0.6218078318274388200, -0.5649999999999999500 ) ) ;
#1681 = CARTESIAN_POINT ( 'NONE',  ( -1.235000000000004300, 0.05000000000000000300, -2.921432035679132600E-015 ) ) ;
#1682 = PLANE ( 'NONE',  #3760 ) ;
#1683 = DIRECTION ( 'NONE',  ( -0.0000000000000000000, -1.000000000000000000, 0.0000000000000000000 ) ) ;
#1684 = EDGE_CURVE ( 'NONE', #6974, #10281, #2550, .T. ) ;
#1685 = CARTESIAN_POINT ( 'NONE',  ( -0.3349999999999995800, 0.2030000000000000100, -2.000000000000000400 ) ) ;
#1686 = VERTEX_POINT ( 'NONE', #8234 ) ;
#1687 = DIRECTION ( 'NONE',  ( 0.0000000000000000000, 0.0000000000000000000, -1.000000000000000000 ) ) ;
#1688 = ORIENTED_EDGE ( 'NONE', *, *, #8745, .T. ) ;
#1689 = LINE ( 'NONE', #9827, #9031 ) ;
#1690 = DIRECTION ( 'NONE',  ( 0.0000000000000000000, -0.0000000000000000000, 1.000000000000000000 ) ) ;
#1691 =( NAMED_UNIT ( * ) SI_UNIT ( $, .STERADIAN. ) SOLID_ANGLE_UNIT ( ) );
#1692 = LINE ( 'NONE', #11962, #4544 ) ;
#1693 = CARTESIAN_POINT ( 'NONE',  ( 1.725000000000000800, 0.0000000000000000000, -1.390000000000000300 ) ) ;
#1694 = DIRECTION ( 'NONE',  ( -0.0000000000000000000, -1.000000000000000000, -0.0000000000000000000 ) ) ;
#1695 = EDGE_CURVE ( 'NONE', #4466, #9918, #10817, .T. ) ;
#1696 = ORIENTED_EDGE ( 'NONE', *, *, #6500, .F. ) ;
#1697 = ORIENTED_EDGE ( 'NONE', *, *, #2074, .T. ) ;
#1698 = DIRECTION ( 'NONE',  ( 0.0000000000000000000, 0.0000000000000000000, -1.000000000000000000 ) ) ;
#1699 = EDGE_CURVE ( 'NONE', #10842, #12069, #9786, .T. ) ;
#1700 = CARTESIAN_POINT ( 'NONE',  ( 1.299999999999999200, 0.2030000000000000700, -1.300000000000000300 ) ) ;
#1701 = LINE ( 'NONE', #3105, #11148 ) ;
#1702 = VECTOR ( 'NONE', #11489, 1000.000000000000000 ) ;
#1703 = DIRECTION ( 'NONE',  ( 0.0000000000000000000, -1.000000000000000000, 0.0000000000000000000 ) ) ;
#1704 = DIRECTION ( 'NONE',  ( 0.0000000000000000000, 1.000000000000000000, 0.0000000000000000000 ) ) ;
#1705 = DIRECTION ( 'NONE',  ( 0.0000000000000000000, 0.0000000000000000000, 1.000000000000000000 ) ) ;
#1706 = ORIENTED_EDGE ( 'NONE', *, *, #7220, .F. ) ;
#1707 = VERTEX_POINT ( 'NONE', #3343 ) ;
#1708 = VECTOR ( 'NONE', #6936, 1000.000000000000000 ) ;
#1709 = CARTESIAN_POINT ( 'NONE',  ( 0.4899999999999997700, 0.6218078318274392600, -1.725000000000000300 ) ) ;
#1710 = VECTOR ( 'NONE', #3122, 1000.000000000000100 ) ;
#1711 = CARTESIAN_POINT ( 'NONE',  ( 1.310000000000000500, 0.2030000000000001000, -1.650000000000000800 ) ) ;
#1712 = CARTESIAN_POINT ( 'NONE',  ( 0.03999999999999989000, 0.2030000000000000100, -1.650000000000000400 ) ) ;
#1713 = EDGE_CURVE ( 'NONE', #2370, #9860, #8999, .T. ) ;
#1714 = EDGE_CURVE ( 'NONE', #10918, #1834, #3907, .T. ) ;
#1715 = ORIENTED_EDGE ( 'NONE', *, *, #4312, .F. ) ;
#1716 = CARTESIAN_POINT ( 'NONE',  ( 2.000000000000000900, 0.2030000000000000100, 0.5649999999999999500 ) ) ;
#1718 = ORIENTED_EDGE ( 'NONE', *, *, #2503, .F. ) ;
#1717 = DIRECTION ( 'NONE',  ( -0.0000000000000000000, -1.000000000000000000, -0.0000000000000000000 ) ) ;
#1719 = DIRECTION ( 'NONE',  ( 1.000000000000000000, -0.0000000000000000000, -0.0000000000000000000 ) ) ;
#1720 = CARTESIAN_POINT ( 'NONE',  ( 1.465000000000000500, 0.2030000000000000100, -1.805000000000001900 ) ) ;
#1721 = ORIENTED_EDGE ( 'NONE', *, *, #1667, .T. ) ;
#1722 = VECTOR ( 'NONE', #2725, 1000.000000000000000 ) ;
#1723 = CARTESIAN_POINT ( 'NONE',  ( -2.000000000000000900, 0.05000000000000000300, 2.000000000000000400 ) ) ;
#1724 = ADVANCED_FACE ( 'NONE', ( #9925 ), #7037, .F. ) ;
#1725 = DIRECTION ( 'NONE',  ( -1.000000000000000000, 0.0000000000000000000, 0.0000000000000000000 ) ) ;
#1726 = CARTESIAN_POINT ( 'NONE',  ( -1.389999999999999700, 0.2030000000000000100, 1.725000000000000800 ) ) ;
#1727 = EDGE_LOOP ( 'NONE', ( #435, #135, #4201, #5251 ) ) ;
#1728 = VECTOR ( 'NONE', #5651, 1000.000000000000000 ) ;
#1729 = ORIENTED_EDGE ( 'NONE', *, *, #10024, .F. ) ;
#1730 = CARTESIAN_POINT ( 'NONE',  ( 0.5650000000000003900, 0.2030000000000000100, 1.725000000000001200 ) ) ;
#1731 =( NAMED_UNIT ( * ) SI_UNIT ( $, .STERADIAN. ) SOLID_ANGLE_UNIT ( ) );
#1732 = ORIENTED_EDGE ( 'NONE', *, *, #2307, .F. ) ;
#1733 = AXIS2_PLACEMENT_3D ( 'NONE', #5145, #1127, #10902 ) ;
#1734 = ORIENTED_EDGE ( 'NONE', *, *, #11482, .T. ) ;
#1735 = VECTOR ( 'NONE', #574, 1000.000000000000000 ) ;
#1736 = DIRECTION ( 'NONE',  ( 0.0000000000000000000, 0.0000000000000000000, -1.000000000000000000 ) ) ;
#1737 = ORIENTED_EDGE ( 'NONE', *, *, #2400, .F. ) ;
#1738 = AXIS2_PLACEMENT_3D ( 'NONE', #10344, #7498, #4579 ) ;
#1739 = DIRECTION ( 'NONE',  ( 0.0000000000000000000, 1.000000000000000000, 0.0000000000000000000 ) ) ;
#1740 = VERTEX_POINT ( 'NONE', #7200 ) ;
#1741 = EDGE_CURVE ( 'NONE', #9918, #4762, #7338, .T. ) ;
#1742 = FACE_OUTER_BOUND ( 'NONE', #11147, .T. ) ;
#1743 = ORIENTED_EDGE ( 'NONE', *, *, #9494, .T. ) ;
#1744 = CYLINDRICAL_SURFACE ( 'NONE', #9799, 0.07499999999999998300 ) ;
#1745 = ADVANCED_FACE ( 'NONE', ( #3453 ), #7324, .F. ) ;
#1746 = EDGE_CURVE ( 'NONE', #10954, #11652, #11121, .T. ) ;
#1747 = PRESENTATION_STYLE_ASSIGNMENT (( #1283 ) ) ;
#1748 = PLANE ( 'NONE',  #6255 ) ;
#1749 = VERTEX_POINT ( 'NONE', #9112 ) ;
#1750 = ORIENTED_EDGE ( 'NONE', *, *, #10882, .F. ) ;
#1751 = CARTESIAN_POINT ( 'NONE',  ( -0.4099999999999999800, 0.0000000000000000000, 1.650000000000000800 ) ) ;
#1752 = DIRECTION ( 'NONE',  ( -1.000000000000000000, 0.0000000000000000000, 0.0000000000000000000 ) ) ;
#1753 = AXIS2_PLACEMENT_3D ( 'NONE', #6894, #7937, #3250 ) ;
#1754 = ORIENTED_EDGE ( 'NONE', *, *, #2088, .T. ) ;
#1755 = CARTESIAN_POINT ( 'NONE',  ( 2.000000000000000900, 0.2030000000000000100, 1.014999999999999900 ) ) ;
#1756 = VECTOR ( 'NONE', #2618, 1000.000000000000000 ) ;
#1757 = CIRCLE ( 'NONE', #2685, 0.07499999999999998300 ) ;
#1758 = EDGE_LOOP ( 'NONE', ( #5121, #9340, #1614, #10071, #6393, #8073 ) ) ;
#1759 = AXIS2_PLACEMENT_3D ( 'NONE', #10088, #12025, #9053 ) ;
#1760 = ORIENTED_EDGE ( 'NONE', *, *, #6689, .T. ) ;
#1761 = PRODUCT_CONTEXT ( 'NONE', #5468, 'mechanical' ) ;
#1762 = ORIENTED_EDGE ( 'NONE', *, *, #6967, .F. ) ;
#1763 = EDGE_CURVE ( 'NONE', #5361, #7891, #11548, .T. ) ;
#1764 = DIRECTION ( 'NONE',  ( 0.0000000000000000000, 0.0000000000000000000, 1.000000000000000000 ) ) ;
#1765 = FACE_OUTER_BOUND ( 'NONE', #5762, .T. ) ;
#1766 = PLANE ( 'NONE',  #5234 ) ;
#1767 = DIRECTION ( 'NONE',  ( -1.000000000000000000, 0.0000000000000000000, -0.0000000000000000000 ) ) ;
#1768 = CARTESIAN_POINT ( 'NONE',  ( 0.7850000000000001400, 0.2030000000000000100, 1.725000000000001200 ) ) ;
#1769 = LINE ( 'NONE', #7384, #11646 ) ;
#1770 = ORIENTED_EDGE ( 'NONE', *, *, #9770, .T. ) ;
#1771 = ORIENTED_EDGE ( 'NONE', *, *, #559, .F. ) ;
#1772 = DIRECTION ( 'NONE',  ( -1.000000000000000000, 0.0000000000000000000, -1.577021341797097400E-015 ) ) ;
#1773 = DIRECTION ( 'NONE',  ( -1.000000000000000000, 0.0000000000000000000, -2.365532012695645400E-015 ) ) ;
#1774 = ORIENTED_EDGE ( 'NONE', *, *, #7258, .T. ) ;
#1775 = ORIENTED_EDGE ( 'NONE', *, *, #11867, .T. ) ;
#1776 = ADVANCED_FACE ( 'NONE', ( #8692 ), #5437, .F. ) ;
#1777 = LINE ( 'NONE', #4085, #8351 ) ;
#1778 = CIRCLE ( 'NONE', #1358, 0.07499999999999998300 ) ;
#1779 = EDGE_CURVE ( 'NONE', #3094, #7448, #6597, .T. ) ;
#1780 = LINE ( 'NONE', #1088, #887 ) ;
#1781 = EDGE_LOOP ( 'NONE', ( #2382, #3295, #4086, #1775, #1099 ) ) ;
#1782 = ORIENTED_EDGE ( 'NONE', *, *, #3155, .F. ) ;
#1783 = VERTEX_POINT ( 'NONE', #646 ) ;
#1784 = ORIENTED_EDGE ( 'NONE', *, *, #2591, .T. ) ;
#1785 = DIRECTION ( 'NONE',  ( -0.0000000000000000000, -1.000000000000000000, -0.0000000000000000000 ) ) ;
#1786 = DIRECTION ( 'NONE',  ( -1.000000000000000000, 0.0000000000000000000, -2.365532012695645800E-015 ) ) ;
#1787 = PRESENTATION_STYLE_ASSIGNMENT (( #5296 ) ) ;
#1788 = ADVANCED_FACE ( 'NONE', ( #7497 ), #4661, .F. ) ;
#1789 = LINE ( 'NONE', #895, #9146 ) ;
#1790 = STYLED_ITEM ( 'NONE', ( #4357 ), #6038 ) ;
#1791 = DIRECTION ( 'NONE',  ( 0.0000000000000000000, 0.0000000000000000000, 1.000000000000000000 ) ) ;
#1792 = VERTEX_POINT ( 'NONE', #6533 ) ;
#1793 = ORIENTED_EDGE ( 'NONE', *, *, #9930, .T. ) ;
#1794 = EDGE_CURVE ( 'NONE', #4153, #6090, #2091, .T. ) ;
#1795 = DIRECTION ( 'NONE',  ( 0.0000000000000000000, 0.0000000000000000000, 1.000000000000000000 ) ) ;
#1796 = ORIENTED_EDGE ( 'NONE', *, *, #3355, .T. ) ;
#1797 = EDGE_CURVE ( 'NONE', #3, #9714, #12005, .T. ) ;
#1798 = LINE ( 'NONE', #7321, #5823 ) ;
#1799 =( NAMED_UNIT ( * ) PLANE_ANGLE_UNIT ( ) SI_UNIT ( $, .RADIAN. ) );
#1800 = VECTOR ( 'NONE', #11680, 1000.000000000000000 ) ;
#1801 = CIRCLE ( 'NONE', #4990, 0.07499999999999998300 ) ;
#1802 = ADVANCED_FACE ( 'NONE', ( #4961 ), #10382, .T. ) ;
#1803 = DIRECTION ( 'NONE',  ( 0.0000000000000000000, -1.000000000000000000, 0.0000000000000000000 ) ) ;
#1804 = DIRECTION ( 'NONE',  ( 0.0000000000000000000, -1.000000000000000000, 0.0000000000000000000 ) ) ;
#1805 = ORIENTED_EDGE ( 'NONE', *, *, #1164, .F. ) ;
#1806 = ORIENTED_EDGE ( 'NONE', *, *, #5599, .F. ) ;
#1807 = CARTESIAN_POINT ( 'NONE',  ( 0.4899999999999997700, 0.2030000000000000100, -1.650000000000000100 ) ) ;
#1808 = EDGE_CURVE ( 'NONE', #4299, #8247, #7927, .T. ) ;
#1809 = DIRECTION ( 'NONE',  ( 0.0000000000000000000, 0.0000000000000000000, -1.000000000000000000 ) ) ;
#1810 = EDGE_CURVE ( 'NONE', #2370, #165, #1811, .T. ) ;
#1811 = LINE ( 'NONE', #7449, #5387 ) ;
#1812 = EDGE_CURVE ( 'NONE', #7945, #4787, #2858, .T. ) ;
#1813 = CARTESIAN_POINT ( 'NONE',  ( 0.4899999999999999900, 0.04999999999999999600, 1.650000000000000800 ) ) ;
#1814 = DIRECTION ( 'NONE',  ( 1.577021341797101900E-015, 0.0000000000000000000, 1.000000000000000000 ) ) ;
#1815 = VERTEX_POINT ( 'NONE', #5569 ) ;
#1816 = ORIENTED_EDGE ( 'NONE', *, *, #5320, .T. ) ;
#1817 = CARTESIAN_POINT ( 'NONE',  ( 0.1150000000000005200, 0.0000000000000000000, -2.000000000000000400 ) ) ;
#1818 = VECTOR ( 'NONE', #10243, 1000.000000000000000 ) ;
#1819 = VECTOR ( 'NONE', #2984, 1000.000000000000000 ) ;
#1820 = CARTESIAN_POINT ( 'NONE',  ( 0.8599999999999996500, 0.6218078318274392600, -1.725000000000000300 ) ) ;
#1821 = DIRECTION ( 'NONE',  ( 0.0000000000000000000, 0.0000000000000000000, -1.000000000000000000 ) ) ;
#1822 = CARTESIAN_POINT ( 'NONE',  ( -1.725000000000000800, 0.05000000000000023900, 1.014999999999999900 ) ) ;
#1823 = CARTESIAN_POINT ( 'NONE',  ( -0.4899999999999997700, 0.2030000000000000100, 1.725000000000000800 ) ) ;
#1824 = ORIENTED_EDGE ( 'NONE', *, *, #5935, .T. ) ;
#1825 = CARTESIAN_POINT ( 'NONE',  ( 1.999999999999999100, 0.05000000000000000300, 1.999999999999999600 ) ) ;
#1826 = EDGE_CURVE ( 'NONE', #4019, #955, #1211, .T. ) ;
#1827 = VECTOR ( 'NONE', #1022, 1000.000000000000000 ) ;
#1828 = ADVANCED_FACE ( 'NONE', ( #4066 ), #9453, .F. ) ;
#1829 = CARTESIAN_POINT ( 'NONE',  ( -0.5649999999999997200, 0.2030000000000001000, 2.000000000000000400 ) ) ;
#1830 = VECTOR ( 'NONE', #1015, 1000.000000000000000 ) ;
#1831 = DIRECTION ( 'NONE',  ( 0.0000000000000000000, 0.0000000000000000000, 1.000000000000000000 ) ) ;
#1832 = DIRECTION ( 'NONE',  ( 7.885106708985486100E-016, 0.0000000000000000000, -1.000000000000000000 ) ) ;
#1833 = AXIS2_PLACEMENT_3D ( 'NONE', #2130, #276, #4918 ) ;
#1834 = VERTEX_POINT ( 'NONE', #4537 ) ;
#1835 = ORIENTED_EDGE ( 'NONE', *, *, #3513, .T. ) ;
#1836 = PLANE ( 'NONE',  #444 ) ;
#1837 = AXIS2_PLACEMENT_3D ( 'NONE', #5056, #10890, #423 ) ;
#1838 = CARTESIAN_POINT ( 'NONE',  ( -1.465000000000000100, 0.2030000000000000100, -2.000000000000000400 ) ) ;
#1839 = LINE ( 'NONE', #6595, #1402 ) ;
#1840 = DIRECTION ( 'NONE',  ( 0.0000000000000000000, 1.000000000000000000, 0.0000000000000000000 ) ) ;
#1841 = DIRECTION ( 'NONE',  ( 0.0000000000000000000, -1.000000000000000000, 0.0000000000000000000 ) ) ;
#1842 = LINE ( 'NONE', #6151, #1976 ) ;
#1843 = EDGE_CURVE ( 'NONE', #2794, #7934, #924, .T. ) ;
#1844 = DIRECTION ( 'NONE',  ( -0.0000000000000000000, -1.000000000000000000, -0.0000000000000000000 ) ) ;
#1845 = CARTESIAN_POINT ( 'NONE',  ( 1.725000000000000800, 0.2030000000000001000, 0.5649999999999995000 ) ) ;
#1846 = CARTESIAN_POINT ( 'NONE',  ( 0.4899999999999997700, 0.0000000000000000000, -1.650000000000000400 ) ) ;
#1847 = EDGE_LOOP ( 'NONE', ( #10452, #4855, #3204, #1207 ) ) ;
#1848 = ORIENTED_EDGE ( 'NONE', *, *, #8005, .T. ) ;
#1849 = CIRCLE ( 'NONE', #6962, 0.07499999999999998300 ) ;
#1850 = VECTOR ( 'NONE', #10272, 1000.000000000000000 ) ;
#1851 = CARTESIAN_POINT ( 'NONE',  ( 0.4899999999999997700, 0.2030000000000000100, -1.650000000000000400 ) ) ;
#1852 = EDGE_CURVE ( 'NONE', #6540, #2229, #9173, .T. ) ;
#1853 = CIRCLE ( 'NONE', #11610, 0.07499999999999998300 ) ;
#1854 = CARTESIAN_POINT ( 'NONE',  ( 1.999999999999999100, 7.256854249492381100, -2.000000000000000400 ) ) ;
#1855 = ADVANCED_FACE ( 'NONE', ( #12310 ), #3696, .T. ) ;
#1856 = DIRECTION ( 'NONE',  ( -0.0000000000000000000, -1.000000000000000000, -0.0000000000000000000 ) ) ;
#1857 = CARTESIAN_POINT ( 'NONE',  ( -1.813574543066613400E-016, 0.05000000000000000300, 0.1149999999999969200 ) ) ;
#1858 = ORIENTED_EDGE ( 'NONE', *, *, #223, .T. ) ;
#1859 = EDGE_CURVE ( 'NONE', #2301, #10016, #9466, .T. ) ;
#1860 = DIRECTION ( 'NONE',  ( -0.0000000000000000000, -1.000000000000000000, -0.0000000000000000000 ) ) ;
#1861 = VERTEX_POINT ( 'NONE', #732 ) ;
#1862 = VECTOR ( 'NONE', #10953, 1000.000000000000000 ) ;
#1863 = CARTESIAN_POINT ( 'NONE',  ( -2.000000000000000900, 0.0000000000000000000, 0.5649999999999999500 ) ) ;
#1864 = CIRCLE ( 'NONE', #7671, 0.07500000000000019200 ) ;
#1865 = PLANE ( 'NONE',  #10858 ) ;
#1866 = ORIENTED_EDGE ( 'NONE', *, *, #2327, .F. ) ;
#1867 = CARTESIAN_POINT ( 'NONE',  ( 1.947621357119420400E-015, 0.05000000000000000300, -1.235000000000003200 ) ) ;
#1868 = VERTEX_POINT ( 'NONE', #7402 ) ;
#1869 = ORIENTED_EDGE ( 'NONE', *, *, #7028, .F. ) ;
#1870 = CLOSED_SHELL ( 'NONE', ( #8571, #9082, #6624, #1050, #9338, #2553, #598, #2275 ) ) ;
#1871 = AXIS2_PLACEMENT_3D ( 'NONE', #10568, #1014, #3900 ) ;
#1872 = CARTESIAN_POINT ( 'NONE',  ( 2.000000000000000900, 0.04999999999999991300, 1.465000000000000100 ) ) ;
#1873 = ORIENTED_EDGE ( 'NONE', *, *, #8090, .T. ) ;
#1874 = EDGE_CURVE ( 'NONE', #10161, #5446, #8383, .T. ) ;
#1875 = VECTOR ( 'NONE', #3621, 1000.000000000000000 ) ;
#1876 = EDGE_CURVE ( 'NONE', #1472, #9071, #6287, .T. ) ;
#1877 = DIRECTION ( 'NONE',  ( 0.0000000000000000000, 1.000000000000000000, 0.0000000000000000000 ) ) ;
#1878 = VECTOR ( 'NONE', #2268, 1000.000000000000000 ) ;
#1879 = CARTESIAN_POINT ( 'NONE',  ( -1.725000000000000800, 0.6218078318274388200, 1.014999999999999900 ) ) ;
#1880 = ORIENTED_EDGE ( 'NONE', *, *, #9186, .F. ) ;
#1881 = LINE ( 'NONE', #905, #11770 ) ;
#1882 = CARTESIAN_POINT ( 'NONE',  ( 0.1150000000000005200, 0.0000000000000000000, 1.725000000000001200 ) ) ;
#1883 = DIRECTION ( 'NONE',  ( 0.0000000000000000000, 0.0000000000000000000, -1.000000000000000000 ) ) ;
#1884 = EDGE_LOOP ( 'NONE', ( #307, #7993, #3947, #4490 ) ) ;
#1885 = FACE_OUTER_BOUND ( 'NONE', #3539, .T. ) ;
#1886 = ADVANCED_FACE ( 'NONE', ( #5680 ), #1682, .F. ) ;
#1887 = VERTEX_POINT ( 'NONE', #9359 ) ;
#1888 = PLANE ( 'NONE',  #11775 ) ;
#1889 = VECTOR ( 'NONE', #918, 1000.000000000000000 ) ;
#1890 = ORIENTED_EDGE ( 'NONE', *, *, #12383, .F. ) ;
#1891 = LINE ( 'NONE', #1867, #865 ) ;
#1892 = AXIS2_PLACEMENT_3D ( 'NONE', #5597, #840, #2843 ) ;
#1893 = CLOSED_SHELL ( 'NONE', ( #10675, #6650, #7425, #3224, #10249, #11620, #2152 ) ) ;
#1894 = ORIENTED_EDGE ( 'NONE', *, *, #8304, .T. ) ;
#1895 = AXIS2_PLACEMENT_3D ( 'NONE', #10127, #8504, #10387 ) ;
#1896 = ORIENTED_EDGE ( 'NONE', *, *, #4441, .T. ) ;
#1897 = ORIENTED_EDGE ( 'NONE', *, *, #7004, .T. ) ;
#1898 = CARTESIAN_POINT ( 'NONE',  ( 1.014999999999999700, 0.0000000000000000000, -1.725000000000000300 ) ) ;
#1899 = EDGE_CURVE ( 'NONE', #9978, #1686, #4948, .T. ) ;
#1900 = PLANE ( 'NONE',  #2448 ) ;
#1901 = CARTESIAN_POINT ( 'NONE',  ( -0.1150000000000000900, 0.04999999999999969700, -2.000000000000000400 ) ) ;
#1902 = VECTOR ( 'NONE', #3059, 1000.000000000000000 ) ;
#1903 = ORIENTED_EDGE ( 'NONE', *, *, #4728, .F. ) ;
#1904 = ORIENTED_EDGE ( 'NONE', *, *, #4688, .T. ) ;
#1905 = VERTEX_POINT ( 'NONE', #8541 ) ;
#1906 = CARTESIAN_POINT ( 'NONE',  ( 2.000000000000000900, 0.0000000000000000000, -1.234999999999999900 ) ) ;
#1907 = EDGE_LOOP ( 'NONE', ( #10585, #750, #1009, #5046 ) ) ;
#1908 = CARTESIAN_POINT ( 'NONE',  ( -2.000000000000000900, 0.6218078318274388200, 1.014999999999999900 ) ) ;
#1909 = VECTOR ( 'NONE', #5358, 1000.000000000000000 ) ;
#1910 = AXIS2_PLACEMENT_3D ( 'NONE', #3755, #3712, #10524 ) ;
#1911 = PRESENTATION_STYLE_ASSIGNMENT (( #3385 ) ) ;
#1912 = FACE_OUTER_BOUND ( 'NONE', #9281, .T. ) ;
#1913 = VERTEX_POINT ( 'NONE', #5527 ) ;
#1914 = EDGE_CURVE ( 'NONE', #12271, #2961, #3606, .T. ) ;
#1915 = CARTESIAN_POINT ( 'NONE',  ( -1.464999999999999600, 0.2030000000000000100, 2.000000000000000400 ) ) ;
#1916 = VERTEX_POINT ( 'NONE', #9575 ) ;
#1917 = ORIENTED_EDGE ( 'NONE', *, *, #4122, .F. ) ;
#1918 = ORIENTED_EDGE ( 'NONE', *, *, #7988, .T. ) ;
#1919 = ADVANCED_FACE ( 'NONE', ( #5978 ), #9161, .F. ) ;
#1920 = DIRECTION ( 'NONE',  ( -0.0000000000000000000, -1.000000000000000000, -0.0000000000000000000 ) ) ;
#1921 = DIRECTION ( 'NONE',  ( 0.7071067811865474600, 0.0000000000000000000, 0.7071067811865474600 ) ) ;
#1922 = VECTOR ( 'NONE', #5554, 1000.000000000000000 ) ;
#1923 = CIRCLE ( 'NONE', #9961, 0.07499999999999998300 ) ;
#1924 = COLOUR_RGB ( '',0.7921568627450980000, 0.8196078431372548800, 0.9333333333333333500 ) ;
#1925 = DIRECTION ( 'NONE',  ( 0.0000000000000000000, 0.0000000000000000000, 1.000000000000000000 ) ) ;
#1926 = CARTESIAN_POINT ( 'NONE',  ( -1.725000000000000800, 0.2030000000000000100, -1.014999999999999900 ) ) ;
#1927 = ORIENTED_EDGE ( 'NONE', *, *, #7680, .T. ) ;
#1928 = EDGE_CURVE ( 'NONE', #12146, #7543, #2844, .T. ) ;
#1929 = ORIENTED_EDGE ( 'NONE', *, *, #6091, .F. ) ;
#1930 = ORIENTED_EDGE ( 'NONE', *, *, #4079, .F. ) ;
#1931 = DIRECTION ( 'NONE',  ( 0.0000000000000000000, 1.000000000000000000, 0.0000000000000000000 ) ) ;
#1932 = ORIENTED_EDGE ( 'NONE', *, *, #8047, .F. ) ;
#1933 = EDGE_CURVE ( 'NONE', #1868, #9419, #6588, .T. ) ;
#1934 = FACE_OUTER_BOUND ( 'NONE', #8595, .T. ) ;
#1935 = DIRECTION ( 'NONE',  ( 0.0000000000000000000, 0.0000000000000000000, -1.000000000000000000 ) ) ;
#1936 = CARTESIAN_POINT ( 'NONE',  ( 0.4099999999999997500, 0.2030000000000000100, -1.650000000000000100 ) ) ;
#1937 = FACE_OUTER_BOUND ( 'NONE', #7700, .T. ) ;
#1938 = DIRECTION ( 'NONE',  ( 1.000000000000000000, 0.0000000000000000000, 1.668003342285392000E-016 ) ) ;
#1939 = ORIENTED_EDGE ( 'NONE', *, *, #354, .T. ) ;
#1940 = CARTESIAN_POINT ( 'NONE',  ( -2.000000000000000900, 0.04999999999999991300, -0.3350000000000000200 ) ) ;
#1941 = CARTESIAN_POINT ( 'NONE',  ( -2.000000000000000900, 0.2030000000000001000, 1.465000000000000100 ) ) ;
#1942 = EDGE_LOOP ( 'NONE', ( #6947, #11591, #4622, #28, #11807, #5840 ) ) ;
#1943 = ORIENTED_EDGE ( 'NONE', *, *, #5392, .T. ) ;
#1944 = MECHANICAL_DESIGN_GEOMETRIC_PRESENTATION_REPRESENTATION (  '', ( #7232 ), #839 ) ;
#1945 = VERTEX_POINT ( 'NONE', #3903 ) ;
#1946 = FACE_OUTER_BOUND ( 'NONE', #10134, .T. ) ;
#1947 = CARTESIAN_POINT ( 'NONE',  ( 1.725000000000000800, 0.2030000000000000100, 1.014999999999999500 ) ) ;
#1948 = ADVANCED_FACE ( 'NONE', ( #11107 ), #11481, .F. ) ;
#1949 = VECTOR ( 'NONE', #11126, 1000.000000000000000 ) ;
#1950 = EDGE_CURVE ( 'NONE', #8695, #2665, #3287, .T. ) ;
#1951 = EDGE_CURVE ( 'NONE', #4493, #8487, #313, .T. ) ;
#1952 = ORIENTED_EDGE ( 'NONE', *, *, #8623, .T. ) ;
#1953 = CARTESIAN_POINT ( 'NONE',  ( 1.650000000000000800, 0.6218078318274387100, -0.9400000000000003900 ) ) ;
#1955 = VECTOR ( 'NONE', #11980, 1000.000000000000000 ) ;
#1954 = PLANE ( 'NONE',  #2652 ) ;
#1956 = VECTOR ( 'NONE', #1197, 1000.000000000000000 ) ;
#1957 = VECTOR ( 'NONE', #9478, 1000.000000000000000 ) ;
#1958 = DIRECTION ( 'NONE',  ( 1.577021341797097400E-015, 0.0000000000000000000, -1.000000000000000000 ) ) ;
#1959 = CARTESIAN_POINT ( 'NONE',  ( 1.725000000000000800, 0.2030000000000000100, -0.1150000000000003000 ) ) ;
#1960 = EDGE_LOOP ( 'NONE', ( #1376, #5650, #11664, #8738 ) ) ;
#1961 = CARTESIAN_POINT ( 'NONE',  ( -1.650000000000000800, 0.6218078318274388200, -0.4899999999999999900 ) ) ;
#1962 = CARTESIAN_POINT ( 'NONE',  ( -1.389999999999999700, 0.2030000000000000100, 1.725000000000000800 ) ) ;
#1963 = EDGE_CURVE ( 'NONE', #2623, #5605, #7482, .T. ) ;
#1964 = CARTESIAN_POINT ( 'NONE',  ( -1.235000000000000100, 0.2030000000000000100, -1.725000000000000300 ) ) ;
#1965 = CARTESIAN_POINT ( 'NONE',  ( 1.725000000000000800, 0.6218078318274388200, 0.03999999999999967500 ) ) ;
#1966 = VECTOR ( 'NONE', #8380, 1000.000000000000000 ) ;
#1967 = LINE ( 'NONE', #8703, #11871 ) ;
#1968 = PLANE ( 'NONE',  #7127 ) ;
#1969 = VERTEX_POINT ( 'NONE', #1992 ) ;
#1970 = ADVANCED_FACE ( 'NONE', ( #10663 ), #2699, .F. ) ;
#1971 = ORIENTED_EDGE ( 'NONE', *, *, #9467, .F. ) ;
#1972 = DIRECTION ( 'NONE',  ( 0.0000000000000000000, 1.000000000000000000, 0.0000000000000000000 ) ) ;
#1973 = MANIFOLD_SOLID_BREP ( 'Cut-Extrude5[6]', #10030 ) ;
#1974 = LINE ( 'NONE', #10381, #11289 ) ;
#1975 = AXIS2_PLACEMENT_3D ( 'NONE', #6741, #8754, #9674 ) ;
#1976 = VECTOR ( 'NONE', #6105, 1000.000000000000000 ) ;
#1977 = DIRECTION ( 'NONE',  ( 0.0000000000000000000, -1.000000000000000000, 0.0000000000000000000 ) ) ;
#1978 = EDGE_CURVE ( 'NONE', #5483, #10799, #11684, .T. ) ;
#1979 = ORIENTED_EDGE ( 'NONE', *, *, #3796, .T. ) ;
#1980 = ORIENTED_EDGE ( 'NONE', *, *, #4584, .T. ) ;
#1981 = FACE_OUTER_BOUND ( 'NONE', #5750, .T. ) ;
#1982 = LINE ( 'NONE', #4053, #959 ) ;
#1983 =( NAMED_UNIT ( * ) PLANE_ANGLE_UNIT ( ) SI_UNIT ( $, .RADIAN. ) );
#1984 = VECTOR ( 'NONE', #949, 1000.000000000000000 ) ;
#1985 = DIRECTION ( 'NONE',  ( -1.000000000000000000, 0.0000000000000000000, -1.577021341797097400E-015 ) ) ;
#1986 = AXIS2_PLACEMENT_3D ( 'NONE', #6022, #10959, #5242 ) ;
#1987 = PLANE ( 'NONE',  #2514 ) ;
#1988 = AXIS2_PLACEMENT_3D ( 'NONE', #8532, #8488, #970 ) ;
#1989 = VERTEX_POINT ( 'NONE', #4857 ) ;
#1990 = ORIENTED_EDGE ( 'NONE', *, *, #7922, .T. ) ;
#1991 = SURFACE_STYLE_FILL_AREA ( #3514 ) ;
#1992 = CARTESIAN_POINT ( 'NONE',  ( 1.650000000000000800, 0.0000000000000000000, -0.8600000000000004300 ) ) ;
#1993 = CARTESIAN_POINT ( 'NONE',  ( 1.299999999999999200, 0.0000000000000000000, -1.300000000000000300 ) ) ;
#1994 = EDGE_CURVE ( 'NONE', #7248, #4051, #9773, .T. ) ;
#1995 = CARTESIAN_POINT ( 'NONE',  ( 2.310336265732752700E-015, 0.05000000000000000300, -1.465000000000003200 ) ) ;
#1996 = LINE ( 'NONE', #1652, #11742 ) ;
#1997 = DIRECTION ( 'NONE',  ( 1.577021341797101900E-015, 0.0000000000000000000, 1.000000000000000000 ) ) ;
#1998 = ADVANCED_FACE ( 'NONE', ( #1201 ), #217, .F. ) ;
#1999 = ORIENTED_EDGE ( 'NONE', *, *, #10501, .T. ) ;
#2000 = ORIENTED_EDGE ( 'NONE', *, *, #10164, .F. ) ;
#2001 = ORIENTED_EDGE ( 'NONE', *, *, #8454, .T. ) ;
#2002 = CARTESIAN_POINT ( 'NONE',  ( -1.014999999999999900, 0.0000000000000000000, 1.725000000000001200 ) ) ;
#2003 = VECTOR ( 'NONE', #6578, 1000.000000000000000 ) ;
#2004 = AXIS2_PLACEMENT_3D ( 'NONE', #9052, #11155, #481 ) ;
#2005 = ORIENTED_EDGE ( 'NONE', *, *, #2484, .F. ) ;
#2006 = CARTESIAN_POINT ( 'NONE',  ( -1.805000000000000400, 0.6218078318274388200, -1.464999999999999900 ) ) ;
#2007 = FACE_OUTER_BOUND ( 'NONE', #5638, .T. ) ;
#2008 = PLANE ( 'NONE',  #9884 ) ;
#2009 = DIRECTION ( 'NONE',  ( 0.0000000000000000000, -1.000000000000000000, 0.0000000000000000000 ) ) ;
#2010 = DIRECTION ( 'NONE',  ( 0.0000000000000000000, -1.000000000000000000, 0.0000000000000000000 ) ) ;
#2011 = EDGE_CURVE ( 'NONE', #10750, #1205, #10806, .T. ) ;
#2012 = ORIENTED_EDGE ( 'NONE', *, *, #1512, .T. ) ;
#2013 = ORIENTED_EDGE ( 'NONE', *, *, #10967, .T. ) ;
#2014 = VECTOR ( 'NONE', #6649, 1000.000000000000100 ) ;
#2015 = VERTEX_POINT ( 'NONE', #9823 ) ;
#2016 = DIRECTION ( 'NONE',  ( -1.000000000000000000, 0.0000000000000000000, -0.0000000000000000000 ) ) ;
#2017 = ORIENTED_EDGE ( 'NONE', *, *, #1876, .T. ) ;
#2018 =( NAMED_UNIT ( * ) SI_UNIT ( $, .STERADIAN. ) SOLID_ANGLE_UNIT ( ) );
#2019 = LINE ( 'NONE', #6966, #2780 ) ;
#2020 = ORIENTED_EDGE ( 'NONE', *, *, #11638, .T. ) ;
#2021 = VECTOR ( 'NONE', #10922, 1000.000000000000100 ) ;
#2022 = FACE_OUTER_BOUND ( 'NONE', #9133, .T. ) ;
#2023 = ORIENTED_EDGE ( 'NONE', *, *, #10046, .F. ) ;
#2024 = AXIS2_PLACEMENT_3D ( 'NONE', #1043, #207, #8652 ) ;
#2025 = CARTESIAN_POINT ( 'NONE',  ( -1.725000000000000800, 0.2030000000000000100, -1.234999999999999900 ) ) ;
#2026 = ORIENTED_EDGE ( 'NONE', *, *, #1573, .F. ) ;
#2027 = DIRECTION ( 'NONE',  ( 0.0000000000000000000, 0.0000000000000000000, -1.000000000000000000 ) ) ;
#2028 = EDGE_CURVE ( 'NONE', #3827, #12061, #614, .T. ) ;
#2029 = EDGE_CURVE ( 'NONE', #4635, #836, #10372, .T. ) ;
#2030 = ADVANCED_FACE ( 'NONE', ( #11399 ), #11716, .F. ) ;
#2031 = EDGE_CURVE ( 'NONE', #5390, #7899, #8844, .T. ) ;
#2032 = LINE ( 'NONE', #1671, #7575 ) ;
#2033 = PLANE ( 'NONE',  #6441 ) ;
#2034 = VERTEX_POINT ( 'NONE', #8915 ) ;
#2035 = LINE ( 'NONE', #9077, #9414 ) ;
#2036 = DIRECTION ( 'NONE',  ( 0.0000000000000000000, 0.0000000000000000000, -1.000000000000000000 ) ) ;
#2037 = LINE ( 'NONE', #5707, #10179 ) ;
#2038 = ORIENTED_EDGE ( 'NONE', *, *, #8872, .T. ) ;
#2039 = CARTESIAN_POINT ( 'NONE',  ( -1.650000000000000800, 0.6218078318274387100, -0.8599999999999999900 ) ) ;
#2040 = DIRECTION ( 'NONE',  ( -0.0000000000000000000, -1.000000000000000000, 0.0000000000000000000 ) ) ;
#2041 = VERTEX_POINT ( 'NONE', #7770 ) ;
#2042 = CARTESIAN_POINT ( 'NONE',  ( -2.000000000000000900, 0.6218078318274387100, -0.7850000000000000300 ) ) ;
#2043 = ORIENTED_EDGE ( 'NONE', *, *, #10966, .F. ) ;
#2044 = DIRECTION ( 'NONE',  ( 0.0000000000000000000, -0.0000000000000000000, -1.000000000000000000 ) ) ;
#2045 = DIRECTION ( 'NONE',  ( 0.0000000000000000000, 0.0000000000000000000, 1.000000000000000000 ) ) ;
#2046 = CARTESIAN_POINT ( 'NONE',  ( -1.725000000000000800, 0.2030000000000000100, -1.014999999999999900 ) ) ;
#2047 = AXIS2_PLACEMENT_3D ( 'NONE', #7599, #9484, #11470 ) ;
#2048 = CIRCLE ( 'NONE', #9652, 0.07499999999999998300 ) ;
#2049 = VECTOR ( 'NONE', #7426, 1000.000000000000000 ) ;
#2050 = VERTEX_POINT ( 'NONE', #8741 ) ;
#2051 = AXIS2_PLACEMENT_3D ( 'NONE', #5783, #9524, #3766 ) ;
#2052 = DIRECTION ( 'NONE',  ( 7.885106708985486100E-016, 0.0000000000000000000, -1.000000000000000000 ) ) ;
#2053 = ORIENTED_EDGE ( 'NONE', *, *, #7279, .T. ) ;
#2054 = CLOSED_SHELL ( 'NONE', ( #11420, #10729, #3961, #2067, #10581, #10234, #5921, #4308 ) ) ;
#2055 = ORIENTED_EDGE ( 'NONE', *, *, #7485, .T. ) ;
#2056 = CARTESIAN_POINT ( 'NONE',  ( -1.310000000000000500, 0.2030000000000000100, 1.650000000000000800 ) ) ;
#2057 = EDGE_CURVE ( 'NONE', #111, #8609, #914, .T. ) ;
#2058 = PLANE ( 'NONE',  #7205 ) ;
#2059 = DIRECTION ( 'NONE',  ( -0.0000000000000000000, -1.000000000000000000, -0.0000000000000000000 ) ) ;
#2060 = DIRECTION ( 'NONE',  ( -0.0000000000000000000, -1.000000000000000000, -0.0000000000000000000 ) ) ;
#2061 = VECTOR ( 'NONE', #5895, 1000.000000000000000 ) ;
#2062 = CIRCLE ( 'NONE', #7352, 0.07499999999999998300 ) ;
#2063 = CARTESIAN_POINT ( 'NONE',  ( -0.9400000000000001700, 0.2030000000000000100, -1.725000000000000300 ) ) ;
#2064 = ORIENTED_EDGE ( 'NONE', *, *, #9665, .F. ) ;
#2065 = SURFACE_SIDE_STYLE ('',( #1225 ) ) ;
#2066 = ORIENTED_EDGE ( 'NONE', *, *, #2633, .T. ) ;
#2067 = ADVANCED_FACE ( 'NONE', ( #1509 ), #6012, .F. ) ;
#2068 = PRODUCT_DEFINITION ( 'UNKNOWN', '', #8489, #8385 ) ;
#2069 = ORIENTED_EDGE ( 'NONE', *, *, #517, .F. ) ;
#2070 = VERTEX_POINT ( 'NONE', #2079 ) ;
#2071 = AXIS2_PLACEMENT_3D ( 'NONE', #10837, #4210, #1317 ) ;
#2072 = LINE ( 'NONE', #12142, #9140 ) ;
#2073 = DIRECTION ( 'NONE',  ( 1.000000000000000000, 0.0000000000000000000, 0.0000000000000000000 ) ) ;
#2074 = EDGE_CURVE ( 'NONE', #6215, #1353, #9, .T. ) ;
#2075 = ORIENTED_EDGE ( 'NONE', *, *, #3789, .F. ) ;
#2076 = ORIENTED_EDGE ( 'NONE', *, *, #10164, .T. ) ;
#2077 = ORIENTED_EDGE ( 'NONE', *, *, #9689, .T. ) ;
#2078 = CARTESIAN_POINT ( 'NONE',  ( -1.014999999999999900, 0.2030000000000000100, 1.725000000000001200 ) ) ;
#2079 = CARTESIAN_POINT ( 'NONE',  ( -2.000000000000000900, 0.2030000000000001000, -1.234999999999999900 ) ) ;
#2080 = CARTESIAN_POINT ( 'NONE',  ( -0.9399999999999997200, 0.0000000000000000000, 1.725000000000000800 ) ) ;
#2081 = VERTEX_POINT ( 'NONE', #9910 ) ;
#2082 = EDGE_LOOP ( 'NONE', ( #3707, #10765, #3974, #6728 ) ) ;
#2083 = EDGE_CURVE ( 'NONE', #985, #10954, #2540, .T. ) ;
#2084 = DIRECTION ( 'NONE',  ( 1.000000000000000000, 0.0000000000000000000, 0.0000000000000000000 ) ) ;
#2085 = AXIS2_PLACEMENT_3D ( 'NONE', #6010, #3976, #11714 ) ;
#2086 = ORIENTED_EDGE ( 'NONE', *, *, #2522, .F. ) ;
#2087 = VERTEX_POINT ( 'NONE', #9750 ) ;
#2088 = EDGE_CURVE ( 'NONE', #2303, #3750, #5835, .T. ) ;
#2089 = DIRECTION ( 'NONE',  ( 0.0000000000000000000, 0.0000000000000000000, -1.000000000000000000 ) ) ;
#2090 = CARTESIAN_POINT ( 'NONE',  ( -0.8600000000000002100, 0.2030000000000000100, -1.650000000000000400 ) ) ;
#2091 = LINE ( 'NONE', #4694, #22 ) ;
#2092 = ADVANCED_FACE ( 'NONE', ( #10216 ), #3034, .F. ) ;
#2093 = VECTOR ( 'NONE', #9974, 1000.000000000000000 ) ;
#2094 = CARTESIAN_POINT ( 'NONE',  ( 0.3350000000000002400, 0.2030000000000000100, 1.725000000000001200 ) ) ;
#2095 = PLANE ( 'NONE',  #11411 ) ;
#2096 = ORIENTED_EDGE ( 'NONE', *, *, #1243, .F. ) ;
#2097 = CARTESIAN_POINT ( 'NONE',  ( -0.7849999999999995900, 0.6218078318274390400, 1.725000000000001200 ) ) ;
#2098 = AXIS2_PLACEMENT_3D ( 'NONE', #11424, #961, #9684 ) ;
#2099 = CARTESIAN_POINT ( 'NONE',  ( -2.000000000000000900, 0.0000000000000000000, -1.234999999999999900 ) ) ;
#2100 = EDGE_CURVE ( 'NONE', #2256, #10497, #465, .T. ) ;
#2101 = CARTESIAN_POINT ( 'NONE',  ( -1.309999999999999600, 0.04999999999999999600, 1.725000000000000800 ) ) ;
#2102 = FACE_OUTER_BOUND ( 'NONE', #239, .T. ) ;
#2103 = EDGE_CURVE ( 'NONE', #703, #8209, #7774, .T. ) ;
#2104 = CIRCLE ( 'NONE', #9997, 0.07499999999999998300 ) ;
#2105 = DIRECTION ( 'NONE',  ( -0.0000000000000000000, -1.000000000000000000, -0.0000000000000000000 ) ) ;
#2106 = CARTESIAN_POINT ( 'NONE',  ( -0.4900000000000002100, 0.2030000000000000100, -1.650000000000000100 ) ) ;
#2107 = VERTEX_POINT ( 'NONE', #263 ) ;
#2108 = FACE_OUTER_BOUND ( 'NONE', #7481, .T. ) ;
#2109 = SURFACE_SIDE_STYLE ('',( #6272 ) ) ;
#2110 = CARTESIAN_POINT ( 'NONE',  ( -2.000000000000000900, 0.2030000000000000700, 0.5650000000000001700 ) ) ;
#2111 = FACE_OUTER_BOUND ( 'NONE', #3241, .T. ) ;
#2112 = PRESENTATION_LAYER_ASSIGNMENT (  '', '', ( #7019 ) ) ;
#2113 = CARTESIAN_POINT ( 'NONE',  ( 2.000000000000000900, 0.6218078318274388200, -1.464999999999999900 ) ) ;
#2114 = DIRECTION ( 'NONE',  ( 0.0000000000000000000, -0.0000000000000000000, 1.000000000000000000 ) ) ;
#2115 =( NAMED_UNIT ( * ) PLANE_ANGLE_UNIT ( ) SI_UNIT ( $, .RADIAN. ) );
#2116 = DIRECTION ( 'NONE',  ( -1.000000000000000000, 0.0000000000000000000, 1.577021341797101900E-015 ) ) ;
#2117 = EDGE_CURVE ( 'NONE', #8069, #3471, #7762, .T. ) ;
#2118 = DIRECTION ( 'NONE',  ( 0.0000000000000000000, -0.0000000000000000000, 1.000000000000000000 ) ) ;
#2119 = ADVANCED_FACE ( 'NONE', ( #5092 ), #11931, .F. ) ;
#2120 = ORIENTED_EDGE ( 'NONE', *, *, #9469, .T. ) ;
#2121 = CARTESIAN_POINT ( 'NONE',  ( -1.650000000000000800, 0.2030000000000001000, 0.4899999999999999900 ) ) ;
#2122 = ORIENTED_EDGE ( 'NONE', *, *, #1695, .F. ) ;
#2123 = EDGE_CURVE ( 'NONE', #4125, #12146, #4195, .T. ) ;
#2124 = CARTESIAN_POINT ( 'NONE',  ( -1.725000000000000800, 0.2030000000000000100, -0.4899999999999999900 ) ) ;
#2125 = ORIENTED_EDGE ( 'NONE', *, *, #5697, .T. ) ;
#2126 = MANIFOLD_SOLID_BREP ( 'Boss-Extrude4', #544 ) ;
#2127 = CARTESIAN_POINT ( 'NONE',  ( -0.8600000000000002100, 0.0000000000000000000, -1.650000000000000400 ) ) ;
#2128 = LINE ( 'NONE', #9727, #8885 ) ;
#2129 = CARTESIAN_POINT ( 'NONE',  ( -1.235000000000000100, 0.6218078318274392600, -1.725000000000000300 ) ) ;
#2130 = CARTESIAN_POINT ( 'NONE',  ( -0.4900000000000002100, 0.6218078318274392600, -1.725000000000000300 ) ) ;
#2131 = CARTESIAN_POINT ( 'NONE',  ( 1.650000000000000800, 0.2030000000000000100, 0.4899999999999995500 ) ) ;
#2132 = CARTESIAN_POINT ( 'NONE',  ( -2.000000000000000900, 0.2030000000000001000, 0.5649999999999999500 ) ) ;
#2133 = AXIS2_PLACEMENT_3D ( 'NONE', #7730, #7572, #10509 ) ;
#2134 = DIRECTION ( 'NONE',  ( 0.0000000000000000000, 0.0000000000000000000, 1.000000000000000000 ) ) ;
#2135 = EDGE_LOOP ( 'NONE', ( #4202, #5453, #11117, #1729 ) ) ;
#2136 = CARTESIAN_POINT ( 'NONE',  ( 2.000000000000000900, 0.6218078318274388200, 1.465000000000000100 ) ) ;
#2137 = VERTEX_POINT ( 'NONE', #6096 ) ;
#2138 = AXIS2_PLACEMENT_3D ( 'NONE', #7814, #5856, #2089 ) ;
#2139 = VECTOR ( 'NONE', #4609, 1000.000000000000000 ) ;
#2140 = CARTESIAN_POINT ( 'NONE',  ( 1.725000000000000800, 0.0000000000000000000, -1.465000000000000300 ) ) ;
#2141 = VECTOR ( 'NONE', #4759, 1000.000000000000000 ) ;
#2142 = VECTOR ( 'NONE', #531, 1000.000000000000000 ) ;
#2143 = CARTESIAN_POINT ( 'NONE',  ( -0.1150000000000003000, 0.04999999999999999600, -1.725000000000000300 ) ) ;
#2144 = EDGE_CURVE ( 'NONE', #10555, #11080, #7167, .T. ) ;
#2145 = DIRECTION ( 'NONE',  ( 0.0000000000000000000, 0.0000000000000000000, -1.000000000000000000 ) ) ;
#2146 = ORIENTED_EDGE ( 'NONE', *, *, #9784, .F. ) ;
#2147 = ORIENTED_EDGE ( 'NONE', *, *, #10746, .F. ) ;
#2148 = ORIENTED_EDGE ( 'NONE', *, *, #5817, .T. ) ;
#2149 = LINE ( 'NONE', #6154, #9530 ) ;
#2150 = ORIENTED_EDGE ( 'NONE', *, *, #11997, .T. ) ;
#2151 = EDGE_CURVE ( 'NONE', #1176, #11677, #8989, .T. ) ;
#2152 = ADVANCED_FACE ( 'NONE', ( #1046 ), #2373, .F. ) ;
#2153 = VERTEX_POINT ( 'NONE', #1299 ) ;
#2154 = DIRECTION ( 'NONE',  ( 0.0000000000000000000, 1.000000000000000000, -0.0000000000000000000 ) ) ;
#2155 = AXIS2_PLACEMENT_3D ( 'NONE', #9318, #10413, #852 ) ;
#2156 = CARTESIAN_POINT ( 'NONE',  ( 1.015000000000000300, 0.2030000000000000100, 1.725000000000001200 ) ) ;
#2157 = ORIENTED_EDGE ( 'NONE', *, *, #10885, .T. ) ;
#2158 = ORIENTED_EDGE ( 'NONE', *, *, #1763, .T. ) ;
#2159 = CARTESIAN_POINT ( 'NONE',  ( -2.000000000000000900, 0.0000000000000000000, -1.464999999999999900 ) ) ;
#2160 = EDGE_CURVE ( 'NONE', #4298, #3647, #10948, .T. ) ;
#2161 = EDGE_LOOP ( 'NONE', ( #9919, #10987, #4259, #1429 ) ) ;
#2162 = DIRECTION ( 'NONE',  ( 0.0000000000000000000, 0.0000000000000000000, 1.000000000000000000 ) ) ;
#2163 = PLANE ( 'NONE',  #6620 ) ;
#2164 = EDGE_LOOP ( 'NONE', ( #8319, #7790, #345, #9657 ) ) ;
#2165 = DIRECTION ( 'NONE',  ( -1.000000000000000000, 0.0000000000000000000, -1.577021341797097400E-015 ) ) ;
#2166 = VECTOR ( 'NONE', #5572, 1000.000000000000000 ) ;
#2167 = PLANE ( 'NONE',  #2402 ) ;
#2168 = LINE ( 'NONE', #3191, #8776 ) ;
#2169 = ORIENTED_EDGE ( 'NONE', *, *, #9128, .F. ) ;
#2170 = FACE_OUTER_BOUND ( 'NONE', #10956, .T. ) ;
#2171 = DIRECTION ( 'NONE',  ( 0.0000000000000000000, 0.0000000000000000000, 1.000000000000000000 ) ) ;
#2172 = AXIS2_PLACEMENT_3D ( 'NONE', #12107, #5354, #12065 ) ;
#2173 = CARTESIAN_POINT ( 'NONE',  ( 1.234999999999999900, 0.6218078318274392600, -2.000000000000000400 ) ) ;
#2174 = VECTOR ( 'NONE', #3727, 1000.000000000000000 ) ;
#2175 = DIRECTION ( 'NONE',  ( 0.7071067811865474600, 0.0000000000000000000, 0.7071067811865474600 ) ) ;
#2176 = DIRECTION ( 'NONE',  ( 0.0000000000000000000, 0.0000000000000000000, -1.000000000000000000 ) ) ;
#2177 = ORIENTED_EDGE ( 'NONE', *, *, #4339, .T. ) ;
#2178 = EDGE_CURVE ( 'NONE', #8071, #1033, #11670, .T. ) ;
#2179 = CYLINDRICAL_SURFACE ( 'NONE', #11532, 0.07499999999999998300 ) ;
#2180 = EDGE_CURVE ( 'NONE', #10904, #2050, #1347, .T. ) ;
#2181 = VERTEX_POINT ( 'NONE', #1422 ) ;
#2182 = FACE_OUTER_BOUND ( 'NONE', #7314, .T. ) ;
#2183 = VERTEX_POINT ( 'NONE', #7184 ) ;
#2184 = VERTEX_POINT ( 'NONE', #9003 ) ;
#2185 = CARTESIAN_POINT ( 'NONE',  ( -1.725000000000000800, 0.6218078318274387100, -1.014999999999999900 ) ) ;
#2186 = ORIENTED_EDGE ( 'NONE', *, *, #2837, .F. ) ;
#2187 = ORIENTED_EDGE ( 'NONE', *, *, #4059, .F. ) ;
#2188 = DIRECTION ( 'NONE',  ( 0.0000000000000000000, 0.0000000000000000000, -1.000000000000000000 ) ) ;
#2189 = ADVANCED_FACE ( 'NONE', ( #4043 ), #4641, .T. ) ;
#2190 =( LENGTH_UNIT ( ) NAMED_UNIT ( * ) SI_UNIT ( .MILLI., .METRE. ) );
#2191 = COLOUR_RGB ( '',0.7921568627450980000, 0.8196078431372548800, 0.9333333333333333500 ) ;
#2192 = VECTOR ( 'NONE', #10063, 1000.000000000000000 ) ;
#2193 = AXIS2_PLACEMENT_3D ( 'NONE', #6193, #9924, #487 ) ;
#2194 = DIRECTION ( 'NONE',  ( 0.0000000000000000000, -0.0000000000000000000, 1.000000000000000000 ) ) ;
#2195 = VERTEX_POINT ( 'NONE', #4232 ) ;
#2196 = ORIENTED_EDGE ( 'NONE', *, *, #83, .T. ) ;
#2197 = EDGE_LOOP ( 'NONE', ( #9039, #11505, #9768, #568, #10244 ) ) ;
#2198 = EDGE_CURVE ( 'NONE', #8687, #8943, #4794, .T. ) ;
#2199 = VECTOR ( 'NONE', #9532, 1000.000000000000000 ) ;
#2200 = DIRECTION ( 'NONE',  ( 0.0000000000000000000, -0.0000000000000000000, 1.000000000000000000 ) ) ;
#2201 = LINE ( 'NONE', #11360, #11661 ) ;
#2202 = FACE_OUTER_BOUND ( 'NONE', #11449, .T. ) ;
#2203 = CARTESIAN_POINT ( 'NONE',  ( 1.015000000000000800, 0.04999999999999969700, 2.000000000000000400 ) ) ;
#2204 = ORIENTED_EDGE ( 'NONE', *, *, #6467, .F. ) ;
#2205 = ORIENTED_EDGE ( 'NONE', *, *, #11541, .T. ) ;
#2206 = CARTESIAN_POINT ( 'NONE',  ( -1.464999999999999600, 0.2030000000000000100, 1.725000000000001200 ) ) ;
#2207 = EDGE_LOOP ( 'NONE', ( #1451, #6377, #9243, #6426 ) ) ;
#2208 = ORIENTED_EDGE ( 'NONE', *, *, #3420, .F. ) ;
#2209 = AXIS2_PLACEMENT_3D ( 'NONE', #7951, #3271, #8981 ) ;
#2210 = VECTOR ( 'NONE', #3831, 1000.000000000000000 ) ;
#2211 = CARTESIAN_POINT ( 'NONE',  ( 1.014999999999997500, 0.05000000000000000300, -1.600676661924054400E-015 ) ) ;
#2212 = DIRECTION ( 'NONE',  ( 0.0000000000000000000, 0.0000000000000000000, -1.000000000000000000 ) ) ;
#2213 = AXIS2_PLACEMENT_3D ( 'NONE', #2039, #4943, #11800 ) ;
#2214 = FACE_OUTER_BOUND ( 'NONE', #6389, .T. ) ;
#2215 = ORIENTED_EDGE ( 'NONE', *, *, #1874, .T. ) ;
#2216 = CARTESIAN_POINT ( 'NONE',  ( -0.3349999999999991300, 0.0000000000000000000, 2.000000000000000400 ) ) ;
#2217 = ADVANCED_FACE ( 'NONE', ( #3896 ), #11979, .T. ) ;
#2218 = EDGE_CURVE ( 'NONE', #4322, #6613, #5825, .T. ) ;
#2219 = ORIENTED_EDGE ( 'NONE', *, *, #4166, .F. ) ;
#2220 = CARTESIAN_POINT ( 'NONE',  ( -1.310000000000000300, 0.0000000000000000000, -1.725000000000000300 ) ) ;
#2221 = ORIENTED_EDGE ( 'NONE', *, *, #10909, .T. ) ;
#2222 = ORIENTED_EDGE ( 'NONE', *, *, #10966, .T. ) ;
#2223 = CARTESIAN_POINT ( 'NONE',  ( 0.5650000000000008300, 0.2030000000000000100, 2.000000000000000400 ) ) ;
#2224 = VERTEX_POINT ( 'NONE', #6310 ) ;
#2225 = CIRCLE ( 'NONE', #9325, 0.07499999999999998300 ) ;
#2226 = DIRECTION ( 'NONE',  ( 0.0000000000000000000, 0.0000000000000000000, 1.000000000000000000 ) ) ;
#2227 = LINE ( 'NONE', #7857, #10067 ) ;
#2228 = AXIS2_PLACEMENT_3D ( 'NONE', #7693, #11688, #6738 ) ;
#2229 = VERTEX_POINT ( 'NONE', #8223 ) ;
#2230 = VERTEX_POINT ( 'NONE', #8173 ) ;
#2231 = AXIS2_PLACEMENT_3D ( 'NONE', #1633, #6446, #5388 ) ;
#2232 = ORIENTED_EDGE ( 'NONE', *, *, #6534, .T. ) ;
#2233 = DIRECTION ( 'NONE',  ( 0.0000000000000000000, -1.000000000000000000, 0.0000000000000000000 ) ) ;
#2234 = EDGE_CURVE ( 'NONE', #4724, #1472, #8368, .T. ) ;
#2235 = DIRECTION ( 'NONE',  ( 0.0000000000000000000, 1.000000000000000000, -0.0000000000000000000 ) ) ;
#2236 = VECTOR ( 'NONE', #3573, 1000.000000000000000 ) ;
#2237 = DIRECTION ( 'NONE',  ( 1.000000000000000000, 0.0000000000000000000, 1.577021341797097400E-015 ) ) ;
#2238 = VECTOR ( 'NONE', #3437, 1000.000000000000000 ) ;
#2239 = ORIENTED_EDGE ( 'NONE', *, *, #4914, .F. ) ;
#2240 = CARTESIAN_POINT ( 'NONE',  ( 1.999999999999999100, 0.05000000000000000300, 1.999999999999999600 ) ) ;
#2241 = CARTESIAN_POINT ( 'NONE',  ( -2.000000000000000900, 0.0000000000000000000, -0.1149999999999998700 ) ) ;
#2242 = ORIENTED_EDGE ( 'NONE', *, *, #469, .T. ) ;
#2243 = DIRECTION ( 'NONE',  ( 1.000000000000000000, -0.0000000000000000000, 1.668003342285392000E-016 ) ) ;
#2244 = LINE ( 'NONE', #10218, #6744 ) ;
#2245 =( NAMED_UNIT ( * ) SI_UNIT ( $, .STERADIAN. ) SOLID_ANGLE_UNIT ( ) );
#2246 = ADVANCED_FACE ( 'NONE', ( #11387 ), #12050, .T. ) ;
#2247 = ORIENTED_EDGE ( 'NONE', *, *, #4836, .T. ) ;
#2248 = AXIS2_PLACEMENT_3D ( 'NONE', #5339, #11113, #8303 ) ;
#2249 = CARTESIAN_POINT ( 'NONE',  ( -1.650000000000000800, 0.6218078318274388200, 1.310000000000000300 ) ) ;
#2250 = CYLINDRICAL_SURFACE ( 'NONE', #3095, 0.07499999999999998300 ) ;
#2251 = DIRECTION ( 'NONE',  ( -1.000000000000000000, 0.0000000000000000000, 0.0000000000000000000 ) ) ;
#2252 = EDGE_CURVE ( 'NONE', #7276, #3140, #159, .T. ) ;
#2253 = DIRECTION ( 'NONE',  ( 1.000000000000000000, -0.0000000000000000000, -2.168404344971008900E-016 ) ) ;
#2254 = CARTESIAN_POINT ( 'NONE',  ( -0.3350000000000002400, 0.6218078318274392600, -1.725000000000000300 ) ) ;
#2255 = CARTESIAN_POINT ( 'NONE',  ( -2.000000000000000900, 0.2030000000000000700, -1.234999999999999900 ) ) ;
#2256 = VERTEX_POINT ( 'NONE', #2450 ) ;
#2257 = DIRECTION ( 'NONE',  ( 0.0000000000000000000, 0.0000000000000000000, 1.000000000000000000 ) ) ;
#2258 =( NAMED_UNIT ( * ) PLANE_ANGLE_UNIT ( ) SI_UNIT ( $, .RADIAN. ) );
#2259 = CARTESIAN_POINT ( 'NONE',  ( -1.310000000000000300, 0.2030000000000000100, -1.725000000000000300 ) ) ;
#2260 = CYLINDRICAL_SURFACE ( 'NONE', #8552, 0.07499999999999998300 ) ;
#2261 = PLANE ( 'NONE',  #8225 ) ;
#2262 = CARTESIAN_POINT ( 'NONE',  ( 0.5650000000000003900, 0.6218078318274392600, -2.000000000000000400 ) ) ;
#2263 = VECTOR ( 'NONE', #1666, 1000.000000000000000 ) ;
#2264 = COLOUR_RGB ( '',0.7921568627450980000, 0.8196078431372548800, 0.9333333333333333500 ) ;
#2265 = AXIS2_PLACEMENT_3D ( 'NONE', #10393, #1739, #5496 ) ;
#2266 = CARTESIAN_POINT ( 'NONE',  ( -0.7849999999999991400, 0.6218078318274390400, 2.000000000000000400 ) ) ;
#2267 = EDGE_CURVE ( 'NONE', #11457, #6716, #11834, .T. ) ;
#2268 = DIRECTION ( 'NONE',  ( 1.000000000000000000, 0.0000000000000000000, -2.168404344971009100E-016 ) ) ;
#2269 = ORIENTED_EDGE ( 'NONE', *, *, #8044, .T. ) ;
#2270 = EDGE_CURVE ( 'NONE', #11314, #12061, #8826, .T. ) ;
#2271 = ORIENTED_EDGE ( 'NONE', *, *, #559, .T. ) ;
#2272 = FACE_OUTER_BOUND ( 'NONE', #8271, .T. ) ;
#2273 = CARTESIAN_POINT ( 'NONE',  ( 1.464999999999995900, 0.05000000000000000300, 3.465504398599110800E-015 ) ) ;
#2274 = LINE ( 'NONE', #1262, #9663 ) ;
#2275 = ADVANCED_FACE ( 'NONE', ( #6269 ), #11494, .F. ) ;
#2276 = CARTESIAN_POINT ( 'NONE',  ( 1.299999999999998700, 0.2030000000000000700, 1.300000000000001200 ) ) ;
#2277 = VERTEX_POINT ( 'NONE', #4461 ) ;
#2278 = DIRECTION ( 'NONE',  ( 0.0000000000000000000, 0.0000000000000000000, -1.000000000000000000 ) ) ;
#2279 = EDGE_LOOP ( 'NONE', ( #2055, #3604, #10739, #5533 ) ) ;
#2280 = STYLED_ITEM ( 'NONE', ( #9568 ), #9780 ) ;
#2281 = CIRCLE ( 'NONE', #4821, 0.07499999999999998300 ) ;
#2282 = CARTESIAN_POINT ( 'NONE',  ( 2.000000000000000900, 0.6218078318274387100, -0.7850000000000000300 ) ) ;
#2283 = MANIFOLD_SOLID_BREP ( 'LPattern4[2]', #7925 ) ;
#2284 = FACE_OUTER_BOUND ( 'NONE', #3364, .T. ) ;
#2285 =( GEOMETRIC_REPRESENTATION_CONTEXT ( 3 ) GLOBAL_UNCERTAINTY_ASSIGNED_CONTEXT ( ( #3992 ) ) GLOBAL_UNIT_ASSIGNED_CONTEXT ( ( #5262, #3293, #1468 ) ) REPRESENTATION_CONTEXT ( 'NONE', 'WORKASPACE' ) );
#2286 = DIRECTION ( 'NONE',  ( 1.000000000000000000, 0.0000000000000000000, -0.0000000000000000000 ) ) ;
#2287 = DIRECTION ( 'NONE',  ( 0.0000000000000000000, 0.0000000000000000000, 1.000000000000000000 ) ) ;
#2288 = EDGE_CURVE ( 'NONE', #11967, #3544, #4935, .T. ) ;
#2289 = PLANE ( 'NONE',  #3529 ) ;
#2290 = ORIENTED_EDGE ( 'NONE', *, *, #11445, .F. ) ;
#2291 = ORIENTED_EDGE ( 'NONE', *, *, #4263, .F. ) ;
#2292 = DIRECTION ( 'NONE',  ( 0.0000000000000000000, -1.000000000000000000, 0.0000000000000000000 ) ) ;
#2293 = LINE ( 'NONE', #1477, #8907 ) ;
#2294 = PRESENTATION_STYLE_ASSIGNMENT (( #1248 ) ) ;
#2295 = DIRECTION ( 'NONE',  ( 0.0000000000000000000, 0.0000000000000000000, -1.000000000000000000 ) ) ;
#2296 = DIRECTION ( 'NONE',  ( 1.000000000000000000, 0.0000000000000000000, 7.885106708985485100E-016 ) ) ;
#2297 = MECHANICAL_DESIGN_GEOMETRIC_PRESENTATION_REPRESENTATION (  '', ( #170 ), #11703 ) ;
#2298 = DIRECTION ( 'NONE',  ( -0.0000000000000000000, -1.000000000000000000, -0.0000000000000000000 ) ) ;
#2299 = CARTESIAN_POINT ( 'NONE',  ( 0.9399999999999996100, 0.2030000000000000100, -1.650000000000000400 ) ) ;
#2300 = VERTEX_POINT ( 'NONE', #7331 ) ;
#2301 = VERTEX_POINT ( 'NONE', #11207 ) ;
#2302 = CARTESIAN_POINT ( 'NONE',  ( -1.725000000000000800, 0.6218078318274388200, -0.4099999999999999800 ) ) ;
#2303 = VERTEX_POINT ( 'NONE', #5405 ) ;
#2304 = CARTESIAN_POINT ( 'NONE',  ( 1.650000000000000800, 0.05000000000000000300, 0.0000000000000000000 ) ) ;
#2305 = VECTOR ( 'NONE', #857, 1000.000000000000100 ) ;
#2306 = PLANE ( 'NONE',  #11025 ) ;
#2307 = EDGE_CURVE ( 'NONE', #7162, #11177, #6431, .T. ) ;
#2308 = ADVANCED_FACE ( 'NONE', ( #9143 ), #7010, .F. ) ;
#2309 = VERTEX_POINT ( 'NONE', #2603 ) ;
#2310 = CARTESIAN_POINT ( 'NONE',  ( 1.999999999999999100, 0.8000000000000003800, 1.999999999999999600 ) ) ;
#2311 = FACE_OUTER_BOUND ( 'NONE', #4702, .T. ) ;
#2312 = VERTEX_POINT ( 'NONE', #740 ) ;
#2313 = CIRCLE ( 'NONE', #7092, 0.07499999999999998300 ) ;
#2314 = CARTESIAN_POINT ( 'NONE',  ( -0.9500000000000002900, -0.0000000000000000000, -1.299999999999999200 ) ) ;
#2315 = ORIENTED_EDGE ( 'NONE', *, *, #8735, .F. ) ;
#2316 = ORIENTED_EDGE ( 'NONE', *, *, #5817, .F. ) ;
#2317 = EDGE_CURVE ( 'NONE', #7115, #4559, #3120, .T. ) ;
#2318 = VECTOR ( 'NONE', #3895, 1000.000000000000000 ) ;
#2319 = AXIS2_PLACEMENT_3D ( 'NONE', #3837, #3759, #9551 ) ;
#2320 = ORIENTED_EDGE ( 'NONE', *, *, #10024, .T. ) ;
#2321 = LINE ( 'NONE', #9550, #3370 ) ;
#2322 = DIRECTION ( 'NONE',  ( 0.0000000000000000000, -1.000000000000000000, 0.0000000000000000000 ) ) ;
#2323 = ORIENTED_EDGE ( 'NONE', *, *, #6908, .F. ) ;
#2324 = VECTOR ( 'NONE', #4632, 1000.000000000000000 ) ;
#2325 = DIRECTION ( 'NONE',  ( 0.0000000000000000000, -1.000000000000000000, 0.0000000000000000000 ) ) ;
#2326 = CARTESIAN_POINT ( 'NONE',  ( -0.4099999999999999800, 0.0000000000000000000, 1.650000000000000800 ) ) ;
#2327 = EDGE_CURVE ( 'NONE', #7368, #9167, #7611, .T. ) ;
#2328 = VERTEX_POINT ( 'NONE', #6416 ) ;
#2329 = ORIENTED_EDGE ( 'NONE', *, *, #8047, .T. ) ;
#2330 = DIRECTION ( 'NONE',  ( 0.0000000000000000000, -1.000000000000000000, 0.0000000000000000000 ) ) ;
#2331 = DIRECTION ( 'NONE',  ( 0.0000000000000000000, 0.0000000000000000000, -1.000000000000000000 ) ) ;
#2332 = DIRECTION ( 'NONE',  ( 0.0000000000000000000, -1.000000000000000000, 0.0000000000000000000 ) ) ;
#2333 = VECTOR ( 'NONE', #4562, 1000.000000000000000 ) ;
#2334 = ORIENTED_EDGE ( 'NONE', *, *, #3001, .F. ) ;
#2335 = LINE ( 'NONE', #9596, #12251 ) ;
#2336 = LINE ( 'NONE', #11576, #4603 ) ;
#2337 = CARTESIAN_POINT ( 'NONE',  ( 0.8599999999999996500, 0.0000000000000000000, -1.650000000000000100 ) ) ;
#2338 = ORIENTED_EDGE ( 'NONE', *, *, #6198, .T. ) ;
#2339 = DIRECTION ( 'NONE',  ( 0.0000000000000000000, 0.0000000000000000000, -1.000000000000000000 ) ) ;
#2340 = ORIENTED_EDGE ( 'NONE', *, *, #4685, .F. ) ;
#2341 = AXIS2_PLACEMENT_3D ( 'NONE', #9658, #1920, #14 ) ;
#2342 = VERTEX_POINT ( 'NONE', #3787 ) ;
#2343 = DIRECTION ( 'NONE',  ( 0.0000000000000000000, -1.000000000000000000, 0.0000000000000000000 ) ) ;
#2344 = ADVANCED_FACE ( 'NONE', ( #2214 ), #7370, .T. ) ;
#2345 = DIRECTION ( 'NONE',  ( 0.0000000000000000000, 0.0000000000000000000, 1.000000000000000000 ) ) ;
#2346 = CARTESIAN_POINT ( 'NONE',  ( -2.000000000000000900, 0.6218078318274388200, 0.1150000000000000900 ) ) ;
#2347 = EDGE_CURVE ( 'NONE', #5456, #6094, #2959, .T. ) ;
#2348 = EDGE_CURVE ( 'NONE', #864, #1887, #5512, .T. ) ;
#2349 = FACE_OUTER_BOUND ( 'NONE', #5955, .T. ) ;
#2350 = CARTESIAN_POINT ( 'NONE',  ( 1.235000000000000300, 0.2030000000000000100, 2.000000000000000400 ) ) ;
#2351 = VECTOR ( 'NONE', #4341, 1000.000000000000000 ) ;
#2352 = CARTESIAN_POINT ( 'NONE',  ( 1.234999999999999900, 0.2030000000000000100, -2.000000000000000400 ) ) ;
#2353 = LINE ( 'NONE', #11301, #2049 ) ;
#2354 = ORIENTED_EDGE ( 'NONE', *, *, #9577, .F. ) ;
#2355 = DIRECTION ( 'NONE',  ( -0.0000000000000000000, -1.000000000000000000, -0.0000000000000000000 ) ) ;
#2356 = ORIENTED_EDGE ( 'NONE', *, *, #7169, .F. ) ;
#2357 = ORIENTED_EDGE ( 'NONE', *, *, #1714, .T. ) ;
#2358 = CARTESIAN_POINT ( 'NONE',  ( -1.725000000000000800, 0.6218078318274388200, 0.5649999999999999500 ) ) ;
#2359 = ORIENTED_EDGE ( 'NONE', *, *, #7715, .T. ) ;
#2360 = FACE_OUTER_BOUND ( 'NONE', #9210, .T. ) ;
#2361 = AXIS2_PLACEMENT_3D ( 'NONE', #11801, #10780, #5019 ) ;
#2362 = CYLINDRICAL_SURFACE ( 'NONE', #2138, 0.07499999999999998300 ) ;
#2363 = VECTOR ( 'NONE', #11416, 1000.000000000000000 ) ;
#2364 = ORIENTED_EDGE ( 'NONE', *, *, #3648, .F. ) ;
#2365 = AXIS2_PLACEMENT_3D ( 'NONE', #2655, #4508, #8334 ) ;
#2366 = EDGE_CURVE ( 'NONE', #3717, #9541, #8975, .T. ) ;
#2367 = ORIENTED_EDGE ( 'NONE', *, *, #3173, .F. ) ;
#2368 = PRODUCT_DEFINITION_SHAPE ( 'NONE', 'NONE',  #2068 ) ;
#2369 = VERTEX_POINT ( 'NONE', #10550 ) ;
#2370 = VERTEX_POINT ( 'NONE', #1606 ) ;
#2371 = DIRECTION ( 'NONE',  ( -1.000000000000000000, 0.0000000000000000000, 0.0000000000000000000 ) ) ;
#2372 = EDGE_CURVE ( 'NONE', #3172, #11823, #3584, .T. ) ;
#2373 = PLANE ( 'NONE',  #5995 ) ;
#2374 = CARTESIAN_POINT ( 'NONE',  ( 0.03999999999999989000, 0.04999999999999999600, -1.725000000000000300 ) ) ;
#2375 = CIRCLE ( 'NONE', #11006, 0.07499999999999998300 ) ;
#2376 = PLANE ( 'NONE',  #10989 ) ;
#2377 = CARTESIAN_POINT ( 'NONE',  ( -1.650000000000000800, 0.05000000000000000300, 0.0000000000000000000 ) ) ;
#2378 = CARTESIAN_POINT ( 'NONE',  ( 2.000000000000000900, 0.0000000000000000000, 0.1150000000000000900 ) ) ;
#2379 =( LENGTH_UNIT ( ) NAMED_UNIT ( * ) SI_UNIT ( .MILLI., .METRE. ) );
#2380 = CARTESIAN_POINT ( 'NONE',  ( -1.725000000000000800, 0.05000000000000002400, -1.014999999999999900 ) ) ;
#2381 = ORIENTED_EDGE ( 'NONE', *, *, #4836, .F. ) ;
#2382 = ORIENTED_EDGE ( 'NONE', *, *, #6816, .F. ) ;
#2383 = ORIENTED_EDGE ( 'NONE', *, *, #1746, .T. ) ;
#2384 = DIRECTION ( 'NONE',  ( 0.0000000000000000000, 0.0000000000000000000, -1.000000000000000000 ) ) ;
#2385 = AXIS2_PLACEMENT_3D ( 'NONE', #5695, #8331, #2526 ) ;
#2386 = CARTESIAN_POINT ( 'NONE',  ( -1.465000000000000100, 0.0000000000000000000, -2.000000000000000400 ) ) ;
#2387 = ORIENTED_EDGE ( 'NONE', *, *, #5548, .T. ) ;
#2388 = DIRECTION ( 'NONE',  ( 1.577021341797102100E-015, 0.0000000000000000000, 1.000000000000000000 ) ) ;
#2389 = CARTESIAN_POINT ( 'NONE',  ( -1.725000000000000800, 0.6218078318274388200, -1.310000000000000100 ) ) ;
#2390 = EDGE_CURVE ( 'NONE', #1749, #628, #2530, .T. ) ;
#2391 = FACE_OUTER_BOUND ( 'NONE', #12052, .T. ) ;
#2392 = CARTESIAN_POINT ( 'NONE',  ( 0.0000000000000000000, 0.05000000000000000300, -0.1149999999999998700 ) ) ;
#2393 = DIRECTION ( 'NONE',  ( 0.0000000000000000000, 1.000000000000000000, 0.0000000000000000000 ) ) ;
#2394 = DIRECTION ( 'NONE',  ( 0.0000000000000000000, 0.0000000000000000000, -1.000000000000000000 ) ) ;
#2395 = VERTEX_POINT ( 'NONE', #7780 ) ;
#2396 = CARTESIAN_POINT ( 'NONE',  ( -0.3349999999999995800, 0.0000000000000000000, 1.725000000000001200 ) ) ;
#2397 = EDGE_LOOP ( 'NONE', ( #8792, #2778, #3338, #7732 ) ) ;
#2398 = CARTESIAN_POINT ( 'NONE',  ( -0.1149999999999996600, 0.2030000000000000100, 2.000000000000000400 ) ) ;
#2399 = CARTESIAN_POINT ( 'NONE',  ( -1.650000000000000800, 0.05000000000000023900, 0.4899999999999999900 ) ) ;
#2400 = EDGE_CURVE ( 'NONE', #7118, #11848, #10936, .T. ) ;
#2401 = VECTOR ( 'NONE', #7874, 1000.000000000000000 ) ;
#2402 = AXIS2_PLACEMENT_3D ( 'NONE', #7029, #4984, #2251 ) ;
#2403 = CARTESIAN_POINT ( 'NONE',  ( 1.999999999999999100, 7.256854249492381100, 1.999999999999999600 ) ) ;
#2404 = ORIENTED_EDGE ( 'NONE', *, *, #8067, .T. ) ;
#2405 = EDGE_CURVE ( 'NONE', #10944, #9271, #6419, .T. ) ;
#2406 = ADVANCED_FACE ( 'NONE', ( #8050 ), #7739, .F. ) ;
#2407 =( LENGTH_UNIT ( ) NAMED_UNIT ( * ) SI_UNIT ( .MILLI., .METRE. ) );
#2408 = VECTOR ( 'NONE', #6348, 1000.000000000000000 ) ;
#2409 = CARTESIAN_POINT ( 'NONE',  ( -0.7849999999999992500, 0.2030000000000000700, 2.000000000000000000 ) ) ;
#2410 = LINE ( 'NONE', #10239, #12320 ) ;
#2411 = CARTESIAN_POINT ( 'NONE',  ( -1.725000000000000800, 0.6218078318274388200, -1.234999999999999900 ) ) ;
#2412 = PLANE ( 'NONE',  #3430 ) ;
#2413 = PLANE ( 'NONE',  #6535 ) ;
#2414 =( NAMED_UNIT ( * ) PLANE_ANGLE_UNIT ( ) SI_UNIT ( $, .RADIAN. ) );
#2415 = PRESENTATION_LAYER_ASSIGNMENT (  '', '', ( #1790 ) ) ;
#2416 = CARTESIAN_POINT ( 'NONE',  ( 1.725000000000000800, 0.05000000000000002400, -0.4100000000000004200 ) ) ;
#2417 = ORIENTED_EDGE ( 'NONE', *, *, #9655, .T. ) ;
#2418 = DIRECTION ( 'NONE',  ( 0.0000000000000000000, 0.0000000000000000000, 1.000000000000000000 ) ) ;
#2419 = LINE ( 'NONE', #4825, #6474 ) ;
#2420 = EDGE_CURVE ( 'NONE', #12374, #3217, #8666, .T. ) ;
#2421 = EDGE_CURVE ( 'NONE', #9519, #1625, #4779, .T. ) ;
#2422 = LINE ( 'NONE', #4613, #6477 ) ;
#2423 =( LENGTH_UNIT ( ) NAMED_UNIT ( * ) SI_UNIT ( .MILLI., .METRE. ) );
#2424 = CIRCLE ( 'NONE', #11310, 0.07499999999999998300 ) ;
#2425 = CARTESIAN_POINT ( 'NONE',  ( 0.1150000000000005200, 0.2030000000000000100, -2.000000000000000400 ) ) ;
#2426 = CARTESIAN_POINT ( 'NONE',  ( -0.7849999999999995900, 0.2030000000000000100, -2.000000000000000400 ) ) ;
#2427 = CARTESIAN_POINT ( 'NONE',  ( 1.299999999999998700, 0.0000000000000000000, 1.300000000000001200 ) ) ;
#2428 = DIRECTION ( 'NONE',  ( 0.0000000000000000000, -1.000000000000000000, 0.0000000000000000000 ) ) ;
#2429 = ORIENTED_EDGE ( 'NONE', *, *, #4182, .F. ) ;
#2430 = DIRECTION ( 'NONE',  ( -0.0000000000000000000, -1.000000000000000000, -0.0000000000000000000 ) ) ;
#2431 = ORIENTED_EDGE ( 'NONE', *, *, #4459, .F. ) ;
#2432 = CIRCLE ( 'NONE', #7932, 0.07499999999999998300 ) ;
#2433 = AXIS2_PLACEMENT_3D ( 'NONE', #6999, #3108, #10719 ) ;
#2434 = LINE ( 'NONE', #8847, #9676 ) ;
#2435 = PLANE ( 'NONE',  #11820 ) ;
#2436 = EDGE_CURVE ( 'NONE', #10486, #87, #1038, .T. ) ;
#2437 = AXIS2_PLACEMENT_3D ( 'NONE', #3168, #1428, #8098 ) ;
#2438 = CARTESIAN_POINT ( 'NONE',  ( 1.725000000000000800, 0.0000000000000000000, 0.1149999999999996600 ) ) ;
#2439 = EDGE_CURVE ( 'NONE', #6187, #5344, #12123, .T. ) ;
#2440 = VERTEX_POINT ( 'NONE', #8632 ) ;
#2441 = ORIENTED_EDGE ( 'NONE', *, *, #4975, .T. ) ;
#2442 = DIRECTION ( 'NONE',  ( 1.000000000000000000, 0.0000000000000000000, 7.885106708985485100E-016 ) ) ;
#2443 = VECTOR ( 'NONE', #8736, 1000.000000000000000 ) ;
#2444 = CARTESIAN_POINT ( 'NONE',  ( 1.805000000000000400, 0.04999999999999991300, 1.464999999999999900 ) ) ;
#2445 = VECTOR ( 'NONE', #3797, 1000.000000000000000 ) ;
#2446 = FACE_OUTER_BOUND ( 'NONE', #12223, .T. ) ;
#2447 = ADVANCED_FACE ( 'NONE', ( #9600 ), #3874, .T. ) ;
#2448 = AXIS2_PLACEMENT_3D ( 'NONE', #10481, #7541, #3756 ) ;
#2449 = ORIENTED_EDGE ( 'NONE', *, *, #11997, .F. ) ;
#2450 = CARTESIAN_POINT ( 'NONE',  ( -0.04000000000000010500, 0.2030000000000000100, -1.650000000000000100 ) ) ;
#2451 = ORIENTED_EDGE ( 'NONE', *, *, #10781, .T. ) ;
#2452 = ORIENTED_EDGE ( 'NONE', *, *, #1852, .F. ) ;
#2453 = DIRECTION ( 'NONE',  ( 0.0000000000000000000, 0.0000000000000000000, -1.000000000000000000 ) ) ;
#2454 = AXIS2_PLACEMENT_3D ( 'NONE', #788, #5061, #7053 ) ;
#2455 = LINE ( 'NONE', #4697, #9837 ) ;
#2456 = DIRECTION ( 'NONE',  ( 0.0000000000000000000, 1.000000000000000000, 0.0000000000000000000 ) ) ;
#2457 = EDGE_LOOP ( 'NONE', ( #5142, #11063, #7291, #9495 ) ) ;
#2458 = CARTESIAN_POINT ( 'NONE',  ( -0.7850000000000002500, 0.2030000000000000100, -1.725000000000000300 ) ) ;
#2459 = VECTOR ( 'NONE', #8707, 1000.000000000000000 ) ;
#2460 = EDGE_CURVE ( 'NONE', #11971, #11352, #1923, .T. ) ;
#2461 = CARTESIAN_POINT ( 'NONE',  ( -1.725000000000000800, 0.0000000000000000000, 1.465000000000000100 ) ) ;
#2462 = EDGE_LOOP ( 'NONE', ( #10003, #3525, #11381, #10859 ) ) ;
#2463 = PLANE ( 'NONE',  #8852 ) ;
#2465 = ORIENTED_EDGE ( 'NONE', *, *, #9218, .T. ) ;
#2464 = CARTESIAN_POINT ( 'NONE',  ( -0.3350000000000002400, 0.0000000000000000000, -1.725000000000000300 ) ) ;
#2466 = CARTESIAN_POINT ( 'NONE',  ( 1.235000000000000300, 0.04999999999999999600, 1.725000000000001200 ) ) ;
#2467 = DIRECTION ( 'NONE',  ( 0.0000000000000000000, -1.000000000000000000, 0.0000000000000000000 ) ) ;
#2468 = ORIENTED_EDGE ( 'NONE', *, *, #4238, .F. ) ;
#2469 = DIRECTION ( 'NONE',  ( 0.0000000000000000000, 0.0000000000000000000, 1.000000000000000000 ) ) ;
#2470 = EDGE_LOOP ( 'NONE', ( #5594, #9266, #251, #5445 ) ) ;
#2471 = ADVANCED_FACE ( 'NONE', ( #10350 ), #8352, .F. ) ;
#2472 = VECTOR ( 'NONE', #8696, 1000.000000000000000 ) ;
#2473 = DIRECTION ( 'NONE',  ( 1.577021341797097400E-015, 0.0000000000000000000, -1.000000000000000000 ) ) ;
#2474 = STYLED_ITEM ( 'NONE', ( #9653 ), #167 ) ;
#2475 = DIRECTION ( 'NONE',  ( 0.0000000000000000000, 1.000000000000000000, 0.0000000000000000000 ) ) ;
#2476 = ORIENTED_EDGE ( 'NONE', *, *, #9200, .F. ) ;
#2477 = AXIS2_PLACEMENT_3D ( 'NONE', #8755, #7905, #2171 ) ;
#2478 = FACE_OUTER_BOUND ( 'NONE', #3506, .T. ) ;
#2479 = CARTESIAN_POINT ( 'NONE',  ( -1.310000000000000300, 0.2030000000000000100, -1.725000000000000300 ) ) ;
#2480 = VECTOR ( 'NONE', #1331, 1000.000000000000000 ) ;
#2481 = AXIS2_PLACEMENT_3D ( 'NONE', #3412, #7176, #11013 ) ;
#2482 = ORIENTED_EDGE ( 'NONE', *, *, #3580, .F. ) ;
#2483 = CARTESIAN_POINT ( 'NONE',  ( -0.04000000000000010500, 0.2030000000000000100, -1.650000000000000100 ) ) ;
#2484 = EDGE_CURVE ( 'NONE', #4136, #792, #11818, .T. ) ;
#2485 = DIRECTION ( 'NONE',  ( 0.0000000000000000000, -1.000000000000000000, 0.0000000000000000000 ) ) ;
#2486 = LINE ( 'NONE', #6635, #4138 ) ;
#2487 = ORIENTED_EDGE ( 'NONE', *, *, #6027, .F. ) ;
#2488 = FACE_OUTER_BOUND ( 'NONE', #7353, .T. ) ;
#2489 = VERTEX_POINT ( 'NONE', #9800 ) ;
#2490 = LINE ( 'NONE', #7758, #6076 ) ;
#2491 = DIRECTION ( 'NONE',  ( 0.7071067811865474600, 0.0000000000000000000, 0.7071067811865474600 ) ) ;
#2492 = VERTEX_POINT ( 'NONE', #67 ) ;
#2493 = DIRECTION ( 'NONE',  ( 0.0000000000000000000, 1.000000000000000000, 0.0000000000000000000 ) ) ;
#2494 = ORIENTED_EDGE ( 'NONE', *, *, #6605, .T. ) ;
#2495 = ORIENTED_EDGE ( 'NONE', *, *, #5011, .T. ) ;
#2496 = ORIENTED_EDGE ( 'NONE', *, *, #5960, .T. ) ;
#2497 = EDGE_CURVE ( 'NONE', #1659, #1054, #3424, .T. ) ;
#2498 = CARTESIAN_POINT ( 'NONE',  ( 1.015000000000000300, 0.2030000000000000100, 1.725000000000001200 ) ) ;
#2499 = AXIS2_PLACEMENT_3D ( 'NONE', #45, #999, #4883 ) ;
#2500 = PLANE ( 'NONE',  #7385 ) ;
#2501 = LINE ( 'NONE', #9792, #2938 ) ;
#2502 = DIRECTION ( 'NONE',  ( -1.577021341797101900E-015, -0.0000000000000000000, -1.000000000000000000 ) ) ;
#2503 = EDGE_CURVE ( 'NONE', #5454, #11261, #4925, .T. ) ;
#2504 = VECTOR ( 'NONE', #10876, 1000.000000000000000 ) ;
#2505 = VERTEX_POINT ( 'NONE', #5824 ) ;
#2506 = EDGE_LOOP ( 'NONE', ( #12411, #13, #4324, #7474 ) ) ;
#2507 = ORIENTED_EDGE ( 'NONE', *, *, #2560, .T. ) ;
#2508 = CARTESIAN_POINT ( 'NONE',  ( -1.725000000000000800, 0.0000000000000000000, -0.5649999999999999500 ) ) ;
#2509 = ORIENTED_EDGE ( 'NONE', *, *, #2691, .F. ) ;
#2510 = LINE ( 'NONE', #9198, #7139 ) ;
#2511 = LINE ( 'NONE', #8142, #3725 ) ;
#2512 = CARTESIAN_POINT ( 'NONE',  ( -1.014999999999999900, 0.04999999999999969700, 2.000000000000000400 ) ) ;
#2513 = LINE ( 'NONE', #5184, #5223 ) ;
#2514 = AXIS2_PLACEMENT_3D ( 'NONE', #8783, #4025, #3937 ) ;
#2515 = ORIENTED_EDGE ( 'NONE', *, *, #10815, .F. ) ;
#2516 = CARTESIAN_POINT ( 'NONE',  ( -1.725000000000000800, 0.2030000000000000100, 0.7849999999999999200 ) ) ;
#2517 = CARTESIAN_POINT ( 'NONE',  ( 1.650000000000000800, 0.6218078318274388200, 1.309999999999999800 ) ) ;
#2518 = EDGE_LOOP ( 'NONE', ( #3139, #5345, #4747, #15 ) ) ;
#2519 = CARTESIAN_POINT ( 'NONE',  ( 1.725000000000000800, 0.2030000000000000100, -1.310000000000000500 ) ) ;
#2520 = DIRECTION ( 'NONE',  ( 1.000000000000000000, -0.0000000000000000000, 0.0000000000000000000 ) ) ;
#2521 = ORIENTED_EDGE ( 'NONE', *, *, #10599, .T. ) ;
#2522 = EDGE_CURVE ( 'NONE', #6094, #8434, #2671, .T. ) ;
#2523 = ORIENTED_EDGE ( 'NONE', *, *, #11898, .F. ) ;
#2524 = DIRECTION ( 'NONE',  ( 0.0000000000000000000, 0.0000000000000000000, 1.000000000000000000 ) ) ;
#2525 = EDGE_CURVE ( 'NONE', #10706, #7161, #1336, .T. ) ;
#2526 = DIRECTION ( 'NONE',  ( 0.0000000000000000000, -0.0000000000000000000, -1.000000000000000000 ) ) ;
#2527 = PLANE ( 'NONE',  #9480 ) ;
#2528 = UNCERTAINTY_MEASURE_WITH_UNIT (LENGTH_MEASURE( 1.000000000000000100E-005 ), #5394, 'distance_accuracy_value', 'NONE');
#2529 = CIRCLE ( 'NONE', #7604, 0.07499999999999998300 ) ;
#2530 = LINE ( 'NONE', #10263, #10640 ) ;
#2531 = VERTEX_POINT ( 'NONE', #10669 ) ;
#2532 = DIRECTION ( 'NONE',  ( 0.0000000000000000000, -0.0000000000000000000, -1.000000000000000000 ) ) ;
#2533 = ORIENTED_EDGE ( 'NONE', *, *, #9420, .F. ) ;
#2534 = EDGE_LOOP ( 'NONE', ( #8661, #6802, #12281, #6303 ) ) ;
#2535 = VERTEX_POINT ( 'NONE', #4916 ) ;
#2536 = AXIS2_PLACEMENT_3D ( 'NONE', #1208, #7831, #11707 ) ;
#2537 = ORIENTED_EDGE ( 'NONE', *, *, #6314, .T. ) ;
#2538 = DIRECTION ( 'NONE',  ( -0.0000000000000000000, -1.000000000000000000, 0.0000000000000000000 ) ) ;
#2539 = LINE ( 'NONE', #1359, #11533 ) ;
#2540 = LINE ( 'NONE', #3166, #7325 ) ;
#2541 = ADVANCED_FACE ( 'NONE', ( #5220 ), #2362, .T. ) ;
#2542 = DIRECTION ( 'NONE',  ( 1.000000000000000000, 0.0000000000000000000, 1.577021341797097400E-015 ) ) ;
#2543 = FACE_OUTER_BOUND ( 'NONE', #11667, .T. ) ;
#2544 = CARTESIAN_POINT ( 'NONE',  ( -1.464999999999999600, 0.0000000000000000000, 1.805000000000000200 ) ) ;
#2545 = EDGE_CURVE ( 'NONE', #11971, #10932, #1629, .T. ) ;
#2546 = VERTEX_POINT ( 'NONE', #5158 ) ;
#2547 = ORIENTED_EDGE ( 'NONE', *, *, #8476, .T. ) ;
#2548 = ORIENTED_EDGE ( 'NONE', *, *, #7213, .T. ) ;
#2549 = CARTESIAN_POINT ( 'NONE',  ( -0.9399999999999997200, 0.6218078318274390400, 1.725000000000000800 ) ) ;
#2550 = LINE ( 'NONE', #10173, #9311 ) ;
#2551 =( NAMED_UNIT ( * ) PLANE_ANGLE_UNIT ( ) SI_UNIT ( $, .RADIAN. ) );
#2552 = AXIS2_PLACEMENT_3D ( 'NONE', #6977, #187, #3038 ) ;
#2553 = ADVANCED_FACE ( 'NONE', ( #744 ), #11524, .T. ) ;
#2554 = ORIENTED_EDGE ( 'NONE', *, *, #6216, .F. ) ;
#2555 = AXIS2_PLACEMENT_3D ( 'NONE', #5399, #6321, #616 ) ;
#2556 = SURFACE_STYLE_USAGE ( .BOTH. , #611 ) ;
#2557 = ORIENTED_EDGE ( 'NONE', *, *, #118, .T. ) ;
#2558 = CARTESIAN_POINT ( 'NONE',  ( -1.650000000000000800, 0.6218078318274387100, -0.9399999999999999500 ) ) ;
#2559 = DIRECTION ( 'NONE',  ( -0.0000000000000000000, -1.000000000000000000, 0.0000000000000000000 ) ) ;
#2560 = EDGE_CURVE ( 'NONE', #11754, #6134, #9751, .T. ) ;
#2561 = LINE ( 'NONE', #1095, #1955 ) ;
#2562 = DIRECTION ( 'NONE',  ( -1.000000000000000000, 0.0000000000000000000, 0.0000000000000000000 ) ) ;
#2563 = VECTOR ( 'NONE', #664, 1000.000000000000000 ) ;
#2564 = PLANE ( 'NONE',  #9227 ) ;
#2565 = CARTESIAN_POINT ( 'NONE',  ( -1.650000000000000800, 0.0000000000000000000, 0.4899999999999999900 ) ) ;
#2566 = ORIENTED_EDGE ( 'NONE', *, *, #2779, .T. ) ;
#2567 =( NAMED_UNIT ( * ) SI_UNIT ( $, .STERADIAN. ) SOLID_ANGLE_UNIT ( ) );
#2568 = CARTESIAN_POINT ( 'NONE',  ( 1.725000000000000800, 0.0000000000000000000, 0.5649999999999995000 ) ) ;
#2569 = EDGE_CURVE ( 'NONE', #9071, #1547, #10051, .T. ) ;
#2570 = ORIENTED_EDGE ( 'NONE', *, *, #902, .F. ) ;
#2571 = VECTOR ( 'NONE', #8063, 1000.000000000000000 ) ;
#2572 = LINE ( 'NONE', #12145, #190 ) ;
#2573 = DIRECTION ( 'NONE',  ( 0.0000000000000000000, 0.0000000000000000000, 1.000000000000000000 ) ) ;
#2574 = VECTOR ( 'NONE', #12099, 1000.000000000000000 ) ;
#2575 = EDGE_CURVE ( 'NONE', #2034, #12305, #10506, .T. ) ;
#2576 = CARTESIAN_POINT ( 'NONE',  ( -1.389999999999999700, 0.2030000000000000100, 1.725000000000000800 ) ) ;
#2577 =( NAMED_UNIT ( * ) SI_UNIT ( $, .STERADIAN. ) SOLID_ANGLE_UNIT ( ) );
#2578 = ORIENTED_EDGE ( 'NONE', *, *, #6836, .T. ) ;
#2579 = ORIENTED_EDGE ( 'NONE', *, *, #5632, .T. ) ;
#2580 = CARTESIAN_POINT ( 'NONE',  ( 0.04000000000000010500, 0.2030000000000000100, 1.650000000000000800 ) ) ;
#2581 = EDGE_LOOP ( 'NONE', ( #10038, #8779, #9609, #10938 ) ) ;
#2582 = ADVANCED_FACE ( 'NONE', ( #11230 ), #5987, .F. ) ;
#2583 = LINE ( 'NONE', #2881, #9959 ) ;
#2584 = VECTOR ( 'NONE', #5888, 1000.000000000000000 ) ;
#2585 = DIRECTION ( 'NONE',  ( 0.0000000000000000000, -0.0000000000000000000, 1.000000000000000000 ) ) ;
#2586 = AXIS2_PLACEMENT_3D ( 'NONE', #6510, #7471, #1752 ) ;
#2587 = DIRECTION ( 'NONE',  ( 0.0000000000000000000, -1.000000000000000000, 0.0000000000000000000 ) ) ;
#2588 = CARTESIAN_POINT ( 'NONE',  ( -1.725000000000000800, 0.2030000000000001000, 1.014999999999999900 ) ) ;
#2589 = EDGE_CURVE ( 'NONE', #5335, #2505, #144, .T. ) ;
#2590 = ORIENTED_EDGE ( 'NONE', *, *, #5672, .F. ) ;
#2591 = EDGE_CURVE ( 'NONE', #9428, #11631, #8202, .T. ) ;
#2592 = ORIENTED_EDGE ( 'NONE', *, *, #6672, .T. ) ;
#2593 = DIRECTION ( 'NONE',  ( 0.0000000000000000000, 0.0000000000000000000, -1.000000000000000000 ) ) ;
#2594 = DIRECTION ( 'NONE',  ( 0.0000000000000000000, 0.0000000000000000000, -1.000000000000000000 ) ) ;
#2595 = CARTESIAN_POINT ( 'NONE',  ( -0.4100000000000002000, 0.04999999999999999600, -1.725000000000000300 ) ) ;
#2596 = FACE_OUTER_BOUND ( 'NONE', #8757, .T. ) ;
#2597 = DIRECTION ( 'NONE',  ( 1.000000000000000000, 0.0000000000000000000, -0.0000000000000000000 ) ) ;
#2598 = DIRECTION ( 'NONE',  ( 0.7071067811865474600, 0.0000000000000000000, -0.7071067811865474600 ) ) ;
#2599 = CIRCLE ( 'NONE', #5125, 0.07499999999999998300 ) ;
#2600 = ADVANCED_FACE ( 'NONE', ( #900 ), #1310, .F. ) ;
#2601 = CARTESIAN_POINT ( 'NONE',  ( 0.3350000000000002400, 0.6218078318274392600, 1.725000000000001200 ) ) ;
#2602 = CARTESIAN_POINT ( 'NONE',  ( -1.725000000000000800, 0.6218078318274388200, 0.4099999999999999800 ) ) ;
#2603 = CARTESIAN_POINT ( 'NONE',  ( 0.1149999999999998700, 0.2030000000000000100, -1.725000000000000300 ) ) ;
#2604 = DIRECTION ( 'NONE',  ( -1.000000000000000000, 0.0000000000000000000, 0.0000000000000000000 ) ) ;
#2605 = ORIENTED_EDGE ( 'NONE', *, *, #11256, .F. ) ;
#2606 = ORIENTED_EDGE ( 'NONE', *, *, #11599, .F. ) ;
#2607 = AXIS2_PLACEMENT_3D ( 'NONE', #2973, #11733, #3999 ) ;
#2608 = FACE_OUTER_BOUND ( 'NONE', #1960, .T. ) ;
#2609 = DIRECTION ( 'NONE',  ( 0.0000000000000000000, -1.000000000000000000, 0.0000000000000000000 ) ) ;
#2610 = VECTOR ( 'NONE', #6922, 1000.000000000000000 ) ;
#2611 = CARTESIAN_POINT ( 'NONE',  ( -0.1149999999999996600, 0.6218078318274392600, 2.000000000000000400 ) ) ;
#2612 = LINE ( 'NONE', #3167, #9983 ) ;
#2613 = EDGE_CURVE ( 'NONE', #11631, #11552, #5366, .T. ) ;
#2614 = VERTEX_POINT ( 'NONE', #8886 ) ;
#2615 = ADVANCED_FACE ( 'NONE', ( #300 ), #9015, .F. ) ;
#2616 = VERTEX_POINT ( 'NONE', #6988 ) ;
#2617 = EDGE_LOOP ( 'NONE', ( #7086, #8150, #6252, #7452, #5546, #9888 ) ) ;
#2618 = DIRECTION ( 'NONE',  ( 0.0000000000000000000, 0.0000000000000000000, -1.000000000000000000 ) ) ;
#2619 = DIRECTION ( 'NONE',  ( 0.0000000000000000000, -0.0000000000000000000, -1.000000000000000000 ) ) ;
#2620 = ORIENTED_EDGE ( 'NONE', *, *, #7788, .F. ) ;
#2621 = CYLINDRICAL_SURFACE ( 'NONE', #1833, 0.07500000000000019200 ) ;
#2622 =( NAMED_UNIT ( * ) PLANE_ANGLE_UNIT ( ) SI_UNIT ( $, .RADIAN. ) );
#2623 = VERTEX_POINT ( 'NONE', #7069 ) ;
#2624 = FACE_OUTER_BOUND ( 'NONE', #9051, .T. ) ;
#2625 = CARTESIAN_POINT ( 'NONE',  ( -2.000000000000000900, 0.04999999999999969700, -1.014999999999999900 ) ) ;
#2626 = AXIS2_PLACEMENT_3D ( 'NONE', #8329, #11248, #4621 ) ;
#2627 = DIRECTION ( 'NONE',  ( -0.0000000000000000000, -1.000000000000000000, -0.0000000000000000000 ) ) ;
#2628 = ORIENTED_EDGE ( 'NONE', *, *, #176, .T. ) ;
#2629 = CYLINDRICAL_SURFACE ( 'NONE', #2776, 0.07499999999999998300 ) ;
#2630 = DIRECTION ( 'NONE',  ( 0.0000000000000000000, 0.0000000000000000000, -1.000000000000000000 ) ) ;
#2631 = CARTESIAN_POINT ( 'NONE',  ( 1.650000000000000800, 0.6218078318274388200, -0.4900000000000004400 ) ) ;
#2632 = EDGE_LOOP ( 'NONE', ( #2367, #7908, #2554, #4477, #1591, #817 ) ) ;
#2633 = EDGE_CURVE ( 'NONE', #4787, #3447, #7906, .T. ) ;
#2634 =( NAMED_UNIT ( * ) SI_UNIT ( $, .STERADIAN. ) SOLID_ANGLE_UNIT ( ) );
#2635 = LINE ( 'NONE', #10771, #3985 ) ;
#2636 = ORIENTED_EDGE ( 'NONE', *, *, #7409, .T. ) ;
#2637 = LINE ( 'NONE', #957, #6219 ) ;
#2638 = EDGE_LOOP ( 'NONE', ( #11602, #2557, #11052, #3369 ) ) ;
#2639 = DIRECTION ( 'NONE',  ( -1.000000000000000000, 0.0000000000000000000, 0.0000000000000000000 ) ) ;
#2640 = LINE ( 'NONE', #1408, #107 ) ;
#2641 = DIRECTION ( 'NONE',  ( -0.0000000000000000000, -1.000000000000000000, -0.0000000000000000000 ) ) ;
#2642 = DIRECTION ( 'NONE',  ( -1.000000000000000000, 0.0000000000000000000, 1.577021341797101900E-015 ) ) ;
#2643 = ORIENTED_EDGE ( 'NONE', *, *, #2160, .T. ) ;
#2644 = ORIENTED_EDGE ( 'NONE', *, *, #2569, .F. ) ;
#2645 = DIRECTION ( 'NONE',  ( -0.0000000000000000000, -1.000000000000000000, -0.0000000000000000000 ) ) ;
#2646 = ORIENTED_EDGE ( 'NONE', *, *, #2589, .T. ) ;
#2647 = DIRECTION ( 'NONE',  ( 0.0000000000000000000, 0.0000000000000000000, -1.000000000000000000 ) ) ;
#2648 = AXIS2_PLACEMENT_3D ( 'NONE', #8321, #12105, #7230 ) ;
#2649 = VECTOR ( 'NONE', #2587, 1000.000000000000000 ) ;
#2650 = PLANE ( 'NONE',  #1895 ) ;
#2651 = ADVANCED_FACE ( 'NONE', ( #10792 ), #11087, .F. ) ;
#2652 = AXIS2_PLACEMENT_3D ( 'NONE', #6842, #177, #1985 ) ;
#2653 = VECTOR ( 'NONE', #8862, 1000.000000000000000 ) ;
#2654 = ORIENTED_EDGE ( 'NONE', *, *, #1933, .F. ) ;
#2655 = CARTESIAN_POINT ( 'NONE',  ( -0.04000000000000010500, 0.6218078318274392600, -1.725000000000000300 ) ) ;
#2656 = ORIENTED_EDGE ( 'NONE', *, *, #2252, .T. ) ;
#2657 = EDGE_CURVE ( 'NONE', #4976, #4322, #4331, .T. ) ;
#2658 = VERTEX_POINT ( 'NONE', #9836 ) ;
#2659 = CARTESIAN_POINT ( 'NONE',  ( 1.465000000000000100, 0.6218078318274392600, -1.805000000000000600 ) ) ;
#2660 = ORIENTED_EDGE ( 'NONE', *, *, #2724, .F. ) ;
#2661 = LINE ( 'NONE', #12030, #1909 ) ;
#2662 = LINE ( 'NONE', #2743, #1620 ) ;
#2663 = ORIENTED_EDGE ( 'NONE', *, *, #4480, .F. ) ;
#2664 = ADVANCED_FACE ( 'NONE', ( #11802 ), #8507, .T. ) ;
#2665 = VERTEX_POINT ( 'NONE', #4450 ) ;
#2666 = ORIENTED_EDGE ( 'NONE', *, *, #1779, .F. ) ;
#2667 = ORIENTED_EDGE ( 'NONE', *, *, #7075, .T. ) ;
#2668 = CARTESIAN_POINT ( 'NONE',  ( 0.0000000000000000000, 0.05000000000000000300, 0.0000000000000000000 ) ) ;
#2669 = EDGE_CURVE ( 'NONE', #4305, #6764, #3107, .T. ) ;
#2670 = VECTOR ( 'NONE', #10711, 1000.000000000000000 ) ;
#2671 = LINE ( 'NONE', #986, #4482 ) ;
#2672 = DIRECTION ( 'NONE',  ( -0.0000000000000000000, -1.000000000000000000, -0.0000000000000000000 ) ) ;
#2673 = LINE ( 'NONE', #4227, #4029 ) ;
#2674 = CARTESIAN_POINT ( 'NONE',  ( 0.03999999999999989000, 0.0000000000000000000, -1.725000000000000300 ) ) ;
#2675 = ORIENTED_EDGE ( 'NONE', *, *, #11727, .T. ) ;
#2676 = DIRECTION ( 'NONE',  ( 0.0000000000000000000, 1.000000000000000000, 0.0000000000000000000 ) ) ;
#2677 = ORIENTED_EDGE ( 'NONE', *, *, #1114, .T. ) ;
#2678 = ORIENTED_EDGE ( 'NONE', *, *, #7612, .T. ) ;
#2679 = VERTEX_POINT ( 'NONE', #9155 ) ;
#2680 = ADVANCED_FACE ( 'NONE', ( #3871 ), #7195, .T. ) ;
#2681 = CARTESIAN_POINT ( 'NONE',  ( 0.9399999999999996100, 0.2030000000000000100, -1.650000000000000100 ) ) ;
#2682 = DIRECTION ( 'NONE',  ( 0.0000000000000000000, 0.0000000000000000000, -1.000000000000000000 ) ) ;
#2683 = MANIFOLD_SOLID_BREP ( 'LPattern3[8]', #4422 ) ;
#2684 = LINE ( 'NONE', #9387, #1922 ) ;
#2685 = AXIS2_PLACEMENT_3D ( 'NONE', #6129, #5097, #11789 ) ;
#2686 = CARTESIAN_POINT ( 'NONE',  ( 0.5650000000000003900, 0.2030000000000000100, 1.725000000000001200 ) ) ;
#2687 = CARTESIAN_POINT ( 'NONE',  ( -0.4099999999999999800, 0.2030000000000000100, 1.650000000000000800 ) ) ;
#2688 = VECTOR ( 'NONE', #1651, 1000.000000000000000 ) ;
#2689 = EDGE_CURVE ( 'NONE', #7579, #10584, #3411, .T. ) ;
#2690 = DIRECTION ( 'NONE',  ( 0.0000000000000000000, -1.000000000000000000, 0.0000000000000000000 ) ) ;
#2691 = EDGE_CURVE ( 'NONE', #10706, #8355, #2511, .T. ) ;
#2692 = EDGE_CURVE ( 'NONE', #10172, #9419, #6563, .T. ) ;
#2693 = CLOSED_SHELL ( 'NONE', ( #7545, #5122, #8799, #6994, #6504, #9280, #2030, #1662 ) ) ;
#2694 = CARTESIAN_POINT ( 'NONE',  ( -1.310000000000000300, 0.2030000000000000100, -1.725000000000000300 ) ) ;
#2695 = VERTEX_POINT ( 'NONE', #2337 ) ;
#2696 = CARTESIAN_POINT ( 'NONE',  ( 1.725000000000000800, 0.2030000000000000100, -1.015000000000000300 ) ) ;
#2697 = VERTEX_POINT ( 'NONE', #2464 ) ;
#2698 = DIRECTION ( 'NONE',  ( -0.0000000000000000000, -1.000000000000000000, -0.0000000000000000000 ) ) ;
#2699 = CYLINDRICAL_SURFACE ( 'NONE', #6554, 0.07500000000000019200 ) ;
#2700 = VECTOR ( 'NONE', #4255, 1000.000000000000000 ) ;
#2701 = PRESENTATION_LAYER_ASSIGNMENT (  '', '', ( #7420 ) ) ;
#2702 = ORIENTED_EDGE ( 'NONE', *, *, #4658, .T. ) ;
#2703 = ORIENTED_EDGE ( 'NONE', *, *, #10131, .F. ) ;
#2704 = DIRECTION ( 'NONE',  ( 1.577021341797102100E-015, 0.0000000000000000000, 1.000000000000000000 ) ) ;
#2705 = CARTESIAN_POINT ( 'NONE',  ( 1.725000000000000800, 0.6218078318274387100, -1.015000000000000300 ) ) ;
#2706 = VECTOR ( 'NONE', #9429, 1000.000000000000000 ) ;
#2707 = CARTESIAN_POINT ( 'NONE',  ( 1.234999999999999900, 0.2030000000000000100, -1.725000000000000300 ) ) ;
#2708 = EDGE_CURVE ( 'NONE', #8357, #12374, #2062, .T. ) ;
#2709 = ADVANCED_FACE ( 'NONE', ( #287 ), #10049, .F. ) ;
#2710 = VECTOR ( 'NONE', #2903, 1000.000000000000000 ) ;
#2711 = CARTESIAN_POINT ( 'NONE',  ( -1.725000000000000800, 0.0000000000000000000, 1.235000000000000100 ) ) ;
#2712 = EDGE_LOOP ( 'NONE', ( #638, #8780, #6099, #1388 ) ) ;
#2713 = CARTESIAN_POINT ( 'NONE',  ( -1.310000000000000100, 0.2030000000000000100, 1.650000000000000800 ) ) ;
#2714 = CARTESIAN_POINT ( 'NONE',  ( 1.725000000000000800, 0.05000000000000023900, 0.5649999999999995000 ) ) ;
#2715 = VECTOR ( 'NONE', #6459, 1000.000000000000000 ) ;
#2716 = PRESENTATION_STYLE_ASSIGNMENT (( #962 ) ) ;
#2717 = CARTESIAN_POINT ( 'NONE',  ( 1.725000000000000800, 0.05000000000000002400, -0.04000000000000032000 ) ) ;
#2718 = AXIS2_PLACEMENT_3D ( 'NONE', #11995, #10175, #10258 ) ;
#2719 = CARTESIAN_POINT ( 'NONE',  ( -1.725000000000000800, 0.6218078318274388200, 0.1150000000000000900 ) ) ;
#2720 = CARTESIAN_POINT ( 'NONE',  ( -0.7849999999999995900, 0.2030000000000000100, -2.000000000000000400 ) ) ;
#2721 = DIRECTION ( 'NONE',  ( 0.0000000000000000000, -1.000000000000000000, 0.0000000000000000000 ) ) ;
#2722 = CARTESIAN_POINT ( 'NONE',  ( -0.4099999999999999800, 0.6218078318274392600, 1.650000000000000800 ) ) ;
#2723 = ADVANCED_FACE ( 'NONE', ( #1173 ), #11943, .F. ) ;
#2724 = EDGE_CURVE ( 'NONE', #4164, #10141, #1618, .T. ) ;
#2725 = DIRECTION ( 'NONE',  ( 0.0000000000000000000, -1.000000000000000000, 0.0000000000000000000 ) ) ;
#2726 = ORIENTED_EDGE ( 'NONE', *, *, #8946, .F. ) ;
#2727 = CARTESIAN_POINT ( 'NONE',  ( 2.000000000000000900, 0.0000000000000000000, -0.3350000000000000200 ) ) ;
#2728 = VERTEX_POINT ( 'NONE', #5272 ) ;
#2729 = CARTESIAN_POINT ( 'NONE',  ( 1.805000000000000400, 0.05000000000000000300, -1.464999999999999900 ) ) ;
#2730 = VECTOR ( 'NONE', #6100, 1000.000000000000000 ) ;
#2731 = DIRECTION ( 'NONE',  ( -1.000000000000000000, 0.0000000000000000000, -1.577021341797097000E-015 ) ) ;
#2732 = CARTESIAN_POINT ( 'NONE',  ( -1.650000000000000800, 0.6218078318274387100, -0.8599999999999999900 ) ) ;
#2733 = LINE ( 'NONE', #2804, #1830 ) ;
#2734 = EDGE_CURVE ( 'NONE', #5067, #6720, #10492, .T. ) ;
#2735 = ORIENTED_EDGE ( 'NONE', *, *, #10098, .F. ) ;
#2736 = ADVANCED_FACE ( 'NONE', ( #5353 ), #9230, .T. ) ;
#2737 = ORIENTED_EDGE ( 'NONE', *, *, #7953, .T. ) ;
#2738 = DIRECTION ( 'NONE',  ( -1.000000000000000000, 0.0000000000000000000, 0.0000000000000000000 ) ) ;
#2739 = CARTESIAN_POINT ( 'NONE',  ( -1.725000000000000800, 0.6218078318274387100, -0.7850000000000000300 ) ) ;
#2740 = EDGE_CURVE ( 'NONE', #7227, #6889, #10925, .T. ) ;
#2741 = CARTESIAN_POINT ( 'NONE',  ( -0.8599999999999999900, 0.2030000000000000100, 1.650000000000000800 ) ) ;
#2742 = LINE ( 'NONE', #2136, #10708 ) ;
#2743 = CARTESIAN_POINT ( 'NONE',  ( 2.000000000000000900, 0.6218078318274388200, 0.3350000000000000200 ) ) ;
#2744 = CARTESIAN_POINT ( 'NONE',  ( -1.310000000000000300, 0.2030000000000000100, -1.725000000000000300 ) ) ;
#2745 = DIRECTION ( 'NONE',  ( 0.0000000000000000000, 0.0000000000000000000, -1.000000000000000000 ) ) ;
#2746 = VERTEX_POINT ( 'NONE', #11156 ) ;
#2747 = UNCERTAINTY_MEASURE_WITH_UNIT (LENGTH_MEASURE( 1.000000000000000100E-005 ), #2379, 'distance_accuracy_value', 'NONE');
#2748 = ORIENTED_EDGE ( 'NONE', *, *, #5876, .F. ) ;
#2749 = VECTOR ( 'NONE', #8569, 1000.000000000000000 ) ;
#2750 = SURFACE_STYLE_FILL_AREA ( #631 ) ;
#2751 = DIRECTION ( 'NONE',  ( 0.0000000000000000000, 0.0000000000000000000, -1.000000000000000000 ) ) ;
#2752 = VECTOR ( 'NONE', #577, 1000.000000000000000 ) ;
#2753 = DIRECTION ( 'NONE',  ( 0.0000000000000000000, -1.000000000000000000, 0.0000000000000000000 ) ) ;
#2754 = EDGE_CURVE ( 'NONE', #11735, #3901, #11374, .T. ) ;
#2755 = EDGE_CURVE ( 'NONE', #3319, #734, #8188, .T. ) ;
#2756 = CARTESIAN_POINT ( 'NONE',  ( 1.650000000000000800, 0.05000000000000023900, -0.4100000000000004200 ) ) ;
#2758 = ORIENTED_EDGE ( 'NONE', *, *, #7060, .F. ) ;
#2757 = SURFACE_SIDE_STYLE ('',( #7141 ) ) ;
#2759 = CARTESIAN_POINT ( 'NONE',  ( 0.4899999999999999900, 0.2030000000000000100, 1.650000000000000800 ) ) ;
#2760 = ORIENTED_EDGE ( 'NONE', *, *, #794, .F. ) ;
#2761 = FACE_OUTER_BOUND ( 'NONE', #6137, .T. ) ;
#2762 = DIRECTION ( 'NONE',  ( 1.000000000000000000, -0.0000000000000000000, -0.0000000000000000000 ) ) ;
#2763 = CARTESIAN_POINT ( 'NONE',  ( 0.3349999999999998000, 0.2030000000000000100, -2.000000000000000400 ) ) ;
#2764 = DIRECTION ( 'NONE',  ( 0.0000000000000000000, 0.0000000000000000000, -1.000000000000000000 ) ) ;
#2765 = VERTEX_POINT ( 'NONE', #5567 ) ;
#2766 = CARTESIAN_POINT ( 'NONE',  ( 0.1150000000000005200, 0.2030000000000000100, 1.725000000000001200 ) ) ;
#2767 = EDGE_LOOP ( 'NONE', ( #7779, #1990, #11064, #11154 ) ) ;
#2768 = CARTESIAN_POINT ( 'NONE',  ( 1.999999999999999100, 0.05000000000000000300, -2.000000000000000400 ) ) ;
#2769 = ADVANCED_FACE ( 'NONE', ( #8963 ), #4494, .T. ) ;
#2770 = DIRECTION ( 'NONE',  ( -1.000000000000000000, 0.0000000000000000000, 0.0000000000000000000 ) ) ;
#2771 = VERTEX_POINT ( 'NONE', #3566 ) ;
#2772 = EDGE_LOOP ( 'NONE', ( #2316, #9941, #8164, #3794 ) ) ;
#2773 = AXIS2_PLACEMENT_3D ( 'NONE', #9937, #11750, #2194 ) ;
#2774 = ORIENTED_EDGE ( 'NONE', *, *, #3698, .F. ) ;
#2775 = VERTEX_POINT ( 'NONE', #12187 ) ;
#2776 = AXIS2_PLACEMENT_3D ( 'NONE', #3910, #4700, #8547 ) ;
#2777 = DIRECTION ( 'NONE',  ( 0.0000000000000000000, 0.0000000000000000000, 1.000000000000000000 ) ) ;
#2778 = ORIENTED_EDGE ( 'NONE', *, *, #3398, .T. ) ;
#2779 = EDGE_CURVE ( 'NONE', #6889, #7664, #5659, .T. ) ;
#2780 = VECTOR ( 'NONE', #6920, 1000.000000000000000 ) ;
#2781 = ORIENTED_EDGE ( 'NONE', *, *, #5998, .F. ) ;
#2782 = LINE ( 'NONE', #1857, #106 ) ;
#2783 = EDGE_CURVE ( 'NONE', #2070, #5751, #9885, .T. ) ;
#2784 = CARTESIAN_POINT ( 'NONE',  ( 1.650000000000000800, 0.05000000000000023900, 0.8599999999999994300 ) ) ;
#2785 = DIRECTION ( 'NONE',  ( 1.577021341797097400E-015, 0.0000000000000000000, -1.000000000000000000 ) ) ;
#2786 = ORIENTED_EDGE ( 'NONE', *, *, #8623, .F. ) ;
#2787 = CARTESIAN_POINT ( 'NONE',  ( -1.650000000000000800, 0.05000000000000023900, -0.03999999999999989000 ) ) ;
#2788 = DIRECTION ( 'NONE',  ( 1.000000000000000000, 0.0000000000000000000, -0.0000000000000000000 ) ) ;
#2789 = LINE ( 'NONE', #4648, #11057 ) ;
#2790 = EDGE_LOOP ( 'NONE', ( #6103, #1042, #1039, #6545 ) ) ;
#2791 = PLANE ( 'NONE',  #5480 ) ;
#2792 = FACE_OUTER_BOUND ( 'NONE', #10610, .T. ) ;
#2793 = CIRCLE ( 'NONE', #1160, 0.07499999999999998300 ) ;
#2794 = VERTEX_POINT ( 'NONE', #4533 ) ;
#2795 = ORIENTED_EDGE ( 'NONE', *, *, #2898, .T. ) ;
#2796 = DIRECTION ( 'NONE',  ( 0.0000000000000000000, 1.000000000000000000, 0.0000000000000000000 ) ) ;
#2797 = EDGE_LOOP ( 'NONE', ( #5506, #4056, #10043, #2850, #5687, #4143 ) ) ;
#2798 = CARTESIAN_POINT ( 'NONE',  ( -1.725000000000000800, 0.2030000000000000100, 0.7849999999999999200 ) ) ;
#2799 = EDGE_CURVE ( 'NONE', #1064, #8739, #2201, .T. ) ;
#2800 = DIRECTION ( 'NONE',  ( 0.0000000000000000000, 1.000000000000000000, 0.0000000000000000000 ) ) ;
#2801 = ADVANCED_FACE ( 'NONE', ( #4471 ), #6401, .T. ) ;
#2802 = PLANE ( 'NONE',  #3807 ) ;
#2803 = FACE_OUTER_BOUND ( 'NONE', #7873, .T. ) ;
#2804 = CARTESIAN_POINT ( 'NONE',  ( 2.000000000000000900, 0.2030000000000000100, -0.7850000000000000300 ) ) ;
#2805 = CIRCLE ( 'NONE', #4387, 0.07499999999999998300 ) ;
#2806 = ORIENTED_EDGE ( 'NONE', *, *, #7680, .F. ) ;
#2807 = CARTESIAN_POINT ( 'NONE',  ( -1.725000000000000800, 0.6218078318274388200, 0.9399999999999998400 ) ) ;
#2808 = DIRECTION ( 'NONE',  ( 1.000000000000000000, 0.0000000000000000000, -0.0000000000000000000 ) ) ;
#2809 = ORIENTED_EDGE ( 'NONE', *, *, #4895, .F. ) ;
#2810 = DIRECTION ( 'NONE',  ( -0.0000000000000000000, -1.000000000000000000, -0.0000000000000000000 ) ) ;
#2811 = DIRECTION ( 'NONE',  ( 0.0000000000000000000, -1.000000000000000000, 0.0000000000000000000 ) ) ;
#2812 = VERTEX_POINT ( 'NONE', #805 ) ;
#2813 = EDGE_CURVE ( 'NONE', #4225, #2531, #11217, .T. ) ;
#2814 = DIRECTION ( 'NONE',  ( 0.0000000000000000000, -0.0000000000000000000, 1.000000000000000000 ) ) ;
#2815 = DIRECTION ( 'NONE',  ( -2.365532012695645400E-015, 0.0000000000000000000, 1.000000000000000000 ) ) ;
#2816 = CARTESIAN_POINT ( 'NONE',  ( 2.000000000000000900, 0.0000000000000000000, -0.1149999999999998700 ) ) ;
#2817 = VECTOR ( 'NONE', #3344, 1000.000000000000000 ) ;
#2818 = VECTOR ( 'NONE', #4412, 1000.000000000000000 ) ;
#2819 = EDGE_CURVE ( 'NONE', #470, #7966, #8654, .T. ) ;
#2820 = LINE ( 'NONE', #3289, #5813 ) ;
#2821 = ORIENTED_EDGE ( 'NONE', *, *, #4001, .F. ) ;
#2822 = VERTEX_POINT ( 'NONE', #11199 ) ;
#2823 = ORIENTED_EDGE ( 'NONE', *, *, #11482, .F. ) ;
#2824 = ORIENTED_EDGE ( 'NONE', *, *, #11101, .F. ) ;
#2825 = CARTESIAN_POINT ( 'NONE',  ( -1.725000000000000800, 0.6218078318274388200, 0.3350000000000000200 ) ) ;
#2826 = CARTESIAN_POINT ( 'NONE',  ( 2.000000000000000900, 0.6218078318274388200, 1.465000000000000100 ) ) ;
#2827 = CARTESIAN_POINT ( 'NONE',  ( -0.5650000000000003900, 0.2030000000000000100, -1.725000000000000300 ) ) ;
#2828 = LINE ( 'NONE', #5700, #10062 ) ;
#2829 = FACE_OUTER_BOUND ( 'NONE', #7957, .T. ) ;
#2830 = DIRECTION ( 'NONE',  ( 2.891205793294679000E-015, 0.0000000000000000000, 1.000000000000000000 ) ) ;
#2831 = AXIS2_PLACEMENT_3D ( 'NONE', #6295, #9170, #11053 ) ;
#2832 = ORIENTED_EDGE ( 'NONE', *, *, #192, .F. ) ;
#2833 = CARTESIAN_POINT ( 'NONE',  ( 1.725000000000000800, 0.6218078318274388200, 0.1149999999999996600 ) ) ;
#2834 = VERTEX_POINT ( 'NONE', #6486 ) ;
#2835 = ADVANCED_FACE ( 'NONE', ( #4170 ), #1678, .T. ) ;
#2836 = EDGE_LOOP ( 'NONE', ( #9342, #2703, #3256, #10897 ) ) ;
#2837 = EDGE_CURVE ( 'NONE', #3813, #3471, #6404, .T. ) ;
#2838 = CARTESIAN_POINT ( 'NONE',  ( 1.805000000000001500, 0.2030000000000000100, 1.465000000000000500 ) ) ;
#2839 = ORIENTED_EDGE ( 'NONE', *, *, #4548, .F. ) ;
#2840 = EDGE_CURVE ( 'NONE', #1815, #2081, #1778, .T. ) ;
#2841 = ORIENTED_EDGE ( 'NONE', *, *, #7292, .F. ) ;
#2842 = VECTOR ( 'NONE', #4534, 1000.000000000000000 ) ;
#2843 = DIRECTION ( 'NONE',  ( -9.035018104045872900E-016, 0.0000000000000000000, 1.000000000000000000 ) ) ;
#2844 = LINE ( 'NONE', #5722, #5378 ) ;
#2845 = CARTESIAN_POINT ( 'NONE',  ( 1.465000000000000500, 0.0000000000000000000, -2.000000000000000400 ) ) ;
#2846 = LINE ( 'NONE', #4114, #457 ) ;
#2847 = ORIENTED_EDGE ( 'NONE', *, *, #7715, .F. ) ;
#2848 = EDGE_LOOP ( 'NONE', ( #8831, #6964, #10621, #11886 ) ) ;
#2849 = DIRECTION ( 'NONE',  ( 1.000000000000000000, 0.0000000000000000000, 1.577021341797097400E-015 ) ) ;
#2850 = ORIENTED_EDGE ( 'NONE', *, *, #100, .F. ) ;
#2851 = ORIENTED_EDGE ( 'NONE', *, *, #206, .T. ) ;
#2852 = DIRECTION ( 'NONE',  ( 0.0000000000000000000, -0.0000000000000000000, 1.000000000000000000 ) ) ;
#2853 = DIRECTION ( 'NONE',  ( 0.0000000000000000000, -1.000000000000000000, 0.0000000000000000000 ) ) ;
#2854 = DIRECTION ( 'NONE',  ( 0.0000000000000000000, 0.0000000000000000000, -1.000000000000000000 ) ) ;
#2855 = CARTESIAN_POINT ( 'NONE',  ( 1.650000000000000800, 0.2030000000000000100, -0.9400000000000003900 ) ) ;
#2856 = DIRECTION ( 'NONE',  ( 0.0000000000000000000, 0.0000000000000000000, 1.000000000000000000 ) ) ;
#2857 = AXIS2_PLACEMENT_3D ( 'NONE', #9538, #4739, #3908 ) ;
#2858 = LINE ( 'NONE', #3616, #5103 ) ;
#2859 = DIRECTION ( 'NONE',  ( -0.0000000000000000000, -1.000000000000000000, -0.0000000000000000000 ) ) ;
#2860 = EDGE_CURVE ( 'NONE', #6253, #11542, #3568, .T. ) ;
#2861 = CYLINDRICAL_SURFACE ( 'NONE', #9421, 0.07499999999999998300 ) ;
#2862 = CARTESIAN_POINT ( 'NONE',  ( -0.3349999999999995800, 0.2030000000000000100, 1.725000000000001200 ) ) ;
#2863 = ORIENTED_EDGE ( 'NONE', *, *, #7928, .F. ) ;
#2864 = ORIENTED_EDGE ( 'NONE', *, *, #9291, .T. ) ;
#2865 = CARTESIAN_POINT ( 'NONE',  ( -2.000000000000000900, 0.6218078318274388200, 0.3350000000000000200 ) ) ;
#2866 = ADVANCED_FACE ( 'NONE', ( #11961 ), #9316, .F. ) ;
#2867 = VECTOR ( 'NONE', #9556, 1000.000000000000000 ) ;
#2868 = CARTESIAN_POINT ( 'NONE',  ( -2.000000000000000900, 0.0000000000000000000, 1.235000000000000100 ) ) ;
#2869 = CLOSED_SHELL ( 'NONE', ( #3739, #4786, #991, #652, #9775, #9805, #6117, #4500 ) ) ;
#2870 = VERTEX_POINT ( 'NONE', #11276 ) ;
#2871 = ORIENTED_EDGE ( 'NONE', *, *, #2952, .T. ) ;
#2872 = DIRECTION ( 'NONE',  ( 0.0000000000000000000, 1.000000000000000000, 0.0000000000000000000 ) ) ;
#2873 = EDGE_CURVE ( 'NONE', #11957, #2342, #4028, .T. ) ;
#2874 = LINE ( 'NONE', #9870, #10694 ) ;
#2875 = LINE ( 'NONE', #1851, #348 ) ;
#2876 = DIRECTION ( 'NONE',  ( -1.000000000000000000, 0.0000000000000000000, 0.0000000000000000000 ) ) ;
#2877 = AXIS2_PLACEMENT_3D ( 'NONE', #11723, #9010, #4156 ) ;
#2878 = ORIENTED_EDGE ( 'NONE', *, *, #5583, .F. ) ;
#2879 = EDGE_LOOP ( 'NONE', ( #4928, #133, #11186, #122 ) ) ;
#2880 = DIRECTION ( 'NONE',  ( -7.885106708985485100E-016, -0.0000000000000000000, 1.000000000000000000 ) ) ;
#2881 = CARTESIAN_POINT ( 'NONE',  ( 1.650000000000000800, 0.2030000000000001000, 1.310000000000000500 ) ) ;
#2882 = LINE ( 'NONE', #1807, #7209 ) ;
#2883 = FILL_AREA_STYLE ('',( #8704 ) ) ;
#2884 = VECTOR ( 'NONE', #5028, 1000.000000000000000 ) ;
#2885 = EDGE_CURVE ( 'NONE', #6698, #11177, #9437, .T. ) ;
#2886 = CARTESIAN_POINT ( 'NONE',  ( -2.000000000000000900, 0.6218078318274388200, 1.014999999999999900 ) ) ;
#2887 = ADVANCED_FACE ( 'NONE', ( #4316 ), #10456, .F. ) ;
#2888 = ORIENTED_EDGE ( 'NONE', *, *, #11146, .F. ) ;
#2889 = ORIENTED_EDGE ( 'NONE', *, *, #6985, .T. ) ;
#2890 = VECTOR ( 'NONE', #8310, 1000.000000000000000 ) ;
#2891 = DIRECTION ( 'NONE',  ( -0.7071067811865474600, 0.0000000000000000000, -0.7071067811865474600 ) ) ;
#2892 = AXIS2_PLACEMENT_3D ( 'NONE', #2744, #8432, #5671 ) ;
#2893 = CARTESIAN_POINT ( 'NONE',  ( -1.300000000000000300, 3.879955262170047700, -0.9499999999999990700 ) ) ;
#2894 = CARTESIAN_POINT ( 'NONE',  ( -0.04000000000000010500, 0.2030000000000000100, -1.650000000000000100 ) ) ;
#2895 = DIRECTION ( 'NONE',  ( 0.0000000000000000000, -1.000000000000000000, 0.0000000000000000000 ) ) ;
#2896 = ORIENTED_EDGE ( 'NONE', *, *, #11965, .F. ) ;
#2897 = MANIFOLD_SOLID_BREP ( 'LPattern4[3]', #11364 ) ;
#2898 = EDGE_CURVE ( 'NONE', #12051, #11967, #8802, .T. ) ;
#2899 = ORIENTED_EDGE ( 'NONE', *, *, #3618, .T. ) ;
#2900 = VECTOR ( 'NONE', #6058, 1000.000000000000000 ) ;
#2901 = DIRECTION ( 'NONE',  ( 1.577021341797097400E-015, 0.0000000000000000000, -1.000000000000000000 ) ) ;
#2902 = COLOUR_RGB ( '',0.2509803921568627400, 0.2509803921568627400, 0.2509803921568627400 ) ;
#2903 = DIRECTION ( 'NONE',  ( 1.000000000000000000, -0.0000000000000000000, 1.577021341797097400E-015 ) ) ;
#2904 = EDGE_LOOP ( 'NONE', ( #1182, #6472, #4360, #235 ) ) ;
#2905 = ORIENTED_EDGE ( 'NONE', *, *, #10095, .T. ) ;
#2906 = ORIENTED_EDGE ( 'NONE', *, *, #11333, .F. ) ;
#2907 = AXIS2_PLACEMENT_3D ( 'NONE', #8119, #4426, #9126 ) ;
#2908 = CARTESIAN_POINT ( 'NONE',  ( 1.725000000000000800, 0.6218078318274388200, 0.7849999999999994800 ) ) ;
#2909 = LINE ( 'NONE', #12409, #5606 ) ;
#2910 = EDGE_CURVE ( 'NONE', #7819, #11094, #12402, .T. ) ;
#2911 = ORIENTED_EDGE ( 'NONE', *, *, #162, .T. ) ;
#2912 = EDGE_CURVE ( 'NONE', #2183, #10013, #3090, .T. ) ;
#2913 = CIRCLE ( 'NONE', #2626, 0.07499999999999998300 ) ;
#2914 = ADVANCED_FACE ( 'NONE', ( #578 ), #2058, .F. ) ;
#2915 = EDGE_CURVE ( 'NONE', #4559, #9081, #11645, .T. ) ;
#2916 = DIRECTION ( 'NONE',  ( 1.000000000000000000, 0.0000000000000000000, 0.0000000000000000000 ) ) ;
#2917 = PLANE ( 'NONE',  #3457 ) ;
#2918 = ORIENTED_EDGE ( 'NONE', *, *, #3943, .F. ) ;
#2919 = VECTOR ( 'NONE', #5301, 1000.000000000000000 ) ;
#2920 = DIRECTION ( 'NONE',  ( 0.0000000000000000000, 0.0000000000000000000, 1.000000000000000000 ) ) ;
#2921 = CARTESIAN_POINT ( 'NONE',  ( -0.4900000000000002100, 0.04999999999999999600, -1.650000000000000100 ) ) ;
#2922 = CARTESIAN_POINT ( 'NONE',  ( -0.7850000000000002500, 0.6218078318274390400, -1.725000000000000300 ) ) ;
#2923 = ORIENTED_EDGE ( 'NONE', *, *, #8227, .T. ) ;
#2924 = VECTOR ( 'NONE', #10652, 1000.000000000000000 ) ;
#2925 = ORIENTED_EDGE ( 'NONE', *, *, #5740, .T. ) ;
#2926 = CARTESIAN_POINT ( 'NONE',  ( 1.310000000000000500, 0.2030000000000001000, -1.650000000000000800 ) ) ;
#2927 = FACE_OUTER_BOUND ( 'NONE', #2904, .T. ) ;
#2928 = ORIENTED_EDGE ( 'NONE', *, *, #8603, .T. ) ;
#2929 = AXIS2_PLACEMENT_3D ( 'NONE', #6795, #7761, #5754 ) ;
#2930 = VERTEX_POINT ( 'NONE', #9723 ) ;
#2931 = DIRECTION ( 'NONE',  ( 0.0000000000000000000, 1.000000000000000000, 0.0000000000000000000 ) ) ;
#2932 = DIRECTION ( 'NONE',  ( 0.0000000000000000000, -1.000000000000000000, 0.0000000000000000000 ) ) ;
#2933 = AXIS2_PLACEMENT_3D ( 'NONE', #6360, #2559, #6285 ) ;
#2934 = DIRECTION ( 'NONE',  ( -1.000000000000000000, 0.0000000000000000000, -2.365532012695645400E-015 ) ) ;
#2935 = VERTEX_POINT ( 'NONE', #10754 ) ;
#2936 = PLANE ( 'NONE',  #8122 ) ;
#2937 = EDGE_CURVE ( 'NONE', #4453, #4351, #8036, .T. ) ;
#2938 = VECTOR ( 'NONE', #11851, 1000.000000000000000 ) ;
#2939 = DIRECTION ( 'NONE',  ( -1.000000000000000000, 0.0000000000000000000, 0.0000000000000000000 ) ) ;
#2940 = DIRECTION ( 'NONE',  ( 0.0000000000000000000, 1.000000000000000000, 0.0000000000000000000 ) ) ;
#2941 = LINE ( 'NONE', #2140, #7132 ) ;
#2942 = VERTEX_POINT ( 'NONE', #3953 ) ;
#2943 = ORIENTED_EDGE ( 'NONE', *, *, #7689, .F. ) ;
#2944 = VERTEX_POINT ( 'NONE', #6906 ) ;
#2945 = ORIENTED_EDGE ( 'NONE', *, *, #9179, .F. ) ;
#2946 = DIRECTION ( 'NONE',  ( -0.0000000000000000000, -1.000000000000000000, -0.0000000000000000000 ) ) ;
#2947 = ADVANCED_FACE ( 'NONE', ( #129 ), #8762, .F. ) ;
#2948 = CARTESIAN_POINT ( 'NONE',  ( 0.7849999999999994800, 0.6218078318274392600, -1.725000000000000300 ) ) ;
#2949 = VECTOR ( 'NONE', #8620, 1000.000000000000000 ) ;
#2950 = AXIS2_PLACEMENT_3D ( 'NONE', #12425, #4672, #5703 ) ;
#2951 = ORIENTED_EDGE ( 'NONE', *, *, #8735, .T. ) ;
#2952 = EDGE_CURVE ( 'NONE', #8338, #3203, #4612, .T. ) ;
#2953 = CARTESIAN_POINT ( 'NONE',  ( 0.5649999999999997200, 0.0000000000000000000, -1.725000000000000300 ) ) ;
#2954 = ORIENTED_EDGE ( 'NONE', *, *, #890, .F. ) ;
#2955 = ORIENTED_EDGE ( 'NONE', *, *, #9834, .T. ) ;
#2956 = ORIENTED_EDGE ( 'NONE', *, *, #8208, .F. ) ;
#2957 = PLANE ( 'NONE',  #4198 ) ;
#2958 = LINE ( 'NONE', #7947, #7152 ) ;
#2959 = LINE ( 'NONE', #2865, #442 ) ;
#2960 =( LENGTH_UNIT ( ) NAMED_UNIT ( * ) SI_UNIT ( .MILLI., .METRE. ) );
#2961 = VERTEX_POINT ( 'NONE', #1102 ) ;
#2962 = EDGE_CURVE ( 'NONE', #5929, #7548, #10332, .T. ) ;
#2963 = CARTESIAN_POINT ( 'NONE',  ( -2.310336265732742800E-015, 0.05000000000000000300, 1.464999999999997000 ) ) ;
#2964 = ORIENTED_EDGE ( 'NONE', *, *, #3973, .T. ) ;
#2965 = ORIENTED_EDGE ( 'NONE', *, *, #1714, .F. ) ;
#2966 = AXIS2_PLACEMENT_3D ( 'NONE', #4674, #921, #994 ) ;
#2967 = DIRECTION ( 'NONE',  ( -0.0000000000000000000, -1.000000000000000000, -0.0000000000000000000 ) ) ;
#2968 = ORIENTED_EDGE ( 'NONE', *, *, #3666, .F. ) ;
#2969 = EDGE_CURVE ( 'NONE', #7448, #2822, #9117, .T. ) ;
#2970 = LINE ( 'NONE', #1669, #4639 ) ;
#2971 = CARTESIAN_POINT ( 'NONE',  ( -2.000000000000000900, 0.6218078318274388200, 1.465000000000000100 ) ) ;
#2972 = CARTESIAN_POINT ( 'NONE',  ( 1.650000000000000800, 0.6218078318274388200, 0.03999999999999967500 ) ) ;
#2973 = CARTESIAN_POINT ( 'NONE',  ( -1.600000000000000800, 0.8000000000000000400, -1.600000000000000300 ) ) ;
#2974 = ADVANCED_FACE ( 'NONE', ( #4463 ), #11655, .T. ) ;
#2975 = EDGE_LOOP ( 'NONE', ( #2242, #7558, #9901, #3021 ) ) ;
#2976 = DIRECTION ( 'NONE',  ( 0.0000000000000000000, 0.0000000000000000000, -1.000000000000000000 ) ) ;
#2977 = CARTESIAN_POINT ( 'NONE',  ( 2.000000000000000900, 0.0000000000000000000, -1.464999999999999900 ) ) ;
#2978 = ORIENTED_EDGE ( 'NONE', *, *, #12209, .T. ) ;
#2979 = ORIENTED_EDGE ( 'NONE', *, *, #6836, .F. ) ;
#2980 = CARTESIAN_POINT ( 'NONE',  ( -0.3350000000000002400, 0.0000000000000000000, -1.725000000000000300 ) ) ;
#2981 = CARTESIAN_POINT ( 'NONE',  ( 1.725000000000000800, 0.0000000000000000000, -1.235000000000000300 ) ) ;
#2982 = AXIS2_PLACEMENT_3D ( 'NONE', #4397, #12013, #8217 ) ;
#2983 = VECTOR ( 'NONE', #685, 1000.000000000000000 ) ;
#2984 = DIRECTION ( 'NONE',  ( -0.0000000000000000000, -1.000000000000000000, -0.0000000000000000000 ) ) ;
#2985 = LINE ( 'NONE', #5435, #467 ) ;
#2986 = EDGE_CURVE ( 'NONE', #7197, #108, #9873, .T. ) ;
#2987 = CARTESIAN_POINT ( 'NONE',  ( 1.299999999999998700, 0.2030000000000000700, 1.300000000000001200 ) ) ;
#2988 = EDGE_CURVE ( 'NONE', #9877, #9542, #7737, .T. ) ;
#2989 = ORIENTED_EDGE ( 'NONE', *, *, #6279, .T. ) ;
#2990 = EDGE_LOOP ( 'NONE', ( #11526, #2169, #8398, #2125 ) ) ;
#2991 = DIRECTION ( 'NONE',  ( -1.000000000000000000, 0.0000000000000000000, 0.0000000000000000000 ) ) ;
#2993 = VECTOR ( 'NONE', #11895, 1000.000000000000000 ) ;
#2992 = CARTESIAN_POINT ( 'NONE',  ( -1.725000000000000800, 0.05000000000000002400, 0.04000000000000010500 ) ) ;
#2994 = VECTOR ( 'NONE', #8688, 1000.000000000000000 ) ;
#2995 = CARTESIAN_POINT ( 'NONE',  ( -1.300000000000000700, 0.2030000000000000700, 1.300000000000000700 ) ) ;
#2996 = FACE_OUTER_BOUND ( 'NONE', #6007, .T. ) ;
#2997 = DIRECTION ( 'NONE',  ( -0.0000000000000000000, -1.000000000000000000, -0.0000000000000000000 ) ) ;
#2998 = AXIS2_PLACEMENT_3D ( 'NONE', #4778, #11637, #9662 ) ;
#2999 = CARTESIAN_POINT ( 'NONE',  ( -1.310000000000000300, 0.6218078318274392600, -1.650000000000000400 ) ) ;
#3000 = VERTEX_POINT ( 'NONE', #2132 ) ;
#3001 = EDGE_CURVE ( 'NONE', #1623, #7162, #11072, .T. ) ;
#3002 = CARTESIAN_POINT ( 'NONE',  ( -0.3349999999999995800, 0.04999999999999969700, -2.000000000000000400 ) ) ;
#3003 = ADVANCED_FACE ( 'NONE', ( #5502 ), #2008, .T. ) ;
#3004 = PLANE ( 'NONE',  #8076 ) ;
#3005 = VECTOR ( 'NONE', #11149, 1000.000000000000000 ) ;
#3006 = EDGE_CURVE ( 'NONE', #11314, #10842, #5207, .T. ) ;
#3007 = VECTOR ( 'NONE', #347, 1000.000000000000000 ) ;
#3008 = DIRECTION ( 'NONE',  ( 0.0000000000000000000, -1.000000000000000000, 0.0000000000000000000 ) ) ;
#3009 = ORIENTED_EDGE ( 'NONE', *, *, #3229, .T. ) ;
#3010 = LINE ( 'NONE', #3868, #3472 ) ;
#3011 = DIRECTION ( 'NONE',  ( 1.000000000000000000, -0.0000000000000000000, -0.0000000000000000000 ) ) ;
#3012 = AXIS2_PLACEMENT_3D ( 'NONE', #8964, #5189, #7022 ) ;
#3013 = CARTESIAN_POINT ( 'NONE',  ( -2.000000000000000900, 0.04999999999999991300, -1.464999999999999900 ) ) ;
#3014 = DIRECTION ( 'NONE',  ( 1.000000000000000000, -0.0000000000000000000, 1.577021341797097400E-015 ) ) ;
#3015 = VECTOR ( 'NONE', #5087, 1000.000000000000000 ) ;
#3016 = STYLED_ITEM ( 'NONE', ( #1911 ), #2683 ) ;
#3017 = CARTESIAN_POINT ( 'NONE',  ( -1.857503272058750300, 0.2030000000000000100, 1.517503272058749800 ) ) ;
#3018 = CARTESIAN_POINT ( 'NONE',  ( -1.310000000000000300, 0.2030000000000000100, -1.725000000000000300 ) ) ;
#3019 = EDGE_CURVE ( 'NONE', #7367, #4614, #7879, .T. ) ;
#3020 = ORIENTED_EDGE ( 'NONE', *, *, #4851, .T. ) ;
#3021 = ORIENTED_EDGE ( 'NONE', *, *, #2420, .T. ) ;
#3022 = VECTOR ( 'NONE', #8895, 1000.000000000000000 ) ;
#3023 = CARTESIAN_POINT ( 'NONE',  ( -2.000000000000000900, 0.6218078318274388200, 1.465000000000000100 ) ) ;
#3024 = FACE_OUTER_BOUND ( 'NONE', #10424, .T. ) ;
#3025 = DIRECTION ( 'NONE',  ( 0.0000000000000000000, 1.000000000000000000, 0.0000000000000000000 ) ) ;
#3026 = EDGE_CURVE ( 'NONE', #11138, #6375, #12093, .T. ) ;
#3027 = ADVANCED_FACE ( 'NONE', ( #2803 ), #10037, .F. ) ;
#3028 = CARTESIAN_POINT ( 'NONE',  ( 0.7849999999999997000, 0.0000000000000000000, -2.000000000000000400 ) ) ;
#3029 = MECHANICAL_DESIGN_GEOMETRIC_PRESENTATION_REPRESENTATION (  '', ( #6651 ), #10308 ) ;
#3030 = ORIENTED_EDGE ( 'NONE', *, *, #7964, .F. ) ;
#3031 = DIRECTION ( 'NONE',  ( 7.885106708985485100E-016, 0.0000000000000000000, -1.000000000000000000 ) ) ;
#3032 = VERTEX_POINT ( 'NONE', #6119 ) ;
#3033 = FACE_OUTER_BOUND ( 'NONE', #7914, .T. ) ;
#3034 = PLANE ( 'NONE',  #12344 ) ;
#3035 = CARTESIAN_POINT ( 'NONE',  ( -0.4099999999999999800, 0.6218078318274392600, 1.650000000000000800 ) ) ;
#3036 = EDGE_CURVE ( 'NONE', #2369, #1178, #2048, .T. ) ;
#3037 = LINE ( 'NONE', #3594, #8276 ) ;
#3038 = DIRECTION ( 'NONE',  ( 0.0000000000000000000, -0.0000000000000000000, 1.000000000000000000 ) ) ;
#3039 = CIRCLE ( 'NONE', #5591, 0.07499999999999998300 ) ;
#3040 = DIRECTION ( 'NONE',  ( 0.0000000000000000000, -1.000000000000000000, 0.0000000000000000000 ) ) ;
#3041 = CARTESIAN_POINT ( 'NONE',  ( -0.7849999999999991400, 0.2030000000000000100, 2.000000000000000400 ) ) ;
#3042 = DIRECTION ( 'NONE',  ( -0.0000000000000000000, -1.000000000000000000, -0.0000000000000000000 ) ) ;
#3043 = ORIENTED_EDGE ( 'NONE', *, *, #3320, .T. ) ;
#3044 = MANIFOLD_SOLID_BREP ( 'LPattern4[10]', #6512 ) ;
#3045 = ORIENTED_EDGE ( 'NONE', *, *, #9078, .F. ) ;
#3046 = CARTESIAN_POINT ( 'NONE',  ( 1.725000000000000800, 0.6218078318274388200, 0.1149999999999996600 ) ) ;
#3047 = LINE ( 'NONE', #12291, #2003 ) ;
#3048 =( GEOMETRIC_REPRESENTATION_CONTEXT ( 3 ) GLOBAL_UNCERTAINTY_ASSIGNED_CONTEXT ( ( #88 ) ) GLOBAL_UNIT_ASSIGNED_CONTEXT ( ( #8290, #3451, #2567 ) ) REPRESENTATION_CONTEXT ( 'NONE', 'WORKASPACE' ) );
#3049 = EDGE_LOOP ( 'NONE', ( #8983, #1743, #2, #450 ) ) ;
#3050 = CARTESIAN_POINT ( 'NONE',  ( -0.4099999999999995300, 0.0000000000000000000, 1.725000000000000800 ) ) ;
#3051 = CARTESIAN_POINT ( 'NONE',  ( 0.9400000000000002800, 0.6218078318274392600, 1.725000000000000800 ) ) ;
#3052 = EDGE_CURVE ( 'NONE', #4772, #4306, #9737, .T. ) ;
#3053 = EDGE_CURVE ( 'NONE', #6292, #5719, #5342, .T. ) ;
#3054 = SURFACE_SIDE_STYLE ('',( #5721 ) ) ;
#3055 = ORIENTED_EDGE ( 'NONE', *, *, #5897, .F. ) ;
#3056 = ORIENTED_EDGE ( 'NONE', *, *, #9597, .F. ) ;
#3057 = ORIENTED_EDGE ( 'NONE', *, *, #12401, .T. ) ;
#3058 = EDGE_LOOP ( 'NONE', ( #4789, #8672, #3266, #11341 ) ) ;
#3059 = DIRECTION ( 'NONE',  ( -0.0000000000000000000, -1.000000000000000000, -0.0000000000000000000 ) ) ;
#3060 = ORIENTED_EDGE ( 'NONE', *, *, #6893, .T. ) ;
#3061 = LINE ( 'NONE', #4224, #7560 ) ;
#3062 = ADVANCED_FACE ( 'NONE', ( #10178 ), #3309, .T. ) ;
#3063 = EDGE_LOOP ( 'NONE', ( #8677, #9209, #3680, #11049 ) ) ;
#3064 = DIRECTION ( 'NONE',  ( 1.000000000000000000, 0.0000000000000000000, 1.668003342285392000E-016 ) ) ;
#3065 = VECTOR ( 'NONE', #1072, 1000.000000000000000 ) ;
#3066 = LINE ( 'NONE', #9638, #4130 ) ;
#3067 = ORIENTED_EDGE ( 'NONE', *, *, #5561, .F. ) ;
#3068 = AXIS2_PLACEMENT_3D ( 'NONE', #4811, #6630, #1795 ) ;
#3069 = DIRECTION ( 'NONE',  ( 0.0000000000000000000, 1.000000000000000000, 0.0000000000000000000 ) ) ;
#3070 = EDGE_CURVE ( 'NONE', #1740, #10799, #9264, .T. ) ;
#3071 = EDGE_CURVE ( 'NONE', #11093, #2935, #1607, .T. ) ;
#3072 = EDGE_CURVE ( 'NONE', #2944, #6134, #11790, .T. ) ;
#3073 = LINE ( 'NONE', #472, #2333 ) ;
#3074 = DIRECTION ( 'NONE',  ( 0.0000000000000000000, 0.0000000000000000000, 1.000000000000000000 ) ) ;
#3075 = EDGE_LOOP ( 'NONE', ( #6199, #5584, #3486, #7513, #1635 ) ) ;
#3076 = LINE ( 'NONE', #5545, #6825 ) ;
#3077 = ORIENTED_EDGE ( 'NONE', *, *, #5320, .F. ) ;
#3078 = CIRCLE ( 'NONE', #10414, 0.07499999999999998300 ) ;
#3079 = EDGE_LOOP ( 'NONE', ( #8647, #9460, #7097, #2548 ) ) ;
#3080 = CARTESIAN_POINT ( 'NONE',  ( 0.3350000000000002400, 0.6218078318274392600, 1.725000000000001200 ) ) ;
#3081 = ORIENTED_EDGE ( 'NONE', *, *, #304, .T. ) ;
#3082 = FILL_AREA_STYLE ('',( #6852 ) ) ;
#3083 = EDGE_LOOP ( 'NONE', ( #6241, #8979, #10438, #1355 ) ) ;
#3084 = DIRECTION ( 'NONE',  ( 0.0000000000000000000, 0.0000000000000000000, -1.000000000000000000 ) ) ;
#3085 = CARTESIAN_POINT ( 'NONE',  ( -1.725000000000000800, 0.6218078318274388200, -1.234999999999999900 ) ) ;
#3086 = DIRECTION ( 'NONE',  ( 0.0000000000000000000, -1.000000000000000000, 0.0000000000000000000 ) ) ;
#3087 = CARTESIAN_POINT ( 'NONE',  ( -0.3349999999999995800, 0.04999999999999999600, 1.725000000000001200 ) ) ;
#3088 = LINE ( 'NONE', #6732, #3553 ) ;
#3089 = AXIS2_PLACEMENT_3D ( 'NONE', #9296, #8296, #8342 ) ;
#3090 = CIRCLE ( 'NONE', #5524, 0.07499999999999998300 ) ;
#3091 = CARTESIAN_POINT ( 'NONE',  ( -1.725000000000000800, 0.0000000000000000000, -0.9399999999999999500 ) ) ;
#3092 = VECTOR ( 'NONE', #4127, 1000.000000000000000 ) ;
#3093 = CARTESIAN_POINT ( 'NONE',  ( -1.650000000000000800, 0.2030000000000000100, -0.8599999999999999900 ) ) ;
#3094 = VERTEX_POINT ( 'NONE', #361 ) ;
#3095 = AXIS2_PLACEMENT_3D ( 'NONE', #5901, #11736, #10636 ) ;
#3096 = DIRECTION ( 'NONE',  ( -0.0000000000000000000, 0.0000000000000000000, 1.000000000000000000 ) ) ;
#3097 = EDGE_LOOP ( 'NONE', ( #5199, #5673, #1501, #7077 ) ) ;
#3098 = EDGE_LOOP ( 'NONE', ( #12390, #10432, #12246, #2417 ) ) ;
#3099 = CARTESIAN_POINT ( 'NONE',  ( 1.234999999999999900, 0.2030000000000000100, -1.725000000000000300 ) ) ;
#3100 = ADVANCED_FACE ( 'NONE', ( #5112 ), #9945, .T. ) ;
#3101 = EDGE_CURVE ( 'NONE', #4475, #917, #2244, .T. ) ;
#3102 = DIRECTION ( 'NONE',  ( 0.0000000000000000000, 1.000000000000000000, 0.0000000000000000000 ) ) ;
#3103 = CARTESIAN_POINT ( 'NONE',  ( -1.725000000000000800, 0.2030000000000001000, 0.7849999999999999200 ) ) ;
#3104 = CARTESIAN_POINT ( 'NONE',  ( 0.3350000000000002400, 0.2030000000000001000, 2.000000000000000400 ) ) ;
#3105 = CARTESIAN_POINT ( 'NONE',  ( 0.03999999999999989000, 0.2030000000000000100, -1.650000000000000100 ) ) ;
#3106 = LINE ( 'NONE', #10673, #4180 ) ;
#3107 = LINE ( 'NONE', #7271, #886 ) ;
#3108 = DIRECTION ( 'NONE',  ( -0.0000000000000000000, -1.000000000000000000, 0.0000000000000000000 ) ) ;
#3109 = ORIENTED_EDGE ( 'NONE', *, *, #5561, .T. ) ;
#3110 = DIRECTION ( 'NONE',  ( -0.0000000000000000000, -1.000000000000000000, -0.0000000000000000000 ) ) ;
#3111 = VERTEX_POINT ( 'NONE', #8238 ) ;
#3112 = PRODUCT_RELATED_PRODUCT_CATEGORY ( 'part', '', ( #8838 ) ) ;
#3113 = EDGE_LOOP ( 'NONE', ( #8512, #9814, #11785, #7000 ) ) ;
#3114 = PLANE ( 'NONE',  #5009 ) ;
#3115 = VERTEX_POINT ( 'NONE', #5247 ) ;
#3116 = STYLED_ITEM ( 'NONE', ( #6430 ), #8663 ) ;
#3117 = AXIS2_PLACEMENT_3D ( 'NONE', #9098, #8020, #1389 ) ;
#3118 = FACE_OUTER_BOUND ( 'NONE', #2279, .T. ) ;
#3119 = DIRECTION ( 'NONE',  ( 0.0000000000000000000, 0.0000000000000000000, -1.000000000000000000 ) ) ;
#3120 = CIRCLE ( 'NONE', #7519, 0.07499999999999998300 ) ;
#3121 = EDGE_CURVE ( 'NONE', #6142, #1121, #5990, .T. ) ;
#3122 = DIRECTION ( 'NONE',  ( -0.7071067811865474600, -0.0000000000000000000, 0.7071067811865474600 ) ) ;
#3123 = FACE_OUTER_BOUND ( 'NONE', #7035, .T. ) ;
#3124 = ORIENTED_EDGE ( 'NONE', *, *, #2029, .T. ) ;
#3125 = CARTESIAN_POINT ( 'NONE',  ( -1.725000000000000800, 0.2030000000000001000, 1.014999999999999900 ) ) ;
#3126 = EDGE_LOOP ( 'NONE', ( #8977, #11786, #2148, #7048 ) ) ;
#3127 = ORIENTED_EDGE ( 'NONE', *, *, #11719, .T. ) ;
#3128 = CARTESIAN_POINT ( 'NONE',  ( -1.310000000000000500, 0.05000000000000000300, -1.650000000000000800 ) ) ;
#3129 = DIRECTION ( 'NONE',  ( 0.0000000000000000000, 0.0000000000000000000, 1.000000000000000000 ) ) ;
#3130 = CARTESIAN_POINT ( 'NONE',  ( -0.4099999999999995300, 0.6218078318274392600, 1.725000000000000800 ) ) ;
#3131 = VECTOR ( 'NONE', #6819, 1000.000000000000000 ) ;
#3132 = EDGE_CURVE ( 'NONE', #3572, #4585, #9299, .T. ) ;
#3133 = DIRECTION ( 'NONE',  ( 0.0000000000000000000, 0.0000000000000000000, 1.000000000000000000 ) ) ;
#3134 = CARTESIAN_POINT ( 'NONE',  ( -2.000000000000000900, 0.6218078318274388200, -0.3350000000000000200 ) ) ;
#3135 = ADVANCED_FACE ( 'NONE', ( #5529 ), #3444, .T. ) ;
#3136 = LINE ( 'NONE', #11274, #6577 ) ;
#3137 = STYLED_ITEM ( 'NONE', ( #2716 ), #5667 ) ;
#3138 = DIRECTION ( 'NONE',  ( -2.365532012695645400E-015, 0.0000000000000000000, 1.000000000000000000 ) ) ;
#3139 = ORIENTED_EDGE ( 'NONE', *, *, #7734, .F. ) ;
#3140 = VERTEX_POINT ( 'NONE', #8110 ) ;
#3141 = ORIENTED_EDGE ( 'NONE', *, *, #501, .F. ) ;
#3142 = EDGE_CURVE ( 'NONE', #881, #8007, #10201, .T. ) ;
#3143 = CARTESIAN_POINT ( 'NONE',  ( 1.299999999999998700, 0.2030000000000000700, -1.300000000000000300 ) ) ;
#3144 = DIRECTION ( 'NONE',  ( -2.365532012695645800E-015, 0.0000000000000000000, 1.000000000000000000 ) ) ;
#3145 = DIRECTION ( 'NONE',  ( 0.0000000000000000000, 1.000000000000000000, 0.0000000000000000000 ) ) ;
#3146 = VECTOR ( 'NONE', #11433, 1000.000000000000000 ) ;
#3147 = CARTESIAN_POINT ( 'NONE',  ( 1.310000000000000500, 0.2030000000000001000, -1.650000000000000800 ) ) ;
#3148 = CARTESIAN_POINT ( 'NONE',  ( 1.600676661924058400E-015, 0.05000000000000000300, -1.015000000000003000 ) ) ;
#3149 = ORIENTED_EDGE ( 'NONE', *, *, #5795, .T. ) ;
#3150 = ORIENTED_EDGE ( 'NONE', *, *, #9536, .F. ) ;
#3151 = DIRECTION ( 'NONE',  ( 0.0000000000000000000, -1.000000000000000000, 0.0000000000000000000 ) ) ;
#3152 = CARTESIAN_POINT ( 'NONE',  ( 1.234999999999999900, 0.2030000000000000700, -2.000000000000000400 ) ) ;
#3153 = LINE ( 'NONE', #4321, #5398 ) ;
#3154 = EDGE_CURVE ( 'NONE', #5905, #5420, #728, .T. ) ;
#3155 = EDGE_CURVE ( 'NONE', #836, #5640, #6681, .T. ) ;
#3156 = CIRCLE ( 'NONE', #2248, 0.07499999999999998300 ) ;
#3157 = DIRECTION ( 'NONE',  ( 0.0000000000000000000, 0.0000000000000000000, -1.000000000000000000 ) ) ;
#3158 = VERTEX_POINT ( 'NONE', #6289 ) ;
#3159 = CARTESIAN_POINT ( 'NONE',  ( -0.4099999999999995300, 0.2030000000000000100, 1.725000000000000800 ) ) ;
#3160 = ORIENTED_EDGE ( 'NONE', *, *, #3744, .T. ) ;
#3161 = ADVANCED_FACE ( 'NONE', ( #11868 ), #7346, .F. ) ;
#3162 = CIRCLE ( 'NONE', #6044, 0.07499999999999998300 ) ;
#3163 = PLANE ( 'NONE',  #4286 ) ;
#3164 = CARTESIAN_POINT ( 'NONE',  ( -1.725000000000000800, 0.6218078318274388200, -0.3350000000000000200 ) ) ;
#3165 = LINE ( 'NONE', #4521, #4532 ) ;
#3166 = CARTESIAN_POINT ( 'NONE',  ( -1.015000000000000300, 0.6218078318274390400, -2.000000000000000400 ) ) ;
#3167 = CARTESIAN_POINT ( 'NONE',  ( -2.168404344971011300E-016, 0.05000000000000000300, 1.300000000000000900 ) ) ;
#3168 = CARTESIAN_POINT ( 'NONE',  ( 0.4099999999999997500, 0.2030000000000000100, -1.725000000000000300 ) ) ;
#3169 = DIRECTION ( 'NONE',  ( 0.0000000000000000000, 0.0000000000000000000, -1.000000000000000000 ) ) ;
#3170 = EDGE_LOOP ( 'NONE', ( #11958, #5027, #1613, #6726 ) ) ;
#3171 = PLANE ( 'NONE',  #12352 ) ;
#3172 = VERTEX_POINT ( 'NONE', #5440 ) ;
#3173 = EDGE_CURVE ( 'NONE', #6209, #1121, #4368, .T. ) ;
#3174 = CARTESIAN_POINT ( 'NONE',  ( 0.03999999999999989000, 0.2030000000000000100, -1.725000000000000300 ) ) ;
#3175 = EDGE_LOOP ( 'NONE', ( #2043, #6115, #2096, #6566, #1010, #5057 ) ) ;
#3176 = DIRECTION ( 'NONE',  ( 0.0000000000000000000, 0.0000000000000000000, -1.000000000000000000 ) ) ;
#3177 = DIRECTION ( 'NONE',  ( -0.0000000000000000000, -1.000000000000000000, -0.0000000000000000000 ) ) ;
#3178 = FACE_OUTER_BOUND ( 'NONE', #9407, .T. ) ;
#3179 = DIRECTION ( 'NONE',  ( 0.0000000000000000000, 0.0000000000000000000, -1.000000000000000000 ) ) ;
#3180 = DIRECTION ( 'NONE',  ( 0.0000000000000000000, 1.000000000000000000, 0.0000000000000000000 ) ) ;
#3181 = AXIS2_PLACEMENT_3D ( 'NONE', #7186, #9951, #9007 ) ;
#3182 = DIRECTION ( 'NONE',  ( 1.000000000000000000, -0.0000000000000000000, -0.0000000000000000000 ) ) ;
#3183 = EDGE_LOOP ( 'NONE', ( #3055, #3446, #4604, #5000, #92, #6582 ) ) ;
#3184 = DIRECTION ( 'NONE',  ( -1.000000000000000000, 0.0000000000000000000, 0.0000000000000000000 ) ) ;
#3185 = ORIENTED_EDGE ( 'NONE', *, *, #1168, .T. ) ;
#3186 = AXIS2_PLACEMENT_3D ( 'NONE', #6476, #2485, #2532 ) ;
#3187 = CARTESIAN_POINT ( 'NONE',  ( -1.725000000000000800, 0.2030000000000000100, 0.4099999999999999800 ) ) ;
#3188 = CARTESIAN_POINT ( 'NONE',  ( 1.310000000000000500, 0.6218078318274392600, 1.650000000000000800 ) ) ;
#3189 = EDGE_CURVE ( 'NONE', #3329, #5839, #8814, .T. ) ;
#3190 = ADVANCED_FACE ( 'NONE', ( #2829 ), #3347, .T. ) ;
#3191 = CARTESIAN_POINT ( 'NONE',  ( -0.5650000000000003900, 0.2030000000000000100, -1.725000000000000300 ) ) ;
#3192 = VERTEX_POINT ( 'NONE', #9164 ) ;
#3193 = ORIENTED_EDGE ( 'NONE', *, *, #7574, .F. ) ;
#3194 = CARTESIAN_POINT ( 'NONE',  ( 0.7849999999999994800, 0.2030000000000000100, -1.725000000000000300 ) ) ;
#3195 = LINE ( 'NONE', #5154, #11011 ) ;
#3196 = DIRECTION ( 'NONE',  ( 0.0000000000000000000, 0.0000000000000000000, -1.000000000000000000 ) ) ;
#3197 = CIRCLE ( 'NONE', #10844, 0.07499999999999998300 ) ;
#3198 = EDGE_CURVE ( 'NONE', #12305, #5361, #8555, .T. ) ;
#3199 = FACE_OUTER_BOUND ( 'NONE', #10242, .T. ) ;
#3200 = PLANE ( 'NONE',  #12397 ) ;
#3201 = AXIS2_PLACEMENT_3D ( 'NONE', #7253, #2493, #9131 ) ;
#3202 = CARTESIAN_POINT ( 'NONE',  ( -2.000000000000000900, 0.05000000000000000300, 2.000000000000000400 ) ) ;
#3203 = VERTEX_POINT ( 'NONE', #12159 ) ;
#3204 = ORIENTED_EDGE ( 'NONE', *, *, #2484, .T. ) ;
#3205 = DIRECTION ( 'NONE',  ( -0.0000000000000000000, -1.000000000000000000, -0.0000000000000000000 ) ) ;
#3206 = PLANE ( 'NONE',  #6619 ) ;
#3207 = EDGE_CURVE ( 'NONE', #12069, #11379, #11912, .T. ) ;
#3208 = ORIENTED_EDGE ( 'NONE', *, *, #2724, .T. ) ;
#3209 = DIRECTION ( 'NONE',  ( 0.0000000000000000000, 0.0000000000000000000, -1.000000000000000000 ) ) ;
#3210 = FACE_OUTER_BOUND ( 'NONE', #8012, .T. ) ;
#3211 = DIRECTION ( 'NONE',  ( 0.0000000000000000000, 1.000000000000000000, 0.0000000000000000000 ) ) ;
#3212 = PLANE ( 'NONE',  #8794 ) ;
#3213 = ORIENTED_EDGE ( 'NONE', *, *, #10522, .F. ) ;
#3214 = DIRECTION ( 'NONE',  ( -0.0000000000000000000, -1.000000000000000000, -0.0000000000000000000 ) ) ;
#3215 = CIRCLE ( 'NONE', #3923, 0.07499999999999998300 ) ;
#3216 = DIRECTION ( 'NONE',  ( -0.0000000000000000000, -0.0000000000000000000, 1.000000000000000000 ) ) ;
#3217 = VERTEX_POINT ( 'NONE', #5317 ) ;
#3218 = DIRECTION ( 'NONE',  ( 0.0000000000000000000, 0.0000000000000000000, 1.000000000000000000 ) ) ;
#3220 = FACE_OUTER_BOUND ( 'NONE', #352, .T. ) ;
#3219 = DIRECTION ( 'NONE',  ( 0.0000000000000000000, 1.000000000000000000, 0.0000000000000000000 ) ) ;
#3221 = CARTESIAN_POINT ( 'NONE',  ( -1.725000000000000800, 0.0000000000000000000, -0.3350000000000000200 ) ) ;
#3222 = PLANE ( 'NONE',  #11841 ) ;
#3223 = EDGE_LOOP ( 'NONE', ( #163, #10605, #4362, #11507 ) ) ;
#3224 = ADVANCED_FACE ( 'NONE', ( #2761 ), #4503, .F. ) ;
#3225 = LINE ( 'NONE', #4064, #10148 ) ;
#3226 = DIRECTION ( 'NONE',  ( 0.0000000000000000000, -1.000000000000000000, 0.0000000000000000000 ) ) ;
#3227 = ORIENTED_EDGE ( 'NONE', *, *, #2317, .F. ) ;
#3228 = EDGE_CURVE ( 'NONE', #9767, #5277, #8448, .T. ) ;
#3229 = EDGE_CURVE ( 'NONE', #2935, #1143, #9695, .T. ) ;
#3230 = VECTOR ( 'NONE', #9777, 1000.000000000000000 ) ;
#3231 = ORIENTED_EDGE ( 'NONE', *, *, #6127, .T. ) ;
#3232 = EDGE_LOOP ( 'NONE', ( #6359, #11189, #4677, #8729 ) ) ;
#3233 = ORIENTED_EDGE ( 'NONE', *, *, #8083, .T. ) ;
#3234 = PLANE ( 'NONE',  #6919 ) ;
#3235 = CIRCLE ( 'NONE', #1503, 0.07499999999999998300 ) ;
#3236 = LINE ( 'NONE', #7871, #11209 ) ;
#3237 = STYLED_ITEM ( 'NONE', ( #10479 ), #9623 ) ;
#3238 = CARTESIAN_POINT ( 'NONE',  ( -1.015000000000000300, 0.6218078318274390400, -1.725000000000000300 ) ) ;
#3239 = ORIENTED_EDGE ( 'NONE', *, *, #3244, .T. ) ;
#3240 = DIRECTION ( 'NONE',  ( 0.0000000000000000000, 0.0000000000000000000, -1.000000000000000000 ) ) ;
#3241 = EDGE_LOOP ( 'NONE', ( #1311, #6505, #7329, #10764 ) ) ;
#3242 = EDGE_CURVE ( 'NONE', #881, #8675, #8299, .T. ) ;
#3243 = ORIENTED_EDGE ( 'NONE', *, *, #5203, .F. ) ;
#3244 = EDGE_CURVE ( 'NONE', #5422, #10649, #988, .T. ) ;
#3245 = PLANE ( 'NONE',  #4454 ) ;
#3246 = VECTOR ( 'NONE', #10337, 1000.000000000000000 ) ;
#3247 = CARTESIAN_POINT ( 'NONE',  ( 1.015000000000000300, 0.0000000000000000000, 1.725000000000001200 ) ) ;
#3248 = VECTOR ( 'NONE', #9400, 1000.000000000000100 ) ;
#3249 = VECTOR ( 'NONE', #1977, 1000.000000000000000 ) ;
#3250 = DIRECTION ( 'NONE',  ( 0.0000000000000000000, 0.0000000000000000000, -1.000000000000000000 ) ) ;
#3251 = ORIENTED_EDGE ( 'NONE', *, *, #11446, .T. ) ;
#3252 = EDGE_LOOP ( 'NONE', ( #9457, #564, #1980, #10609 ) ) ;
#3253 = CARTESIAN_POINT ( 'NONE',  ( 0.7850000000000001400, 0.2030000000000000100, 1.725000000000001200 ) ) ;
#3254 = ADVANCED_FACE ( 'NONE', ( #230 ), #7529, .F. ) ;
#3255 = VERTEX_POINT ( 'NONE', #12365 ) ;
#3256 = ORIENTED_EDGE ( 'NONE', *, *, #8667, .T. ) ;
#3257 = DIRECTION ( 'NONE',  ( 1.000000000000000000, 0.0000000000000000000, 1.577021341797097400E-015 ) ) ;
#3258 = AXIS2_PLACEMENT_3D ( 'NONE', #7453, #12326, #1809 ) ;
#3259 = VECTOR ( 'NONE', #8515, 1000.000000000000000 ) ;
#3260 = DIRECTION ( 'NONE',  ( 0.0000000000000000000, 0.0000000000000000000, -1.000000000000000000 ) ) ;
#3261 = DIRECTION ( 'NONE',  ( 0.0000000000000000000, -1.000000000000000000, 0.0000000000000000000 ) ) ;
#3262 = AXIS2_PLACEMENT_3D ( 'NONE', #4750, #9329, #11451 ) ;
#3263 = CARTESIAN_POINT ( 'NONE',  ( -1.725000000000000800, 0.05000000000000023900, 0.3350000000000000200 ) ) ;
#3264 = VECTOR ( 'NONE', #4041, 1000.000000000000000 ) ;
#3265 = VECTOR ( 'NONE', #7095, 1000.000000000000000 ) ;
#3266 = ORIENTED_EDGE ( 'NONE', *, *, #2372, .T. ) ;
#3267 = CARTESIAN_POINT ( 'NONE',  ( -2.000000000000000900, 0.2030000000000000100, -0.5649999999999999500 ) ) ;
#3268 = EDGE_CURVE ( 'NONE', #12140, #5315, #5300, .T. ) ;
#3269 = EDGE_LOOP ( 'NONE', ( #11395, #10762 ) ) ;
#3270 = FILL_AREA_STYLE_COLOUR ( '', #3401 ) ;
#3271 = DIRECTION ( 'NONE',  ( 0.0000000000000000000, 1.000000000000000000, 0.0000000000000000000 ) ) ;
#3272 = ORIENTED_EDGE ( 'NONE', *, *, #1464, .T. ) ;
#3273 = ORIENTED_EDGE ( 'NONE', *, *, #6763, .T. ) ;
#3274 = DIRECTION ( 'NONE',  ( 0.0000000000000000000, 0.0000000000000000000, -1.000000000000000000 ) ) ;
#3275 = DIRECTION ( 'NONE',  ( -0.0000000000000000000, -1.000000000000000000, -0.0000000000000000000 ) ) ;
#3276 = VECTOR ( 'NONE', #9063, 1000.000000000000000 ) ;
#3277 = DIRECTION ( 'NONE',  ( 0.0000000000000000000, -0.0000000000000000000, 1.000000000000000000 ) ) ;
#3278 = VECTOR ( 'NONE', #7944, 1000.000000000000000 ) ;
#3279 = DIRECTION ( 'NONE',  ( 0.0000000000000000000, -0.0000000000000000000, -1.000000000000000000 ) ) ;
#3280 = PRESENTATION_LAYER_ASSIGNMENT (  '', '', ( #3116 ) ) ;
#3281 = EDGE_LOOP ( 'NONE', ( #11918, #5653, #4815, #12112, #1866, #497 ) ) ;
#3282 = ORIENTED_EDGE ( 'NONE', *, *, #10080, .T. ) ;
#3283 = AXIS2_PLACEMENT_3D ( 'NONE', #7312, #9272, #931 ) ;
#3284 = VERTEX_POINT ( 'NONE', #7495 ) ;
#3285 = CARTESIAN_POINT ( 'NONE',  ( -2.000000000000000900, 0.05000000000000000300, 2.000000000000000400 ) ) ;
#3286 = EDGE_CURVE ( 'NONE', #9860, #7185, #9381, .T. ) ;
#3287 = LINE ( 'NONE', #58, #4057 ) ;
#3288 = ADVANCED_FACE ( 'NONE', ( #5457 ), #6457, .F. ) ;
#3289 = CARTESIAN_POINT ( 'NONE',  ( -1.725000000000000800, 0.0000000000000000000, 0.3350000000000000200 ) ) ;
#3290 = LINE ( 'NONE', #5312, #2238 ) ;
#3291 = CARTESIAN_POINT ( 'NONE',  ( 0.8599999999999996500, 0.2030000000000000100, -1.650000000000000100 ) ) ;
#3292 = ORIENTED_EDGE ( 'NONE', *, *, #3493, .F. ) ;
#3293 =( NAMED_UNIT ( * ) PLANE_ANGLE_UNIT ( ) SI_UNIT ( $, .RADIAN. ) );
#3294 = DIRECTION ( 'NONE',  ( 0.0000000000000000000, 0.0000000000000000000, 1.000000000000000000 ) ) ;
#3295 = ORIENTED_EDGE ( 'NONE', *, *, #11194, .T. ) ;
#3296 = CARTESIAN_POINT ( 'NONE',  ( -0.5649999999999997200, 0.0000000000000000000, 1.725000000000001200 ) ) ;
#3297 = VECTOR ( 'NONE', #4909, 1000.000000000000100 ) ;
#3298 = CARTESIAN_POINT ( 'NONE',  ( 1.999999999999999100, 0.05000000000000000300, 1.999999999999999600 ) ) ;
#3299 = AXIS2_PLACEMENT_3D ( 'NONE', #12238, #11359, #3517 ) ;
#3300 = DIRECTION ( 'NONE',  ( 1.000000000000000000, -0.0000000000000000000, 1.577021341797097400E-015 ) ) ;
#3301 = LINE ( 'NONE', #12307, #38 ) ;
#3302 = DIRECTION ( 'NONE',  ( 0.0000000000000000000, 0.0000000000000000000, -1.000000000000000000 ) ) ;
#3303 = VECTOR ( 'NONE', #8817, 1000.000000000000000 ) ;
#3304 = EDGE_CURVE ( 'NONE', #5390, #7535, #5893, .T. ) ;
#3305 = DIRECTION ( 'NONE',  ( -0.0000000000000000000, -1.000000000000000000, -0.0000000000000000000 ) ) ;
#3306 = DIRECTION ( 'NONE',  ( -2.365532012695645800E-015, 0.0000000000000000000, 1.000000000000000000 ) ) ;
#3307 = ORIENTED_EDGE ( 'NONE', *, *, #3286, .F. ) ;
#3308 = CARTESIAN_POINT ( 'NONE',  ( -1.389999999999999700, 0.2030000000000000100, 1.725000000000000800 ) ) ;
#3309 = PLANE ( 'NONE',  #9401 ) ;
#3310 = CARTESIAN_POINT ( 'NONE',  ( 1.310000000000000500, 0.2030000000000000100, 1.650000000000000800 ) ) ;
#3311 = LINE ( 'NONE', #12054, #11568 ) ;
#3312 = PLANE ( 'NONE',  #11597 ) ;
#3313 = VECTOR ( 'NONE', #8836, 1000.000000000000000 ) ;
#3314 = DIRECTION ( 'NONE',  ( 0.0000000000000000000, -0.0000000000000000000, -1.000000000000000000 ) ) ;
#3315 = CARTESIAN_POINT ( 'NONE',  ( -2.000000000000000900, 0.04999999999999991300, -0.1149999999999998700 ) ) ;
#3316 = EDGE_CURVE ( 'NONE', #8415, #10045, #1118, .T. ) ;
#3317 = EDGE_CURVE ( 'NONE', #4173, #967, #9994, .T. ) ;
#3318 = CARTESIAN_POINT ( 'NONE',  ( 0.9400000000000002800, 0.2030000000000000100, 1.725000000000000800 ) ) ;
#3319 = VERTEX_POINT ( 'NONE', #9322 ) ;
#3320 = EDGE_CURVE ( 'NONE', #7143, #8355, #3047, .T. ) ;
#3321 = VECTOR ( 'NONE', #3869, 1000.000000000000000 ) ;
#3322 = VECTOR ( 'NONE', #6641, 1000.000000000000000 ) ;
#3323 = DIRECTION ( 'NONE',  ( -0.0000000000000000000, -0.0000000000000000000, 1.000000000000000000 ) ) ;
#3324 = PRESENTATION_STYLE_ASSIGNMENT (( #4367 ) ) ;
#3325 = CARTESIAN_POINT ( 'NONE',  ( 0.4100000000000002000, 0.2030000000000000100, 1.650000000000000800 ) ) ;
#3326 = DIRECTION ( 'NONE',  ( -7.885106708985485100E-016, -0.0000000000000000000, 1.000000000000000000 ) ) ;
#3327 = ORIENTED_EDGE ( 'NONE', *, *, #537, .T. ) ;
#3328 = CARTESIAN_POINT ( 'NONE',  ( 0.5649999999999997200, 0.2030000000000000100, -1.725000000000000300 ) ) ;
#3329 = VERTEX_POINT ( 'NONE', #813 ) ;
#3330 = CARTESIAN_POINT ( 'NONE',  ( 1.650000000000000800, 0.2030000000000001000, 1.310000000000000500 ) ) ;
#3331 = DIRECTION ( 'NONE',  ( 0.0000000000000000000, 0.0000000000000000000, -1.000000000000000000 ) ) ;
#3332 = LINE ( 'NONE', #10594, #5282 ) ;
#3333 = LINE ( 'NONE', #12413, #9511 ) ;
#3334 = CARTESIAN_POINT ( 'NONE',  ( 1.650000000000000800, 0.0000000000000000000, -0.8600000000000004300 ) ) ;
#3335 =( LENGTH_UNIT ( ) NAMED_UNIT ( * ) SI_UNIT ( .MILLI., .METRE. ) );
#3336 = EDGE_CURVE ( 'NONE', #7064, #5452, #828, .T. ) ;
#3337 = DIRECTION ( 'NONE',  ( 1.000000000000000000, -0.0000000000000000000, -0.0000000000000000000 ) ) ;
#3338 = ORIENTED_EDGE ( 'NONE', *, *, #7094, .T. ) ;
#3339 = EDGE_LOOP ( 'NONE', ( #7830, #2215, #9461, #1144 ) ) ;
#3340 = FILL_AREA_STYLE_COLOUR ( '', #11538 ) ;
#3341 = CARTESIAN_POINT ( 'NONE',  ( 1.650000000000000800, 0.2030000000000000100, 0.03999999999999967500 ) ) ;
#3342 = FACE_OUTER_BOUND ( 'NONE', #7014, .T. ) ;
#3343 = CARTESIAN_POINT ( 'NONE',  ( -1.300000000000000700, 0.2030000000000000700, 1.300000000000000700 ) ) ;
#3344 = DIRECTION ( 'NONE',  ( -0.0000000000000000000, -1.000000000000000000, -0.0000000000000000000 ) ) ;
#3345 = FACE_OUTER_BOUND ( 'NONE', #3075, .T. ) ;
#3346 = ADVANCED_FACE ( 'NONE', ( #10878 ), #12325, .F. ) ;
#3347 = PLANE ( 'NONE',  #3351 ) ;
#3348 = PLANE ( 'NONE',  #4798 ) ;
#3349 = CARTESIAN_POINT ( 'NONE',  ( 1.015000000000000300, 0.2030000000000000100, -2.000000000000000400 ) ) ;
#3350 = ORIENTED_EDGE ( 'NONE', *, *, #5652, .F. ) ;
#3351 = AXIS2_PLACEMENT_3D ( 'NONE', #4380, #687, #526 ) ;
#3352 = CARTESIAN_POINT ( 'NONE',  ( -1.650000000000000800, 0.2030000000000001000, 0.4099999999999999800 ) ) ;
#3353 = ORIENTED_EDGE ( 'NONE', *, *, #9447, .F. ) ;
#3354 = VECTOR ( 'NONE', #3741, 1000.000000000000000 ) ;
#3355 = EDGE_CURVE ( 'NONE', #8695, #4430, #2455, .T. ) ;
#3356 = ORIENTED_EDGE ( 'NONE', *, *, #8129, .F. ) ;
#3357 = CARTESIAN_POINT ( 'NONE',  ( -0.9500000000000002900, -0.0000000000000000000, -1.299999999999999200 ) ) ;
#3358 = VECTOR ( 'NONE', #8061, 1000.000000000000000 ) ;
#3359 = ORIENTED_EDGE ( 'NONE', *, *, #11256, .T. ) ;
#3360 = ORIENTED_EDGE ( 'NONE', *, *, #2270, .F. ) ;
#3361 = ORIENTED_EDGE ( 'NONE', *, *, #5068, .T. ) ;
#3362 = DIRECTION ( 'NONE',  ( 0.0000000000000000000, -1.000000000000000000, 0.0000000000000000000 ) ) ;
#3363 = DIRECTION ( 'NONE',  ( 1.000000000000000000, -0.0000000000000000000, -0.0000000000000000000 ) ) ;
#3364 = EDGE_LOOP ( 'NONE', ( #2208, #7856, #5165, #10526 ) ) ;
#3365 = EDGE_LOOP ( 'NONE', ( #5801, #293, #7673, #4634 ) ) ;
#3366 = EDGE_CURVE ( 'NONE', #8471, #331, #5755, .T. ) ;
#3367 = CIRCLE ( 'NONE', #2929, 0.07499999999999998300 ) ;
#3368 = DIRECTION ( 'NONE',  ( -1.577021341797101900E-015, -0.0000000000000000000, -1.000000000000000000 ) ) ;
#3369 = ORIENTED_EDGE ( 'NONE', *, *, #10307, .F. ) ;
#3370 = VECTOR ( 'NONE', #10525, 1000.000000000000000 ) ;
#3371 = CARTESIAN_POINT ( 'NONE',  ( 0.8599999999999996500, 0.04999999999999999600, -1.650000000000000100 ) ) ;
#3372 = EDGE_CURVE ( 'NONE', #3386, #10772, #7544, .T. ) ;
#3373 = ORIENTED_EDGE ( 'NONE', *, *, #11882, .T. ) ;
#3374 = CARTESIAN_POINT ( 'NONE',  ( 1.650000000000000800, 0.0000000000000000000, 0.03999999999999967500 ) ) ;
#3375 = SURFACE_SIDE_STYLE ('',( #10674 ) ) ;
#3376 = CARTESIAN_POINT ( 'NONE',  ( 1.725000000000000800, 0.0000000000000000000, -1.015000000000000300 ) ) ;
#3377 = CARTESIAN_POINT ( 'NONE',  ( -1.650000000000000800, 0.2030000000000001000, 1.310000000000000500 ) ) ;
#3378 = CARTESIAN_POINT ( 'NONE',  ( 1.234999999999999900, 0.04999999999999999600, -1.725000000000000300 ) ) ;
#3379 = VECTOR ( 'NONE', #2751, 1000.000000000000000 ) ;
#3380 = EDGE_LOOP ( 'NONE', ( #12095, #5015, #12268, #10472 ) ) ;
#3381 = LINE ( 'NONE', #8213, #6378 ) ;
#3382 = VERTEX_POINT ( 'NONE', #11443 ) ;
#3383 = CARTESIAN_POINT ( 'NONE',  ( -1.650000000000000800, 0.2030000000000001000, -0.4899999999999999900 ) ) ;
#3384 = LINE ( 'NONE', #2711, #1004 ) ;
#3385 = SURFACE_STYLE_USAGE ( .BOTH. , #1393 ) ;
#3386 = VERTEX_POINT ( 'NONE', #4736 ) ;
#3387 = CARTESIAN_POINT ( 'NONE',  ( -1.464999999999999600, 0.05000000000000000300, 0.0000000000000000000 ) ) ;
#3388 = CARTESIAN_POINT ( 'NONE',  ( 0.7850000000000001400, 0.2030000000000000100, 1.725000000000001200 ) ) ;
#3389 = ORIENTED_EDGE ( 'NONE', *, *, #12015, .T. ) ;
#3390 =( GEOMETRIC_REPRESENTATION_CONTEXT ( 3 ) GLOBAL_UNCERTAINTY_ASSIGNED_CONTEXT ( ( #10315 ) ) GLOBAL_UNIT_ASSIGNED_CONTEXT ( ( #10502, #4731, #55 ) ) REPRESENTATION_CONTEXT ( 'NONE', 'WORKASPACE' ) );
#3391 = CARTESIAN_POINT ( 'NONE',  ( 1.725000000000000800, 0.2030000000000001000, 0.7849999999999994800 ) ) ;
#3392 = VERTEX_POINT ( 'NONE', #941 ) ;
#3393 = DIRECTION ( 'NONE',  ( 0.0000000000000000000, -1.000000000000000000, 0.0000000000000000000 ) ) ;
#3394 = CARTESIAN_POINT ( 'NONE',  ( -2.000000000000000900, 0.2030000000000000100, 1.014999999999999900 ) ) ;
#3395 = DIRECTION ( 'NONE',  ( -1.000000000000000000, 0.0000000000000000000, 5.782411586589359600E-016 ) ) ;
#3396 = EDGE_CURVE ( 'NONE', #6580, #10545, #4573, .T. ) ;
#3397 = CARTESIAN_POINT ( 'NONE',  ( -0.5650000000000001700, 0.2030000000000000100, -2.000000000000000400 ) ) ;
#3398 = EDGE_CURVE ( 'NONE', #2301, #3284, #2909, .T. ) ;
#3399 = CYLINDRICAL_SURFACE ( 'NONE', #5809, 0.07499999999999998300 ) ;
#3400 = ADVANCED_FACE ( 'NONE', ( #12362 ), #3521, .T. ) ;
#3401 = COLOUR_RGB ( '',0.7921568627450980000, 0.8196078431372548800, 0.9333333333333333500 ) ;
#3402 = VECTOR ( 'NONE', #4676, 1000.000000000000000 ) ;
#3403 = ORIENTED_EDGE ( 'NONE', *, *, #5146, .F. ) ;
#3404 = ORIENTED_EDGE ( 'NONE', *, *, #9409, .F. ) ;
#3405 = CARTESIAN_POINT ( 'NONE',  ( 1.725000000000000800, 0.0000000000000000000, 1.014999999999999500 ) ) ;
#3406 = ORIENTED_EDGE ( 'NONE', *, *, #5542, .T. ) ;
#3407 = CARTESIAN_POINT ( 'NONE',  ( 1.725000000000000800, 0.2030000000000001000, -1.235000000000000300 ) ) ;
#3408 = VERTEX_POINT ( 'NONE', #9579 ) ;
#3409 = LINE ( 'NONE', #402, #586 ) ;
#3410 = AXIS2_PLACEMENT_3D ( 'NONE', #3967, #4813, #8610 ) ;
#3411 = LINE ( 'NONE', #6281, #6695 ) ;
#3412 = CARTESIAN_POINT ( 'NONE',  ( -1.725000000000000800, 0.2030000000000000100, 0.8599999999999998800 ) ) ;
#3413 = FACE_OUTER_BOUND ( 'NONE', #9759, .T. ) ;
#3414 = VERTEX_POINT ( 'NONE', #1882 ) ;
#3415 = EDGE_LOOP ( 'NONE', ( #1737, #5227, #5708, #437 ) ) ;
#3416 = ADVANCED_FACE ( 'NONE', ( #7101 ), #10726, .T. ) ;
#3417 = ORIENTED_EDGE ( 'NONE', *, *, #8568, .T. ) ;
#3418 = ORIENTED_EDGE ( 'NONE', *, *, #5323, .F. ) ;
#3419 = ORIENTED_EDGE ( 'NONE', *, *, #10619, .T. ) ;
#3420 = EDGE_CURVE ( 'NONE', #5878, #2930, #4273, .T. ) ;
#3421 = CARTESIAN_POINT ( 'NONE',  ( 1.999999999999999100, 0.05000000000000000300, 1.999999999999999600 ) ) ;
#3422 = CYLINDRICAL_SURFACE ( 'NONE', #6494, 0.07500000000000019200 ) ;
#3423 = DIRECTION ( 'NONE',  ( -0.0000000000000000000, -1.000000000000000000, -0.0000000000000000000 ) ) ;
#3424 = LINE ( 'NONE', #1028, #3264 ) ;
#3425 = DIRECTION ( 'NONE',  ( 0.0000000000000000000, 0.0000000000000000000, 1.000000000000000000 ) ) ;
#3426 = VECTOR ( 'NONE', #1122, 1000.000000000000000 ) ;
#3427 = CARTESIAN_POINT ( 'NONE',  ( 0.0000000000000000000, 0.0000000000000000000, 0.0000000000000000000 ) ) ;
#3428 = CARTESIAN_POINT ( 'NONE',  ( 1.725000000000000800, 0.6218078318274387100, -0.7850000000000004800 ) ) ;
#3429 = EDGE_LOOP ( 'NONE', ( #9344, #2566, #8167, #2620, #2449 ) ) ;
#3430 = AXIS2_PLACEMENT_3D ( 'NONE', #9141, #5299, #1516 ) ;
#3431 = ORIENTED_EDGE ( 'NONE', *, *, #7712, .T. ) ;
#3432 = EDGE_LOOP ( 'NONE', ( #2832, #10903, #8270, #10725 ) ) ;
#3433 = CARTESIAN_POINT ( 'NONE',  ( -1.310000000000000300, 0.2030000000000000100, -1.725000000000000300 ) ) ;
#3434 = ORIENTED_EDGE ( 'NONE', *, *, #9616, .T. ) ;
#3435 = CARTESIAN_POINT ( 'NONE',  ( 1.465000000000000700, 0.6218078318274392600, 1.805000000000001300 ) ) ;
#3436 = AXIS2_PLACEMENT_3D ( 'NONE', #12063, #10167, #4375 ) ;
#3437 = DIRECTION ( 'NONE',  ( -0.0000000000000000000, 0.0000000000000000000, 1.000000000000000000 ) ) ;
#3438 = LINE ( 'NONE', #10709, #8214 ) ;
#3439 = DIRECTION ( 'NONE',  ( -7.885106708985485100E-016, -0.0000000000000000000, 1.000000000000000000 ) ) ;
#3440 = PLANE ( 'NONE',  #7724 ) ;
#3441 = VECTOR ( 'NONE', #11756, 1000.000000000000000 ) ;
#3442 = EDGE_CURVE ( 'NONE', #6292, #1515, #5010, .T. ) ;
#3443 = VECTOR ( 'NONE', #5350, 1000.000000000000000 ) ;
#3444 = PLANE ( 'NONE',  #2718 ) ;
#3445 = CARTESIAN_POINT ( 'NONE',  ( 1.725000000000000800, 0.05000000000000002400, 0.9399999999999993900 ) ) ;
#3446 = ORIENTED_EDGE ( 'NONE', *, *, #8719, .F. ) ;
#3447 = VERTEX_POINT ( 'NONE', #9507 ) ;
#3448 = DIRECTION ( 'NONE',  ( 0.0000000000000000000, 1.000000000000000000, 0.0000000000000000000 ) ) ;
#3449 = ORIENTED_EDGE ( 'NONE', *, *, #9825, .T. ) ;
#3450 = UNCERTAINTY_MEASURE_WITH_UNIT (LENGTH_MEASURE( 1.000000000000000100E-005 ), #622, 'distance_accuracy_value', 'NONE');
#3451 =( NAMED_UNIT ( * ) PLANE_ANGLE_UNIT ( ) SI_UNIT ( $, .RADIAN. ) );
#3452 = PLANE ( 'NONE',  #8277 ) ;
#3454 = EDGE_CURVE ( 'NONE', #11758, #422, #391, .T. ) ;
#3453 = FACE_OUTER_BOUND ( 'NONE', #8922, .T. ) ;
#3455 = FACE_OUTER_BOUND ( 'NONE', #1192, .T. ) ;
#3456 = ORIENTED_EDGE ( 'NONE', *, *, #3006, .T. ) ;
#3457 = AXIS2_PLACEMENT_3D ( 'NONE', #11478, #7648, #2852 ) ;
#3458 = CARTESIAN_POINT ( 'NONE',  ( -0.5649999999999997200, 0.2030000000000000100, 2.000000000000000400 ) ) ;
#3459 = ORIENTED_EDGE ( 'NONE', *, *, #12347, .F. ) ;
#3460 = EDGE_CURVE ( 'NONE', #11255, #1033, #7699, .T. ) ;
#3461 = FACE_OUTER_BOUND ( 'NONE', #11777, .T. ) ;
#3462 = CARTESIAN_POINT ( 'NONE',  ( -1.725000000000000800, 0.2030000000000001000, 0.1150000000000000900 ) ) ;
#3463 = COLOUR_RGB ( '',0.7921568627450980000, 0.8196078431372548800, 0.9333333333333333500 ) ;
#3464 = DIRECTION ( 'NONE',  ( -0.0000000000000000000, -1.000000000000000000, -0.0000000000000000000 ) ) ;
#3465 = LINE ( 'NONE', #8725, #6599 ) ;
#3466 = DIRECTION ( 'NONE',  ( 0.0000000000000000000, 0.0000000000000000000, -1.000000000000000000 ) ) ;
#3467 = ORIENTED_EDGE ( 'NONE', *, *, #11357, .F. ) ;
#3468 = PLANE ( 'NONE',  #3663 ) ;
#3469 = MECHANICAL_DESIGN_GEOMETRIC_PRESENTATION_REPRESENTATION (  '', ( #11651 ), #8599 ) ;
#3470 = CARTESIAN_POINT ( 'NONE',  ( 1.999999999999999100, 0.05000000000000000300, -2.000000000000000400 ) ) ;
#3471 = VERTEX_POINT ( 'NONE', #39 ) ;
#3472 = VECTOR ( 'NONE', #4699, 1000.000000000000000 ) ;
#3473 = EDGE_CURVE ( 'NONE', #5719, #1557, #9069, .T. ) ;
#3474 = EDGE_CURVE ( 'NONE', #9905, #9416, #8611, .T. ) ;
#3475 = PLANE ( 'NONE',  #9923 ) ;
#3476 = LINE ( 'NONE', #10896, #10839 ) ;
#3477 = CARTESIAN_POINT ( 'NONE',  ( 1.465000000000001000, 0.2030000000000000100, 2.000000000000000400 ) ) ;
#3478 =( NAMED_UNIT ( * ) PLANE_ANGLE_UNIT ( ) SI_UNIT ( $, .RADIAN. ) );
#3479 = CARTESIAN_POINT ( 'NONE',  ( 1.310000000000000500, 0.0000000000000000000, 1.650000000000000800 ) ) ;
#3480 = DIRECTION ( 'NONE',  ( -1.000000000000000000, 0.0000000000000000000, -1.668003342285391800E-016 ) ) ;
#3481 = CARTESIAN_POINT ( 'NONE',  ( 0.4100000000000002000, 0.0000000000000000000, 1.650000000000000800 ) ) ;
#3482 = ADVANCED_FACE ( 'NONE', ( #5171 ), #8517, .T. ) ;
#3483 = DIRECTION ( 'NONE',  ( 1.000000000000000000, 0.0000000000000000000, 0.0000000000000000000 ) ) ;
#3484 = ORIENTED_EDGE ( 'NONE', *, *, #5610, .F. ) ;
#3485 = ORIENTED_EDGE ( 'NONE', *, *, #11842, .T. ) ;
#3486 = ORIENTED_EDGE ( 'NONE', *, *, #1510, .T. ) ;
#3487 = DIRECTION ( 'NONE',  ( 0.0000000000000000000, 0.0000000000000000000, 1.000000000000000000 ) ) ;
#3488 = CARTESIAN_POINT ( 'NONE',  ( 1.725000000000000800, 0.0000000000000000000, 0.4899999999999995500 ) ) ;
#3489 = VECTOR ( 'NONE', #1860, 1000.000000000000000 ) ;
#3490 = AXIS2_PLACEMENT_3D ( 'NONE', #5849, #7650, #2854 ) ;
#3491 = VECTOR ( 'NONE', #10986, 1000.000000000000000 ) ;
#3492 = DIRECTION ( 'NONE',  ( 0.0000000000000000000, 0.0000000000000000000, -1.000000000000000000 ) ) ;
#3493 = EDGE_CURVE ( 'NONE', #1599, #1136, #8756, .T. ) ;
#3494 = VERTEX_POINT ( 'NONE', #1940 ) ;
#3495 = ADVANCED_FACE ( 'NONE', ( #7832 ), #1427, .T. ) ;
#3496 = ORIENTED_EDGE ( 'NONE', *, *, #1950, .F. ) ;
#3497 = DIRECTION ( 'NONE',  ( -1.000000000000000000, 0.0000000000000000000, 0.0000000000000000000 ) ) ;
#3498 = LINE ( 'NONE', #767, #2890 ) ;
#3499 = FILL_AREA_STYLE_COLOUR ( '', #11583 ) ;
#3500 = PRESENTATION_STYLE_ASSIGNMENT (( #7298 ) ) ;
#3501 = VECTOR ( 'NONE', #4627, 1000.000000000000000 ) ;
#3502 = FILL_AREA_STYLE ('',( #8258 ) ) ;
#3503 = ORIENTED_EDGE ( 'NONE', *, *, #6221, .T. ) ;
#3504 = CARTESIAN_POINT ( 'NONE',  ( 0.8600000000000001000, 0.2030000000000000100, 1.650000000000000800 ) ) ;
#3505 = DIRECTION ( 'NONE',  ( 0.0000000000000000000, 0.0000000000000000000, -1.000000000000000000 ) ) ;
#3506 = EDGE_LOOP ( 'NONE', ( #11908, #5238, #65, #916 ) ) ;
#3507 = ORIENTED_EDGE ( 'NONE', *, *, #9890, .F. ) ;
#3508 = AXIS2_PLACEMENT_3D ( 'NONE', #6890, #7841, #8839 ) ;
#3509 = LINE ( 'NONE', #8882, #10282 ) ;
#3510 = SURFACE_STYLE_FILL_AREA ( #1288 ) ;
#3511 = DIRECTION ( 'NONE',  ( -0.0000000000000000000, 0.0000000000000000000, -1.000000000000000000 ) ) ;
#3512 = VECTOR ( 'NONE', #4698, 1000.000000000000000 ) ;
#3513 = EDGE_CURVE ( 'NONE', #5908, #7743, #684, .T. ) ;
#3514 = FILL_AREA_STYLE ('',( #11272 ) ) ;
#3515 = ORIENTED_EDGE ( 'NONE', *, *, #6172, .F. ) ;
#3516 = ORIENTED_EDGE ( 'NONE', *, *, #2525, .F. ) ;
#3517 = DIRECTION ( 'NONE',  ( 0.0000000000000000000, 0.0000000000000000000, 1.000000000000000000 ) ) ;
#3518 = ORIENTED_EDGE ( 'NONE', *, *, #11340, .T. ) ;
#3519 = CARTESIAN_POINT ( 'NONE',  ( -0.7849999999999991400, 0.2030000000000000100, 2.000000000000000400 ) ) ;
#3520 = EDGE_LOOP ( 'NONE', ( #1055, #7915, #2338, #7756 ) ) ;
#3521 = CYLINDRICAL_SURFACE ( 'NONE', #9232, 0.07499999999999998300 ) ;
#3522 = CARTESIAN_POINT ( 'NONE',  ( -0.4899999999999997700, 0.2030000000000000100, 1.725000000000000800 ) ) ;
#3523 = CARTESIAN_POINT ( 'NONE',  ( 1.725000000000000800, 0.2030000000000000100, 0.5649999999999995000 ) ) ;
#3524 = CARTESIAN_POINT ( 'NONE',  ( -0.4100000000000002000, 0.04999999999999999600, -1.650000000000000400 ) ) ;
#3525 = ORIENTED_EDGE ( 'NONE', *, *, #8603, .F. ) ;
#3526 = VECTOR ( 'NONE', #11166, 1000.000000000000000 ) ;
#3527 = LINE ( 'NONE', #7336, #1285 ) ;
#3528 = ADVANCED_FACE ( 'NONE', ( #3210 ), #3672, .T. ) ;
#3529 = AXIS2_PLACEMENT_3D ( 'NONE', #4409, #4369, #11859 ) ;
#3530 = DIRECTION ( 'NONE',  ( -1.000000000000000000, 0.0000000000000000000, 0.0000000000000000000 ) ) ;
#3531 = CARTESIAN_POINT ( 'NONE',  ( -1.650000000000000800, 0.2030000000000001000, -1.310000000000000500 ) ) ;
#3532 = VERTEX_POINT ( 'NONE', #12339 ) ;
#3533 = ORIENTED_EDGE ( 'NONE', *, *, #9515, .F. ) ;
#3534 = LINE ( 'NONE', #6227, #9390 ) ;
#3535 = DIRECTION ( 'NONE',  ( -1.577021341797101900E-015, -0.0000000000000000000, -1.000000000000000000 ) ) ;
#3536 = PLANE ( 'NONE',  #4366 ) ;
#3537 = EDGE_CURVE ( 'NONE', #2546, #1545, #6204, .T. ) ;
#3538 = CARTESIAN_POINT ( 'NONE',  ( 0.3350000000000002400, 0.04999999999999999600, 1.725000000000001200 ) ) ;
#3539 = EDGE_LOOP ( 'NONE', ( #8297, #5372, #1793, #10262 ) ) ;
#3540 = VERTEX_POINT ( 'NONE', #4709 ) ;
#3541 = VECTOR ( 'NONE', #9508, 1000.000000000000000 ) ;
#3542 = EDGE_LOOP ( 'NONE', ( #3353, #2515 ) ) ;
#3543 = VECTOR ( 'NONE', #10561, 1000.000000000000000 ) ;
#3544 = VERTEX_POINT ( 'NONE', #12381 ) ;
#3545 = ORIENTED_EDGE ( 'NONE', *, *, #11659, .F. ) ;
#3546 = ORIENTED_EDGE ( 'NONE', *, *, #374, .F. ) ;
#3547 = VERTEX_POINT ( 'NONE', #4834 ) ;
#3548 = ORIENTED_EDGE ( 'NONE', *, *, #4031, .T. ) ;
#3549 = ADVANCED_FACE ( 'NONE', ( #6041 ), #8558, .T. ) ;
#3550 = CARTESIAN_POINT ( 'NONE',  ( 1.725000000000000800, 0.6218078318274388200, 0.3349999999999995800 ) ) ;
#3551 = AXIS2_PLACEMENT_3D ( 'NONE', #1546, #5421, #597 ) ;
#3552 = CARTESIAN_POINT ( 'NONE',  ( -1.650000000000000800, 0.0000000000000000000, 0.4899999999999999900 ) ) ;
#3553 = VECTOR ( 'NONE', #3980, 1000.000000000000000 ) ;
#3554 = CARTESIAN_POINT ( 'NONE',  ( -2.000000000000000900, 0.05000000000000000300, 2.000000000000000400 ) ) ;
#3555 = EDGE_CURVE ( 'NONE', #6652, #8637, #4261, .T. ) ;
#3556 = FACE_OUTER_BOUND ( 'NONE', #5871, .T. ) ;
#3557 = ORIENTED_EDGE ( 'NONE', *, *, #12060, .T. ) ;
#3558 = ORIENTED_EDGE ( 'NONE', *, *, #3633, .T. ) ;
#3559 = ORIENTED_EDGE ( 'NONE', *, *, #9273, .T. ) ;
#3560 = CARTESIAN_POINT ( 'NONE',  ( 2.000000000000000900, 0.04999999999999969700, -0.7850000000000000300 ) ) ;
#3561 = CARTESIAN_POINT ( 'NONE',  ( 0.9399999999999998400, 0.04999999999999999600, 1.650000000000000800 ) ) ;
#3562 = VERTEX_POINT ( 'NONE', #71 ) ;
#3563 = CARTESIAN_POINT ( 'NONE',  ( 1.014999999999999700, 0.2030000000000000100, -1.725000000000000300 ) ) ;
#3564 = ADVANCED_FACE ( 'NONE', ( #5159 ), #9470, .T. ) ;
#3565 = VECTOR ( 'NONE', #9018, 1000.000000000000000 ) ;
#3566 = CARTESIAN_POINT ( 'NONE',  ( -0.1150000000000003000, 0.0000000000000000000, -1.725000000000000300 ) ) ;
#3567 = DIRECTION ( 'NONE',  ( 0.0000000000000000000, 0.0000000000000000000, -1.000000000000000000 ) ) ;
#3568 = LINE ( 'NONE', #645, #1026 ) ;
#3569 = DIRECTION ( 'NONE',  ( -1.000000000000000000, 0.0000000000000000000, -0.0000000000000000000 ) ) ;
#3570 = LINE ( 'NONE', #9431, #3402 ) ;
#3571 = STYLED_ITEM ( 'NONE', ( #1747 ), #7880 ) ;
#3572 = VERTEX_POINT ( 'NONE', #6750 ) ;
#3573 = DIRECTION ( 'NONE',  ( 0.0000000000000000000, 0.0000000000000000000, 1.000000000000000000 ) ) ;
#3574 = PLANE ( 'NONE',  #10975 ) ;
#3575 = ORIENTED_EDGE ( 'NONE', *, *, #2234, .F. ) ;
#3576 = CARTESIAN_POINT ( 'NONE',  ( -1.725000000000000800, 0.2030000000000000100, -1.234999999999999900 ) ) ;
#3577 = ORIENTED_EDGE ( 'NONE', *, *, #8801, .F. ) ;
#3578 = EDGE_CURVE ( 'NONE', #6677, #11294, #7686, .T. ) ;
#3579 = ORIENTED_EDGE ( 'NONE', *, *, #12327, .F. ) ;
#3580 = EDGE_CURVE ( 'NONE', #3562, #8080, #1269, .T. ) ;
#3581 =( NAMED_UNIT ( * ) PLANE_ANGLE_UNIT ( ) SI_UNIT ( $, .RADIAN. ) );
#3582 = LINE ( 'NONE', #10006, #4027 ) ;
#3583 = PLANE ( 'NONE',  #11535 ) ;
#3584 = LINE ( 'NONE', #7621, #5079 ) ;
#3585 = FILL_AREA_STYLE ('',( #624 ) ) ;
#3586 = VECTOR ( 'NONE', #10850, 1000.000000000000000 ) ;
#3587 = ORIENTED_EDGE ( 'NONE', *, *, #8022, .T. ) ;
#3588 = CARTESIAN_POINT ( 'NONE',  ( 0.1150000000000005200, 0.2030000000000000100, 1.725000000000001200 ) ) ;
#3589 = EDGE_LOOP ( 'NONE', ( #3160, #3043, #2509, #6784 ) ) ;
#3590 = ORIENTED_EDGE ( 'NONE', *, *, #4748, .T. ) ;
#3591 = VERTEX_POINT ( 'NONE', #1307 ) ;
#3592 = AXIS2_PLACEMENT_3D ( 'NONE', #175, #2073, #6721 ) ;
#3593 = DIRECTION ( 'NONE',  ( 0.0000000000000000000, 0.0000000000000000000, -1.000000000000000000 ) ) ;
#3594 = CARTESIAN_POINT ( 'NONE',  ( -0.7849999999999995900, 0.2030000000000000100, 1.725000000000001200 ) ) ;
#3595 = VECTOR ( 'NONE', #10791, 1000.000000000000100 ) ;
#3596 = AXIS2_PLACEMENT_3D ( 'NONE', #11204, #4456, #8192 ) ;
#3597 = VECTOR ( 'NONE', #7020, 1000.000000000000000 ) ;
#3598 = VECTOR ( 'NONE', #1228, 1000.000000000000000 ) ;
#3599 = CARTESIAN_POINT ( 'NONE',  ( 1.725000000000000800, 0.6218078318274388200, -1.310000000000000500 ) ) ;
#3600 = EDGE_CURVE ( 'NONE', #1031, #10171, #3195, .T. ) ;
#3601 = ORIENTED_EDGE ( 'NONE', *, *, #5340, .F. ) ;
#3602 = ORIENTED_EDGE ( 'NONE', *, *, #2988, .F. ) ;
#3603 = DIRECTION ( 'NONE',  ( 0.0000000000000000000, 0.0000000000000000000, 1.000000000000000000 ) ) ;
#3604 = ORIENTED_EDGE ( 'NONE', *, *, #1713, .F. ) ;
#3605 = CARTESIAN_POINT ( 'NONE',  ( -1.310000000000000500, -0.0000000000000000000, -1.650000000000000800 ) ) ;
#3606 = CIRCLE ( 'NONE', #10039, 0.07499999999999998300 ) ;
#3607 = CARTESIAN_POINT ( 'NONE',  ( -1.465000000000000300, 0.0000000000000000000, -1.805000000000000800 ) ) ;
#3608 = LINE ( 'NONE', #8335, #9313 ) ;
#3609 = DIRECTION ( 'NONE',  ( 0.0000000000000000000, 0.0000000000000000000, -1.000000000000000000 ) ) ;
#3610 = CARTESIAN_POINT ( 'NONE',  ( 1.650000000000000800, 0.6218078318274388200, 0.4899999999999995500 ) ) ;
#3611 = ORIENTED_EDGE ( 'NONE', *, *, #1406, .T. ) ;
#3612 = CARTESIAN_POINT ( 'NONE',  ( -1.309999999999999600, 0.2030000000000000100, 1.725000000000000800 ) ) ;
#3613 = ORIENTED_EDGE ( 'NONE', *, *, #7646, .T. ) ;
#3614 = UNCERTAINTY_MEASURE_WITH_UNIT (LENGTH_MEASURE( 1.000000000000000100E-005 ), #2423, 'distance_accuracy_value', 'NONE');
#3615 = DIRECTION ( 'NONE',  ( 0.0000000000000000000, 1.000000000000000000, -0.0000000000000000000 ) ) ;
#3616 = CARTESIAN_POINT ( 'NONE',  ( 0.9399999999999996100, 0.2030000000000000100, -1.650000000000000100 ) ) ;
#3617 = ADVANCED_FACE ( 'NONE', ( #11461 ), #6190, .F. ) ;
#3618 = EDGE_CURVE ( 'NONE', #6437, #4153, #12053, .T. ) ;
#3619 = LINE ( 'NONE', #5886, #2993 ) ;
#3620 = DIRECTION ( 'NONE',  ( 0.0000000000000000000, 0.0000000000000000000, 1.000000000000000000 ) ) ;
#3621 = DIRECTION ( 'NONE',  ( -1.000000000000000000, 0.0000000000000000000, 0.0000000000000000000 ) ) ;
#3622 = FACE_OUTER_BOUND ( 'NONE', #12224, .T. ) ;
#3623 = CARTESIAN_POINT ( 'NONE',  ( 2.000000000000000900, 0.2030000000000000100, -1.234999999999999900 ) ) ;
#3624 = FACE_OUTER_BOUND ( 'NONE', #9093, .T. ) ;
#3625 = CARTESIAN_POINT ( 'NONE',  ( 0.7850000000000001400, 0.04999999999999969700, 2.000000000000000400 ) ) ;
#3626 = DIRECTION ( 'NONE',  ( -1.000000000000000000, 0.0000000000000000000, 0.0000000000000000000 ) ) ;
#3627 = VERTEX_POINT ( 'NONE', #317 ) ;
#3628 = EDGE_CURVE ( 'NONE', #1121, #5020, #3662, .T. ) ;
#3629 = AXIS2_PLACEMENT_3D ( 'NONE', #10804, #11737, #238 ) ;
#3630 = LINE ( 'NONE', #9498, #10981 ) ;
#3631 = ADVANCED_FACE ( 'NONE', ( #2608 ), #4715, .T. ) ;
#3632 = LINE ( 'NONE', #2156, #11275 ) ;
#3633 = EDGE_CURVE ( 'NONE', #1887, #5347, #8288, .T. ) ;
#3634 = CARTESIAN_POINT ( 'NONE',  ( 2.000000000000000900, 0.6218078318274388200, 1.235000000000000100 ) ) ;
#3635 = CARTESIAN_POINT ( 'NONE',  ( 1.015000000000000300, 0.2030000000000000100, 1.725000000000001200 ) ) ;
#3636 = CARTESIAN_POINT ( 'NONE',  ( 0.4899999999999999900, 0.2030000000000000100, 1.650000000000000800 ) ) ;
#3637 = ORIENTED_EDGE ( 'NONE', *, *, #2178, .T. ) ;
#3638 = DIRECTION ( 'NONE',  ( 0.0000000000000000000, -0.0000000000000000000, 1.000000000000000000 ) ) ;
#3639 = LINE ( 'NONE', #4861, #3321 ) ;
#3640 = CARTESIAN_POINT ( 'NONE',  ( -1.725000000000000800, 0.6218078318274387100, -0.7850000000000000300 ) ) ;
#3641 = VECTOR ( 'NONE', #6405, 1000.000000000000000 ) ;
#3642 = COLOUR_RGB ( '',0.7921568627450980000, 0.8196078431372548800, 0.9333333333333333500 ) ;
#3643 = CARTESIAN_POINT ( 'NONE',  ( 0.9400000000000002800, 0.2030000000000000100, 1.725000000000000800 ) ) ;
#3644 = CARTESIAN_POINT ( 'NONE',  ( 1.999999999999999100, 0.05000000000000000300, -2.000000000000000400 ) ) ;
#3645 = SURFACE_STYLE_USAGE ( .BOTH. , #1672 ) ;
#3646 = EDGE_CURVE ( 'NONE', #1433, #7177, #6643, .T. ) ;
#3647 = VERTEX_POINT ( 'NONE', #3087 ) ;
#3648 = EDGE_CURVE ( 'NONE', #2312, #9369, #4423, .T. ) ;
#3649 = ORIENTED_EDGE ( 'NONE', *, *, #10767, .T. ) ;
#3650 = CARTESIAN_POINT ( 'NONE',  ( -1.464999999999999600, 0.2030000000000000100, 1.805000000000000200 ) ) ;
#3651 = CARTESIAN_POINT ( 'NONE',  ( -2.000000000000000900, 0.04999999999999991300, 0.7849999999999999200 ) ) ;
#3652 = DIRECTION ( 'NONE',  ( 1.000000000000000000, -0.0000000000000000000, -0.0000000000000000000 ) ) ;
#3653 = LINE ( 'NONE', #2981, #9815 ) ;
#3654 = DIRECTION ( 'NONE',  ( 0.0000000000000000000, 1.000000000000000000, 0.0000000000000000000 ) ) ;
#3655 = DIRECTION ( 'NONE',  ( 0.0000000000000000000, 0.0000000000000000000, 1.000000000000000000 ) ) ;
#3656 = VECTOR ( 'NONE', #3988, 1000.000000000000000 ) ;
#3657 = CARTESIAN_POINT ( 'NONE',  ( 1.465000000000000500, 0.2030000000000000100, -2.000000000000000400 ) ) ;
#3658 = CARTESIAN_POINT ( 'NONE',  ( 0.8599999999999996500, 0.2030000000000000100, -1.650000000000000100 ) ) ;
#3659 = DIRECTION ( 'NONE',  ( -0.0000000000000000000, -0.0000000000000000000, 1.000000000000000000 ) ) ;
#3660 = VERTEX_POINT ( 'NONE', #7977 ) ;
#3661 = ORIENTED_EDGE ( 'NONE', *, *, #9734, .F. ) ;
#3662 = LINE ( 'NONE', #980, #12205 ) ;
#3663 = AXIS2_PLACEMENT_3D ( 'NONE', #7263, #10283, #2585 ) ;
#3664 = CARTESIAN_POINT ( 'NONE',  ( -1.465000000000000100, 0.6218078318274392600, -2.000000000000000400 ) ) ;
#3665 = LINE ( 'NONE', #11208, #12049 ) ;
#3666 = EDGE_CURVE ( 'NONE', #4906, #4635, #3509, .T. ) ;
#3668 = EDGE_CURVE ( 'NONE', #717, #11625, #670, .T. ) ;
#3667 = EDGE_LOOP ( 'NONE', ( #12097, #9605, #5155, #4277 ) ) ;
#3669 = ORIENTED_EDGE ( 'NONE', *, *, #3971, .F. ) ;
#3670 = CARTESIAN_POINT ( 'NONE',  ( 0.1150000000000005200, 0.6218078318274392600, -2.000000000000000400 ) ) ;
#3671 = VERTEX_POINT ( 'NONE', #11689 ) ;
#3672 = CYLINDRICAL_SURFACE ( 'NONE', #8986, 0.07499999999999998300 ) ;
#3673 = CARTESIAN_POINT ( 'NONE',  ( 2.000000000000000900, 0.2030000000000000100, -0.3350000000000000200 ) ) ;
#3674 = ADVANCED_FACE ( 'NONE', ( #10573 ), #4111, .F. ) ;
#3675 = CARTESIAN_POINT ( 'NONE',  ( 0.9399999999999996100, 0.2030000000000000100, -1.650000000000000400 ) ) ;
#3676 = ORIENTED_EDGE ( 'NONE', *, *, #10108, .T. ) ;
#3677 = VECTOR ( 'NONE', #736, 1000.000000000000000 ) ;
#3678 = CARTESIAN_POINT ( 'NONE',  ( -0.8599999999999995400, 0.2030000000000000100, 1.725000000000000800 ) ) ;
#3679 = ORIENTED_EDGE ( 'NONE', *, *, #10847, .T. ) ;
#3680 = ORIENTED_EDGE ( 'NONE', *, *, #1407, .T. ) ;
#3681 = LINE ( 'NONE', #7691, #5763 ) ;
#3682 = VERTEX_POINT ( 'NONE', #7942 ) ;
#3683 = CARTESIAN_POINT ( 'NONE',  ( 1.725000000000000800, 0.2030000000000000100, -0.7850000000000004800 ) ) ;
#3684 = ORIENTED_EDGE ( 'NONE', *, *, #5254, .T. ) ;
#3685 = EDGE_CURVE ( 'NONE', #7368, #8209, #9056, .T. ) ;
#3686 = CARTESIAN_POINT ( 'NONE',  ( 0.0000000000000000000, 0.05000000000000000300, 1.465000000000000100 ) ) ;
#3687 = LINE ( 'NONE', #1953, #10892 ) ;
#3688 = ORIENTED_EDGE ( 'NONE', *, *, #10637, .F. ) ;
#3689 = LINE ( 'NONE', #6871, #4293 ) ;
#3690 = ADVANCED_FACE ( 'NONE', ( #5745 ), #2167, .T. ) ;
#3691 = CARTESIAN_POINT ( 'NONE',  ( -0.4899999999999997700, 0.04999999999999999600, 1.725000000000000800 ) ) ;
#3692 = CARTESIAN_POINT ( 'NONE',  ( -1.234999999999999700, 0.6218078318274392600, 1.725000000000001200 ) ) ;
#3693 = PLANE ( 'NONE',  #2155 ) ;
#3694 = VERTEX_POINT ( 'NONE', #9916 ) ;
#3695 = VERTEX_POINT ( 'NONE', #5074 ) ;
#3696 = PLANE ( 'NONE',  #9801 ) ;
#3697 = CARTESIAN_POINT ( 'NONE',  ( 0.3775000000000000000, 0.2030000000000000100, -0.03750000000000020700 ) ) ;
#3698 = EDGE_CURVE ( 'NONE', #3758, #4493, #977, .T. ) ;
#3699 = COLOUR_RGB ( '',0.7921568627450980000, 0.8196078431372548800, 0.9333333333333333500 ) ;
#3700 = CARTESIAN_POINT ( 'NONE',  ( -1.310000000000000300, 0.2030000000000000100, -1.725000000000000300 ) ) ;
#3701 = AXIS2_PLACEMENT_3D ( 'NONE', #6074, #6030, #8937 ) ;
#3702 = ORIENTED_EDGE ( 'NONE', *, *, #9333, .F. ) ;
#3703 = CARTESIAN_POINT ( 'NONE',  ( 1.015000000000000300, 0.2030000000000001000, -2.000000000000000400 ) ) ;
#3704 = LINE ( 'NONE', #9471, #1889 ) ;
#3705 = ORIENTED_EDGE ( 'NONE', *, *, #9615, .T. ) ;
#3706 = VECTOR ( 'NONE', #3802, 1000.000000000000000 ) ;
#3707 = ORIENTED_EDGE ( 'NONE', *, *, #5705, .T. ) ;
#3708 = EDGE_CURVE ( 'NONE', #3447, #610, #6499, .T. ) ;
#3709 = EDGE_LOOP ( 'NONE', ( #3893, #2177, #12420, #8631 ) ) ;
#3710 = CARTESIAN_POINT ( 'NONE',  ( -1.465000000000000500, 0.05000000000000000300, -1.805000000000001000 ) ) ;
#3711 = ORIENTED_EDGE ( 'NONE', *, *, #2234, .T. ) ;
#3712 = DIRECTION ( 'NONE',  ( -1.000000000000000000, 0.0000000000000000000, 1.577021341797101900E-015 ) ) ;
#3713 = DIRECTION ( 'NONE',  ( 0.0000000000000000000, 0.0000000000000000000, -1.000000000000000000 ) ) ;
#3714 = CARTESIAN_POINT ( 'NONE',  ( -1.725000000000000800, 0.2030000000000000100, 1.014999999999999900 ) ) ;
#3715 = CIRCLE ( 'NONE', #10720, 0.1999999999999998700 ) ;
#3716 = VERTEX_POINT ( 'NONE', #1432 ) ;
#3717 = VERTEX_POINT ( 'NONE', #479 ) ;
#3718 = FILL_AREA_STYLE_COLOUR ( '', #11952 ) ;
#3719 = AXIS2_PLACEMENT_3D ( 'NONE', #1156, #1280, #11702 ) ;
#3720 = ORIENTED_EDGE ( 'NONE', *, *, #1576, .T. ) ;
#3721 = ADVANCED_FACE ( 'NONE', ( #7389 ), #438, .F. ) ;
#3722 = EDGE_CURVE ( 'NONE', #5022, #8551, #7246, .T. ) ;
#3723 = EDGE_CURVE ( 'NONE', #10059, #4225, #3958, .T. ) ;
#3724 = LINE ( 'NONE', #2893, #1628 ) ;
#3725 = VECTOR ( 'NONE', #5309, 1000.000000000000000 ) ;
#3726 = FACE_OUTER_BOUND ( 'NONE', #9506, .T. ) ;
#3727 = DIRECTION ( 'NONE',  ( 0.0000000000000000000, 0.0000000000000000000, 1.000000000000000000 ) ) ;
#3728 = VERTEX_POINT ( 'NONE', #7192 ) ;
#3729 = VERTEX_POINT ( 'NONE', #2380 ) ;
#3730 = ORIENTED_EDGE ( 'NONE', *, *, #3053, .T. ) ;
#3731 = ORIENTED_EDGE ( 'NONE', *, *, #7571, .T. ) ;
#3732 = DIRECTION ( 'NONE',  ( 0.0000000000000000000, 0.0000000000000000000, 1.000000000000000000 ) ) ;
#3733 = SURFACE_STYLE_USAGE ( .BOTH. , #2757 ) ;
#3734 = FACE_OUTER_BOUND ( 'NONE', #583, .T. ) ;
#3735 = AXIS2_PLACEMENT_3D ( 'NONE', #4804, #997, #3886 ) ;
#3736 = CARTESIAN_POINT ( 'NONE',  ( 2.000000000000000900, 0.6218078318274388200, 0.5649999999999999500 ) ) ;
#3737 = CARTESIAN_POINT ( 'NONE',  ( -1.725000000000000800, 0.6218078318274388200, -1.464999999999999900 ) ) ;
#3738 = SURFACE_STYLE_FILL_AREA ( #34 ) ;
#3739 = ADVANCED_FACE ( 'NONE', ( #8596 ), #2289, .T. ) ;
#3740 = EDGE_CURVE ( 'NONE', #10497, #2771, #2293, .T. ) ;
#3741 = DIRECTION ( 'NONE',  ( 0.0000000000000000000, 0.0000000000000000000, 1.000000000000000000 ) ) ;
#3742 = AXIS2_PLACEMENT_3D ( 'NONE', #8747, #11761, #1132 ) ;
#3743 = CARTESIAN_POINT ( 'NONE',  ( -0.7849999999999995900, 0.0000000000000000000, 1.725000000000001200 ) ) ;
#3744 = EDGE_CURVE ( 'NONE', #7161, #7143, #5447, .T. ) ;
#3745 = ORIENTED_EDGE ( 'NONE', *, *, #5221, .T. ) ;
#3746 = DIRECTION ( 'NONE',  ( -1.000000000000000000, 0.0000000000000000000, 0.0000000000000000000 ) ) ;
#3747 = VERTEX_POINT ( 'NONE', #6230 ) ;
#3748 = ORIENTED_EDGE ( 'NONE', *, *, #6838, .T. ) ;
#3749 = CIRCLE ( 'NONE', #7366, 0.07499999999999998300 ) ;
#3750 = VERTEX_POINT ( 'NONE', #10000 ) ;
#3751 = CIRCLE ( 'NONE', #4597, 0.07499999999999998300 ) ;
#3752 = DIRECTION ( 'NONE',  ( 1.000000000000000000, -0.0000000000000000000, 7.885106708985486100E-016 ) ) ;
#3753 = ADVANCED_FACE ( 'NONE', ( #9683 ), #11082, .T. ) ;
#3754 = ORIENTED_EDGE ( 'NONE', *, *, #1914, .F. ) ;
#3755 = CARTESIAN_POINT ( 'NONE',  ( 0.5650000000000003900, 0.2030000000000000100, 1.725000000000001200 ) ) ;
#3756 = DIRECTION ( 'NONE',  ( 1.000000000000000000, 0.0000000000000000000, -0.0000000000000000000 ) ) ;
#3757 = VERTEX_POINT ( 'NONE', #4325 ) ;
#3758 = VERTEX_POINT ( 'NONE', #399 ) ;
#3759 = DIRECTION ( 'NONE',  ( 0.0000000000000000000, 1.000000000000000000, 0.0000000000000000000 ) ) ;
#3760 = AXIS2_PLACEMENT_3D ( 'NONE', #8367, #10574, #11523 ) ;
#3761 = LINE ( 'NONE', #671, #3146 ) ;
#3762 = EDGE_CURVE ( 'NONE', #8009, #8896, #7089, .T. ) ;
#3763 = LINE ( 'NONE', #493, #926 ) ;
#3764 = ORIENTED_EDGE ( 'NONE', *, *, #4389, .F. ) ;
#3765 = CARTESIAN_POINT ( 'NONE',  ( -0.5649999999999997200, 0.04999999999999969700, 2.000000000000000400 ) ) ;
#3766 = DIRECTION ( 'NONE',  ( 0.0000000000000000000, 0.0000000000000000000, -1.000000000000000000 ) ) ;
#3767 = LINE ( 'NONE', #5232, #7939 ) ;
#3768 = PRESENTATION_LAYER_ASSIGNMENT (  '', '', ( #2474 ) ) ;
#3770 = FACE_OUTER_BOUND ( 'NONE', #3113, .T. ) ;
#3769 =( GEOMETRIC_REPRESENTATION_CONTEXT ( 3 ) GLOBAL_UNCERTAINTY_ASSIGNED_CONTEXT ( ( #3614 ) ) GLOBAL_UNIT_ASSIGNED_CONTEXT ( ( #2423, #3478, #9156 ) ) REPRESENTATION_CONTEXT ( 'NONE', 'WORKASPACE' ) );
#3771 = DIRECTION ( 'NONE',  ( 0.0000000000000000000, 0.0000000000000000000, -1.000000000000000000 ) ) ;
#3772 = FACE_OUTER_BOUND ( 'NONE', #302, .T. ) ;
#3773 = AXIS2_PLACEMENT_3D ( 'NONE', #5257, #1505, #463 ) ;
#3774 = DIRECTION ( 'NONE',  ( 0.0000000000000000000, -1.000000000000000000, 0.0000000000000000000 ) ) ;
#3775 = CARTESIAN_POINT ( 'NONE',  ( -0.04000000000000010500, 0.2030000000000000100, -1.725000000000000300 ) ) ;
#3776 = DIRECTION ( 'NONE',  ( 0.0000000000000000000, 1.000000000000000000, 0.0000000000000000000 ) ) ;
#3777 = EDGE_CURVE ( 'NONE', #881, #6904, #2149, .T. ) ;
#3778 = DIRECTION ( 'NONE',  ( 0.0000000000000000000, 0.0000000000000000000, -1.000000000000000000 ) ) ;
#3779 = EDGE_LOOP ( 'NONE', ( #424, #9621, #710, #2232 ) ) ;
#3780 = DIRECTION ( 'NONE',  ( 0.0000000000000000000, 0.0000000000000000000, 1.000000000000000000 ) ) ;
#3781 = ORIENTED_EDGE ( 'NONE', *, *, #11382, .T. ) ;
#3782 = DIRECTION ( 'NONE',  ( -0.0000000000000000000, -1.000000000000000000, -0.0000000000000000000 ) ) ;
#3783 = VECTOR ( 'NONE', #6811, 1000.000000000000000 ) ;
#3784 = DIRECTION ( 'NONE',  ( 0.0000000000000000000, 0.0000000000000000000, -1.000000000000000000 ) ) ;
#3785 = ADVANCED_FACE ( 'NONE', ( #6943 ), #6107, .F. ) ;
#3786 = LINE ( 'NONE', #3291, #5855 ) ;
#3787 = CARTESIAN_POINT ( 'NONE',  ( 1.725000000000000800, 0.0000000000000000000, -0.1150000000000003000 ) ) ;
#3788 = DIRECTION ( 'NONE',  ( 0.0000000000000000000, -1.000000000000000000, 0.0000000000000000000 ) ) ;
#3789 = EDGE_CURVE ( 'NONE', #5839, #2312, #9223, .T. ) ;
#3790 = VERTEX_POINT ( 'NONE', #3378 ) ;
#3791 = AXIS2_PLACEMENT_3D ( 'NONE', #7216, #4400, #4479 ) ;
#3792 = DIRECTION ( 'NONE',  ( -0.0000000000000000000, -1.000000000000000000, -0.0000000000000000000 ) ) ;
#3793 = ORIENTED_EDGE ( 'NONE', *, *, #3580, .T. ) ;
#3794 = ORIENTED_EDGE ( 'NONE', *, *, #5391, .T. ) ;
#3795 = DIRECTION ( 'NONE',  ( 0.0000000000000000000, -1.000000000000000000, 0.0000000000000000000 ) ) ;
#3796 = EDGE_CURVE ( 'NONE', #1006, #5908, #4560, .T. ) ;
#3797 = DIRECTION ( 'NONE',  ( -0.0000000000000000000, -1.000000000000000000, -0.0000000000000000000 ) ) ;
#3798 = LINE ( 'NONE', #3148, #10845 ) ;
#3799 = VECTOR ( 'NONE', #3300, 1000.000000000000000 ) ;
#3800 = CARTESIAN_POINT ( 'NONE',  ( 1.014999999999999700, 0.2030000000000000100, -1.725000000000000300 ) ) ;
#3801 = CARTESIAN_POINT ( 'NONE',  ( -2.000000000000000900, 0.0000000000000000000, -1.014999999999999900 ) ) ;
#3802 = DIRECTION ( 'NONE',  ( 0.0000000000000000000, 0.0000000000000000000, 1.000000000000000000 ) ) ;
#3803 = ORIENTED_EDGE ( 'NONE', *, *, #2873, .F. ) ;
#3804 = ORIENTED_EDGE ( 'NONE', *, *, #4039, .T. ) ;
#3805 = FACE_OUTER_BOUND ( 'NONE', #3175, .T. ) ;
#3806 = SURFACE_STYLE_FILL_AREA ( #4802 ) ;
#3807 = AXIS2_PLACEMENT_3D ( 'NONE', #5643, #2916, #3771 ) ;
#3808 = CARTESIAN_POINT ( 'NONE',  ( 1.650000000000000800, 0.2030000000000000100, 0.03999999999999967500 ) ) ;
#3809 = LINE ( 'NONE', #6611, #7093 ) ;
#3810 = EDGE_CURVE ( 'NONE', #6414, #4128, #11307, .T. ) ;
#3811 = ADVANCED_FACE ( 'NONE', ( #11751 ), #3816, .F. ) ;
#3812 = EDGE_CURVE ( 'NONE', #7197, #2440, #8740, .T. ) ;
#3813 = VERTEX_POINT ( 'NONE', #4527 ) ;
#3814 = CARTESIAN_POINT ( 'NONE',  ( 1.725000000000000800, 0.2030000000000000100, -0.3350000000000004600 ) ) ;
#3815 = ORIENTED_EDGE ( 'NONE', *, *, #2372, .F. ) ;
#3816 = CYLINDRICAL_SURFACE ( 'NONE', #9976, 0.07499999999999998300 ) ;
#3817 = DIRECTION ( 'NONE',  ( -0.0000000000000000000, -1.000000000000000000, -0.0000000000000000000 ) ) ;
#3818 = CARTESIAN_POINT ( 'NONE',  ( -1.234999999999999700, 0.04999999999999999600, 1.725000000000001200 ) ) ;
#3819 = VECTOR ( 'NONE', #7681, 1000.000000000000000 ) ;
#3820 = PLANE ( 'NONE',  #4158 ) ;
#3821 = LINE ( 'NONE', #1385, #10285 ) ;
#3822 = CARTESIAN_POINT ( 'NONE',  ( 0.8600000000000001000, 0.2030000000000000100, 1.725000000000000800 ) ) ;
#3823 = DIRECTION ( 'NONE',  ( -1.000000000000000000, 0.0000000000000000000, 1.577021341797101900E-015 ) ) ;
#3824 = VERTEX_POINT ( 'NONE', #2588 ) ;
#3825 = MECHANICAL_DESIGN_GEOMETRIC_PRESENTATION_REPRESENTATION (  '', ( #7420 ), #866 ) ;
#3826 = ORIENTED_EDGE ( 'NONE', *, *, #6536, .T. ) ;
#3827 = VERTEX_POINT ( 'NONE', #8356 ) ;
#3828 = AXIS2_PLACEMENT_3D ( 'NONE', #2549, #9308, #10116 ) ;
#3829 = CARTESIAN_POINT ( 'NONE',  ( -1.650000000000000800, 0.6218078318274388200, -1.310000000000000100 ) ) ;
#3830 = ORIENTED_EDGE ( 'NONE', *, *, #1994, .T. ) ;
#3831 = DIRECTION ( 'NONE',  ( 7.885106708985485100E-016, 0.0000000000000000000, -1.000000000000000000 ) ) ;
#3832 = LINE ( 'NONE', #11132, #8759 ) ;
#3833 = EDGE_CURVE ( 'NONE', #5661, #8415, #11171, .T. ) ;
#3834 = LINE ( 'NONE', #2659, #6661 ) ;
#3835 = DIRECTION ( 'NONE',  ( 0.0000000000000000000, 0.0000000000000000000, 1.000000000000000000 ) ) ;
#3836 = MANIFOLD_SOLID_BREP ( 'LPattern4[1]', #2054 ) ;
#3837 = CARTESIAN_POINT ( 'NONE',  ( 0.9399999999999996100, 0.0000000000000000000, -1.725000000000000300 ) ) ;
#3838 = ORIENTED_EDGE ( 'NONE', *, *, #8184, .T. ) ;
#3839 = FACE_OUTER_BOUND ( 'NONE', #3126, .T. ) ;
#3840 = DIRECTION ( 'NONE',  ( 0.0000000000000000000, 0.0000000000000000000, -1.000000000000000000 ) ) ;
#3841 = EDGE_LOOP ( 'NONE', ( #606, #380, #1999, #11311 ) ) ;
#3842 = CARTESIAN_POINT ( 'NONE',  ( 1.725000000000000800, 0.0000000000000000000, 0.9399999999999993900 ) ) ;
#3843 = VECTOR ( 'NONE', #9349, 1000.000000000000000 ) ;
#3844 = ADVANCED_FACE ( 'NONE', ( #3342 ), #8274, .F. ) ;
#3845 = AXIS2_PLACEMENT_3D ( 'NONE', #8505, #11412, #6617 ) ;
#3846 = ORIENTED_EDGE ( 'NONE', *, *, #10476, .T. ) ;
#3847 = CARTESIAN_POINT ( 'NONE',  ( -1.650000000000000800, 0.2030000000000000100, -0.4099999999999999800 ) ) ;
#3848 = VECTOR ( 'NONE', #9176, 1000.000000000000000 ) ;
#3849 = FACE_OUTER_BOUND ( 'NONE', #5538, .T. ) ;
#3850 = ORIENTED_EDGE ( 'NONE', *, *, #6763, .F. ) ;
#3851 = AXIS2_PLACEMENT_3D ( 'NONE', #10419, #10339, #5571 ) ;
#3852 = VERTEX_POINT ( 'NONE', #10247 ) ;
#3853 =( LENGTH_UNIT ( ) NAMED_UNIT ( * ) SI_UNIT ( .MILLI., .METRE. ) );
#3854 = VERTEX_POINT ( 'NONE', #605 ) ;
#3855 = EDGE_CURVE ( 'NONE', #3447, #2034, #367, .T. ) ;
#3856 = CARTESIAN_POINT ( 'NONE',  ( 1.725000000000000800, 0.0000000000000000000, 0.5649999999999995000 ) ) ;
#3857 = ORIENTED_EDGE ( 'NONE', *, *, #10080, .F. ) ;
#3858 = LINE ( 'NONE', #9949, #1308 ) ;
#3859 = DIRECTION ( 'NONE',  ( 0.0000000000000000000, 0.0000000000000000000, 1.000000000000000000 ) ) ;
#3860 = FACE_OUTER_BOUND ( 'NONE', #6712, .T. ) ;
#3861 = EDGE_LOOP ( 'NONE', ( #1762, #12359, #5983, #907, #8211, #4084 ) ) ;
#3862 = DIRECTION ( 'NONE',  ( 0.0000000000000000000, 0.0000000000000000000, 1.000000000000000000 ) ) ;
#3863 = DIRECTION ( 'NONE',  ( 1.577021341797101900E-015, -0.0000000000000000000, 1.000000000000000000 ) ) ;
#3864 = ORIENTED_EDGE ( 'NONE', *, *, #10162, .T. ) ;
#3865 = CARTESIAN_POINT ( 'NONE',  ( 0.5649999999999997200, 0.2030000000000000100, -1.725000000000000300 ) ) ;
#3866 = VERTEX_POINT ( 'NONE', #7393 ) ;
#3867 = EDGE_CURVE ( 'NONE', #12337, #4493, #7823, .T. ) ;
#3868 = CARTESIAN_POINT ( 'NONE',  ( 0.3349999999999995800, 0.0000000000000000000, -1.725000000000000300 ) ) ;
#3869 = DIRECTION ( 'NONE',  ( -1.000000000000000000, 0.0000000000000000000, 0.0000000000000000000 ) ) ;
#3870 = CARTESIAN_POINT ( 'NONE',  ( -1.725000000000000800, 0.0000000000000000000, -1.014999999999999900 ) ) ;
#3871 = FACE_OUTER_BOUND ( 'NONE', #2161, .T. ) ;
#3872 = EDGE_CURVE ( 'NONE', #10312, #8820, #9213, .T. ) ;
#3873 = LINE ( 'NONE', #3636, #11219 ) ;
#3874 = PLANE ( 'NONE',  #483 ) ;
#3875 = ORIENTED_EDGE ( 'NONE', *, *, #4256, .T. ) ;
#3876 = DIRECTION ( 'NONE',  ( 0.0000000000000000000, -1.000000000000000000, 0.0000000000000000000 ) ) ;
#3877 = ORIENTED_EDGE ( 'NONE', *, *, #4292, .F. ) ;
#3878 = ORIENTED_EDGE ( 'NONE', *, *, #1431, .T. ) ;
#3879 = VERTEX_POINT ( 'NONE', #1712 ) ;
#3880 = CARTESIAN_POINT ( 'NONE',  ( 0.4899999999999999900, 0.2030000000000000100, 1.650000000000000800 ) ) ;
#3881 = ADVANCED_FACE ( 'NONE', ( #6032 ), #7438, .T. ) ;
#3882 = DIRECTION ( 'NONE',  ( 0.0000000000000000000, -1.000000000000000000, 0.0000000000000000000 ) ) ;
#3883 = DIRECTION ( 'NONE',  ( -1.000000000000000000, 0.0000000000000000000, 0.0000000000000000000 ) ) ;
#3884 = LINE ( 'NONE', #11822, #8506 ) ;
#3885 = VECTOR ( 'NONE', #11571, 1000.000000000000000 ) ;
#3886 = DIRECTION ( 'NONE',  ( 0.0000000000000000000, -0.0000000000000000000, 1.000000000000000000 ) ) ;
#3887 = VECTOR ( 'NONE', #2880, 1000.000000000000000 ) ;
#3888 = ORIENTED_EDGE ( 'NONE', *, *, #12234, .F. ) ;
#3889 = CARTESIAN_POINT ( 'NONE',  ( 1.234999999999999900, 0.6218078318274392600, -1.725000000000000300 ) ) ;
#3890 = ORIENTED_EDGE ( 'NONE', *, *, #4309, .F. ) ;
#3891 = ORIENTED_EDGE ( 'NONE', *, *, #3633, .F. ) ;
#3892 = EDGE_CURVE ( 'NONE', #4465, #10013, #3498, .T. ) ;
#3893 = ORIENTED_EDGE ( 'NONE', *, *, #5877, .F. ) ;
#3894 = EDGE_CURVE ( 'NONE', #10564, #3562, #5143, .T. ) ;
#3895 = DIRECTION ( 'NONE',  ( -0.0000000000000000000, -1.000000000000000000, -0.0000000000000000000 ) ) ;
#3896 = FACE_OUTER_BOUND ( 'NONE', #6525, .T. ) ;
#3897 = LINE ( 'NONE', #5308, #12 ) ;
#3898 = ORIENTED_EDGE ( 'NONE', *, *, #3460, .T. ) ;
#3899 = ORIENTED_EDGE ( 'NONE', *, *, #7375, .T. ) ;
#3900 = DIRECTION ( 'NONE',  ( 0.0000000000000000000, -0.0000000000000000000, 1.000000000000000000 ) ) ;
#3901 = VERTEX_POINT ( 'NONE', #12057 ) ;
#3902 = ORIENTED_EDGE ( 'NONE', *, *, #4312, .T. ) ;
#3903 = CARTESIAN_POINT ( 'NONE',  ( 0.3350000000000002400, 0.04999999999999969700, 2.000000000000000400 ) ) ;
#3904 = CARTESIAN_POINT ( 'NONE',  ( -0.3349999999999995800, 0.6218078318274392600, -2.000000000000000400 ) ) ;
#3905 = DIRECTION ( 'NONE',  ( -2.365532012695645400E-015, 0.0000000000000000000, 1.000000000000000000 ) ) ;
#3906 = AXIS2_PLACEMENT_3D ( 'NONE', #9144, #2456, #3425 ) ;
#3907 = CIRCLE ( 'NONE', #2933, 0.07500000000000019200 ) ;
#3908 = DIRECTION ( 'NONE',  ( 0.0000000000000000000, 0.0000000000000000000, 1.000000000000000000 ) ) ;
#3909 = EDGE_CURVE ( 'NONE', #4320, #5225, #5596, .T. ) ;
#3910 = CARTESIAN_POINT ( 'NONE',  ( -0.4899999999999997700, 0.6218078318274392600, 1.725000000000000800 ) ) ;
#3911 = ADVANCED_FACE ( 'NONE', ( #3033 ), #11235, .T. ) ;
#3912 = VECTOR ( 'NONE', #6358, 1000.000000000000000 ) ;
#3913 = CARTESIAN_POINT ( 'NONE',  ( -0.8600000000000002100, 0.6218078318274390400, -1.725000000000000300 ) ) ;
#3914 = ORIENTED_EDGE ( 'NONE', *, *, #1812, .F. ) ;
#3915 = ORIENTED_EDGE ( 'NONE', *, *, #9021, .F. ) ;
#3916 = CARTESIAN_POINT ( 'NONE',  ( -1.309999999999999600, 0.0000000000000000000, 1.725000000000000800 ) ) ;
#3917 = DIRECTION ( 'NONE',  ( 1.000000000000000000, -0.0000000000000000000, -2.168404344971008900E-016 ) ) ;
#3918 = VECTOR ( 'NONE', #2330, 1000.000000000000000 ) ;
#3919 = DIRECTION ( 'NONE',  ( 0.0000000000000000000, 0.0000000000000000000, 1.000000000000000000 ) ) ;
#3920 = VECTOR ( 'NONE', #4247, 1000.000000000000000 ) ;
#3921 = LINE ( 'NONE', #7125, #1374 ) ;
#3922 = DIRECTION ( 'NONE',  ( 0.0000000000000000000, 0.0000000000000000000, 1.000000000000000000 ) ) ;
#3923 = AXIS2_PLACEMENT_3D ( 'NONE', #9363, #4660, #11281 ) ;
#3924 = AXIS2_PLACEMENT_3D ( 'NONE', #6021, #7904, #9921 ) ;
#3925 = ORIENTED_EDGE ( 'NONE', *, *, #6605, .F. ) ;
#3926 = PLANE ( 'NONE',  #4669 ) ;
#3927 = EDGE_CURVE ( 'NONE', #1515, #1557, #6929, .T. ) ;
#3928 = CARTESIAN_POINT ( 'NONE',  ( 1.299999999999999200, 0.2030000000000000700, -1.300000000000000300 ) ) ;
#3929 = CYLINDRICAL_SURFACE ( 'NONE', #3828, 0.07499999999999998300 ) ;
#3930 = VECTOR ( 'NONE', #1251, 1000.000000000000000 ) ;
#3931 = PLANE ( 'NONE',  #3592 ) ;
#3932 = CARTESIAN_POINT ( 'NONE',  ( 1.650000000000000800, 0.2030000000000001000, -0.04000000000000032000 ) ) ;
#3933 = AXIS2_PLACEMENT_3D ( 'NONE', #11304, #6438, #715 ) ;
#3934 = VERTEX_POINT ( 'NONE', #3607 ) ;
#3935 = ADVANCED_FACE ( 'NONE', ( #8897 ), #6352, .F. ) ;
#3936 = LINE ( 'NONE', #6934, #8416 ) ;
#3937 = DIRECTION ( 'NONE',  ( 1.000000000000000000, 0.0000000000000000000, -0.0000000000000000000 ) ) ;
#3938 =( GEOMETRIC_REPRESENTATION_CONTEXT ( 3 ) GLOBAL_UNCERTAINTY_ASSIGNED_CONTEXT ( ( #8823 ) ) GLOBAL_UNIT_ASSIGNED_CONTEXT ( ( #12231, #2551, #2634 ) ) REPRESENTATION_CONTEXT ( 'NONE', 'WORKASPACE' ) );
#3939 = DIRECTION ( 'NONE',  ( 1.000000000000000000, -0.0000000000000000000, 1.577021341797097400E-015 ) ) ;
#3940 = CYLINDRICAL_SURFACE ( 'NONE', #5294, 0.07499999999999998300 ) ;
#3941 =( NAMED_UNIT ( * ) SI_UNIT ( $, .STERADIAN. ) SOLID_ANGLE_UNIT ( ) );
#3942 = FACE_OUTER_BOUND ( 'NONE', #8088, .T. ) ;
#3943 = EDGE_CURVE ( 'NONE', #8224, #3671, #7536, .T. ) ;
#3944 = PLANE ( 'NONE',  #2552 ) ;
#3945 = DIRECTION ( 'NONE',  ( -1.000000000000000000, 0.0000000000000000000, -1.577021341797097400E-015 ) ) ;
#3946 = CARTESIAN_POINT ( 'NONE',  ( 1.310000000000000500, 0.2030000000000000100, 1.725000000000000800 ) ) ;
#3947 = ORIENTED_EDGE ( 'NONE', *, *, #6424, .T. ) ;
#3948 = ORIENTED_EDGE ( 'NONE', *, *, #2123, .F. ) ;
#3949 = VECTOR ( 'NONE', #5138, 1000.000000000000000 ) ;
#3950 = CARTESIAN_POINT ( 'NONE',  ( -1.300000000000000500, 0.05000000000000000300, -2.505711687522056400E-016 ) ) ;
#3951 = AXIS2_PLACEMENT_3D ( 'NONE', #3388, #7274, #1437 ) ;
#3952 = DIRECTION ( 'NONE',  ( 0.0000000000000000000, 0.0000000000000000000, 1.000000000000000000 ) ) ;
#3953 = CARTESIAN_POINT ( 'NONE',  ( -1.725000000000000800, 0.2030000000000001000, 0.7849999999999999200 ) ) ;
#3954 = CARTESIAN_POINT ( 'NONE',  ( 0.8600000000000001000, 0.0000000000000000000, 1.650000000000000800 ) ) ;
#3955 = ORIENTED_EDGE ( 'NONE', *, *, #9023, .T. ) ;
#3956 = EDGE_CURVE ( 'NONE', #10141, #8894, #2281, .T. ) ;
#3957 = VERTEX_POINT ( 'NONE', #2714 ) ;
#3958 = LINE ( 'NONE', #8100, #9980 ) ;
#3959 = FACE_OUTER_BOUND ( 'NONE', #7275, .T. ) ;
#3960 = VECTOR ( 'NONE', #3423, 1000.000000000000000 ) ;
#3961 = ADVANCED_FACE ( 'NONE', ( #4103 ), #11158, .T. ) ;
#3962 = DIRECTION ( 'NONE',  ( 0.0000000000000000000, 0.0000000000000000000, -1.000000000000000000 ) ) ;
#3963 = ORIENTED_EDGE ( 'NONE', *, *, #10816, .T. ) ;
#3964 = EDGE_LOOP ( 'NONE', ( #2158, #623, #1332, #8221 ) ) ;
#3965 = ORIENTED_EDGE ( 'NONE', *, *, #4433, .F. ) ;
#3966 =( GEOMETRIC_REPRESENTATION_CONTEXT ( 3 ) GLOBAL_UNCERTAINTY_ASSIGNED_CONTEXT ( ( #11584 ) ) GLOBAL_UNIT_ASSIGNED_CONTEXT ( ( #2190, #10883, #8947 ) ) REPRESENTATION_CONTEXT ( 'NONE', 'WORKASPACE' ) );
#3967 = CARTESIAN_POINT ( 'NONE',  ( 1.725000000000000800, 0.2030000000000000100, 0.03999999999999967500 ) ) ;
#3968 = VECTOR ( 'NONE', #11383, 1000.000000000000000 ) ;
#3969 = EDGE_CURVE ( 'NONE', #1905, #11758, #1849, .T. ) ;
#3970 = ORIENTED_EDGE ( 'NONE', *, *, #1554, .F. ) ;
#3971 = EDGE_CURVE ( 'NONE', #4631, #6544, #520, .T. ) ;
#3972 = CIRCLE ( 'NONE', #7978, 0.07499999999999998300 ) ;
#3973 = EDGE_CURVE ( 'NONE', #11138, #3647, #4414, .T. ) ;
#3974 = ORIENTED_EDGE ( 'NONE', *, *, #9912, .T. ) ;
#3975 = CARTESIAN_POINT ( 'NONE',  ( 1.725000000000000800, 0.6218078318274388200, 1.234999999999999900 ) ) ;
#3976 = DIRECTION ( 'NONE',  ( 0.0000000000000000000, 1.000000000000000000, 0.0000000000000000000 ) ) ;
#3977 = ORIENTED_EDGE ( 'NONE', *, *, #11400, .F. ) ;
#3978 = VECTOR ( 'NONE', #5771, 1000.000000000000000 ) ;
#3979 = CARTESIAN_POINT ( 'NONE',  ( 1.650000000000000800, 0.6218078318274388200, 0.03999999999999967500 ) ) ;
#3980 = DIRECTION ( 'NONE',  ( -1.000000000000000000, 0.0000000000000000000, 0.0000000000000000000 ) ) ;
#3981 = ORIENTED_EDGE ( 'NONE', *, *, #4353, .T. ) ;
#3982 = DIRECTION ( 'NONE',  ( -1.000000000000000000, 0.0000000000000000000, 0.0000000000000000000 ) ) ;
#3983 = ORIENTED_EDGE ( 'NONE', *, *, #7788, .T. ) ;
#3984 = CARTESIAN_POINT ( 'NONE',  ( -1.310000000000000300, 0.2030000000000000100, -1.725000000000000300 ) ) ;
#3985 = VECTOR ( 'NONE', #2233, 1000.000000000000000 ) ;
#3986 = CARTESIAN_POINT ( 'NONE',  ( -1.725000000000000800, 0.2030000000000000100, 0.1150000000000000900 ) ) ;
#3987 = VERTEX_POINT ( 'NONE', #1872 ) ;
#3988 = DIRECTION ( 'NONE',  ( 0.0000000000000000000, 0.0000000000000000000, 1.000000000000000000 ) ) ;
#3989 = VECTOR ( 'NONE', #9766, 1000.000000000000000 ) ;
#3990 = LINE ( 'NONE', #9418, #9717 ) ;
#3991 = AXIS2_PLACEMENT_3D ( 'NONE', #11974, #6442, #8059 ) ;
#3992 = UNCERTAINTY_MEASURE_WITH_UNIT (LENGTH_MEASURE( 1.000000000000000100E-005 ), #5262, 'distance_accuracy_value', 'NONE');
#3993 = ORIENTED_EDGE ( 'NONE', *, *, #12324, .F. ) ;
#3994 = DIRECTION ( 'NONE',  ( 0.0000000000000000000, 0.0000000000000000000, -1.000000000000000000 ) ) ;
#3995 = AXIS2_PLACEMENT_3D ( 'NONE', #10256, #1486, #10214 ) ;
#3996 = CARTESIAN_POINT ( 'NONE',  ( 1.235000000000000300, 0.0000000000000000000, 1.725000000000001200 ) ) ;
#3997 = ORIENTED_EDGE ( 'NONE', *, *, #5182, .F. ) ;
#3998 = VERTEX_POINT ( 'NONE', #2845 ) ;
#3999 = DIRECTION ( 'NONE',  ( 0.0000000000000000000, 0.0000000000000000000, -1.000000000000000000 ) ) ;
#4000 = ADVANCED_FACE ( 'NONE', ( #3805 ), #7559, .F. ) ;
#4001 = EDGE_CURVE ( 'NONE', #10842, #3827, #8585, .T. ) ;
#4002 = EDGE_LOOP ( 'NONE', ( #3613, #2334, #6675, #11821 ) ) ;
#4003 = CIRCLE ( 'NONE', #8468, 0.07499999999999998300 ) ;
#4004 = DIRECTION ( 'NONE',  ( 0.0000000000000000000, 0.0000000000000000000, -1.000000000000000000 ) ) ;
#4005 = DIRECTION ( 'NONE',  ( -0.0000000000000000000, -1.000000000000000000, 0.0000000000000000000 ) ) ;
#4006 = ORIENTED_EDGE ( 'NONE', *, *, #10373, .F. ) ;
#4007 = LINE ( 'NONE', #10532, #10166 ) ;
#4008 = VERTEX_POINT ( 'NONE', #3856 ) ;
#4009 = CLOSED_SHELL ( 'NONE', ( #856, #2406, #7532, #2217, #8284, #6598, #11391 ) ) ;
#4010 = CARTESIAN_POINT ( 'NONE',  ( -0.3349999999999995800, 0.2030000000000000100, 1.725000000000001200 ) ) ;
#4011 = ORIENTED_EDGE ( 'NONE', *, *, #12196, .T. ) ;
#4012 = CARTESIAN_POINT ( 'NONE',  ( -1.650000000000000800, 0.6218078318274388200, -0.4899999999999999900 ) ) ;
#4013 = DIRECTION ( 'NONE',  ( -0.0000000000000000000, -1.000000000000000000, -0.0000000000000000000 ) ) ;
#4014 = CIRCLE ( 'NONE', #9033, 0.07499999999999998300 ) ;
#4015 = AXIS2_PLACEMENT_3D ( 'NONE', #5486, #10385, #10462 ) ;
#4016 = VECTOR ( 'NONE', #2939, 1000.000000000000000 ) ;
#4017 = LINE ( 'NONE', #10276, #12265 ) ;
#4018 = CARTESIAN_POINT ( 'NONE',  ( 0.3349999999999998000, 0.0000000000000000000, -2.000000000000000400 ) ) ;
#4019 = VERTEX_POINT ( 'NONE', #4650 ) ;
#4020 = EDGE_CURVE ( 'NONE', #10497, #7310, #10854, .T. ) ;
#4021 = CARTESIAN_POINT ( 'NONE',  ( 1.517503272058749800, 0.2030000000000000100, 1.857503272058750300 ) ) ;
#4022 = ORIENTED_EDGE ( 'NONE', *, *, #927, .F. ) ;
#4023 = ORIENTED_EDGE ( 'NONE', *, *, #3242, .T. ) ;
#4024 = ORIENTED_EDGE ( 'NONE', *, *, #8945, .F. ) ;
#4025 = DIRECTION ( 'NONE',  ( 0.0000000000000000000, -0.0000000000000000000, 1.000000000000000000 ) ) ;
#4026 = CARTESIAN_POINT ( 'NONE',  ( 0.5649999999999956200, 0.05000000000000000300, 1.336525587173029200E-015 ) ) ;
#4027 = VECTOR ( 'NONE', #9113, 1000.000000000000000 ) ;
#4028 = LINE ( 'NONE', #8491, #10191 ) ;
#4029 = VECTOR ( 'NONE', #5104, 1000.000000000000000 ) ;
#4030 = ORIENTED_EDGE ( 'NONE', *, *, #8858, .F. ) ;
#4031 = EDGE_CURVE ( 'NONE', #3000, #3695, #12190, .T. ) ;
#4032 = ORIENTED_EDGE ( 'NONE', *, *, #10022, .T. ) ;
#4033 = DIRECTION ( 'NONE',  ( 0.0000000000000000000, -1.000000000000000000, 0.0000000000000000000 ) ) ;
#4034 = ADVANCED_FACE ( 'NONE', ( #216 ), #10567, .T. ) ;
#4035 = ORIENTED_EDGE ( 'NONE', *, *, #9274, .T. ) ;
#4036 = AXIS2_PLACEMENT_3D ( 'NONE', #2668, #9385, #3638 ) ;
#4037 = VERTEX_POINT ( 'NONE', #6604 ) ;
#4038 = DIRECTION ( 'NONE',  ( 1.000000000000000000, -0.0000000000000000000, -0.0000000000000000000 ) ) ;
#4039 = EDGE_CURVE ( 'NONE', #11625, #6232, #7676, .T. ) ;
#4040 = LINE ( 'NONE', #796, #11815 ) ;
#4041 = DIRECTION ( 'NONE',  ( -0.0000000000000000000, -1.000000000000000000, -0.0000000000000000000 ) ) ;
#4042 = DIRECTION ( 'NONE',  ( 0.7071067811865475700, 0.0000000000000000000, 0.7071067811865475700 ) ) ;
#4043 = FACE_OUTER_BOUND ( 'NONE', #10940, .T. ) ;
#4044 = CIRCLE ( 'NONE', #12228, 0.07499999999999998300 ) ;
#4045 = CARTESIAN_POINT ( 'NONE',  ( -0.1149999999999996600, 0.2030000000000000100, 1.725000000000001200 ) ) ;
#4046 = VERTEX_POINT ( 'NONE', #11 ) ;
#4047 = ORIENTED_EDGE ( 'NONE', *, *, #6091, .T. ) ;
#4048 = DIRECTION ( 'NONE',  ( 0.0000000000000000000, 0.0000000000000000000, -1.000000000000000000 ) ) ;
#4049 = DIRECTION ( 'NONE',  ( 0.0000000000000000000, 0.0000000000000000000, 1.000000000000000000 ) ) ;
#4050 = ORIENTED_EDGE ( 'NONE', *, *, #11135, .F. ) ;
#4051 = VERTEX_POINT ( 'NONE', #5715 ) ;
#4052 = DIRECTION ( 'NONE',  ( -1.577021341797097400E-015, 0.0000000000000000000, 1.000000000000000000 ) ) ;
#4053 = CARTESIAN_POINT ( 'NONE',  ( 0.0000000000000000000, 0.05000000000000000300, -0.3350000000000000200 ) ) ;
#4054 = VECTOR ( 'NONE', #3096, 1000.000000000000000 ) ;
#4055 = CARTESIAN_POINT ( 'NONE',  ( 1.725000000000000800, 0.6218078318274388200, 1.309999999999999800 ) ) ;
#4056 = ORIENTED_EDGE ( 'NONE', *, *, #11999, .F. ) ;
#4057 = VECTOR ( 'NONE', #8665, 1000.000000000000100 ) ;
#4058 = FACE_OUTER_BOUND ( 'NONE', #2767, .T. ) ;
#4059 = EDGE_CURVE ( 'NONE', #5201, #4780, #66, .T. ) ;
#4060 = DIRECTION ( 'NONE',  ( -0.0000000000000000000, -1.000000000000000000, -0.0000000000000000000 ) ) ;
#4061 = EDGE_CURVE ( 'NONE', #4487, #8262, #4846, .T. ) ;
#4062 = ORIENTED_EDGE ( 'NONE', *, *, #6733, .F. ) ;
#4063 = ORIENTED_EDGE ( 'NONE', *, *, #2347, .F. ) ;
#4064 = CARTESIAN_POINT ( 'NONE',  ( 2.000000000000000900, 0.0000000000000000000, -0.3350000000000000200 ) ) ;
#4065 = DIRECTION ( 'NONE',  ( -0.0000000000000000000, -1.000000000000000000, -0.0000000000000000000 ) ) ;
#4066 = FACE_OUTER_BOUND ( 'NONE', #460, .T. ) ;
#4067 = ADVANCED_FACE ( 'NONE', ( #818 ), #8124, .F. ) ;
#4068 = CARTESIAN_POINT ( 'NONE',  ( -0.5649999999999997200, 0.2030000000000000100, 1.725000000000001200 ) ) ;
#4069 = LINE ( 'NONE', #10644, #2710 ) ;
#4070 = CARTESIAN_POINT ( 'NONE',  ( -0.5650000000000003900, 0.04999999999999999600, -1.725000000000000300 ) ) ;
#4071 = AXIS2_PLACEMENT_3D ( 'NONE', #6089, #377, #9816 ) ;
#4072 = CARTESIAN_POINT ( 'NONE',  ( -1.725000000000000800, 0.0000000000000000000, 0.8599999999999998800 ) ) ;
#4073 = ORIENTED_EDGE ( 'NONE', *, *, #4643, .F. ) ;
#4074 = AXIS2_PLACEMENT_3D ( 'NONE', #1518, #5386, #5346 ) ;
#4075 = PLANE ( 'NONE',  #10578 ) ;
#4076 = DIRECTION ( 'NONE',  ( -1.000000000000000000, 0.0000000000000000000, 0.0000000000000000000 ) ) ;
#4077 = CARTESIAN_POINT ( 'NONE',  ( -1.464999999999999600, 0.0000000000000000000, 1.725000000000001200 ) ) ;
#4078 = VECTOR ( 'NONE', #3746, 1000.000000000000000 ) ;
#4079 = EDGE_CURVE ( 'NONE', #2505, #2300, #5881, .T. ) ;
#4080 = DIRECTION ( 'NONE',  ( -0.0000000000000000000, -1.000000000000000000, -0.0000000000000000000 ) ) ;
#4081 = LINE ( 'NONE', #6308, #7794 ) ;
#4082 = CARTESIAN_POINT ( 'NONE',  ( -0.4100000000000002000, 0.2030000000000000100, -1.650000000000000100 ) ) ;
#4083 = CARTESIAN_POINT ( 'NONE',  ( -1.805000000000000600, 0.2030000000000001000, 1.465000000000000100 ) ) ;
#4084 = ORIENTED_EDGE ( 'NONE', *, *, #1094, .F. ) ;
#4085 = CARTESIAN_POINT ( 'NONE',  ( -0.7849999999999995900, 0.6218078318274390400, -2.000000000000000400 ) ) ;
#4086 = ORIENTED_EDGE ( 'NONE', *, *, #9102, .T. ) ;
#4087 = VECTOR ( 'NONE', #3782, 1000.000000000000000 ) ;
#4088 = CARTESIAN_POINT ( 'NONE',  ( -0.9399999999999997200, 0.2030000000000000100, 1.650000000000000800 ) ) ;
#4089 = CARTESIAN_POINT ( 'NONE',  ( 1.725000000000000800, 0.6218078318274388200, 0.8599999999999994300 ) ) ;
#4090 = CARTESIAN_POINT ( 'NONE',  ( 0.5650000000000003900, 0.2030000000000000100, -2.000000000000000400 ) ) ;
#4091 = DIRECTION ( 'NONE',  ( -1.000000000000000000, 0.0000000000000000000, 0.0000000000000000000 ) ) ;
#4092 = EDGE_CURVE ( 'NONE', #5278, #3694, #10426, .T. ) ;
#4093 = ADVANCED_FACE ( 'NONE', ( #5001 ), #5802, .T. ) ;
#4094 = CARTESIAN_POINT ( 'NONE',  ( -1.725000000000000800, 0.6218078318274387100, -1.014999999999999900 ) ) ;
#4095 = ORIENTED_EDGE ( 'NONE', *, *, #1377, .T. ) ;
#4096 = ORIENTED_EDGE ( 'NONE', *, *, #7936, .T. ) ;
#4097 = CYLINDRICAL_SURFACE ( 'NONE', #2877, 0.07499999999999998300 ) ;
#4098 = DIRECTION ( 'NONE',  ( 0.7071067811865474600, 0.0000000000000000000, 0.7071067811865474600 ) ) ;
#4099 = EDGE_CURVE ( 'NONE', #10649, #9603, #10124, .T. ) ;
#4100 = DIRECTION ( 'NONE',  ( 0.0000000000000000000, 0.0000000000000000000, -1.000000000000000000 ) ) ;
#4101 = ORIENTED_EDGE ( 'NONE', *, *, #9425, .T. ) ;
#4102 = VERTEX_POINT ( 'NONE', #5875 ) ;
#4103 = FACE_OUTER_BOUND ( 'NONE', #4507, .T. ) ;
#4104 = CARTESIAN_POINT ( 'NONE',  ( 0.5650000000000008300, 0.2030000000000000100, 2.000000000000000400 ) ) ;
#4105 = EDGE_CURVE ( 'NONE', #11352, #4008, #11173, .T. ) ;
#4106 = VECTOR ( 'NONE', #7421, 1000.000000000000000 ) ;
#4107 = DIRECTION ( 'NONE',  ( 0.0000000000000000000, 0.0000000000000000000, 1.000000000000000000 ) ) ;
#4108 = DIRECTION ( 'NONE',  ( 1.000000000000000000, 0.0000000000000000000, -0.0000000000000000000 ) ) ;
#4109 = ORIENTED_EDGE ( 'NONE', *, *, #2986, .T. ) ;
#4110 = DIRECTION ( 'NONE',  ( 0.0000000000000000000, -0.0000000000000000000, 1.000000000000000000 ) ) ;
#4111 = PLANE ( 'NONE',  #7129 ) ;
#4112 = VERTEX_POINT ( 'NONE', #2953 ) ;
#4113 = EDGE_LOOP ( 'NONE', ( #2628, #6412, #3548, #2905, #4095, #8617 ) ) ;
#4114 = CARTESIAN_POINT ( 'NONE',  ( 1.650000000000000800, 0.05000000000000000300, 0.0000000000000000000 ) ) ;
#4115 = DIRECTION ( 'NONE',  ( 0.0000000000000000000, 0.0000000000000000000, 1.000000000000000000 ) ) ;
#4116 = PLANE ( 'NONE',  #5050 ) ;
#4117 = VECTOR ( 'NONE', #12258, 1000.000000000000000 ) ;
#4118 = VECTOR ( 'NONE', #11596, 1000.000000000000000 ) ;
#4119 = ADVANCED_FACE ( 'NONE', ( #5746 ), #1954, .F. ) ;
#4120 = PLANE ( 'NONE',  #10592 ) ;
#4121 = EDGE_CURVE ( 'NONE', #5779, #5362, #3197, .T. ) ;
#4122 = EDGE_CURVE ( 'NONE', #893, #3627, #7688, .T. ) ;
#4123 = CARTESIAN_POINT ( 'NONE',  ( 1.310000000000000100, 0.0000000000000000000, -1.725000000000000300 ) ) ;
#4124 = ORIENTED_EDGE ( 'NONE', *, *, #7595, .F. ) ;
#4125 = VERTEX_POINT ( 'NONE', #8781 ) ;
#4126 = ORIENTED_EDGE ( 'NONE', *, *, #1217, .F. ) ;
#4127 = DIRECTION ( 'NONE',  ( -1.577021341797101900E-015, -0.0000000000000000000, -1.000000000000000000 ) ) ;
#4128 = VERTEX_POINT ( 'NONE', #8827 ) ;
#4129 = LINE ( 'NONE', #12410, #11475 ) ;
#4130 = VECTOR ( 'NONE', #3876, 1000.000000000000000 ) ;
#4131 = VERTEX_POINT ( 'NONE', #9783 ) ;
#4132 = PRESENTATION_LAYER_ASSIGNMENT (  '', '', ( #3237 ) ) ;
#4133 = VECTOR ( 'NONE', #10622, 1000.000000000000000 ) ;
#4134 = PLANE ( 'NONE',  #2773 ) ;
#4135 = PLANE ( 'NONE',  #12358 ) ;
#4136 = VERTEX_POINT ( 'NONE', #4896 ) ;
#4137 = EDGE_CURVE ( 'NONE', #2535, #4164, #4250, .T. ) ;
#4138 = VECTOR ( 'NONE', #9522, 1000.000000000000000 ) ;
#4139 = DIRECTION ( 'NONE',  ( -0.0000000000000000000, 0.0000000000000000000, -1.000000000000000000 ) ) ;
#4140 = ORIENTED_EDGE ( 'NONE', *, *, #12041, .T. ) ;
#4141 = VECTOR ( 'NONE', #4395, 1000.000000000000000 ) ;
#4142 = DIRECTION ( 'NONE',  ( 0.0000000000000000000, 0.0000000000000000000, -1.000000000000000000 ) ) ;
#4143 = ORIENTED_EDGE ( 'NONE', *, *, #4020, .F. ) ;
#4144 = VECTOR ( 'NONE', #3064, 1000.000000000000000 ) ;
#4145 = ORIENTED_EDGE ( 'NONE', *, *, #3101, .T. ) ;
#4146 = DIRECTION ( 'NONE',  ( -1.000000000000000000, 0.0000000000000000000, 1.577021341797102100E-015 ) ) ;
#4147 = PLANE ( 'NONE',  #4231 ) ;
#4148 = ORIENTED_EDGE ( 'NONE', *, *, #978, .F. ) ;
#4149 = CARTESIAN_POINT ( 'NONE',  ( -0.03999999999999967500, 0.0000000000000000000, 1.650000000000000800 ) ) ;
#4150 = ORIENTED_EDGE ( 'NONE', *, *, #8328, .T. ) ;
#4151 = VERTEX_POINT ( 'NONE', #11587 ) ;
#4152 = PLANE ( 'NONE',  #5179 ) ;
#4153 = VERTEX_POINT ( 'NONE', #5757 ) ;
#4154 = DIRECTION ( 'NONE',  ( -0.7071067811865474600, 0.0000000000000000000, 0.7071067811865474600 ) ) ;
#4155 = ADVANCED_FACE ( 'NONE', ( #12207 ), #1048, .F. ) ;
#4156 = DIRECTION ( 'NONE',  ( 0.0000000000000000000, 0.0000000000000000000, -1.000000000000000000 ) ) ;
#4157 = COLOUR_RGB ( '',0.7921568627450980000, 0.8196078431372548800, 0.9333333333333333500 ) ;
#4158 = AXIS2_PLACEMENT_3D ( 'NONE', #5766, #8577, #10543 ) ;
#4159 = VECTOR ( 'NONE', #330, 1000.000000000000000 ) ;
#4160 = DIRECTION ( 'NONE',  ( 0.0000000000000000000, 1.000000000000000000, 0.0000000000000000000 ) ) ;
#4161 = LINE ( 'NONE', #6628, #10322 ) ;
#4162 = ORIENTED_EDGE ( 'NONE', *, *, #4625, .F. ) ;
#4163 = CLOSED_SHELL ( 'NONE', ( #4818, #6835, #5484, #4119, #1261, #5341, #7775 ) ) ;
#4164 = VERTEX_POINT ( 'NONE', #3932 ) ;
#4165 = DIRECTION ( 'NONE',  ( 1.000000000000000000, -0.0000000000000000000, 1.577021341797097400E-015 ) ) ;
#4166 = EDGE_CURVE ( 'NONE', #4762, #8042, #8598, .T. ) ;
#4167 = CARTESIAN_POINT ( 'NONE',  ( -1.650000000000000800, 0.2030000000000001000, -0.4099999999999999800 ) ) ;
#4168 = DIRECTION ( 'NONE',  ( 1.000000000000000000, 0.0000000000000000000, 1.577021341797097000E-015 ) ) ;
#4169 = FACE_OUTER_BOUND ( 'NONE', #651, .T. ) ;
#4170 = FACE_OUTER_BOUND ( 'NONE', #5188, .T. ) ;
#4171 = CARTESIAN_POINT ( 'NONE',  ( 1.999999999999999100, 0.05000000000000000300, -2.000000000000000400 ) ) ;
#4172 = CIRCLE ( 'NONE', #7479, 0.07499999999999998300 ) ;
#4173 = VERTEX_POINT ( 'NONE', #8697 ) ;
#4174 = PLANE ( 'NONE',  #12309 ) ;
#4175 = ORIENTED_EDGE ( 'NONE', *, *, #6797, .T. ) ;
#4176 = ORIENTED_EDGE ( 'NONE', *, *, #12278, .T. ) ;
#4177 = DIRECTION ( 'NONE',  ( 0.0000000000000000000, 0.0000000000000000000, -1.000000000000000000 ) ) ;
#4178 = ORIENTED_EDGE ( 'NONE', *, *, #1082, .T. ) ;
#4179 = AXIS2_PLACEMENT_3D ( 'NONE', #10089, #7113, #1394 ) ;
#4180 = VECTOR ( 'NONE', #8808, 1000.000000000000000 ) ;
#4181 = VECTOR ( 'NONE', #8025, 1000.000000000000000 ) ;
#4182 = EDGE_CURVE ( 'NONE', #7704, #5161, #10869, .T. ) ;
#4183 = CARTESIAN_POINT ( 'NONE',  ( 1.725000000000000800, 0.2030000000000000100, -0.7850000000000004800 ) ) ;
#4184 = VECTOR ( 'NONE', #8614, 1000.000000000000000 ) ;
#4185 = EDGE_LOOP ( 'NONE', ( #3496, #1796, #536, #4435 ) ) ;
#4186 = ADVANCED_FACE ( 'NONE', ( #7985 ), #10848, .F. ) ;
#4187 = EDGE_LOOP ( 'NONE', ( #7245, #3601, #4917, #6380 ) ) ;
#4188 = EDGE_LOOP ( 'NONE', ( #6869, #10749, #5917, #998 ) ) ;
#4189 = CARTESIAN_POINT ( 'NONE',  ( 1.725000000000000800, 0.6218078318274388200, -1.465000000000000300 ) ) ;
#4190 = ORIENTED_EDGE ( 'NONE', *, *, #5548, .F. ) ;
#4191 = ORIENTED_EDGE ( 'NONE', *, *, #9291, .F. ) ;
#4192 = CARTESIAN_POINT ( 'NONE',  ( 1.725000000000000800, 0.0000000000000000000, 0.3349999999999995800 ) ) ;
#4193 = FACE_OUTER_BOUND ( 'NONE', #10757, .T. ) ;
#4194 = CARTESIAN_POINT ( 'NONE',  ( -0.4100000000000002000, 0.2030000000000000100, -1.650000000000000400 ) ) ;
#4195 = CIRCLE ( 'NONE', #1186, 0.07499999999999998300 ) ;
#4196 = CARTESIAN_POINT ( 'NONE',  ( 1.725000000000000800, 0.6218078318274388200, 0.3349999999999995800 ) ) ;
#4197 = CARTESIAN_POINT ( 'NONE',  ( -1.310000000000000500, 0.2030000000000001000, 1.650000000000000800 ) ) ;
#4198 = AXIS2_PLACEMENT_3D ( 'NONE', #9659, #1958, #4775 ) ;
#4199 = DIRECTION ( 'NONE',  ( 1.000000000000000000, -0.0000000000000000000, -2.168404344971008900E-016 ) ) ;
#4200 = CARTESIAN_POINT ( 'NONE',  ( -0.7849999999999991400, 0.2030000000000000100, 2.000000000000000400 ) ) ;
#4201 = ORIENTED_EDGE ( 'NONE', *, *, #12032, .T. ) ;
#4202 = ORIENTED_EDGE ( 'NONE', *, *, #10980, .T. ) ;
#4203 = EDGE_LOOP ( 'NONE', ( #6676, #11009, #9472, #11404 ) ) ;
#4204 = EDGE_CURVE ( 'NONE', #108, #11677, #673, .T. ) ;
#4205 = DIRECTION ( 'NONE',  ( 0.7071067811865474600, 0.0000000000000000000, 0.7071067811865474600 ) ) ;
#4206 = CARTESIAN_POINT ( 'NONE',  ( -1.725000000000000800, 0.2030000000000000100, -0.9399999999999999500 ) ) ;
#4207 = ORIENTED_EDGE ( 'NONE', *, *, #2885, .T. ) ;
#4208 = VECTOR ( 'NONE', #3439, 1000.000000000000000 ) ;
#4209 = VECTOR ( 'NONE', #10913, 1000.000000000000000 ) ;
#4210 = DIRECTION ( 'NONE',  ( 0.0000000000000000000, 1.000000000000000000, 0.0000000000000000000 ) ) ;
#4211 = ORIENTED_EDGE ( 'NONE', *, *, #3723, .F. ) ;
#4212 = CARTESIAN_POINT ( 'NONE',  ( -1.650000000000000800, 0.6218078318274387100, -0.8599999999999999900 ) ) ;
#4213 = DIRECTION ( 'NONE',  ( 0.0000000000000000000, 0.0000000000000000000, -1.000000000000000000 ) ) ;
#4214 = CARTESIAN_POINT ( 'NONE',  ( -1.465000000000000300, 0.2030000000000001000, -1.805000000000000800 ) ) ;
#4215 = ORIENTED_EDGE ( 'NONE', *, *, #4824, .F. ) ;
#4216 = PRESENTATION_LAYER_ASSIGNMENT (  '', '', ( #3571 ) ) ;
#4217 = LINE ( 'NONE', #7895, #335 ) ;
#4218 = ADVANCED_FACE ( 'NONE', ( #8438 ), #4135, .F. ) ;
#4219 = EDGE_CURVE ( 'NONE', #2015, #6484, #11296, .T. ) ;
#4220 = VECTOR ( 'NONE', #11869, 1000.000000000000000 ) ;
#4221 = EDGE_CURVE ( 'NONE', #3852, #12084, #9040, .T. ) ;
#4222 = VECTOR ( 'NONE', #11463, 1000.000000000000000 ) ;
#4223 = MANIFOLD_SOLID_BREP ( 'Boss-Extrude6', #4391 ) ;
#4224 = CARTESIAN_POINT ( 'NONE',  ( -1.014999999999999900, 0.2030000000000000100, 1.725000000000001200 ) ) ;
#4225 = VERTEX_POINT ( 'NONE', #10773 ) ;
#4226 = DIRECTION ( 'NONE',  ( 0.0000000000000000000, 1.000000000000000000, -0.0000000000000000000 ) ) ;
#4227 = CARTESIAN_POINT ( 'NONE',  ( 1.725000000000000800, 0.2030000000000000100, -1.235000000000000300 ) ) ;
#4228 = CIRCLE ( 'NONE', #7892, 0.07499999999999998300 ) ;
#4229 = SURFACE_STYLE_USAGE ( .BOTH. , #9986 ) ;
#4230 = FACE_OUTER_BOUND ( 'NONE', #6018, .T. ) ;
#4231 = AXIS2_PLACEMENT_3D ( 'NONE', #6097, #10078, #12181 ) ;
#4232 = CARTESIAN_POINT ( 'NONE',  ( 1.650000000000000800, 0.2030000000000001000, 0.4899999999999995500 ) ) ;
#4233 = DIRECTION ( 'NONE',  ( -0.0000000000000000000, -1.000000000000000000, -0.0000000000000000000 ) ) ;
#4234 = DIRECTION ( 'NONE',  ( 7.885106708985485100E-016, 0.0000000000000000000, -1.000000000000000000 ) ) ;
#4235 = DIRECTION ( 'NONE',  ( -0.0000000000000000000, -1.000000000000000000, -0.0000000000000000000 ) ) ;
#4236 = VERTEX_POINT ( 'NONE', #9982 ) ;
#4237 = ORIENTED_EDGE ( 'NONE', *, *, #10483, .T. ) ;
#4238 = EDGE_CURVE ( 'NONE', #242, #7367, #8743, .T. ) ;
#4239 = ORIENTED_EDGE ( 'NONE', *, *, #10560, .T. ) ;
#4240 = DIRECTION ( 'NONE',  ( 0.0000000000000000000, 1.000000000000000000, 0.0000000000000000000 ) ) ;
#4241 = VECTOR ( 'NONE', #4868, 1000.000000000000000 ) ;
#4242 = DIRECTION ( 'NONE',  ( 0.0000000000000000000, 1.000000000000000000, 0.0000000000000000000 ) ) ;
#4243 = ADVANCED_FACE ( 'NONE', ( #1981 ), #6042, .T. ) ;
#4244 =( GEOMETRIC_REPRESENTATION_CONTEXT ( 3 ) GLOBAL_UNCERTAINTY_ASSIGNED_CONTEXT ( ( #2747 ) ) GLOBAL_UNIT_ASSIGNED_CONTEXT ( ( #2379, #10245, #4486 ) ) REPRESENTATION_CONTEXT ( 'NONE', 'WORKASPACE' ) );
#4245 = DIRECTION ( 'NONE',  ( 0.0000000000000000000, -0.0000000000000000000, 1.000000000000000000 ) ) ;
#4246 = VERTEX_POINT ( 'NONE', #7090 ) ;
#4247 = DIRECTION ( 'NONE',  ( 0.0000000000000000000, 0.0000000000000000000, -1.000000000000000000 ) ) ;
#4248 = ORIENTED_EDGE ( 'NONE', *, *, #8005, .F. ) ;
#4249 = STYLED_ITEM ( 'NONE', ( #8174 ), #2897 ) ;
#4250 = CIRCLE ( 'NONE', #11630, 0.07499999999999998300 ) ;
#4251 = CARTESIAN_POINT ( 'NONE',  ( -1.725000000000000800, 0.0000000000000000000, -1.310000000000000100 ) ) ;
#4252 = CARTESIAN_POINT ( 'NONE',  ( 1.725000000000000800, 0.6218078318274388200, -0.4900000000000004400 ) ) ;
#4253 = FACE_OUTER_BOUND ( 'NONE', #783, .T. ) ;
#4254 = LINE ( 'NONE', #10390, #6182 ) ;
#4255 = DIRECTION ( 'NONE',  ( 0.0000000000000000000, 0.0000000000000000000, -1.000000000000000000 ) ) ;
#4256 = EDGE_CURVE ( 'NONE', #9416, #1205, #6488, .T. ) ;
#4257 = DIRECTION ( 'NONE',  ( -0.0000000000000000000, -1.000000000000000000, -0.0000000000000000000 ) ) ;
#4258 = ORIENTED_EDGE ( 'NONE', *, *, #9655, .F. ) ;
#4259 = ORIENTED_EDGE ( 'NONE', *, *, #5691, .F. ) ;
#4260 = CARTESIAN_POINT ( 'NONE',  ( -2.000000000000000900, 0.6218078318274388200, -0.5649999999999999500 ) ) ;
#4261 = LINE ( 'NONE', #5787, #378 ) ;
#4262 = CARTESIAN_POINT ( 'NONE',  ( -1.300000000000000300, 0.2030000000000009300, -0.9499999999999990700 ) ) ;
#4263 = EDGE_CURVE ( 'NONE', #6264, #8071, #9356, .T. ) ;
#4264 = FACE_OUTER_BOUND ( 'NONE', #3429, .T. ) ;
#4265 = CARTESIAN_POINT ( 'NONE',  ( -0.4100000000000002000, 0.6218078318274392600, -1.650000000000000400 ) ) ;
#4266 = CARTESIAN_POINT ( 'NONE',  ( -1.310000000000000300, 0.2030000000000000100, -1.725000000000000300 ) ) ;
#4267 = ORIENTED_EDGE ( 'NONE', *, *, #3971, .T. ) ;
#4268 = ORIENTED_EDGE ( 'NONE', *, *, #10, .F. ) ;
#4269 = DIRECTION ( 'NONE',  ( 0.0000000000000000000, -0.0000000000000000000, -1.000000000000000000 ) ) ;
#4270 = EDGE_CURVE ( 'NONE', #8042, #668, #4858, .T. ) ;
#4271 = ORIENTED_EDGE ( 'NONE', *, *, #6781, .T. ) ;
#4272 = PLANE ( 'NONE',  #3012 ) ;
#4273 = LINE ( 'NONE', #10430, #91 ) ;
#4274 = CARTESIAN_POINT ( 'NONE',  ( 1.650000000000000800, 0.05000000000000023900, 0.4899999999999995500 ) ) ;
#4275 = DIRECTION ( 'NONE',  ( -1.000000000000000000, 0.0000000000000000000, -2.365532012695645800E-015 ) ) ;
#4276 = ADVANCED_FACE ( 'NONE', ( #1270 ), #9057, .T. ) ;
#4277 = ORIENTED_EDGE ( 'NONE', *, *, #8422, .T. ) ;
#4278 = CARTESIAN_POINT ( 'NONE',  ( 1.725000000000000800, 0.2030000000000000100, -0.1150000000000003000 ) ) ;
#4279 = CIRCLE ( 'NONE', #9549, 0.07499999999999998300 ) ;
#4280 = CARTESIAN_POINT ( 'NONE',  ( -0.04000000000000010500, 0.2030000000000000100, -1.725000000000000300 ) ) ;
#4281 = ORIENTED_EDGE ( 'NONE', *, *, #1647, .F. ) ;
#4282 = CARTESIAN_POINT ( 'NONE',  ( -1.725000000000000800, 0.6218078318274388200, -0.3350000000000000200 ) ) ;
#4283 = CIRCLE ( 'NONE', #10738, 0.07499999999999998300 ) ;
#4284 = DIRECTION ( 'NONE',  ( -0.0000000000000000000, -1.000000000000000000, -0.0000000000000000000 ) ) ;
#4285 = ORIENTED_EDGE ( 'NONE', *, *, #10544, .T. ) ;
#4286 = AXIS2_PLACEMENT_3D ( 'NONE', #8958, #10893, #7015 ) ;
#4287 = EDGE_LOOP ( 'NONE', ( #10325, #3864, #11065, #3516 ) ) ;
#4288 = LINE ( 'NONE', #11792, #8008 ) ;
#4289 = CARTESIAN_POINT ( 'NONE',  ( -1.725000000000000800, 0.2030000000000000100, 0.8599999999999998800 ) ) ;
#4290 = DIRECTION ( 'NONE',  ( 0.0000000000000000000, -1.000000000000000000, 0.0000000000000000000 ) ) ;
#4291 = ORIENTED_EDGE ( 'NONE', *, *, #812, .T. ) ;
#4292 = EDGE_CURVE ( 'NONE', #7147, #6904, #9685, .T. ) ;
#4293 = VECTOR ( 'NONE', #4049, 1000.000000000000000 ) ;
#4294 = CARTESIAN_POINT ( 'NONE',  ( -1.234999999999999200, 0.6218078318274392600, 2.000000000000000400 ) ) ;
#4295 = EDGE_CURVE ( 'NONE', #1905, #11984, #80, .T. ) ;
#4296 = SURFACE_STYLE_FILL_AREA ( #5049 ) ;
#4297 = CARTESIAN_POINT ( 'NONE',  ( -0.7849999999999991400, 0.04999999999999969700, 2.000000000000000400 ) ) ;
#4298 = VERTEX_POINT ( 'NONE', #11105 ) ;
#4299 = VERTEX_POINT ( 'NONE', #10105 ) ;
#4300 = VECTOR ( 'NONE', #9991, 1000.000000000000000 ) ;
#4301 = ORIENTED_EDGE ( 'NONE', *, *, #3973, .F. ) ;
#4302 = VECTOR ( 'NONE', #3362, 1000.000000000000000 ) ;
#4303 = CYLINDRICAL_SURFACE ( 'NONE', #12321, 0.07499999999999998300 ) ;
#4304 = CARTESIAN_POINT ( 'NONE',  ( 1.725000000000000800, 0.6218078318274388200, -0.04000000000000032000 ) ) ;
#4305 = VERTEX_POINT ( 'NONE', #4262 ) ;
#4306 = VERTEX_POINT ( 'NONE', #9857 ) ;
#4307 = EDGE_LOOP ( 'NONE', ( #6803, #9037, #2496, #3251 ) ) ;
#4308 = ADVANCED_FACE ( 'NONE', ( #10284 ), #4354, .T. ) ;
#4309 = EDGE_CURVE ( 'NONE', #2695, #5256, #6777, .T. ) ;
#4310 = CARTESIAN_POINT ( 'NONE',  ( -1.235000000000000100, 0.6218078318274392600, -1.725000000000000300 ) ) ;
#4311 =( NAMED_UNIT ( * ) PLANE_ANGLE_UNIT ( ) SI_UNIT ( $, .RADIAN. ) );
#4312 = EDGE_CURVE ( 'NONE', #6674, #11403, #7390, .T. ) ;
#4313 = VECTOR ( 'NONE', #9406, 1000.000000000000000 ) ;
#4314 = CARTESIAN_POINT ( 'NONE',  ( 1.310000000000000500, 0.2030000000000000100, 1.725000000000000800 ) ) ;
#4315 = DIRECTION ( 'NONE',  ( -0.0000000000000000000, -1.000000000000000000, -0.0000000000000000000 ) ) ;
#4316 = FACE_OUTER_BOUND ( 'NONE', #5767, .T. ) ;
#4317 = DIRECTION ( 'NONE',  ( 0.0000000000000000000, 1.000000000000000000, 0.0000000000000000000 ) ) ;
#4318 = ORIENTED_EDGE ( 'NONE', *, *, #1209, .T. ) ;
#4319 = ORIENTED_EDGE ( 'NONE', *, *, #10421, .F. ) ;
#4320 = VERTEX_POINT ( 'NONE', #9079 ) ;
#4321 = CARTESIAN_POINT ( 'NONE',  ( -1.310000000000000500, 0.0000000000000000000, 1.650000000000000800 ) ) ;
#4322 = VERTEX_POINT ( 'NONE', #3325 ) ;
#4323 = DIRECTION ( 'NONE',  ( -0.0000000000000000000, -1.000000000000000000, -0.0000000000000000000 ) ) ;
#4324 = ORIENTED_EDGE ( 'NONE', *, *, #223, .F. ) ;
#4325 = CARTESIAN_POINT ( 'NONE',  ( 1.650000000000000800, 0.05000000000000000300, 1.310000000000000500 ) ) ;
#4326 =( GEOMETRIC_REPRESENTATION_CONTEXT ( 3 ) GLOBAL_UNCERTAINTY_ASSIGNED_CONTEXT ( ( #322 ) ) GLOBAL_UNIT_ASSIGNED_CONTEXT ( ( #2960, #2115, #5021 ) ) REPRESENTATION_CONTEXT ( 'NONE', 'WORKASPACE' ) );
#4327 = LINE ( 'NONE', #1189, #10347 ) ;
#4328 =( NAMED_UNIT ( * ) PLANE_ANGLE_UNIT ( ) SI_UNIT ( $, .RADIAN. ) );
#4329 = DIRECTION ( 'NONE',  ( -0.0000000000000000000, 0.0000000000000000000, 1.000000000000000000 ) ) ;
#4330 = AXIS2_PLACEMENT_3D ( 'NONE', #10153, #1514, #4403 ) ;
#4331 = LINE ( 'NONE', #11901, #9586 ) ;
#4332 = DIRECTION ( 'NONE',  ( -0.0000000000000000000, -1.000000000000000000, -0.0000000000000000000 ) ) ;
#4333 = FACE_OUTER_BOUND ( 'NONE', #12294, .T. ) ;
#4334 = EDGE_LOOP ( 'NONE', ( #2644, #801, #9594, #9757 ) ) ;
#4335 = CARTESIAN_POINT ( 'NONE',  ( -1.014999999999999900, 0.04999999999999999600, 1.725000000000001200 ) ) ;
#4336 = ORIENTED_EDGE ( 'NONE', *, *, #8127, .T. ) ;
#4337 = CARTESIAN_POINT ( 'NONE',  ( -1.300000000000000700, 0.0000000000000000000, 1.300000000000000700 ) ) ;
#4338 = CARTESIAN_POINT ( 'NONE',  ( 2.000000000000000900, 0.6218078318274388200, 1.014999999999999900 ) ) ;
#4339 = EDGE_CURVE ( 'NONE', #8953, #668, #11595, .T. ) ;
#4340 = VERTEX_POINT ( 'NONE', #9178 ) ;
#4341 = DIRECTION ( 'NONE',  ( 1.000000000000000000, 0.0000000000000000000, 0.0000000000000000000 ) ) ;
#4342 = DIRECTION ( 'NONE',  ( -5.782411586589359600E-016, 0.0000000000000000000, -1.000000000000000000 ) ) ;
#4343 = ORIENTED_EDGE ( 'NONE', *, *, #426, .T. ) ;
#4344 = ORIENTED_EDGE ( 'NONE', *, *, #10327, .F. ) ;
#4345 = CARTESIAN_POINT ( 'NONE',  ( -1.725000000000000800, 0.05000000000000023900, -1.234999999999999900 ) ) ;
#4346 = CYLINDRICAL_SURFACE ( 'NONE', #496, 0.07499999999999998300 ) ;
#4347 = DIRECTION ( 'NONE',  ( 0.0000000000000000000, -0.0000000000000000000, 1.000000000000000000 ) ) ;
#4348 = CIRCLE ( 'NONE', #9269, 0.07499999999999998300 ) ;
#4349 = EDGE_CURVE ( 'NONE', #1834, #8198, #11014, .T. ) ;
#4350 = EDGE_LOOP ( 'NONE', ( #4812, #4770, #11649, #2636, #1784, #5593 ) ) ;
#4351 = VERTEX_POINT ( 'NONE', #2444 ) ;
#4352 = ORIENTED_EDGE ( 'NONE', *, *, #2421, .F. ) ;
#4353 = EDGE_CURVE ( 'NONE', #4947, #2942, #6501, .T. ) ;
#4354 = PLANE ( 'NONE',  #3773 ) ;
#4355 = VECTOR ( 'NONE', #1559, 1000.000000000000000 ) ;
#4356 = DIRECTION ( 'NONE',  ( 0.0000000000000000000, 1.000000000000000000, 0.0000000000000000000 ) ) ;
#4357 = PRESENTATION_STYLE_ASSIGNMENT (( #6374 ) ) ;
#4358 = CARTESIAN_POINT ( 'NONE',  ( -2.000000000000000900, 0.2030000000000000100, 0.1150000000000000900 ) ) ;
#4359 = ADVANCED_FACE ( 'NONE', ( #3959 ), #9256, .T. ) ;
#4360 = ORIENTED_EDGE ( 'NONE', *, *, #226, .T. ) ;
#4361 = CARTESIAN_POINT ( 'NONE',  ( -1.725000000000000800, 0.2030000000000000100, -0.9399999999999999500 ) ) ;
#4362 = ORIENTED_EDGE ( 'NONE', *, *, #7802, .T. ) ;
#4363 = DIRECTION ( 'NONE',  ( 1.577021341797102100E-015, 0.0000000000000000000, 1.000000000000000000 ) ) ;
#4364 = DIRECTION ( 'NONE',  ( -1.000000000000000000, 0.0000000000000000000, -1.927470528863119300E-016 ) ) ;
#4365 = CARTESIAN_POINT ( 'NONE',  ( -2.000000000000000900, 0.04999999999999991300, 0.5649999999999999500 ) ) ;
#4366 = AXIS2_PLACEMENT_3D ( 'NONE', #6330, #655, #5367 ) ;
#4367 = SURFACE_STYLE_USAGE ( .BOTH. , #9147 ) ;
#4368 = LINE ( 'NONE', #4417, #11537 ) ;
#4369 = DIRECTION ( 'NONE',  ( 0.0000000000000000000, -1.000000000000000000, 0.0000000000000000000 ) ) ;
#4370 = FACE_OUTER_BOUND ( 'NONE', #8325, .T. ) ;
#4371 = EDGE_CURVE ( 'NONE', #3824, #9148, #9372, .T. ) ;
#4372 = EDGE_CURVE ( 'NONE', #7248, #12417, #5884, .T. ) ;
#4373 = ORIENTED_EDGE ( 'NONE', *, *, #2633, .F. ) ;
#4374 = CARTESIAN_POINT ( 'NONE',  ( -1.650000000000000800, 0.05000000000000002400, -0.9399999999999999500 ) ) ;
#4375 = DIRECTION ( 'NONE',  ( 0.0000000000000000000, -0.0000000000000000000, 1.000000000000000000 ) ) ;
#4376 = ORIENTED_EDGE ( 'NONE', *, *, #10818, .F. ) ;
#4377 = DIRECTION ( 'NONE',  ( 0.0000000000000000000, -0.0000000000000000000, 1.000000000000000000 ) ) ;
#4378 = CARTESIAN_POINT ( 'NONE',  ( 1.725000000000000800, 0.05000000000000002400, -0.4900000000000004400 ) ) ;
#4379 = ADVANCED_FACE ( 'NONE', ( #1112 ), #4396, .T. ) ;
#4380 = CARTESIAN_POINT ( 'NONE',  ( -1.310000000000000300, 0.2030000000000000100, -1.725000000000000300 ) ) ;
#4381 = CARTESIAN_POINT ( 'NONE',  ( -1.805000000000000600, 0.6218078318274388200, 1.465000000000000100 ) ) ;
#4382 = VECTOR ( 'NONE', #10422, 1000.000000000000000 ) ;
#4383 = CARTESIAN_POINT ( 'NONE',  ( 1.299999999999998700, 3.879955262170047700, 1.300000000000001200 ) ) ;
#4384 = CYLINDRICAL_SURFACE ( 'NONE', #3551, 0.07499999999999998300 ) ;
#4385 = DIRECTION ( 'NONE',  ( 0.0000000000000000000, 0.0000000000000000000, 1.000000000000000000 ) ) ;
#4386 = MANIFOLD_SOLID_BREP ( 'LPattern3[4]', #2869 ) ;
#4387 = AXIS2_PLACEMENT_3D ( 'NONE', #3187, #4926, #2226 ) ;
#4388 = CARTESIAN_POINT ( 'NONE',  ( 1.015000000000000300, 0.2030000000000000100, 1.725000000000001200 ) ) ;
#4389 = EDGE_CURVE ( 'NONE', #10281, #7945, #979, .T. ) ;
#4390 = ORIENTED_EDGE ( 'NONE', *, *, #6451, .F. ) ;
#4391 = CLOSED_SHELL ( 'NONE', ( #8387, #5608, #10403, #1745, #8109, #6717, #7507, #12355, #8726, #1855, #2344, #8018, #5739, #665, #11654, #7051, #4970, #5059, #4663, #9351, #1231, #2801, #10920, #8921, #2582, #11040, #1329, #7956, #6897, #7377, #3690, #10417, #9677, #12289, #11874, #676, #5563, #11266, #9745, #1970, #4379, #3617, #10361, #8441, #1828, #2308, #546, #7860, #11565, #4687, #2615, #6492, #6572, #1724, #3003, #8169, #8236, #7627, #7710, #1417, #11356, #5837, #11109, #10768, #8830, #5279, #4910, #6150, #751, #1615, #2974, #4937, #6045, #2651, #427, #5991, #12016, #6774, #7116, #7301, #2769, #5152, #205, #5245, #6748, #789, #10612, #4636, #3564, #10849, #5403, #1788, #4243, #3844, #53, #9047, #8478, #10979, #4034, #12219, #5683, #10826, #2887, #5419, #733, #9858, #7317, #7475, #12332, #1023, #11904, #9408, #488, #4067, #11239, #3027, #7083, #9459, #5711, #5094, #11509, #3161, #7025, #8369, #2947, #11164, #3881, #12170, #3753, #2447, #269, #10703, #12031, #2471, #8760, #7363, #1167, #8429, #6924, #8674, #4754, #9649, #2246, #3811, #7180, #9583, #1135, #11744, #3482, #7440, #6475, #4359, #9547, #1919, #8152, #6450, #6867, #9295, #12236, #8548, #5772, #11293, #5292, #5590, #6244, #1387, #10054, #4093, #5026, #2835, #336, #7348, #1802, #8300, #2680 ) ) ;
#4392 = EDGE_CURVE ( 'NONE', #12270, #2230, #7972, .T. ) ;
#4393 = VECTOR ( 'NONE', #11527, 1000.000000000000000 ) ;
#4394 = CIRCLE ( 'NONE', #1293, 0.07499999999999998300 ) ;
#4395 = DIRECTION ( 'NONE',  ( 0.0000000000000000000, -1.000000000000000000, 0.0000000000000000000 ) ) ;
#4396 = PLANE ( 'NONE',  #6009 ) ;
#4397 = CARTESIAN_POINT ( 'NONE',  ( -1.389999999999999700, 0.2030000000000000100, 1.725000000000000800 ) ) ;
#4398 = ORIENTED_EDGE ( 'NONE', *, *, #6816, .T. ) ;
#4399 = ORIENTED_EDGE ( 'NONE', *, *, #515, .T. ) ;
#4400 = DIRECTION ( 'NONE',  ( 0.0000000000000000000, -1.000000000000000000, 0.0000000000000000000 ) ) ;
#4401 = VERTEX_POINT ( 'NONE', #9378 ) ;
#4402 = AXIS2_PLACEMENT_3D ( 'NONE', #6751, #2940, #2134 ) ;
#4403 = DIRECTION ( 'NONE',  ( 0.0000000000000000000, 0.0000000000000000000, -1.000000000000000000 ) ) ;
#4404 = VECTOR ( 'NONE', #1074, 1000.000000000000000 ) ;
#4405 = CARTESIAN_POINT ( 'NONE',  ( -1.650000000000000800, 0.2030000000000000100, -0.9399999999999999500 ) ) ;
#4406 = CARTESIAN_POINT ( 'NONE',  ( 2.000000000000000900, 0.2030000000000000100, -0.3350000000000000200 ) ) ;
#4407 = DIRECTION ( 'NONE',  ( 1.000000000000000000, 0.0000000000000000000, 0.0000000000000000000 ) ) ;
#4408 = EDGE_CURVE ( 'NONE', #5071, #12217, #3037, .T. ) ;
#4409 = CARTESIAN_POINT ( 'NONE',  ( -0.4899999999999997700, 0.0000000000000000000, 1.725000000000000800 ) ) ;
#4410 = VERTEX_POINT ( 'NONE', #4592 ) ;
#4411 = ORIENTED_EDGE ( 'NONE', *, *, #1243, .T. ) ;
#4412 = DIRECTION ( 'NONE',  ( 0.0000000000000000000, 1.000000000000000000, 0.0000000000000000000 ) ) ;
#4413 = DIRECTION ( 'NONE',  ( -1.000000000000000000, 0.0000000000000000000, 0.0000000000000000000 ) ) ;
#4414 = LINE ( 'NONE', #12318, #2749 ) ;
#4415 = LINE ( 'NONE', #662, #1850 ) ;
#4416 = LINE ( 'NONE', #5364, #2142 ) ;
#4417 = CARTESIAN_POINT ( 'NONE',  ( -2.000000000000000900, 0.0000000000000000000, -0.7850000000000000300 ) ) ;
#4418 = AXIS2_PLACEMENT_3D ( 'NONE', #5696, #35, #2777 ) ;
#4419 = CARTESIAN_POINT ( 'NONE',  ( 2.000000000000000900, 0.2030000000000001000, 1.235000000000000100 ) ) ;
#4420 = AXIS2_PLACEMENT_3D ( 'NONE', #10408, #800, #9486 ) ;
#4421 = ORIENTED_EDGE ( 'NONE', *, *, #1431, .F. ) ;
#4422 = CLOSED_SHELL ( 'NONE', ( #9713, #9262, #3346, #3416, #4555, #7493, #11686, #3935 ) ) ;
#4423 = LINE ( 'NONE', #10861, #1110 ) ;
#4424 = DIRECTION ( 'NONE',  ( 0.0000000000000000000, -0.0000000000000000000, 1.000000000000000000 ) ) ;
#4425 = EDGE_CURVE ( 'NONE', #7304, #7064, #5732, .T. ) ;
#4426 = DIRECTION ( 'NONE',  ( 1.000000000000000000, 0.0000000000000000000, 7.885106708985485100E-016 ) ) ;
#4427 = LINE ( 'NONE', #6053, #5305 ) ;
#4428 = ORIENTED_EDGE ( 'NONE', *, *, #11659, .T. ) ;
#4429 = ORIENTED_EDGE ( 'NONE', *, *, #5672, .T. ) ;
#4430 = VERTEX_POINT ( 'NONE', #11218 ) ;
#4431 = CARTESIAN_POINT ( 'NONE',  ( 1.465000000000001000, 0.0000000000000000000, 2.000000000000000400 ) ) ;
#4432 = ORIENTED_EDGE ( 'NONE', *, *, #11108, .F. ) ;
#4433 = EDGE_CURVE ( 'NONE', #11771, #8953, #10566, .T. ) ;
#4434 = AXIS2_PLACEMENT_3D ( 'NONE', #5761, #96, #9571 ) ;
#4435 = ORIENTED_EDGE ( 'NONE', *, *, #11234, .T. ) ;
#4436 = LINE ( 'NONE', #4381, #8613 ) ;
#4437 = DIRECTION ( 'NONE',  ( 0.0000000000000000000, 1.000000000000000000, -0.0000000000000000000 ) ) ;
#4438 = LINE ( 'NONE', #7249, #8011 ) ;
#4439 = DIRECTION ( 'NONE',  ( -0.0000000000000000000, 0.0000000000000000000, -1.000000000000000000 ) ) ;
#4440 = ORIENTED_EDGE ( 'NONE', *, *, #1377, .F. ) ;
#4441 = EDGE_CURVE ( 'NONE', #11754, #4306, #7677, .T. ) ;
#4442 = ORIENTED_EDGE ( 'NONE', *, *, #9643, .T. ) ;
#4443 = LINE ( 'NONE', #3986, #9245 ) ;
#4444 = ORIENTED_EDGE ( 'NONE', *, *, #9274, .F. ) ;
#4445 = SURFACE_STYLE_FILL_AREA ( #12229 ) ;
#4446 = ORIENTED_EDGE ( 'NONE', *, *, #701, .T. ) ;
#4447 = VECTOR ( 'NONE', #5178, 1000.000000000000000 ) ;
#4448 = DIRECTION ( 'NONE',  ( 0.0000000000000000000, -0.0000000000000000000, 1.000000000000000000 ) ) ;
#4449 = FACE_OUTER_BOUND ( 'NONE', #3709, .T. ) ;
#4450 = CARTESIAN_POINT ( 'NONE',  ( 1.310000000000000500, 0.05000000000000000300, 1.650000000000000800 ) ) ;
#4451 = ORIENTED_EDGE ( 'NONE', *, *, #6345, .T. ) ;
#4452 = CARTESIAN_POINT ( 'NONE',  ( 2.000000000000000900, 0.6218078318274388200, -0.3350000000000000200 ) ) ;
#4453 = VERTEX_POINT ( 'NONE', #753 ) ;
#4454 = AXIS2_PLACEMENT_3D ( 'NONE', #9985, #306, #381 ) ;
#4455 = ORIENTED_EDGE ( 'NONE', *, *, #1492, .T. ) ;
#4456 = DIRECTION ( 'NONE',  ( 0.0000000000000000000, -1.000000000000000000, 0.0000000000000000000 ) ) ;
#4457 = ORIENTED_EDGE ( 'NONE', *, *, #3867, .T. ) ;
#4458 = PLANE ( 'NONE',  #11070 ) ;
#4459 = EDGE_CURVE ( 'NONE', #532, #1625, #5147, .T. ) ;
#4460 = EDGE_CURVE ( 'NONE', #5200, #1064, #10273, .T. ) ;
#4461 = CARTESIAN_POINT ( 'NONE',  ( 1.650000000000000800, 0.0000000000000000000, 0.03999999999999967500 ) ) ;
#4462 = DIRECTION ( 'NONE',  ( 7.885106708985486100E-016, 0.0000000000000000000, -1.000000000000000000 ) ) ;
#4463 = FACE_OUTER_BOUND ( 'NONE', #3079, .T. ) ;
#4464 = LINE ( 'NONE', #6587, #1593 ) ;
#4465 = VERTEX_POINT ( 'NONE', #2741 ) ;
#4466 = VERTEX_POINT ( 'NONE', #10232 ) ;
#4467 = CARTESIAN_POINT ( 'NONE',  ( 0.5650000000000003900, 0.04999999999999999600, 1.725000000000001200 ) ) ;
#4468 = ORIENTED_EDGE ( 'NONE', *, *, #794, .T. ) ;
#4469 = VECTOR ( 'NONE', #6361, 1000.000000000000000 ) ;
#4470 = DIRECTION ( 'NONE',  ( 0.0000000000000000000, 1.000000000000000000, -0.0000000000000000000 ) ) ;
#4471 = FACE_OUTER_BOUND ( 'NONE', #2397, .T. ) ;
#4472 = DIRECTION ( 'NONE',  ( 0.0000000000000000000, 0.0000000000000000000, -1.000000000000000000 ) ) ;
#4473 = LINE ( 'NONE', #9555, #3249 ) ;
#4474 = ORIENTED_EDGE ( 'NONE', *, *, #2591, .F. ) ;
#4475 = VERTEX_POINT ( 'NONE', #8470 ) ;
#4476 = DIRECTION ( 'NONE',  ( 0.0000000000000000000, 0.0000000000000000000, 1.000000000000000000 ) ) ;
#4477 = ORIENTED_EDGE ( 'NONE', *, *, #4221, .F. ) ;
#4478 = ORIENTED_EDGE ( 'NONE', *, *, #6862, .F. ) ;
#4479 = DIRECTION ( 'NONE',  ( 0.0000000000000000000, -0.0000000000000000000, -1.000000000000000000 ) ) ;
#4480 = EDGE_CURVE ( 'NONE', #3790, #6813, #8587, .T. ) ;
#4481 = ADVANCED_FACE ( 'NONE', ( #2284 ), #521, .T. ) ;
#4482 = VECTOR ( 'NONE', #1067, 1000.000000000000000 ) ;
#4483 = DIRECTION ( 'NONE',  ( -2.365532012695645800E-015, 0.0000000000000000000, 1.000000000000000000 ) ) ;
#4484 = VECTOR ( 'NONE', #6639, 1000.000000000000000 ) ;
#4485 = ORIENTED_EDGE ( 'NONE', *, *, #2545, .T. ) ;
#4486 =( NAMED_UNIT ( * ) SI_UNIT ( $, .STERADIAN. ) SOLID_ANGLE_UNIT ( ) );
#4487 = VERTEX_POINT ( 'NONE', #1660 ) ;
#4488 = VERTEX_POINT ( 'NONE', #12264 ) ;
#4489 = MECHANICAL_DESIGN_GEOMETRIC_PRESENTATION_REPRESENTATION (  '', ( #11392 ), #4326 ) ;
#4490 = ORIENTED_EDGE ( 'NONE', *, *, #5897, .T. ) ;
#4491 = ORIENTED_EDGE ( 'NONE', *, *, #1217, .T. ) ;
#4492 = SURFACE_STYLE_USAGE ( .BOTH. , #10250 ) ;
#4493 = VERTEX_POINT ( 'NONE', #786 ) ;
#4494 = PLANE ( 'NONE',  #6478 ) ;
#4495 = CARTESIAN_POINT ( 'NONE',  ( -1.300000000000000300, 0.2030000000000009300, -0.9499999999999990700 ) ) ;
#4496 = CARTESIAN_POINT ( 'NONE',  ( 1.299999999999998700, 0.2030000000000000700, 1.300000000000000700 ) ) ;
#4497 = CIRCLE ( 'NONE', #7764, 0.07499999999999998300 ) ;
#4498 = DIRECTION ( 'NONE',  ( -0.0000000000000000000, -1.000000000000000000, -0.0000000000000000000 ) ) ;
#4499 = VECTOR ( 'NONE', #8095, 1000.000000000000000 ) ;
#4500 = ADVANCED_FACE ( 'NONE', ( #9972 ), #6507, .F. ) ;
#4501 = EDGE_CURVE ( 'NONE', #8247, #6484, #9521, .T. ) ;
#4502 = LINE ( 'NONE', #6940, #3598 ) ;
#4503 = PLANE ( 'NONE',  #10290 ) ;
#4504 = VERTEX_POINT ( 'NONE', #5418 ) ;
#4505 = VERTEX_POINT ( 'NONE', #7511 ) ;
#4506 = CARTESIAN_POINT ( 'NONE',  ( 2.000000000000000900, 0.2030000000000000100, 0.1150000000000000900 ) ) ;
#4507 = EDGE_LOOP ( 'NONE', ( #7641, #1140, #1489, #5326 ) ) ;
#4508 = DIRECTION ( 'NONE',  ( -0.0000000000000000000, -1.000000000000000000, -0.0000000000000000000 ) ) ;
#4509 = CARTESIAN_POINT ( 'NONE',  ( -0.5649999999999997200, 0.6218078318274392600, 1.725000000000001200 ) ) ;
#4510 = EDGE_LOOP ( 'NONE', ( #5912, #10633, #10135, #7810 ) ) ;
#4512 = EDGE_CURVE ( 'NONE', #6134, #5277, #6034, .T. ) ;
#4511 = CIRCLE ( 'NONE', #2051, 0.07499999999999998300 ) ;
#4513 = LINE ( 'NONE', #2558, #1949 ) ;
#4514 = ADVANCED_FACE ( 'NONE', ( #11160 ), #1748, .F. ) ;
#4515 = CARTESIAN_POINT ( 'NONE',  ( 1.857503272058750300, 0.2030000000000000100, -1.517503272058749800 ) ) ;
#4516 = ORIENTED_EDGE ( 'NONE', *, *, #11012, .F. ) ;
#4517 = EDGE_CURVE ( 'NONE', #5319, #4112, #7080, .T. ) ;
#4518 = VECTOR ( 'NONE', #9996, 1000.000000000000000 ) ;
#4519 = CARTESIAN_POINT ( 'NONE',  ( -2.000000000000000900, 0.6218078318274388200, -1.464999999999999900 ) ) ;
#4520 = LINE ( 'NONE', #6073, #3920 ) ;
#4521 = CARTESIAN_POINT ( 'NONE',  ( 1.725000000000000800, 0.2030000000000000100, -1.465000000000000300 ) ) ;
#4522 = FACE_OUTER_BOUND ( 'NONE', #344, .T. ) ;
#4523 = CARTESIAN_POINT ( 'NONE',  ( 1.650000000000000800, 0.6218078318274388200, -0.4100000000000004200 ) ) ;
#4524 = ORIENTED_EDGE ( 'NONE', *, *, #8361, .F. ) ;
#4525 = DIRECTION ( 'NONE',  ( 0.0000000000000000000, -1.000000000000000000, 0.0000000000000000000 ) ) ;
#4526 =( GEOMETRIC_REPRESENTATION_CONTEXT ( 3 ) GLOBAL_UNCERTAINTY_ASSIGNED_CONTEXT ( ( #8037 ) ) GLOBAL_UNIT_ASSIGNED_CONTEXT ( ( #9746, #139, #1053 ) ) REPRESENTATION_CONTEXT ( 'NONE', 'WORKASPACE' ) );
#4527 = CARTESIAN_POINT ( 'NONE',  ( 0.4099999999999997500, 0.04999999999999999600, -1.650000000000000100 ) ) ;
#4528 = EDGE_CURVE ( 'NONE', #6665, #7819, #4415, .T. ) ;
#4529 = VECTOR ( 'NONE', #6581, 1000.000000000000000 ) ;
#4530 = EDGE_CURVE ( 'NONE', #5256, #9030, #11741, .T. ) ;
#4531 = CARTESIAN_POINT ( 'NONE',  ( 0.4099999999999997500, 0.0000000000000000000, -1.650000000000000100 ) ) ;
#4532 = VECTOR ( 'NONE', #10277, 1000.000000000000000 ) ;
#4533 = CARTESIAN_POINT ( 'NONE',  ( 0.5650000000000003900, 0.2030000000000000100, 1.725000000000001200 ) ) ;
#4534 = DIRECTION ( 'NONE',  ( 0.0000000000000000000, -1.000000000000000000, 0.0000000000000000000 ) ) ;
#4535 = FACE_OUTER_BOUND ( 'NONE', #11237, .T. ) ;
#4536 = MANIFOLD_SOLID_BREP ( 'Cut-Extrude5[1]', #4009 ) ;
#4537 = CARTESIAN_POINT ( 'NONE',  ( 1.234999999999999900, 0.2030000000000000100, -1.725000000000000300 ) ) ;
#4538 = CARTESIAN_POINT ( 'NONE',  ( -1.650000000000000800, 0.2030000000000000100, -0.8599999999999999900 ) ) ;
#4539 = EDGE_LOOP ( 'NONE', ( #5141, #9574, #8041, #1341, #2823, #5834 ) ) ;
#4540 = CARTESIAN_POINT ( 'NONE',  ( 2.000000000000000900, 0.6218078318274388200, -0.1149999999999998700 ) ) ;
#4541 = ORIENTED_EDGE ( 'NONE', *, *, #778, .F. ) ;
#4542 = CARTESIAN_POINT ( 'NONE',  ( -1.725000000000000800, 0.05000000000000002400, 1.310000000000000300 ) ) ;
#4543 = CARTESIAN_POINT ( 'NONE',  ( 0.4100000000000002000, 0.6218078318274392600, 1.650000000000000800 ) ) ;
#4544 = VECTOR ( 'NONE', #7883, 1000.000000000000000 ) ;
#4545 =( GEOMETRIC_REPRESENTATION_CONTEXT ( 3 ) GLOBAL_UNCERTAINTY_ASSIGNED_CONTEXT ( ( #6202 ) ) GLOBAL_UNIT_ASSIGNED_CONTEXT ( ( #7771, #9705, #6644 ) ) REPRESENTATION_CONTEXT ( 'NONE', 'WORKASPACE' ) );
#4546 = CARTESIAN_POINT ( 'NONE',  ( -1.300000000000000700, 0.05000000000000000300, 1.300000000000000700 ) ) ;
#4547 = LINE ( 'NONE', #7809, #6329 ) ;
#4548 = EDGE_CURVE ( 'NONE', #6425, #1059, #10126, .T. ) ;
#4549 = EDGE_LOOP ( 'NONE', ( #1105, #1041, #4239, #5674 ) ) ;
#4550 = ORIENTED_EDGE ( 'NONE', *, *, #661, .T. ) ;
#4551 = CARTESIAN_POINT ( 'NONE',  ( 1.650000000000000800, 0.05000000000000000300, 0.0000000000000000000 ) ) ;
#4552 = VECTOR ( 'NONE', #10978, 1000.000000000000000 ) ;
#4553 = CARTESIAN_POINT ( 'NONE',  ( 0.5649999999999997200, 0.6218078318274392600, -1.725000000000000300 ) ) ;
#4554 = FACE_OUTER_BOUND ( 'NONE', #8682, .T. ) ;
#4555 = ADVANCED_FACE ( 'NONE', ( #9673 ), #9509, .F. ) ;
#4556 = AXIS2_PLACEMENT_3D ( 'NONE', #814, #8413, #5441 ) ;
#4557 = DIRECTION ( 'NONE',  ( 0.0000000000000000000, 0.0000000000000000000, -1.000000000000000000 ) ) ;
#4558 = ORIENTED_EDGE ( 'NONE', *, *, #3833, .F. ) ;
#4559 = VERTEX_POINT ( 'NONE', #1822 ) ;
#4560 = CIRCLE ( 'NONE', #9328, 0.07500000000000019200 ) ;
#4561 = VECTOR ( 'NONE', #7212, 1000.000000000000000 ) ;
#4562 = DIRECTION ( 'NONE',  ( -0.0000000000000000000, -1.000000000000000000, -0.0000000000000000000 ) ) ;
#4563 = LINE ( 'NONE', #11002, #525 ) ;
#4564 = EDGE_CURVE ( 'NONE', #11379, #6786, #7231, .T. ) ;
#4565 = CARTESIAN_POINT ( 'NONE',  ( -1.014999999999999900, 0.6218078318274390400, 1.725000000000001200 ) ) ;
#4566 = ADVANCED_FACE ( 'NONE', ( #12350 ), #1549, .T. ) ;
#4567 = ORIENTED_EDGE ( 'NONE', *, *, #9533, .T. ) ;
#4568 = CARTESIAN_POINT ( 'NONE',  ( -1.725000000000000800, 0.0000000000000000000, 0.04000000000000010500 ) ) ;
#4570 = VERTEX_POINT ( 'NONE', #9646 ) ;
#4569 = DIRECTION ( 'NONE',  ( 1.000000000000000000, -0.0000000000000000000, 0.0000000000000000000 ) ) ;
#4571 = CARTESIAN_POINT ( 'NONE',  ( 0.4899999999999997700, 0.2030000000000000100, -1.650000000000000400 ) ) ;
#4572 = VERTEX_POINT ( 'NONE', #7667 ) ;
#4573 = LINE ( 'NONE', #10542, #8134 ) ;
#4574 = DIRECTION ( 'NONE',  ( 0.0000000000000000000, -0.0000000000000000000, 1.000000000000000000 ) ) ;
#4575 = CARTESIAN_POINT ( 'NONE',  ( 1.650000000000000800, 0.6218078318274388200, 0.03999999999999967500 ) ) ;
#4576 = ORIENTED_EDGE ( 'NONE', *, *, #6576, .T. ) ;
#4577 = AXIS2_PLACEMENT_3D ( 'NONE', #9276, #10379, #9450 ) ;
#4578 = LINE ( 'NONE', #11323, #2166 ) ;
#4579 = DIRECTION ( 'NONE',  ( 0.0000000000000000000, 0.0000000000000000000, 1.000000000000000000 ) ) ;
#4580 = AXIS2_PLACEMENT_3D ( 'NONE', #9741, #3025, #7718 ) ;
#4581 = FILL_AREA_STYLE ('',( #7371 ) ) ;
#4582 = ORIENTED_EDGE ( 'NONE', *, *, #3228, .T. ) ;
#4583 = FACE_OUTER_BOUND ( 'NONE', #2990, .T. ) ;
#4584 = EDGE_CURVE ( 'NONE', #6764, #1242, #219, .T. ) ;
#4585 = VERTEX_POINT ( 'NONE', #4837 ) ;
#4586 = DIRECTION ( 'NONE',  ( -0.0000000000000000000, -1.000000000000000000, -0.0000000000000000000 ) ) ;
#4587 = ORIENTED_EDGE ( 'NONE', *, *, #2144, .T. ) ;
#4588 = ORIENTED_EDGE ( 'NONE', *, *, #11282, .T. ) ;
#4589 = FACE_OUTER_BOUND ( 'NONE', #2197, .T. ) ;
#4590 = LINE ( 'NONE', #4509, #9399 ) ;
#4591 = DIRECTION ( 'NONE',  ( -1.000000000000000000, 0.0000000000000000000, 0.0000000000000000000 ) ) ;
#4592 = CARTESIAN_POINT ( 'NONE',  ( 1.725000000000000800, 0.2030000000000001000, 0.3349999999999995800 ) ) ;
#4593 = ORIENTED_EDGE ( 'NONE', *, *, #6482, .F. ) ;
#4594 = ORIENTED_EDGE ( 'NONE', *, *, #4619, .T. ) ;
#4595 = CARTESIAN_POINT ( 'NONE',  ( 1.650000000000000800, 0.2030000000000001000, -0.4100000000000004200 ) ) ;
#4596 = CARTESIAN_POINT ( 'NONE',  ( -1.650000000000000800, 0.05000000000000023900, 0.9399999999999998400 ) ) ;
#4597 = AXIS2_PLACEMENT_3D ( 'NONE', #11033, #5270, #2384 ) ;
#4598 = DIRECTION ( 'NONE',  ( 0.0000000000000000000, 0.0000000000000000000, -1.000000000000000000 ) ) ;
#4599 = LINE ( 'NONE', #6179, #6969 ) ;
#4600 = ORIENTED_EDGE ( 'NONE', *, *, #10501, .F. ) ;
#4601 = VECTOR ( 'NONE', #12214, 1000.000000000000100 ) ;
#4602 = EDGE_CURVE ( 'NONE', #5422, #5201, #8574, .T. ) ;
#4603 = VECTOR ( 'NONE', #5793, 1000.000000000000000 ) ;
#4604 = ORIENTED_EDGE ( 'NONE', *, *, #83, .F. ) ;
#4605 = ORIENTED_EDGE ( 'NONE', *, *, #9872, .T. ) ;
#4606 = DIRECTION ( 'NONE',  ( 0.7071067811865474600, -0.0000000000000000000, 0.7071067811865474600 ) ) ;
#4607 = DIRECTION ( 'NONE',  ( -0.7071067811865474600, 0.0000000000000000000, 0.7071067811865474600 ) ) ;
#4608 = ORIENTED_EDGE ( 'NONE', *, *, #11976, .T. ) ;
#4609 = DIRECTION ( 'NONE',  ( 0.0000000000000000000, 0.0000000000000000000, -1.000000000000000000 ) ) ;
#4610 = FACE_OUTER_BOUND ( 'NONE', #6122, .T. ) ;
#4611 = DIRECTION ( 'NONE',  ( 0.0000000000000000000, 0.0000000000000000000, 1.000000000000000000 ) ) ;
#4612 = CIRCLE ( 'NONE', #6793, 0.07499999999999998300 ) ;
#4613 = CARTESIAN_POINT ( 'NONE',  ( -1.234999999999999700, 0.2030000000000000100, 1.725000000000001200 ) ) ;
#4614 = VERTEX_POINT ( 'NONE', #5743 ) ;
#4615 = DIRECTION ( 'NONE',  ( 0.7071067811865475700, 0.0000000000000000000, 0.7071067811865475700 ) ) ;
#4616 = CARTESIAN_POINT ( 'NONE',  ( -1.310000000000000300, 0.2030000000000000100, -1.725000000000000300 ) ) ;
#4617 = ADVANCED_FACE ( 'NONE', ( #11892 ), #958, .F. ) ;
#4618 = ORIENTED_EDGE ( 'NONE', *, *, #6006, .T. ) ;
#4619 = EDGE_CURVE ( 'NONE', #8053, #9905, #3332, .T. ) ;
#4620 = DIRECTION ( 'NONE',  ( 0.0000000000000000000, -1.000000000000000000, 0.0000000000000000000 ) ) ;
#4621 = DIRECTION ( 'NONE',  ( 0.0000000000000000000, 0.0000000000000000000, 1.000000000000000000 ) ) ;
#4622 = ORIENTED_EDGE ( 'NONE', *, *, #10233, .F. ) ;
#4623 = EDGE_CURVE ( 'NONE', #4112, #1031, #6020, .T. ) ;
#4624 = ORIENTED_EDGE ( 'NONE', *, *, #5146, .T. ) ;
#4625 = EDGE_CURVE ( 'NONE', #7685, #1740, #2432, .T. ) ;
#4626 = CARTESIAN_POINT ( 'NONE',  ( 2.000000000000000900, 0.04999999999999991300, 1.235000000000000100 ) ) ;
#4627 = DIRECTION ( 'NONE',  ( -0.0000000000000000000, 0.0000000000000000000, 1.000000000000000000 ) ) ;
#4628 = CIRCLE ( 'NONE', #12008, 0.07499999999999998300 ) ;
#4629 = VECTOR ( 'NONE', #3176, 1000.000000000000000 ) ;
#4630 = LINE ( 'NONE', #4265, #3265 ) ;
#4631 = VERTEX_POINT ( 'NONE', #12427 ) ;
#4632 = DIRECTION ( 'NONE',  ( 1.000000000000000000, 0.0000000000000000000, 1.577021341797097000E-015 ) ) ;
#4633 = ORIENTED_EDGE ( 'NONE', *, *, #4079, .T. ) ;
#4634 = ORIENTED_EDGE ( 'NONE', *, *, #2783, .F. ) ;
#4635 = VERTEX_POINT ( 'NONE', #1901 ) ;
#4636 = ADVANCED_FACE ( 'NONE', ( #7813 ), #11297, .F. ) ;
#4637 = AXIS2_PLACEMENT_3D ( 'NONE', #10396, #4591, #6428 ) ;
#4638 = DIRECTION ( 'NONE',  ( -0.0000000000000000000, -1.000000000000000000, -0.0000000000000000000 ) ) ;
#4639 = VECTOR ( 'NONE', #5384, 1000.000000000000000 ) ;
#4640 = AXIS2_PLACEMENT_3D ( 'NONE', #6409, #12156, #8108 ) ;
#4641 = CYLINDRICAL_SURFACE ( 'NONE', #1109, 0.1999999999999998700 ) ;
#4642 = CYLINDRICAL_SURFACE ( 'NONE', #11191, 0.07499999999999998300 ) ;
#4643 = EDGE_CURVE ( 'NONE', #5827, #3494, #1982, .T. ) ;
#4644 = ORIENTED_EDGE ( 'NONE', *, *, #2088, .F. ) ;
#4645 = ORIENTED_EDGE ( 'NONE', *, *, #11030, .T. ) ;
#4646 = DIRECTION ( 'NONE',  ( 0.0000000000000000000, -1.000000000000000000, 0.0000000000000000000 ) ) ;
#4647 = ORIENTED_EDGE ( 'NONE', *, *, #3317, .F. ) ;
#4648 = CARTESIAN_POINT ( 'NONE',  ( 0.7849999999999980300, 0.05000000000000000300, 6.189808766553590300E-016 ) ) ;
#4649 = ORIENTED_EDGE ( 'NONE', *, *, #1391, .T. ) ;
#4650 = CARTESIAN_POINT ( 'NONE',  ( 1.650000000000000800, 0.2030000000000000100, -0.9400000000000003900 ) ) ;
#4651 = PLANE ( 'NONE',  #9611 ) ;
#4652 = VERTEX_POINT ( 'NONE', #1036 ) ;
#4653 = PRESENTATION_LAYER_ASSIGNMENT (  '', '', ( #4249 ) ) ;
#4654 = VERTEX_POINT ( 'NONE', #7703 ) ;
#4655 = DIRECTION ( 'NONE',  ( -1.577021341797101900E-015, -0.0000000000000000000, -1.000000000000000000 ) ) ;
#4656 = CARTESIAN_POINT ( 'NONE',  ( -1.464999999999999600, 0.2030000000000000100, 1.725000000000001200 ) ) ;
#4657 = PLANE ( 'NONE',  #12253 ) ;
#4658 = EDGE_CURVE ( 'NONE', #2822, #5827, #1839, .T. ) ;
#4659 = DIRECTION ( 'NONE',  ( 0.0000000000000000000, 0.0000000000000000000, -1.000000000000000000 ) ) ;
#4660 = DIRECTION ( 'NONE',  ( 0.0000000000000000000, 1.000000000000000000, 0.0000000000000000000 ) ) ;
#4661 = CYLINDRICAL_SURFACE ( 'NONE', #5034, 0.07499999999999998300 ) ;
#4662 = CARTESIAN_POINT ( 'NONE',  ( -1.650000000000000800, 0.2030000000000001000, -0.4099999999999999800 ) ) ;
#4663 = ADVANCED_FACE ( 'NONE', ( #4986 ), #6911, .F. ) ;
#4664 = LINE ( 'NONE', #9934, #2401 ) ;
#4665 = CARTESIAN_POINT ( 'NONE',  ( 1.650000000000000800, 0.2030000000000001000, 0.4899999999999995500 ) ) ;
#4666 = VERTEX_POINT ( 'NONE', #10760 ) ;
#4667 = CARTESIAN_POINT ( 'NONE',  ( 0.3349999999999995800, 0.2030000000000000100, -1.725000000000000300 ) ) ;
#4668 = EDGE_CURVE ( 'NONE', #917, #5605, #6778, .T. ) ;
#4669 = AXIS2_PLACEMENT_3D ( 'NONE', #3018, #2872, #9604 ) ;
#4670 = LINE ( 'NONE', #11290, #9935 ) ;
#4671 = VECTOR ( 'NONE', #8634, 1000.000000000000000 ) ;
#4672 = DIRECTION ( 'NONE',  ( -1.000000000000000000, 0.0000000000000000000, -0.0000000000000000000 ) ) ;
#4673 = EDGE_CURVE ( 'NONE', #2531, #4298, #808, .T. ) ;
#4674 = CARTESIAN_POINT ( 'NONE',  ( -1.725000000000000800, 0.6218078318274388200, -1.310000000000000100 ) ) ;
#4675 = ADVANCED_FACE ( 'NONE', ( #9358 ), #1245, .T. ) ;
#4676 = DIRECTION ( 'NONE',  ( 1.000000000000000000, -0.0000000000000000000, -2.168404344971008900E-016 ) ) ;
#4677 = ORIENTED_EDGE ( 'NONE', *, *, #3132, .T. ) ;
#4678 = DIRECTION ( 'NONE',  ( -0.0000000000000000000, -1.000000000000000000, 0.0000000000000000000 ) ) ;
#4679 = VECTOR ( 'NONE', #12198, 1000.000000000000000 ) ;
#4680 = CARTESIAN_POINT ( 'NONE',  ( -2.000000000000000900, 0.2030000000000000100, -1.014999999999999900 ) ) ;
#4681 = LINE ( 'NONE', #4692, #5577 ) ;
#4682 = AXIS2_PLACEMENT_3D ( 'NONE', #7181, #10149, #4476 ) ;
#4683 = DIRECTION ( 'NONE',  ( 0.0000000000000000000, -0.0000000000000000000, 1.000000000000000000 ) ) ;
#4684 = DIRECTION ( 'NONE',  ( 0.0000000000000000000, -1.000000000000000000, 0.0000000000000000000 ) ) ;
#4685 = EDGE_CURVE ( 'NONE', #11093, #3987, #2742, .T. ) ;
#4686 = ORIENTED_EDGE ( 'NONE', *, *, #206, .F. ) ;
#4687 = ADVANCED_FACE ( 'NONE', ( #12343 ), #5993, .T. ) ;
#4688 = EDGE_CURVE ( 'NONE', #4128, #7744, #8117, .T. ) ;
#4689 = VERTEX_POINT ( 'NONE', #10681 ) ;
#4690 = DIRECTION ( 'NONE',  ( -1.000000000000000000, 0.0000000000000000000, 0.0000000000000000000 ) ) ;
#4691 = DIRECTION ( 'NONE',  ( 1.000000000000000000, -0.0000000000000000000, -2.168404344971008900E-016 ) ) ;
#4692 = CARTESIAN_POINT ( 'NONE',  ( -1.650000000000000800, 0.6218078318274388200, 0.4899999999999999900 ) ) ;
#4693 = LINE ( 'NONE', #6997, #11003 ) ;
#4694 = CARTESIAN_POINT ( 'NONE',  ( -1.725000000000000800, 0.6218078318274388200, -0.5649999999999999500 ) ) ;
#4695 = CARTESIAN_POINT ( 'NONE',  ( 2.000000000000000900, 0.0000000000000000000, 1.465000000000000100 ) ) ;
#4696 = VECTOR ( 'NONE', #7412, 1000.000000000000000 ) ;
#4697 = CARTESIAN_POINT ( 'NONE',  ( 1.465000000000000700, 0.2030000000000000100, 1.805000000000001300 ) ) ;
#4698 = DIRECTION ( 'NONE',  ( 0.0000000000000000000, -1.000000000000000000, 0.0000000000000000000 ) ) ;
#4699 = DIRECTION ( 'NONE',  ( -7.885106708985485100E-016, -0.0000000000000000000, 1.000000000000000000 ) ) ;
#4700 = DIRECTION ( 'NONE',  ( -0.0000000000000000000, -1.000000000000000000, -0.0000000000000000000 ) ) ;
#4701 = CARTESIAN_POINT ( 'NONE',  ( -1.725000000000000800, 0.05000000000000023900, -0.5649999999999999500 ) ) ;
#4702 = EDGE_LOOP ( 'NONE', ( #1163, #7252, #7850, #11077 ) ) ;
#4703 = ORIENTED_EDGE ( 'NONE', *, *, #10723, .T. ) ;
#4704 = AXIS2_PLACEMENT_3D ( 'NONE', #11721, #189, #6858 ) ;
#4705 = CARTESIAN_POINT ( 'NONE',  ( -1.464999999999999600, 0.05000000000000000300, 2.000000000000000400 ) ) ;
#4706 = LINE ( 'NONE', #12019, #3960 ) ;
#4707 = DIRECTION ( 'NONE',  ( -1.000000000000000000, 0.0000000000000000000, -0.0000000000000000000 ) ) ;
#4708 = EDGE_CURVE ( 'NONE', #9878, #9376, #8427, .T. ) ;
#4709 = CARTESIAN_POINT ( 'NONE',  ( -2.000000000000000900, 0.2030000000000001000, 1.014999999999999900 ) ) ;
#4710 = ORIENTED_EDGE ( 'NONE', *, *, #9912, .F. ) ;
#4711 = DIRECTION ( 'NONE',  ( 0.0000000000000000000, -0.0000000000000000000, -1.000000000000000000 ) ) ;
#4712 = ORIENTED_EDGE ( 'NONE', *, *, #6067, .T. ) ;
#4713 = DIRECTION ( 'NONE',  ( 0.0000000000000000000, 0.0000000000000000000, -1.000000000000000000 ) ) ;
#4714 = VERTEX_POINT ( 'NONE', #6826 ) ;
#4715 = CYLINDRICAL_SURFACE ( 'NONE', #6727, 0.07499999999999998300 ) ;
#4716 = CARTESIAN_POINT ( 'NONE',  ( 2.000000000000000900, 0.2030000000000001000, 0.3350000000000000200 ) ) ;
#4717 = ORIENTED_EDGE ( 'NONE', *, *, #2421, .T. ) ;
#4718 = LINE ( 'NONE', #4194, #7392 ) ;
#4719 = CARTESIAN_POINT ( 'NONE',  ( -1.725000000000000800, 0.05000000000000002400, -0.7850000000000000300 ) ) ;
#4720 = ADVANCED_FACE ( 'NONE', ( #4253 ), #2095, .F. ) ;
#4721 = AXIS2_PLACEMENT_3D ( 'NONE', #8843, #10783, #11718 ) ;
#4722 = CARTESIAN_POINT ( 'NONE',  ( 1.650000000000000800, 0.6218078318274388200, 0.9399999999999993900 ) ) ;
#4723 = VERTEX_POINT ( 'NONE', #119 ) ;
#4724 = VERTEX_POINT ( 'NONE', #1198 ) ;
#4725 = AXIS2_PLACEMENT_3D ( 'NONE', #1357, #4242, #10958 ) ;
#4726 = ORIENTED_EDGE ( 'NONE', *, *, #6108, .F. ) ;
#4727 = CARTESIAN_POINT ( 'NONE',  ( 2.000000000000000900, 0.0000000000000000000, 1.014999999999999900 ) ) ;
#4728 = EDGE_CURVE ( 'NONE', #8247, #10222, #7221, .T. ) ;
#4729 = EDGE_LOOP ( 'NONE', ( #10335, #8120, #10011, #4319, #9552, #7215 ) ) ;
#4730 = CYLINDRICAL_SURFACE ( 'NONE', #11861, 0.07499999999999998300 ) ;
#4731 =( NAMED_UNIT ( * ) PLANE_ANGLE_UNIT ( ) SI_UNIT ( $, .RADIAN. ) );
#4732 = LINE ( 'NONE', #6166, #7854 ) ;
#4733 = CARTESIAN_POINT ( 'NONE',  ( -8.910170581153550600E-016, 0.05000000000000000300, 0.5649999999999968400 ) ) ;
#4734 = ORIENTED_EDGE ( 'NONE', *, *, #11965, .T. ) ;
#4735 = FACE_OUTER_BOUND ( 'NONE', #10358, .T. ) ;
#4736 = CARTESIAN_POINT ( 'NONE',  ( -0.3349999999999995800, 0.2030000000000000100, -2.000000000000000400 ) ) ;
#4737 = DIRECTION ( 'NONE',  ( 0.0000000000000000000, 1.000000000000000000, -0.0000000000000000000 ) ) ;
#4738 = EDGE_CURVE ( 'NONE', #8007, #4666, #2128, .T. ) ;
#4739 = DIRECTION ( 'NONE',  ( 0.0000000000000000000, 1.000000000000000000, 0.0000000000000000000 ) ) ;
#4740 = DIRECTION ( 'NONE',  ( 0.0000000000000000000, -1.000000000000000000, 0.0000000000000000000 ) ) ;
#4741 = AXIS2_PLACEMENT_3D ( 'NONE', #729, #10458, #6454 ) ;
#4742 = ORIENTED_EDGE ( 'NONE', *, *, #7220, .T. ) ;
#4743 =( LENGTH_UNIT ( ) NAMED_UNIT ( * ) SI_UNIT ( .MILLI., .METRE. ) );
#4744 = LINE ( 'NONE', #12132, #1592 ) ;
#4745 = ORIENTED_EDGE ( 'NONE', *, *, #1164, .T. ) ;
#4746 = LINE ( 'NONE', #6915, #10761 ) ;
#4747 = ORIENTED_EDGE ( 'NONE', *, *, #7007, .T. ) ;
#4748 = EDGE_CURVE ( 'NONE', #5908, #3879, #1701, .T. ) ;
#4749 = ORIENTED_EDGE ( 'NONE', *, *, #10144, .F. ) ;
#4750 = CARTESIAN_POINT ( 'NONE',  ( -1.389999999999999700, 0.2030000000000000100, 1.725000000000000800 ) ) ;
#4751 = ORIENTED_EDGE ( 'NONE', *, *, #10885, .F. ) ;
#4752 = ORIENTED_EDGE ( 'NONE', *, *, #8858, .T. ) ;
#4753 = DIRECTION ( 'NONE',  ( -1.000000000000000000, 0.0000000000000000000, 0.0000000000000000000 ) ) ;
#4754 = ADVANCED_FACE ( 'NONE', ( #8265 ), #1107, .F. ) ;
#4755 = CARTESIAN_POINT ( 'NONE',  ( 1.725000000000000800, 0.05000000000000002400, -0.9400000000000003900 ) ) ;
#4756 = CARTESIAN_POINT ( 'NONE',  ( 0.0000000000000000000, 0.0000000000000000000, 0.0000000000000000000 ) ) ;
#4757 = PRESENTATION_STYLE_ASSIGNMENT (( #11905 ) ) ;
#4758 = MANIFOLD_SOLID_BREP ( 'LPattern3[7]', #8804 ) ;
#4759 = DIRECTION ( 'NONE',  ( 1.000000000000000000, 0.0000000000000000000, 0.0000000000000000000 ) ) ;
#4760 = VECTOR ( 'NONE', #3275, 1000.000000000000000 ) ;
#4761 = ORIENTED_EDGE ( 'NONE', *, *, #1319, .F. ) ;
#4762 = VERTEX_POINT ( 'NONE', #8985 ) ;
#4763 = ORIENTED_EDGE ( 'NONE', *, *, #134, .T. ) ;
#4764 = CARTESIAN_POINT ( 'NONE',  ( -1.014999999999999900, 0.2030000000000000100, 1.725000000000001200 ) ) ;
#4765 = EDGE_CURVE ( 'NONE', #8198, #12338, #1100, .T. ) ;
#4766 = EDGE_CURVE ( 'NONE', #4666, #10512, #3653, .T. ) ;
#4767 = VECTOR ( 'NONE', #11366, 1000.000000000000000 ) ;
#4768 = FACE_OUTER_BOUND ( 'NONE', #6955, .T. ) ;
#4769 = PLANE ( 'NONE',  #8961 ) ;
#4770 = ORIENTED_EDGE ( 'NONE', *, *, #6500, .T. ) ;
#4771 = ORIENTED_EDGE ( 'NONE', *, *, #2840, .T. ) ;
#4772 = VERTEX_POINT ( 'NONE', #4214 ) ;
#4773 = ORIENTED_EDGE ( 'NONE', *, *, #4105, .T. ) ;
#4774 = DIRECTION ( 'NONE',  ( 1.000000000000000000, -0.0000000000000000000, 0.0000000000000000000 ) ) ;
#4775 = DIRECTION ( 'NONE',  ( -1.000000000000000000, 0.0000000000000000000, -1.577021341797097400E-015 ) ) ;
#4776 = LINE ( 'NONE', #6746, #2210 ) ;
#4777 = AXIS2_PLACEMENT_3D ( 'NONE', #3737, #5607, #2808 ) ;
#4778 = CARTESIAN_POINT ( 'NONE',  ( 0.5650000000000003900, 0.6218078318274392600, -2.000000000000000400 ) ) ;
#4779 = LINE ( 'NONE', #9761, #6709 ) ;
#4780 = VERTEX_POINT ( 'NONE', #1150 ) ;
#4781 = AXIS2_PLACEMENT_3D ( 'NONE', #5769, #12368, #2814 ) ;
#4782 = DIRECTION ( 'NONE',  ( 0.0000000000000000000, 0.0000000000000000000, -1.000000000000000000 ) ) ;
#4783 = EDGE_CURVE ( 'NONE', #6663, #7276, #5873, .T. ) ;
#4784 = VERTEX_POINT ( 'NONE', #9969 ) ;
#4785 = CARTESIAN_POINT ( 'NONE',  ( -1.464999999999999600, 0.2030000000000000100, 1.805000000000000200 ) ) ;
#4786 = ADVANCED_FACE ( 'NONE', ( #6328 ), #8033, .F. ) ;
#4787 = VERTEX_POINT ( 'NONE', #2299 ) ;
#4788 = CARTESIAN_POINT ( 'NONE',  ( -1.650000000000000800, 0.6218078318274388200, 0.4899999999999999900 ) ) ;
#4789 = ORIENTED_EDGE ( 'NONE', *, *, #3154, .T. ) ;
#4790 = ORIENTED_EDGE ( 'NONE', *, *, #4001, .T. ) ;
#4791 = FACE_OUTER_BOUND ( 'NONE', #9956, .T. ) ;
#4792 = CARTESIAN_POINT ( 'NONE',  ( -1.015000000000000300, 0.2030000000000000100, -1.725000000000000300 ) ) ;
#4793 = CARTESIAN_POINT ( 'NONE',  ( 0.4099999999999997500, 0.2030000000000000100, -1.650000000000000100 ) ) ;
#4794 = LINE ( 'NONE', #9139, #7023 ) ;
#4795 = LINE ( 'NONE', #9315, #6434 ) ;
#4796 = CARTESIAN_POINT ( 'NONE',  ( -1.725000000000000800, 0.2030000000000000100, 0.04000000000000010500 ) ) ;
#4797 = ORIENTED_EDGE ( 'NONE', *, *, #5014, .F. ) ;
#4798 = AXIS2_PLACEMENT_3D ( 'NONE', #9165, #2393, #5400 ) ;
#4799 = DIRECTION ( 'NONE',  ( 7.885106708985486100E-016, 0.0000000000000000000, -1.000000000000000000 ) ) ;
#4800 = ORIENTED_EDGE ( 'NONE', *, *, #9447, .T. ) ;
#4801 = ORIENTED_EDGE ( 'NONE', *, *, #5203, .T. ) ;
#4802 = FILL_AREA_STYLE ('',( #878 ) ) ;
#4803 = AXIS2_PLACEMENT_3D ( 'NONE', #1594, #10252, #8363 ) ;
#4804 = CARTESIAN_POINT ( 'NONE',  ( -1.310000000000000300, 0.2030000000000000100, -1.725000000000000300 ) ) ;
#4805 = EDGE_LOOP ( 'NONE', ( #4318, #8659, #12185, #4712 ) ) ;
#4806 = FACE_OUTER_BOUND ( 'NONE', #12259, .T. ) ;
#4807 = PLANE ( 'NONE',  #11970 ) ;
#4808 = EDGE_CURVE ( 'NONE', #3540, #3824, #4693, .T. ) ;
#4809 = VECTOR ( 'NONE', #486, 1000.000000000000000 ) ;
#4810 = ORIENTED_EDGE ( 'NONE', *, *, #8148, .T. ) ;
#4811 = CARTESIAN_POINT ( 'NONE',  ( 1.725000000000000800, 0.05000000000000002400, 0.8599999999999994300 ) ) ;
#4812 = ORIENTED_EDGE ( 'NONE', *, *, #11355, .T. ) ;
#4813 = DIRECTION ( 'NONE',  ( 0.0000000000000000000, 1.000000000000000000, 0.0000000000000000000 ) ) ;
#4814 = LINE ( 'NONE', #3134, #7643 ) ;
#4815 = ORIENTED_EDGE ( 'NONE', *, *, #3304, .F. ) ;
#4817 = LINE ( 'NONE', #8763, #9326 ) ;
#4816 = AXIS2_PLACEMENT_3D ( 'NONE', #5463, #1705, #12092 ) ;
#4818 = ADVANCED_FACE ( 'NONE', ( #7526 ), #1322, .F. ) ;
#4819 = CARTESIAN_POINT ( 'NONE',  ( 0.9399999999999996100, 0.2030000000000000100, -1.650000000000000100 ) ) ;
#4820 = FACE_OUTER_BOUND ( 'NONE', #10187, .T. ) ;
#4821 = AXIS2_PLACEMENT_3D ( 'NONE', #12399, #2800, #9525 ) ;
#4822 = CARTESIAN_POINT ( 'NONE',  ( -2.000000000000000900, 0.2030000000000000100, 0.7849999999999999200 ) ) ;
#4823 = ORIENTED_EDGE ( 'NONE', *, *, #12260, .F. ) ;
#4824 = EDGE_CURVE ( 'NONE', #1545, #11767, #3798, .T. ) ;
#4825 = CARTESIAN_POINT ( 'NONE',  ( 0.3350000000000002400, 0.0000000000000000000, 1.725000000000001200 ) ) ;
#4826 = CARTESIAN_POINT ( 'NONE',  ( -2.000000000000000900, 0.04999999999999991300, 1.235000000000000100 ) ) ;
#4827 = LINE ( 'NONE', #9371, #12169 ) ;
#4828 = LINE ( 'NONE', #11633, #8875 ) ;
#4829 = CARTESIAN_POINT ( 'NONE',  ( 1.725000000000000800, 0.2030000000000000100, -0.5650000000000003900 ) ) ;
#4830 = CARTESIAN_POINT ( 'NONE',  ( 1.725000000000000800, 0.05000000000000023900, 0.7849999999999994800 ) ) ;
#4831 = CARTESIAN_POINT ( 'NONE',  ( -2.000000000000000900, 0.6218078318274388200, 0.3350000000000000200 ) ) ;
#4832 = ORIENTED_EDGE ( 'NONE', *, *, #1047, .T. ) ;
#4833 = ORIENTED_EDGE ( 'NONE', *, *, #2103, .F. ) ;
#4834 = CARTESIAN_POINT ( 'NONE',  ( -0.4100000000000002000, 0.0000000000000000000, -1.650000000000000400 ) ) ;
#4835 = CARTESIAN_POINT ( 'NONE',  ( 0.5650000000000003900, 0.2030000000000000100, -2.000000000000000400 ) ) ;
#4836 = EDGE_CURVE ( 'NONE', #7464, #3854, #7805, .T. ) ;
#4837 = CARTESIAN_POINT ( 'NONE',  ( 2.000000000000000900, 0.2030000000000000100, 0.5649999999999999500 ) ) ;
#4838 = LINE ( 'NONE', #7567, #10991 ) ;
#4839 = FACE_OUTER_BOUND ( 'NONE', #6559, .T. ) ;
#4840 = DIRECTION ( 'NONE',  ( -0.0000000000000000000, -1.000000000000000000, -0.0000000000000000000 ) ) ;
#4841 = DIRECTION ( 'NONE',  ( 0.0000000000000000000, 1.000000000000000000, -0.0000000000000000000 ) ) ;
#4842 = ADVANCED_FACE ( 'NONE', ( #8723 ), #9831, .F. ) ;
#4843 = DIRECTION ( 'NONE',  ( -0.0000000000000000000, -1.000000000000000000, -0.0000000000000000000 ) ) ;
#4844 = ORIENTED_EDGE ( 'NONE', *, *, #2755, .F. ) ;
#4845 = ORIENTED_EDGE ( 'NONE', *, *, #12313, .T. ) ;
#4846 = LINE ( 'NONE', #1915, #7969 ) ;
#4847 = VECTOR ( 'NONE', #7380, 1000.000000000000000 ) ;
#4848 = DIRECTION ( 'NONE',  ( 0.0000000000000000000, 1.000000000000000000, 0.0000000000000000000 ) ) ;
#4849 = VECTOR ( 'NONE', #10423, 1000.000000000000000 ) ;
#4850 = DIRECTION ( 'NONE',  ( 0.0000000000000000000, -1.000000000000000000, 0.0000000000000000000 ) ) ;
#4851 = EDGE_CURVE ( 'NONE', #3998, #2087, #1692, .T. ) ;
#4852 = EDGE_CURVE ( 'NONE', #9376, #1031, #10103, .T. ) ;
#4853 = DIRECTION ( 'NONE',  ( 0.0000000000000000000, -0.0000000000000000000, -1.000000000000000000 ) ) ;
#4854 = ORIENTED_EDGE ( 'NONE', *, *, #374, .T. ) ;
#4855 = ORIENTED_EDGE ( 'NONE', *, *, #1556, .F. ) ;
#4856 = VECTOR ( 'NONE', #5428, 1000.000000000000000 ) ;
#4857 = CARTESIAN_POINT ( 'NONE',  ( 1.650000000000000800, 0.2030000000000001000, 0.9399999999999993900 ) ) ;
#4858 = LINE ( 'NONE', #2314, #2610 ) ;
#4859 = FACE_OUTER_BOUND ( 'NONE', #1315, .T. ) ;
#4860 = DIRECTION ( 'NONE',  ( 0.0000000000000000000, 1.000000000000000000, -0.0000000000000000000 ) ) ;
#4861 = CARTESIAN_POINT ( 'NONE',  ( 1.999999999999999100, 0.05000000000000000300, -2.000000000000000400 ) ) ;
#4862 = CARTESIAN_POINT ( 'NONE',  ( 1.389999999999999900, 0.0000000000000000000, -1.725000000000000300 ) ) ;
#4863 = EDGE_LOOP ( 'NONE', ( #4558, #6311, #2737, #5295 ) ) ;
#4864 = AXIS2_PLACEMENT_3D ( 'NONE', #2674, #10447, #5679 ) ;
#4865 = ORIENTED_EDGE ( 'NONE', *, *, #9616, .F. ) ;
#4866 = VERTEX_POINT ( 'NONE', #2720 ) ;
#4867 = DIRECTION ( 'NONE',  ( 0.0000000000000000000, -1.000000000000000000, 0.0000000000000000000 ) ) ;
#4868 = DIRECTION ( 'NONE',  ( 1.000000000000000000, -0.0000000000000000000, 0.0000000000000000000 ) ) ;
#4869 = VECTOR ( 'NONE', #4620, 1000.000000000000000 ) ;
#4870 = EDGE_LOOP ( 'NONE', ( #11796, #5337, #7707, #4763 ) ) ;
#4871 = DIRECTION ( 'NONE',  ( 0.0000000000000000000, 1.000000000000000000, 0.0000000000000000000 ) ) ;
#4872 = VECTOR ( 'NONE', #2690, 1000.000000000000000 ) ;
#4873 = ADVANCED_FACE ( 'NONE', ( #10265 ), #12285, .F. ) ;
#4874 = EDGE_CURVE ( 'NONE', #3, #3158, #1974, .T. ) ;
#4875 = DIRECTION ( 'NONE',  ( 0.0000000000000000000, -1.000000000000000000, 0.0000000000000000000 ) ) ;
#4876 = DIRECTION ( 'NONE',  ( 1.668003342285390600E-016, 0.0000000000000000000, -1.000000000000000000 ) ) ;
#4877 = DIRECTION ( 'NONE',  ( -0.7071067811865474600, 0.0000000000000000000, 0.7071067811865474600 ) ) ;
#4878 = ORIENTED_EDGE ( 'NONE', *, *, #10563, .F. ) ;
#4879 = ORIENTED_EDGE ( 'NONE', *, *, #12313, .F. ) ;
#4880 = CIRCLE ( 'NONE', #2437, 0.07500000000000019200 ) ;
#4881 = DIRECTION ( 'NONE',  ( -0.0000000000000000000, -1.000000000000000000, -0.0000000000000000000 ) ) ;
#4882 = EDGE_LOOP ( 'NONE', ( #11214, #1555, #8982, #154 ) ) ;
#4883 = DIRECTION ( 'NONE',  ( 0.0000000000000000000, 0.0000000000000000000, 1.000000000000000000 ) ) ;
#4884 = PRESENTATION_STYLE_ASSIGNMENT (( #9782 ) ) ;
#4885 = AXIS2_PLACEMENT_3D ( 'NONE', #3427, #6443, #5517 ) ;
#4886 = ORIENTED_EDGE ( 'NONE', *, *, #5166, .T. ) ;
#4887 = CARTESIAN_POINT ( 'NONE',  ( -1.650000000000000800, 0.2030000000000001000, 0.04000000000000010500 ) ) ;
#4888 = LINE ( 'NONE', #4212, #7562 ) ;
#4889 = ORIENTED_EDGE ( 'NONE', *, *, #2589, .F. ) ;
#4890 = FACE_OUTER_BOUND ( 'NONE', #7843, .T. ) ;
#4891 = AXIS2_PLACEMENT_3D ( 'NONE', #3610, #4569, #7524 ) ;
#4892 = ORIENTED_EDGE ( 'NONE', *, *, #10707, .F. ) ;
#4893 = CARTESIAN_POINT ( 'NONE',  ( -0.7850000000000002500, 0.2030000000000000100, -1.725000000000000300 ) ) ;
#4894 = EDGE_LOOP ( 'NONE', ( #6928, #10221, #2507, #8182 ) ) ;
#4895 = EDGE_CURVE ( 'NONE', #10728, #7161, #11575, .T. ) ;
#4896 = CARTESIAN_POINT ( 'NONE',  ( 1.999999999999999100, 0.2030000000000000700, -0.5650000000000003900 ) ) ;
#4897 = FACE_OUTER_BOUND ( 'NONE', #11529, .T. ) ;
#4898 = SURFACE_STYLE_USAGE ( .BOTH. , #2109 ) ;
#4899 = ORIENTED_EDGE ( 'NONE', *, *, #846, .F. ) ;
#4900 = LINE ( 'NONE', #2403, #3848 ) ;
#4901 = VECTOR ( 'NONE', #10641, 1000.000000000000000 ) ;
#4902 = EDGE_LOOP ( 'NONE', ( #12020, #3231, #8750, #8309 ) ) ;
#4903 = DIRECTION ( 'NONE',  ( 1.000000000000000000, 0.0000000000000000000, 7.885106708985485100E-016 ) ) ;
#4904 = ORIENTED_EDGE ( 'NONE', *, *, #2740, .T. ) ;
#4905 = CARTESIAN_POINT ( 'NONE',  ( -0.8600000000000002100, 0.2030000000000000100, -1.650000000000000100 ) ) ;
#4906 = VERTEX_POINT ( 'NONE', #8365 ) ;
#4907 = EDGE_CURVE ( 'NONE', #3329, #5210, #201, .T. ) ;
#4908 = DIRECTION ( 'NONE',  ( 0.0000000000000000000, 1.000000000000000000, 0.0000000000000000000 ) ) ;
#4909 = DIRECTION ( 'NONE',  ( 0.7071067811865474600, 0.0000000000000000000, 0.7071067811865474600 ) ) ;
#4910 = ADVANCED_FACE ( 'NONE', ( #2111 ), #12191, .T. ) ;
#4911 = PRESENTATION_LAYER_ASSIGNMENT (  '', '', ( #6651 ) ) ;
#4912 = LINE ( 'NONE', #686, #1024 ) ;
#4913 = UNCERTAINTY_MEASURE_WITH_UNIT (LENGTH_MEASURE( 1.000000000000000100E-005 ), #5689, 'distance_accuracy_value', 'NONE');
#4914 = EDGE_CURVE ( 'NONE', #4051, #9731, #7668, .T. ) ;
#4915 = FACE_OUTER_BOUND ( 'NONE', #9607, .T. ) ;
#4916 = CARTESIAN_POINT ( 'NONE',  ( 1.725000000000000800, 0.2030000000000001000, -0.1150000000000003000 ) ) ;
#4917 = ORIENTED_EDGE ( 'NONE', *, *, #1812, .T. ) ;
#4918 = DIRECTION ( 'NONE',  ( 0.0000000000000000000, 0.0000000000000000000, -1.000000000000000000 ) ) ;
#4919 = ORIENTED_EDGE ( 'NONE', *, *, #63, .T. ) ;
#4920 = ORIENTED_EDGE ( 'NONE', *, *, #5427, .F. ) ;
#4921 = ORIENTED_EDGE ( 'NONE', *, *, #4808, .T. ) ;
#4922 = DIRECTION ( 'NONE',  ( 0.0000000000000000000, 1.000000000000000000, -0.0000000000000000000 ) ) ;
#4923 = DIRECTION ( 'NONE',  ( -0.0000000000000000000, -1.000000000000000000, -0.0000000000000000000 ) ) ;
#4924 = VECTOR ( 'NONE', #2343, 1000.000000000000000 ) ;
#4925 = LINE ( 'NONE', #10751, #7750 ) ;
#4926 = DIRECTION ( 'NONE',  ( 0.0000000000000000000, 1.000000000000000000, 0.0000000000000000000 ) ) ;
#4927 = VECTOR ( 'NONE', #8054, 1000.000000000000100 ) ;
#4928 = ORIENTED_EDGE ( 'NONE', *, *, #2317, .T. ) ;
#4929 = ORIENTED_EDGE ( 'NONE', *, *, #1914, .T. ) ;
#4930 = ORIENTED_EDGE ( 'NONE', *, *, #7468, .T. ) ;
#4931 = EDGE_CURVE ( 'NONE', #3547, #2697, #7518, .T. ) ;
#4932 = VERTEX_POINT ( 'NONE', #1720 ) ;
#4933 = EDGE_CURVE ( 'NONE', #9167, #5390, #4979, .T. ) ;
#4934 = LINE ( 'NONE', #727, #8824 ) ;
#4935 = CIRCLE ( 'NONE', #9482, 0.07499999999999998300 ) ;
#4936 = VECTOR ( 'NONE', #679, 1000.000000000000000 ) ;
#4937 = ADVANCED_FACE ( 'NONE', ( #8103 ), #9357, .T. ) ;
#4938 = ORIENTED_EDGE ( 'NONE', *, *, #4933, .T. ) ;
#4939 = ORIENTED_EDGE ( 'NONE', *, *, #9770, .F. ) ;
#4940 = VERTEX_POINT ( 'NONE', #4571 ) ;
#4941 = CARTESIAN_POINT ( 'NONE',  ( -0.1150000000000016600, 0.05000000000000000300, -9.067872715333438100E-017 ) ) ;
#4942 = AXIS2_PLACEMENT_3D ( 'NONE', #3522, #1683, #10383 ) ;
#4943 = DIRECTION ( 'NONE',  ( -1.000000000000000000, 0.0000000000000000000, 0.0000000000000000000 ) ) ;
#4944 = CARTESIAN_POINT ( 'NONE',  ( 0.4100000000000002000, 0.04999999999999999600, 1.725000000000000800 ) ) ;
#4945 = SURFACE_SIDE_STYLE ('',( #7250 ) ) ;
#4946 = PRESENTATION_LAYER_ASSIGNMENT (  '', '', ( #9464 ) ) ;
#4947 = VERTEX_POINT ( 'NONE', #1640 ) ;
#4948 = LINE ( 'NONE', #6731, #6138 ) ;
#4949 = CARTESIAN_POINT ( 'NONE',  ( 1.310000000000000100, 0.6218078318274392600, -1.725000000000000300 ) ) ;
#4950 = EDGE_CURVE ( 'NONE', #11206, #5536, #2422, .T. ) ;
#4951 = CARTESIAN_POINT ( 'NONE',  ( 1.725000000000000800, 0.6218078318274388200, 1.234999999999999900 ) ) ;
#4952 = VECTOR ( 'NONE', #4205, 1000.000000000000100 ) ;
#4953 = DIRECTION ( 'NONE',  ( -1.000000000000000000, 0.0000000000000000000, 0.0000000000000000000 ) ) ;
#4954 = VERTEX_POINT ( 'NONE', #1768 ) ;
#4955 = EDGE_CURVE ( 'NONE', #5278, #3158, #9811, .T. ) ;
#4956 = EDGE_LOOP ( 'NONE', ( #6218, #5927, #4929, #7302 ) ) ;
#4957 = ORIENTED_EDGE ( 'NONE', *, *, #1843, .T. ) ;
#4958 = PLANE ( 'NONE',  #11474 ) ;
#4959 = LINE ( 'NONE', #8420, #48 ) ;
#4960 = DIRECTION ( 'NONE',  ( -0.0000000000000000000, 0.0000000000000000000, -1.000000000000000000 ) ) ;
#4961 = FACE_OUTER_BOUND ( 'NONE', #2135, .T. ) ;
#4962 = VECTOR ( 'NONE', #9774, 1000.000000000000000 ) ;
#4963 = AXIS2_PLACEMENT_3D ( 'NONE', #1535, #1401, #3314 ) ;
#4964 = CARTESIAN_POINT ( 'NONE',  ( -1.310000000000000300, 0.2030000000000000100, -1.725000000000000300 ) ) ;
#4965 = MECHANICAL_DESIGN_GEOMETRIC_PRESENTATION_REPRESENTATION (  '', ( #3016 ), #10369 ) ;
#4966 = ORIENTED_EDGE ( 'NONE', *, *, #7988, .F. ) ;
#4967 = CARTESIAN_POINT ( 'NONE',  ( 2.000000000000000900, 0.2030000000000000100, 1.465000000000000100 ) ) ;
#4968 = CARTESIAN_POINT ( 'NONE',  ( -1.310000000000000500, 0.05000000000000000300, 1.650000000000000800 ) ) ;
#4969 = EDGE_CURVE ( 'NONE', #3255, #4940, #2882, .T. ) ;
#4970 = ADVANCED_FACE ( 'NONE', ( #6768 ), #3693, .T. ) ;
#4971 = CIRCLE ( 'NONE', #7662, 0.07499999999999998300 ) ;
#4972 = VECTOR ( 'NONE', #11389, 1000.000000000000000 ) ;
#4973 = DIRECTION ( 'NONE',  ( 2.365532012695645400E-015, 0.0000000000000000000, -1.000000000000000000 ) ) ;
#4974 = CARTESIAN_POINT ( 'NONE',  ( -0.4100000000000002000, 0.6218078318274392600, -1.650000000000000100 ) ) ;
#4975 = EDGE_CURVE ( 'NONE', #1792, #5452, #4681, .T. ) ;
#4976 = VERTEX_POINT ( 'NONE', #2759 ) ;
#4977 = CIRCLE ( 'NONE', #3742, 0.07500000000000019200 ) ;
#4978 = DIRECTION ( 'NONE',  ( 0.0000000000000000000, -0.0000000000000000000, -1.000000000000000000 ) ) ;
#4979 = CIRCLE ( 'NONE', #9499, 0.07499999999999998300 ) ;
#4980 = DIRECTION ( 'NONE',  ( 0.0000000000000000000, 0.0000000000000000000, -1.000000000000000000 ) ) ;
#4981 = EDGE_CURVE ( 'NONE', #9369, #11202, #12024, .T. ) ;
#4982 = DIRECTION ( 'NONE',  ( -0.0000000000000000000, -1.000000000000000000, -0.0000000000000000000 ) ) ;
#4983 = VERTEX_POINT ( 'NONE', #1838 ) ;
#4984 = DIRECTION ( 'NONE',  ( -0.0000000000000000000, 0.0000000000000000000, -1.000000000000000000 ) ) ;
#4985 = VERTEX_POINT ( 'NONE', #4822 ) ;
#4986 = FACE_OUTER_BOUND ( 'NONE', #6989, .T. ) ;
#4987 = DIRECTION ( 'NONE',  ( 0.0000000000000000000, 0.0000000000000000000, -1.000000000000000000 ) ) ;
#4988 = CARTESIAN_POINT ( 'NONE',  ( -1.310000000000000500, 0.05000000000000000300, 1.650000000000000800 ) ) ;
#4989 = CIRCLE ( 'NONE', #3845, 0.07499999999999998300 ) ;
#4990 = AXIS2_PLACEMENT_3D ( 'NONE', #1597, #10254, #8275 ) ;
#4991 = CARTESIAN_POINT ( 'NONE',  ( -0.03999999999999967500, 0.2030000000000000100, 1.650000000000000800 ) ) ;
#4992 = ADVANCED_FACE ( 'NONE', ( #9501 ), #2917, .F. ) ;
#4993 = CARTESIAN_POINT ( 'NONE',  ( 0.0000000000000000000, 0.05000000000000000300, 1.014999999999999900 ) ) ;
#4994 = CARTESIAN_POINT ( 'NONE',  ( 0.0000000000000000000, 0.05000000000000000300, -0.7850000000000000300 ) ) ;
#4995 = EDGE_CURVE ( 'NONE', #7633, #11795, #10558, .T. ) ;
#4996 = EDGE_LOOP ( 'NONE', ( #3965, #842, #3056, #10306 ) ) ;
#4997 = CARTESIAN_POINT ( 'NONE',  ( 0.8600000000000001000, 0.0000000000000000000, 1.725000000000000800 ) ) ;
#4998 = EDGE_CURVE ( 'NONE', #422, #2181, #6912, .T. ) ;
#4999 = DIRECTION ( 'NONE',  ( 0.0000000000000000000, 0.0000000000000000000, -1.000000000000000000 ) ) ;
#5000 = ORIENTED_EDGE ( 'NONE', *, *, #4256, .F. ) ;
#5001 = FACE_OUTER_BOUND ( 'NONE', #4185, .T. ) ;
#5002 = VECTOR ( 'NONE', #12306, 1000.000000000000000 ) ;
#5003 = VECTOR ( 'NONE', #5250, 1000.000000000000000 ) ;
#5004 = CARTESIAN_POINT ( 'NONE',  ( -0.1150000000000003000, 0.6218078318274392600, -1.725000000000000300 ) ) ;
#5005 = DIRECTION ( 'NONE',  ( -1.445602896647339500E-015, 0.0000000000000000000, 1.000000000000000000 ) ) ;
#5006 = EDGE_LOOP ( 'NONE', ( #11398, #9220, #8389, #11370 ) ) ;
#5007 = ORIENTED_EDGE ( 'NONE', *, *, #3668, .T. ) ;
#5008 = ORIENTED_EDGE ( 'NONE', *, *, #9445, .F. ) ;
#5009 = AXIS2_PLACEMENT_3D ( 'NONE', #295, #373, #3279 ) ;
#5010 = LINE ( 'NONE', #10508, #10437 ) ;
#5011 = EDGE_CURVE ( 'NONE', #12009, #6106, #4394, .T. ) ;
#5012 = ORIENTED_EDGE ( 'NONE', *, *, #6647, .F. ) ;
#5013 = VECTOR ( 'NONE', #8793, 1000.000000000000000 ) ;
#5014 = EDGE_CURVE ( 'NONE', #8071, #12230, #2733, .T. ) ;
#5015 = ORIENTED_EDGE ( 'NONE', *, *, #9312, .F. ) ;
#5016 = DIRECTION ( 'NONE',  ( 1.577021341797102100E-015, 0.0000000000000000000, 1.000000000000000000 ) ) ;
#5017 = ORIENTED_EDGE ( 'NONE', *, *, #3396, .T. ) ;
#5018 = EDGE_LOOP ( 'NONE', ( #1029, #8513, #3590, #9907 ) ) ;
#5019 = DIRECTION ( 'NONE',  ( 0.0000000000000000000, -0.0000000000000000000, -1.000000000000000000 ) ) ;
#5020 = VERTEX_POINT ( 'NONE', #11438 ) ;
#5021 =( NAMED_UNIT ( * ) SI_UNIT ( $, .STERADIAN. ) SOLID_ANGLE_UNIT ( ) );
#5022 = VERTEX_POINT ( 'NONE', #7722 ) ;
#5023 = DIRECTION ( 'NONE',  ( 0.0000000000000000000, 0.0000000000000000000, 1.000000000000000000 ) ) ;
#5024 = LINE ( 'NONE', #2025, #2924 ) ;
#5025 = CARTESIAN_POINT ( 'NONE',  ( 0.8600000000000001000, 0.2030000000000000100, 1.725000000000000800 ) ) ;
#5026 = ADVANCED_FACE ( 'NONE', ( #12334 ), #11559, .T. ) ;
#5027 = ORIENTED_EDGE ( 'NONE', *, *, #3555, .F. ) ;
#5028 = DIRECTION ( 'NONE',  ( -0.0000000000000000000, -1.000000000000000000, -0.0000000000000000000 ) ) ;
#5029 = LINE ( 'NONE', #11698, #6526 ) ;
#5030 = DIRECTION ( 'NONE',  ( 0.0000000000000000000, 0.0000000000000000000, -1.000000000000000000 ) ) ;
#5031 = COLOUR_RGB ( '',0.7921568627450980000, 0.8196078431372548800, 0.9333333333333333500 ) ;
#5032 = ORIENTED_EDGE ( 'NONE', *, *, #2613, .F. ) ;
#5033 =( LENGTH_UNIT ( ) NAMED_UNIT ( * ) SI_UNIT ( .MILLI., .METRE. ) );
#5034 = AXIS2_PLACEMENT_3D ( 'NONE', #5482, #2721, #8496 ) ;
#5035 = DIRECTION ( 'NONE',  ( 0.0000000000000000000, 0.0000000000000000000, -1.000000000000000000 ) ) ;
#5036 = DIRECTION ( 'NONE',  ( 0.7071067811865474600, 0.0000000000000000000, 0.7071067811865474600 ) ) ;
#5037 = EDGE_CURVE ( 'NONE', #3408, #3957, #653, .T. ) ;
#5038 = VECTOR ( 'NONE', #6144, 1000.000000000000100 ) ;
#5039 = CARTESIAN_POINT ( 'NONE',  ( 1.999999999999999100, 0.05000000000000000300, 1.999999999999999600 ) ) ;
#5040 = CARTESIAN_POINT ( 'NONE',  ( -1.015000000000001700, 0.05000000000000000300, -8.003383309620280100E-016 ) ) ;
#5041 = VERTEX_POINT ( 'NONE', #8616 ) ;
#5042 = FACE_OUTER_BOUND ( 'NONE', #243, .T. ) ;
#5043 = CARTESIAN_POINT ( 'NONE',  ( 1.725000000000000800, 0.2030000000000001000, 1.014999999999999500 ) ) ;
#5044 = VECTOR ( 'NONE', #1002, 1000.000000000000000 ) ;
#5045 = ORIENTED_EDGE ( 'NONE', *, *, #6625, .T. ) ;
#5046 = ORIENTED_EDGE ( 'NONE', *, *, #9186, .T. ) ;
#5047 = CARTESIAN_POINT ( 'NONE',  ( -1.725000000000000800, 0.6218078318274388200, -0.4899999999999999900 ) ) ;
#5048 = ORIENTED_EDGE ( 'NONE', *, *, #515, .F. ) ;
#5049 = FILL_AREA_STYLE ('',( #5216 ) ) ;
#5050 = AXIS2_PLACEMENT_3D ( 'NONE', #194, #1142, #1068 ) ;
#5051 = CIRCLE ( 'NONE', #3490, 0.07500000000000019200 ) ;
#5052 = CIRCLE ( 'NONE', #10255, 0.07499999999999998300 ) ;
#5053 = CARTESIAN_POINT ( 'NONE',  ( 1.725000000000000800, 0.0000000000000000000, 1.309999999999999800 ) ) ;
#5054 = ORIENTED_EDGE ( 'NONE', *, *, #3036, .F. ) ;
#5055 = EDGE_CURVE ( 'NONE', #4246, #2107, #5424, .T. ) ;
#5056 = CARTESIAN_POINT ( 'NONE',  ( 0.04000000000000010500, 0.2030000000000000100, 1.650000000000000800 ) ) ;
#5057 = ORIENTED_EDGE ( 'NONE', *, *, #872, .F. ) ;
#5058 = ORIENTED_EDGE ( 'NONE', *, *, #9123, .F. ) ;
#5059 = ADVANCED_FACE ( 'NONE', ( #7959 ), #2957, .T. ) ;
#5060 = CARTESIAN_POINT ( 'NONE',  ( -2.000000000000000900, 0.6218078318274388200, 0.7849999999999999200 ) ) ;
#5061 = DIRECTION ( 'NONE',  ( 0.0000000000000000000, -1.000000000000000000, 0.0000000000000000000 ) ) ;
#5062 = DIRECTION ( 'NONE',  ( -7.885106708985485100E-016, -0.0000000000000000000, 1.000000000000000000 ) ) ;
#5063 = LINE ( 'NONE', #9160, #9883 ) ;
#5064 = CARTESIAN_POINT ( 'NONE',  ( -1.234999999999999700, 0.6218078318274392600, 1.725000000000001200 ) ) ;
#5065 = VECTOR ( 'NONE', #3074, 1000.000000000000000 ) ;
#5066 = CARTESIAN_POINT ( 'NONE',  ( -1.234999999999999700, 0.2030000000000000100, -2.000000000000000400 ) ) ;
#5067 = VERTEX_POINT ( 'NONE', #10570 ) ;
#5068 = EDGE_CURVE ( 'NONE', #10977, #1421, #9032, .T. ) ;
#5069 = ORIENTED_EDGE ( 'NONE', *, *, #12401, .F. ) ;
#5070 = CARTESIAN_POINT ( 'NONE',  ( 1.725000000000000800, 0.05000000000000023900, -0.1150000000000003000 ) ) ;
#5071 = VERTEX_POINT ( 'NONE', #1056 ) ;
#5072 = CARTESIAN_POINT ( 'NONE',  ( 1.999999999999999100, 0.2030000000000000700, -1.015000000000000300 ) ) ;
#5073 = ORIENTED_EDGE ( 'NONE', *, *, #3229, .F. ) ;
#5074 = CARTESIAN_POINT ( 'NONE',  ( -1.725000000000000800, 0.2030000000000001000, 0.5649999999999999500 ) ) ;
#5075 = EDGE_CURVE ( 'NONE', #4046, #7633, #2583, .T. ) ;
#5076 = LINE ( 'NONE', #9402, #8201 ) ;
#5077 = PLANE ( 'NONE',  #6273 ) ;
#5078 = DIRECTION ( 'NONE',  ( 1.577021341797097400E-015, 0.0000000000000000000, -1.000000000000000000 ) ) ;
#5079 = VECTOR ( 'NONE', #3530, 1000.000000000000000 ) ;
#5080 = ORIENTED_EDGE ( 'NONE', *, *, #9361, .F. ) ;
#5081 = DIRECTION ( 'NONE',  ( 0.0000000000000000000, -1.000000000000000000, 0.0000000000000000000 ) ) ;
#5082 = ORIENTED_EDGE ( 'NONE', *, *, #9965, .T. ) ;
#5083 = CARTESIAN_POINT ( 'NONE',  ( 1.725000000000000800, 0.6218078318274387100, -0.8600000000000004300 ) ) ;
#5084 = CARTESIAN_POINT ( 'NONE',  ( -1.465000000000000500, 0.2030000000000000100, -1.805000000000001000 ) ) ;
#5085 = EDGE_LOOP ( 'NONE', ( #4474, #2013, #1330, #5310 ) ) ;
#5086 = EDGE_LOOP ( 'NONE', ( #4878, #8078, #4576, #5803 ) ) ;
#5087 = DIRECTION ( 'NONE',  ( 1.000000000000000000, 0.0000000000000000000, 0.0000000000000000000 ) ) ;
#5088 = ORIENTED_EDGE ( 'NONE', *, *, #4441, .F. ) ;
#5089 = LINE ( 'NONE', #2972, #6 ) ;
#5090 = CARTESIAN_POINT ( 'NONE',  ( -0.7850000000000043600, 0.05000000000000000300, -1.856942629966092100E-015 ) ) ;
#5091 =( GEOMETRIC_REPRESENTATION_CONTEXT ( 3 ) GLOBAL_UNCERTAINTY_ASSIGNED_CONTEXT ( ( #9221 ) ) GLOBAL_UNIT_ASSIGNED_CONTEXT ( ( #11143, #11110, #2577 ) ) REPRESENTATION_CONTEXT ( 'NONE', 'WORKASPACE' ) );
#5092 = FACE_OUTER_BOUND ( 'NONE', #5631, .T. ) ;
#5093 = CARTESIAN_POINT ( 'NONE',  ( -1.310000000000000300, 0.2030000000000000100, -1.725000000000000300 ) ) ;
#5094 = ADVANCED_FACE ( 'NONE', ( #2272 ), #3940, .F. ) ;
#5095 = LINE ( 'NONE', #11816, #5233 ) ;
#5096 = EDGE_CURVE ( 'NONE', #7633, #7386, #355, .T. ) ;
#5097 = DIRECTION ( 'NONE',  ( -0.0000000000000000000, -1.000000000000000000, -0.0000000000000000000 ) ) ;
#5098 = EDGE_CURVE ( 'NONE', #8768, #9404, #4838, .T. ) ;
#5099 = ORIENTED_EDGE ( 'NONE', *, *, #12160, .F. ) ;
#5100 = ORIENTED_EDGE ( 'NONE', *, *, #11674, .F. ) ;
#5101 = ORIENTED_EDGE ( 'NONE', *, *, #8257, .F. ) ;
#5102 = CARTESIAN_POINT ( 'NONE',  ( -1.650000000000000800, 0.0000000000000000000, -0.8599999999999999900 ) ) ;
#5103 = VECTOR ( 'NONE', #2762, 1000.000000000000000 ) ;
#5104 = DIRECTION ( 'NONE',  ( 1.000000000000000000, -0.0000000000000000000, 1.577021341797097400E-015 ) ) ;
#5105 = VECTOR ( 'NONE', #2467, 1000.000000000000000 ) ;
#5106 = ORIENTED_EDGE ( 'NONE', *, *, #8990, .T. ) ;
#5107 = AXIS2_PLACEMENT_3D ( 'NONE', #3238, #5288, #421 ) ;
#5108 = CARTESIAN_POINT ( 'NONE',  ( 0.04000000000000053500, 0.2030000000000000100, 1.725000000000000800 ) ) ;
#5109 = ORIENTED_EDGE ( 'NONE', *, *, #9711, .F. ) ;
#5110 = DIRECTION ( 'NONE',  ( -1.577021341797101900E-015, -0.0000000000000000000, -1.000000000000000000 ) ) ;
#5111 = DIRECTION ( 'NONE',  ( 1.000000000000000000, 0.0000000000000000000, 1.577021341797097400E-015 ) ) ;
#5112 = FACE_OUTER_BOUND ( 'NONE', #1463, .T. ) ;
#5113 = DIRECTION ( 'NONE',  ( 1.000000000000000000, 0.0000000000000000000, 0.0000000000000000000 ) ) ;
#5114 = DIRECTION ( 'NONE',  ( -1.000000000000000000, 0.0000000000000000000, -2.365532012695645400E-015 ) ) ;
#5115 = VECTOR ( 'NONE', #1320, 1000.000000000000000 ) ;
#5116 = EDGE_CURVE ( 'NONE', #944, #11957, #9660, .T. ) ;
#5117 = CARTESIAN_POINT ( 'NONE',  ( -1.725000000000000800, 0.6218078318274388200, -0.03999999999999989000 ) ) ;
#5118 = DIRECTION ( 'NONE',  ( -1.000000000000000000, 0.0000000000000000000, -0.0000000000000000000 ) ) ;
#5119 = DIRECTION ( 'NONE',  ( 1.000000000000000000, -0.0000000000000000000, 1.668003342285390600E-016 ) ) ;
#5120 = ORIENTED_EDGE ( 'NONE', *, *, #2436, .T. ) ;
#5121 = ORIENTED_EDGE ( 'NONE', *, *, #47, .F. ) ;
#5122 = ADVANCED_FACE ( 'NONE', ( #5867 ), #9528, .F. ) ;
#5123 = LINE ( 'NONE', #7144, #46 ) ;
#5124 = DIRECTION ( 'NONE',  ( 1.577021341797102100E-015, 0.0000000000000000000, 1.000000000000000000 ) ) ;
#5125 = AXIS2_PLACEMENT_3D ( 'NONE', #10582, #1931, #7618 ) ;
#5126 = CARTESIAN_POINT ( 'NONE',  ( 1.650000000000000800, 0.0000000000000000000, 0.4899999999999995500 ) ) ;
#5127 = DIRECTION ( 'NONE',  ( 0.0000000000000000000, 0.0000000000000000000, 1.000000000000000000 ) ) ;
#5128 = DIRECTION ( 'NONE',  ( -0.0000000000000000000, -1.000000000000000000, -0.0000000000000000000 ) ) ;
#5129 = PLANE ( 'NONE',  #3719 ) ;
#5130 = EDGE_CURVE ( 'NONE', #8357, #5494, #12180, .T. ) ;
#5131 = CARTESIAN_POINT ( 'NONE',  ( 0.7849999999999994800, 0.04999999999999999600, -1.725000000000000300 ) ) ;
#5132 = ORIENTED_EDGE ( 'NONE', *, *, #466, .F. ) ;
#5133 = ORIENTED_EDGE ( 'NONE', *, *, #2819, .F. ) ;
#5134 = UNCERTAINTY_MEASURE_WITH_UNIT (LENGTH_MEASURE( 1.000000000000000100E-005 ), #11774, 'distance_accuracy_value', 'NONE');
#5135 = LINE ( 'NONE', #1089, #1392 ) ;
#5136 = CARTESIAN_POINT ( 'NONE',  ( 1.725000000000000800, 0.0000000000000000000, 1.309999999999999800 ) ) ;
#5137 = CIRCLE ( 'NONE', #9395, 0.07499999999999998300 ) ;
#5138 = DIRECTION ( 'NONE',  ( 1.000000000000000000, -0.0000000000000000000, 1.577021341797097000E-015 ) ) ;
#5139 = EDGE_CURVE ( 'NONE', #10772, #5422, #5135, .T. ) ;
#5140 = AXIS2_PLACEMENT_3D ( 'NONE', #8519, #2785, #7635 ) ;
#5141 = ORIENTED_EDGE ( 'NONE', *, *, #2366, .F. ) ;
#5142 = ORIENTED_EDGE ( 'NONE', *, *, #10418, .T. ) ;
#5143 = LINE ( 'NONE', #6315, #2139 ) ;
#5144 = DIRECTION ( 'NONE',  ( 7.228014483236697500E-016, 0.0000000000000000000, 1.000000000000000000 ) ) ;
#5145 = CARTESIAN_POINT ( 'NONE',  ( -0.04000000000000010500, 0.04999999999999999600, -1.725000000000000300 ) ) ;
#5146 = EDGE_CURVE ( 'NONE', #2942, #4320, #1967, .T. ) ;
#5147 = LINE ( 'NONE', #3634, #7381 ) ;
#5148 = DIRECTION ( 'NONE',  ( 0.0000000000000000000, 0.0000000000000000000, -1.000000000000000000 ) ) ;
#5149 = VECTOR ( 'NONE', #3659, 1000.000000000000000 ) ;
#5150 = CARTESIAN_POINT ( 'NONE',  ( -1.650000000000000800, 0.2030000000000000100, -1.310000000000000500 ) ) ;
#5151 = CARTESIAN_POINT ( 'NONE',  ( 1.725000000000000800, 0.6218078318274388200, 0.3349999999999995800 ) ) ;
#5152 = ADVANCED_FACE ( 'NONE', ( #7358 ), #10251, .F. ) ;
#5153 = PLANE ( 'NONE',  #406 ) ;
#5154 = CARTESIAN_POINT ( 'NONE',  ( 0.5650000000000003900, 0.0000000000000000000, -2.000000000000000400 ) ) ;
#5155 = ORIENTED_EDGE ( 'NONE', *, *, #10002, .T. ) ;
#5156 = ORIENTED_EDGE ( 'NONE', *, *, #6765, .F. ) ;
#5157 = DIRECTION ( 'NONE',  ( 0.0000000000000000000, -0.0000000000000000000, 1.000000000000000000 ) ) ;
#5158 = CARTESIAN_POINT ( 'NONE',  ( 1.650000000000000800, 0.05000000000000002400, -0.9400000000000003900 ) ) ;
#5159 = FACE_OUTER_BOUND ( 'NONE', #9670, .T. ) ;
#5160 = DIRECTION ( 'NONE',  ( 0.0000000000000000000, -1.000000000000000000, 0.0000000000000000000 ) ) ;
#5161 = VERTEX_POINT ( 'NONE', #7933 ) ;
#5162 = CARTESIAN_POINT ( 'NONE',  ( -0.3349999999999995800, 0.2030000000000000100, 1.725000000000001200 ) ) ;
#5163 = DIRECTION ( 'NONE',  ( -0.0000000000000000000, -1.000000000000000000, -0.0000000000000000000 ) ) ;
#5164 = EDGE_CURVE ( 'NONE', #3879, #2309, #1677, .T. ) ;
#5165 = ORIENTED_EDGE ( 'NONE', *, *, #1978, .T. ) ;
#5166 = EDGE_CURVE ( 'NONE', #2812, #6518, #3632, .T. ) ;
#5167 = ORIENTED_EDGE ( 'NONE', *, *, #1808, .T. ) ;
#5168 = VERTEX_POINT ( 'NONE', #9908 ) ;
#5169 = EDGE_LOOP ( 'NONE', ( #6101, #8608, #2579, #9432 ) ) ;
#5170 = CARTESIAN_POINT ( 'NONE',  ( -1.464999999999999600, 0.6218078318274392600, 2.000000000000000400 ) ) ;
#5171 = FACE_OUTER_BOUND ( 'NONE', #11102, .T. ) ;
#5172 = DIRECTION ( 'NONE',  ( 0.0000000000000000000, 0.0000000000000000000, -1.000000000000000000 ) ) ;
#5173 = ORIENTED_EDGE ( 'NONE', *, *, #5865, .T. ) ;
#5174 = CARTESIAN_POINT ( 'NONE',  ( 1.015000000000000800, 0.0000000000000000000, 2.000000000000000400 ) ) ;
#5175 = FACE_OUTER_BOUND ( 'NONE', #2836, .T. ) ;
#5176 = ORIENTED_EDGE ( 'NONE', *, *, #12278, .F. ) ;
#5177 = VECTOR ( 'NONE', #1533, 1000.000000000000000 ) ;
#5178 = DIRECTION ( 'NONE',  ( 0.0000000000000000000, 0.0000000000000000000, -1.000000000000000000 ) ) ;
#5179 = AXIS2_PLACEMENT_3D ( 'NONE', #5191, #3211, #7102 ) ;
#5180 = EDGE_LOOP ( 'NONE', ( #12000, #5215, #6448, #3559 ) ) ;
#5181 = ADVANCED_FACE ( 'NONE', ( #8712 ), #8912, .F. ) ;
#5182 = EDGE_CURVE ( 'NONE', #6792, #7304, #6469, .T. ) ;
#5183 = CIRCLE ( 'NONE', #10899, 0.07499999999999998300 ) ;
#5184 = CARTESIAN_POINT ( 'NONE',  ( 1.014999999999995500, 0.05000000000000000300, 2.401014992886069500E-015 ) ) ;
#5185 = ORIENTED_EDGE ( 'NONE', *, *, #6429, .F. ) ;
#5186 = LINE ( 'NONE', #10010, #2021 ) ;
#5187 = FACE_OUTER_BOUND ( 'NONE', #7999, .T. ) ;
#5188 = EDGE_LOOP ( 'NONE', ( #6131, #11748, #3503, #123 ) ) ;
#5189 = DIRECTION ( 'NONE',  ( 1.000000000000000000, 0.0000000000000000000, 0.0000000000000000000 ) ) ;
#5190 = ORIENTED_EDGE ( 'NONE', *, *, #8518, .F. ) ;
#5191 = CARTESIAN_POINT ( 'NONE',  ( 1.725000000000000800, 0.0000000000000000000, -0.4900000000000004400 ) ) ;
#5192 = CARTESIAN_POINT ( 'NONE',  ( 1.310000000000000500, 0.0000000000000000000, -1.650000000000000800 ) ) ;
#5193 = LINE ( 'NONE', #7728, #575 ) ;
#5194 = PLANE ( 'NONE',  #7547 ) ;
#5195 = LINE ( 'NONE', #2097, #1902 ) ;
#5196 = DIRECTION ( 'NONE',  ( -0.0000000000000000000, -1.000000000000000000, -0.0000000000000000000 ) ) ;
#5197 = ORIENTED_EDGE ( 'NONE', *, *, #10, .T. ) ;
#5198 = CARTESIAN_POINT ( 'NONE',  ( -0.03999999999999967500, 0.2030000000000000100, 1.725000000000000800 ) ) ;
#5199 = ORIENTED_EDGE ( 'NONE', *, *, #2837, .T. ) ;
#5200 = VERTEX_POINT ( 'NONE', #2110 ) ;
#5201 = VERTEX_POINT ( 'NONE', #4070 ) ;
#5202 = DIRECTION ( 'NONE',  ( 0.0000000000000000000, -0.0000000000000000000, -1.000000000000000000 ) ) ;
#5203 = EDGE_CURVE ( 'NONE', #7032, #734, #5416, .T. ) ;
#5204 = DIRECTION ( 'NONE',  ( 0.0000000000000000000, 0.0000000000000000000, -1.000000000000000000 ) ) ;
#5205 = FACE_OUTER_BOUND ( 'NONE', #3380, .T. ) ;
#5206 = DIRECTION ( 'NONE',  ( 1.000000000000000000, -0.0000000000000000000, -0.0000000000000000000 ) ) ;
#5207 = CIRCLE ( 'NONE', #7444, 0.07499999999999998300 ) ;
#5208 = DIRECTION ( 'NONE',  ( -1.000000000000000000, 0.0000000000000000000, -1.577021341797097400E-015 ) ) ;
#5209 = VECTOR ( 'NONE', #12387, 1000.000000000000000 ) ;
#5210 = VERTEX_POINT ( 'NONE', #3128 ) ;
#5211 = ORIENTED_EDGE ( 'NONE', *, *, #4372, .F. ) ;
#5212 = CARTESIAN_POINT ( 'NONE',  ( 0.5650000000000003900, 0.0000000000000000000, 1.725000000000001200 ) ) ;
#5213 = ORIENTED_EDGE ( 'NONE', *, *, #11340, .F. ) ;
#5214 = ADVANCED_FACE ( 'NONE', ( #4230 ), #9821, .F. ) ;
#5215 = ORIENTED_EDGE ( 'NONE', *, *, #9834, .F. ) ;
#5216 = FILL_AREA_STYLE_COLOUR ( '', #5031 ) ;
#5217 = ORIENTED_EDGE ( 'NONE', *, *, #8859, .T. ) ;
#5218 = LINE ( 'NONE', #37, #1333 ) ;
#5219 = CARTESIAN_POINT ( 'NONE',  ( -0.1150000000000003000, 0.2030000000000000100, -1.725000000000000300 ) ) ;
#5220 = FACE_OUTER_BOUND ( 'NONE', #147, .T. ) ;
#5221 = EDGE_CURVE ( 'NONE', #6294, #9404, #11569, .T. ) ;
#5222 = SURFACE_SIDE_STYLE ('',( #2750 ) ) ;
#5223 = VECTOR ( 'NONE', #9001, 1000.000000000000000 ) ;
#5224 = EDGE_LOOP ( 'NONE', ( #10668, #7924, #7765, #7653 ) ) ;
#5225 = VERTEX_POINT ( 'NONE', #10695 ) ;
#5226 = CARTESIAN_POINT ( 'NONE',  ( -1.465000000000000300, 0.0000000000000000000, -1.725000000000000300 ) ) ;
#5227 = ORIENTED_EDGE ( 'NONE', *, *, #12162, .T. ) ;
#5228 = EDGE_LOOP ( 'NONE', ( #4647, #9764, #10323, #4050 ) ) ;
#5229 = DIRECTION ( 'NONE',  ( -0.0000000000000000000, -1.000000000000000000, -0.0000000000000000000 ) ) ;
#5230 = DIRECTION ( 'NONE',  ( 0.0000000000000000000, -1.000000000000000000, 0.0000000000000000000 ) ) ;
#5231 = VECTOR ( 'NONE', #11131, 1000.000000000000000 ) ;
#5232 = CARTESIAN_POINT ( 'NONE',  ( 0.0000000000000000000, 0.05000000000000000300, 1.650000000000000800 ) ) ;
#5233 = VECTOR ( 'NONE', #2253, 1000.000000000000000 ) ;
#5234 = AXIS2_PLACEMENT_3D ( 'NONE', #2681, #12186, #2639 ) ;
#5235 = DIRECTION ( 'NONE',  ( 0.0000000000000000000, 1.000000000000000000, -0.0000000000000000000 ) ) ;
#5236 = ORIENTED_EDGE ( 'NONE', *, *, #6810, .T. ) ;
#5237 = ORIENTED_EDGE ( 'NONE', *, *, #7936, .F. ) ;
#5238 = ORIENTED_EDGE ( 'NONE', *, *, #1538, .F. ) ;
#5239 = EDGE_CURVE ( 'NONE', #9080, #12086, #11140, .T. ) ;
#5240 = DIRECTION ( 'NONE',  ( -0.0000000000000000000, 0.0000000000000000000, -1.000000000000000000 ) ) ;
#5241 = DIRECTION ( 'NONE',  ( 0.0000000000000000000, 0.0000000000000000000, -1.000000000000000000 ) ) ;
#5242 = DIRECTION ( 'NONE',  ( 0.0000000000000000000, 0.0000000000000000000, 1.000000000000000000 ) ) ;
#5243 = CARTESIAN_POINT ( 'NONE',  ( 0.5650000000000008300, 0.6218078318274392600, 2.000000000000000400 ) ) ;
#5244 = VECTOR ( 'NONE', #184, 1000.000000000000000 ) ;
#5245 = ADVANCED_FACE ( 'NONE', ( #8405 ), #309, .T. ) ;
#5246 = CIRCLE ( 'NONE', #5628, 0.07499999999999998300 ) ;
#5247 = CARTESIAN_POINT ( 'NONE',  ( 1.310000000000000500, 0.05000000000000000300, -1.650000000000000800 ) ) ;
#5248 = DIRECTION ( 'NONE',  ( 0.0000000000000000000, -1.000000000000000000, 0.0000000000000000000 ) ) ;
#5249 = ORIENTED_EDGE ( 'NONE', *, *, #9425, .F. ) ;
#5250 = DIRECTION ( 'NONE',  ( 0.0000000000000000000, -1.000000000000000000, 0.0000000000000000000 ) ) ;
#5251 = ORIENTED_EDGE ( 'NONE', *, *, #8281, .T. ) ;
#5252 = AXIS2_PLACEMENT_3D ( 'NONE', #4252, #1325, #9068 ) ;
#5253 = LINE ( 'NONE', #2565, #11557 ) ;
#5254 = EDGE_CURVE ( 'NONE', #5800, #4635, #9947, .T. ) ;
#5255 = CARTESIAN_POINT ( 'NONE',  ( -1.014999999999999900, 0.2030000000000000100, 1.725000000000001200 ) ) ;
#5256 = VERTEX_POINT ( 'NONE', #9790 ) ;
#5257 = CARTESIAN_POINT ( 'NONE',  ( -1.310000000000000300, 0.2030000000000000100, -1.725000000000000300 ) ) ;
#5258 = CARTESIAN_POINT ( 'NONE',  ( -2.000000000000000900, 0.05000000000000000300, 2.000000000000000400 ) ) ;
#5259 = CIRCLE ( 'NONE', #1738, 0.07499999999999998300 ) ;
#5260 = CIRCLE ( 'NONE', #7466, 0.07499999999999998300 ) ;
#5261 = AXIS2_PLACEMENT_3D ( 'NONE', #6470, #7341, #2573 ) ;
#5262 =( LENGTH_UNIT ( ) NAMED_UNIT ( * ) SI_UNIT ( .MILLI., .METRE. ) );
#5263 = AXIS2_PLACEMENT_3D ( 'NONE', #10802, #5864, #7820 ) ;
#5264 = CARTESIAN_POINT ( 'NONE',  ( -0.4099999999999999800, 0.2030000000000000100, 1.650000000000000800 ) ) ;
#5265 = FILL_AREA_STYLE ('',( #8017 ) ) ;
#5266 = PLANE ( 'NONE',  #12113 ) ;
#5267 = ORIENTED_EDGE ( 'NONE', *, *, #2031, .F. ) ;
#5268 = EDGE_CURVE ( 'NONE', #8940, #3998, #4828, .T. ) ;
#5269 = LINE ( 'NONE', #1259, #8563 ) ;
#5270 = DIRECTION ( 'NONE',  ( -0.0000000000000000000, -1.000000000000000000, 0.0000000000000000000 ) ) ;
#5271 = VECTOR ( 'NONE', #10615, 1000.000000000000000 ) ;
#5272 = CARTESIAN_POINT ( 'NONE',  ( -0.8600000000000002100, 0.2030000000000000100, -1.650000000000000100 ) ) ;
#5273 = DIRECTION ( 'NONE',  ( -1.000000000000000000, 0.0000000000000000000, 0.0000000000000000000 ) ) ;
#5274 = DIRECTION ( 'NONE',  ( -2.365532012695645800E-015, 0.0000000000000000000, 1.000000000000000000 ) ) ;
#5275 = CARTESIAN_POINT ( 'NONE',  ( -0.8599999999999999900, 0.6218078318274390400, 1.650000000000000800 ) ) ;
#5276 = DIRECTION ( 'NONE',  ( 0.0000000000000000000, -1.000000000000000000, 0.0000000000000000000 ) ) ;
#5277 = VERTEX_POINT ( 'NONE', #468 ) ;
#5278 = VERTEX_POINT ( 'NONE', #7182 ) ;
#5279 = ADVANCED_FACE ( 'NONE', ( #9193 ), #10548, .F. ) ;
#5280 = AXIS2_PLACEMENT_3D ( 'NONE', #6158, #10965, #7990 ) ;
#5281 = MANIFOLD_SOLID_BREP ( 'Cut-Extrude5[7]', #8795 ) ;
#5282 = VECTOR ( 'NONE', #11385, 1000.000000000000000 ) ;
#5283 = VECTOR ( 'NONE', #7777, 1000.000000000000000 ) ;
#5284 = DIRECTION ( 'NONE',  ( -1.000000000000000000, 0.0000000000000000000, 5.782411586589359600E-016 ) ) ;
#5285 = EDGE_CURVE ( 'NONE', #4102, #1595, #8254, .T. ) ;
#5286 = EDGE_LOOP ( 'NONE', ( #5555, #3948, #4600, #9235, #5932, #9793 ) ) ;
#5287 = EDGE_LOOP ( 'NONE', ( #7395, #3781, #16, #1943 ) ) ;
#5288 = DIRECTION ( 'NONE',  ( 1.000000000000000000, -0.0000000000000000000, 7.885106708985486100E-016 ) ) ;
#5289 = DIRECTION ( 'NONE',  ( 0.0000000000000000000, -1.000000000000000000, 0.0000000000000000000 ) ) ;
#5290 = EDGE_CURVE ( 'NONE', #10833, #10016, #7057, .T. ) ;
#5291 = FACE_OUTER_BOUND ( 'NONE', #7989, .T. ) ;
#5292 = ADVANCED_FACE ( 'NONE', ( #8094 ), #430, .T. ) ;
#5293 = DIRECTION ( 'NONE',  ( -0.7071067811865474600, 0.0000000000000000000, -0.7071067811865474600 ) ) ;
#5294 = AXIS2_PLACEMENT_3D ( 'NONE', #7607, #8664, #8540 ) ;
#5295 = ORIENTED_EDGE ( 'NONE', *, *, #9691, .T. ) ;
#5296 = SURFACE_STYLE_USAGE ( .BOTH. , #6143 ) ;
#5297 = EDGE_CURVE ( 'NONE', #6720, #10026, #5566, .T. ) ;
#5298 = ORIENTED_EDGE ( 'NONE', *, *, #5919, .F. ) ;
#5299 = DIRECTION ( 'NONE',  ( 0.0000000000000000000, 1.000000000000000000, 0.0000000000000000000 ) ) ;
#5300 = LINE ( 'NONE', #3657, #1722 ) ;
#5301 = DIRECTION ( 'NONE',  ( -0.0000000000000000000, -1.000000000000000000, -0.0000000000000000000 ) ) ;
#5302 = DIRECTION ( 'NONE',  ( -7.885106708985485100E-016, -0.0000000000000000000, 1.000000000000000000 ) ) ;
#5303 = ORIENTED_EDGE ( 'NONE', *, *, #8435, .T. ) ;
#5304 = DIRECTION ( 'NONE',  ( -0.7071067811865474600, 0.0000000000000000000, 0.7071067811865474600 ) ) ;
#5305 = VECTOR ( 'NONE', #7973, 1000.000000000000000 ) ;
#5306 = DIRECTION ( 'NONE',  ( -0.0000000000000000000, -1.000000000000000000, -0.0000000000000000000 ) ) ;
#5307 = EDGE_LOOP ( 'NONE', ( #5382, #5267, #10589, #6868 ) ) ;
#5308 = CARTESIAN_POINT ( 'NONE',  ( -2.000000000000000900, 0.6218078318274388200, 1.014999999999999900 ) ) ;
#5310 = ORIENTED_EDGE ( 'NONE', *, *, #10701, .F. ) ;
#5309 = DIRECTION ( 'NONE',  ( 1.000000000000000000, -0.0000000000000000000, 0.0000000000000000000 ) ) ;
#5311 = CARTESIAN_POINT ( 'NONE',  ( -1.725000000000000800, 0.2030000000000000100, -0.7850000000000000300 ) ) ;
#5312 = CARTESIAN_POINT ( 'NONE',  ( -2.000000000000000900, 0.2030000000000000100, 0.5649999999999999500 ) ) ;
#5313 = ORIENTED_EDGE ( 'NONE', *, *, #11303, .F. ) ;
#5314 = AXIS2_PLACEMENT_3D ( 'NONE', #503, #6263, #9135 ) ;
#5315 = VERTEX_POINT ( 'NONE', #6220 ) ;
#5316 = LINE ( 'NONE', #5841, #844 ) ;
#5317 = CARTESIAN_POINT ( 'NONE',  ( -0.7850000000000002500, 0.04999999999999999600, -1.725000000000000300 ) ) ;
#5318 = CARTESIAN_POINT ( 'NONE',  ( -1.015000000000000300, 0.2030000000000000100, -1.725000000000000300 ) ) ;
#5319 = VERTEX_POINT ( 'NONE', #3328 ) ;
#5320 = EDGE_CURVE ( 'NONE', #8487, #1599, #7659, .T. ) ;
#5321 = VECTOR ( 'NONE', #6996, 1000.000000000000000 ) ;
#5322 = CARTESIAN_POINT ( 'NONE',  ( -0.3349999999999995800, 0.0000000000000000000, -2.000000000000000400 ) ) ;
#5323 = EDGE_CURVE ( 'NONE', #1707, #9918, #492, .T. ) ;
#5324 = FACE_OUTER_BOUND ( 'NONE', #10357, .T. ) ;
#5325 = PLANE ( 'NONE',  #9049 ) ;
#5326 = ORIENTED_EDGE ( 'NONE', *, *, #10967, .F. ) ;
#5327 = ORIENTED_EDGE ( 'NONE', *, *, #848, .F. ) ;
#5328 = LINE ( 'NONE', #3683, #7429 ) ;
#5329 = ORIENTED_EDGE ( 'NONE', *, *, #2689, .F. ) ;
#5330 = VECTOR ( 'NONE', #12382, 1000.000000000000000 ) ;
#5331 = ORIENTED_EDGE ( 'NONE', *, *, #5865, .F. ) ;
#5332 = VECTOR ( 'NONE', #454, 1000.000000000000000 ) ;
#5333 = CARTESIAN_POINT ( 'NONE',  ( 1.310000000000000500, 0.2030000000000001000, 1.650000000000000800 ) ) ;
#5334 = ORIENTED_EDGE ( 'NONE', *, *, #7595, .T. ) ;
#5335 = VERTEX_POINT ( 'NONE', #1419 ) ;
#5336 = AXIS2_PLACEMENT_3D ( 'NONE', #8920, #4982, #9828 ) ;
#5337 = ORIENTED_EDGE ( 'NONE', *, *, #12209, .F. ) ;
#5338 = CARTESIAN_POINT ( 'NONE',  ( 0.7849999999999994800, 0.2030000000000000700, -2.000000000000000400 ) ) ;
#5339 = CARTESIAN_POINT ( 'NONE',  ( 1.725000000000000800, 0.0000000000000000000, -0.8600000000000004300 ) ) ;
#5340 = EDGE_CURVE ( 'NONE', #7945, #5361, #3786, .T. ) ;
#5341 = ADVANCED_FACE ( 'NONE', ( #8566 ), #7018, .T. ) ;
#5342 = CIRCLE ( 'NONE', #2071, 0.1999999999999998700 ) ;
#5343 = VECTOR ( 'NONE', #3840, 1000.000000000000000 ) ;
#5344 = VERTEX_POINT ( 'NONE', #505 ) ;
#5345 = ORIENTED_EDGE ( 'NONE', *, *, #5610, .T. ) ;
#5346 = DIRECTION ( 'NONE',  ( 0.0000000000000000000, 0.0000000000000000000, -1.000000000000000000 ) ) ;
#5347 = VERTEX_POINT ( 'NONE', #2409 ) ;
#5348 = DIRECTION ( 'NONE',  ( 0.0000000000000000000, 0.0000000000000000000, -1.000000000000000000 ) ) ;
#5349 = FACE_OUTER_BOUND ( 'NONE', #11236, .T. ) ;
#5350 = DIRECTION ( 'NONE',  ( 0.0000000000000000000, -1.000000000000000000, 0.0000000000000000000 ) ) ;
#5351 = CARTESIAN_POINT ( 'NONE',  ( -2.000000000000000900, 0.6218078318274388200, 0.1150000000000000900 ) ) ;
#5352 = PRESENTATION_LAYER_ASSIGNMENT (  '', '', ( #11396 ) ) ;
#5353 = FACE_OUTER_BOUND ( 'NONE', #1781, .T. ) ;
#5354 = DIRECTION ( 'NONE',  ( -0.0000000000000000000, -1.000000000000000000, 0.0000000000000000000 ) ) ;
#5355 = LINE ( 'NONE', #5060, #289 ) ;
#5356 = ORIENTED_EDGE ( 'NONE', *, *, #8752, .T. ) ;
#5357 = DIRECTION ( 'NONE',  ( -1.000000000000000000, 0.0000000000000000000, 0.0000000000000000000 ) ) ;
#5358 = DIRECTION ( 'NONE',  ( 2.365532012695645400E-015, 0.0000000000000000000, -1.000000000000000000 ) ) ;
#5359 = EDGE_CURVE ( 'NONE', #11823, #7150, #5713, .T. ) ;
#5360 = EDGE_LOOP ( 'NONE', ( #1051, #4605, #2359, #11450 ) ) ;
#5361 = VERTEX_POINT ( 'NONE', #3371 ) ;
#5362 = VERTEX_POINT ( 'NONE', #9946 ) ;
#5363 = DIRECTION ( 'NONE',  ( -0.0000000000000000000, -1.000000000000000000, -0.0000000000000000000 ) ) ;
#5364 = CARTESIAN_POINT ( 'NONE',  ( 1.015000000000000300, 0.6218078318274392600, -2.000000000000000400 ) ) ;
#5365 = VECTOR ( 'NONE', #9263, 1000.000000000000100 ) ;
#5366 = CIRCLE ( 'NONE', #8397, 0.07499999999999998300 ) ;
#5367 = DIRECTION ( 'NONE',  ( 0.0000000000000000000, -0.0000000000000000000, -1.000000000000000000 ) ) ;
#5368 = ORIENTED_EDGE ( 'NONE', *, *, #2436, .F. ) ;
#5369 = CARTESIAN_POINT ( 'NONE',  ( 0.1150000000000005200, 0.2030000000000001000, -2.000000000000000400 ) ) ;
#5370 = EDGE_CURVE ( 'NONE', #4151, #5451, #644, .T. ) ;
#5371 = ORIENTED_EDGE ( 'NONE', *, *, #3648, .T. ) ;
#5372 = ORIENTED_EDGE ( 'NONE', *, *, #5963, .T. ) ;
#5373 = ORIENTED_EDGE ( 'NONE', *, *, #1928, .T. ) ;
#5374 = PLANE ( 'NONE',  #72 ) ;
#5375 = EDGE_CURVE ( 'NONE', #6280, #10552, #3476, .T. ) ;
#5376 = DIRECTION ( 'NONE',  ( -1.000000000000000000, 0.0000000000000000000, 0.0000000000000000000 ) ) ;
#5377 = CIRCLE ( 'NONE', #8240, 0.07499999999999998300 ) ;
#5378 = VECTOR ( 'NONE', #1018, 1000.000000000000000 ) ;
#5379 = CARTESIAN_POINT ( 'NONE',  ( -1.650000000000000800, 0.2030000000000000100, -1.310000000000000500 ) ) ;
#5380 = LINE ( 'NONE', #4082, #7763 ) ;
#5381 = DIRECTION ( 'NONE',  ( 0.0000000000000000000, -1.000000000000000000, 0.0000000000000000000 ) ) ;
#5382 = ORIENTED_EDGE ( 'NONE', *, *, #466, .T. ) ;
#5383 = ORIENTED_EDGE ( 'NONE', *, *, #2031, .T. ) ;
#5384 = DIRECTION ( 'NONE',  ( -1.000000000000000000, 0.0000000000000000000, 0.0000000000000000000 ) ) ;
#5385 = ORIENTED_EDGE ( 'NONE', *, *, #8918, .F. ) ;
#5386 = DIRECTION ( 'NONE',  ( 1.000000000000000000, 0.0000000000000000000, 0.0000000000000000000 ) ) ;
#5387 = VECTOR ( 'NONE', #7491, 1000.000000000000000 ) ;
#5388 = DIRECTION ( 'NONE',  ( 0.0000000000000000000, 0.0000000000000000000, -1.000000000000000000 ) ) ;
#5389 = VECTOR ( 'NONE', #1239, 1000.000000000000000 ) ;
#5390 = VERTEX_POINT ( 'NONE', #10152 ) ;
#5391 = EDGE_CURVE ( 'NONE', #10045, #8459, #7954, .T. ) ;
#5392 = EDGE_CURVE ( 'NONE', #111, #9714, #3165, .T. ) ;
#5393 = CARTESIAN_POINT ( 'NONE',  ( 0.5650000000000008300, 0.6218078318274392600, 2.000000000000000400 ) ) ;
#5394 =( LENGTH_UNIT ( ) NAMED_UNIT ( * ) SI_UNIT ( .MILLI., .METRE. ) );
#5395 = PLANE ( 'NONE',  #4577 ) ;
#5396 = ORIENTED_EDGE ( 'NONE', *, *, #2144, .F. ) ;
#5397 = PLANE ( 'NONE',  #9513 ) ;
#5398 = VECTOR ( 'NONE', #4154, 1000.000000000000100 ) ;
#5399 = CARTESIAN_POINT ( 'NONE',  ( -1.310000000000000300, 0.2030000000000000100, -1.725000000000000300 ) ) ;
#5400 = DIRECTION ( 'NONE',  ( 0.0000000000000000000, -0.0000000000000000000, 1.000000000000000000 ) ) ;
#5401 = FACE_OUTER_BOUND ( 'NONE', #7163, .T. ) ;
#5402 = CARTESIAN_POINT ( 'NONE',  ( -0.7849999999999995900, 0.6218078318274390400, 1.725000000000001200 ) ) ;
#5403 = ADVANCED_FACE ( 'NONE', ( #1236 ), #6390, .T. ) ;
#5404 = VECTOR ( 'NONE', #5381, 1000.000000000000000 ) ;
#5405 = CARTESIAN_POINT ( 'NONE',  ( -1.725000000000000800, 0.2030000000000001000, 1.235000000000000100 ) ) ;
#5406 = DIRECTION ( 'NONE',  ( 0.0000000000000000000, 0.0000000000000000000, -1.000000000000000000 ) ) ;
#5407 = AXIS2_PLACEMENT_3D ( 'NONE', #3308, #9964, #5202 ) ;
#5408 = ORIENTED_EDGE ( 'NONE', *, *, #8698, .T. ) ;
#5409 = CARTESIAN_POINT ( 'NONE',  ( -0.4099999999999999800, 0.2030000000000000100, 1.650000000000000800 ) ) ;
#5410 = ORIENTED_EDGE ( 'NONE', *, *, #11955, .F. ) ;
#5411 = AXIS2_PLACEMENT_3D ( 'NONE', #12412, #2859, #7654 ) ;
#5412 = DIRECTION ( 'NONE',  ( 0.0000000000000000000, -1.000000000000000000, 0.0000000000000000000 ) ) ;
#5413 = ORIENTED_EDGE ( 'NONE', *, *, #1263, .T. ) ;
#5414 = EDGE_CURVE ( 'NONE', #1969, #4128, #3156, .T. ) ;
#5415 = FACE_OUTER_BOUND ( 'NONE', #2797, .T. ) ;
#5416 = LINE ( 'NONE', #6801, #3313 ) ;
#5417 = CARTESIAN_POINT ( 'NONE',  ( 0.1150000000000005200, 0.2030000000000000100, 1.725000000000001200 ) ) ;
#5418 = CARTESIAN_POINT ( 'NONE',  ( 1.650000000000000800, 0.2030000000000000100, -0.8600000000000004300 ) ) ;
#5419 = ADVANCED_FACE ( 'NONE', ( #10829 ), #4384, .F. ) ;
#5420 = VERTEX_POINT ( 'NONE', #1511 ) ;
#5421 = DIRECTION ( 'NONE',  ( 0.0000000000000000000, -1.000000000000000000, 0.0000000000000000000 ) ) ;
#5422 = VERTEX_POINT ( 'NONE', #667 ) ;
#5423 = DIRECTION ( 'NONE',  ( 0.0000000000000000000, 1.000000000000000000, 0.0000000000000000000 ) ) ;
#5424 = LINE ( 'NONE', #3814, #10406 ) ;
#5425 = AXIS2_PLACEMENT_3D ( 'NONE', #11730, #5196, #10004 ) ;
#5426 = CARTESIAN_POINT ( 'NONE',  ( -0.9400000000000001700, 0.2030000000000000100, -1.650000000000000100 ) ) ;
#5427 = EDGE_CURVE ( 'NONE', #6714, #3660, #1668, .T. ) ;
#5428 = DIRECTION ( 'NONE',  ( -0.0000000000000000000, -1.000000000000000000, -0.0000000000000000000 ) ) ;
#5429 = VERTEX_POINT ( 'NONE', #11068 ) ;
#5430 = ADVANCED_FACE ( 'NONE', ( #10395 ), #2500, .F. ) ;
#5431 = ORIENTED_EDGE ( 'NONE', *, *, #11445, .T. ) ;
#5432 = DIRECTION ( 'NONE',  ( 0.0000000000000000000, -1.000000000000000000, 0.0000000000000000000 ) ) ;
#5433 = DIRECTION ( 'NONE',  ( -0.0000000000000000000, -1.000000000000000000, 0.0000000000000000000 ) ) ;
#5434 = VECTOR ( 'NONE', #891, 1000.000000000000000 ) ;
#5435 = CARTESIAN_POINT ( 'NONE',  ( 1.014999999999999700, 0.6218078318274392600, -1.725000000000000300 ) ) ;
#5436 = VECTOR ( 'NONE', #1414, 1000.000000000000000 ) ;
#5437 = PLANE ( 'NONE',  #8472 ) ;
#5438 = DIRECTION ( 'NONE',  ( 0.0000000000000000000, -1.000000000000000000, 0.0000000000000000000 ) ) ;
#5439 = FACE_OUTER_BOUND ( 'NONE', #12043, .T. ) ;
#5440 = CARTESIAN_POINT ( 'NONE',  ( -1.725000000000000800, 0.2030000000000001000, -0.1149999999999998700 ) ) ;
#5441 = DIRECTION ( 'NONE',  ( 0.0000000000000000000, 0.0000000000000000000, -1.000000000000000000 ) ) ;
#5442 = AXIS2_PLACEMENT_3D ( 'NONE', #11228, #2627, #3466 ) ;
#5443 = AXIS2_PLACEMENT_3D ( 'NONE', #8403, #2676, #8228 ) ;
#5444 = CARTESIAN_POINT ( 'NONE',  ( -1.725000000000000800, 0.05000000000000002400, 0.9399999999999998400 ) ) ;
#5445 = ORIENTED_EDGE ( 'NONE', *, *, #12215, .F. ) ;
#5446 = VERTEX_POINT ( 'NONE', #2544 ) ;
#5447 = LINE ( 'NONE', #2461, #1413 ) ;
#5448 = EDGE_CURVE ( 'NONE', #10380, #6372, #4081, .T. ) ;
#5449 = DIRECTION ( 'NONE',  ( -1.000000000000000000, 0.0000000000000000000, -0.0000000000000000000 ) ) ;
#5450 = LINE ( 'NONE', #1020, #12210 ) ;
#5451 = VERTEX_POINT ( 'NONE', #2625 ) ;
#5452 = VERTEX_POINT ( 'NONE', #3552 ) ;
#5453 = ORIENTED_EDGE ( 'NONE', *, *, #8892, .T. ) ;
#5454 = VERTEX_POINT ( 'NONE', #11226 ) ;
#5455 = DIRECTION ( 'NONE',  ( -1.000000000000000000, 0.0000000000000000000, 1.577021341797102100E-015 ) ) ;
#5456 = VERTEX_POINT ( 'NONE', #12176 ) ;
#5457 = FACE_OUTER_BOUND ( 'NONE', #4334, .T. ) ;
#5458 = CARTESIAN_POINT ( 'NONE',  ( -2.000000000000000900, 0.2030000000000000700, 0.1150000000000000900 ) ) ;
#5459 = AXIS2_PLACEMENT_3D ( 'NONE', #1879, #2036, #5972 ) ;
#5460 = VERTEX_POINT ( 'NONE', #5462 ) ;
#5461 = LINE ( 'NONE', #8196, #6660 ) ;
#5462 = CARTESIAN_POINT ( 'NONE',  ( 0.8600000000000001000, 0.04999999999999999600, 1.650000000000000800 ) ) ;
#5463 = CARTESIAN_POINT ( 'NONE',  ( 0.9399999999999998400, 0.2030000000000000100, 1.650000000000000800 ) ) ;
#5464 = EDGE_CURVE ( 'NONE', #9317, #11324, #2410, .T. ) ;
#5465 = ORIENTED_EDGE ( 'NONE', *, *, #9312, .T. ) ;
#5466 = FACE_OUTER_BOUND ( 'NONE', #2534, .T. ) ;
#5467 = PLANE ( 'NONE',  #9375 ) ;
#5468 = APPLICATION_CONTEXT ( 'automotive_design' ) ;
#5469 = EDGE_LOOP ( 'NONE', ( #9433, #7476, #9692, #5217 ) ) ;
#5470 = DIRECTION ( 'NONE',  ( 0.0000000000000000000, -1.000000000000000000, 0.0000000000000000000 ) ) ;
#5471 = VERTEX_POINT ( 'NONE', #10320 ) ;
#5472 = VECTOR ( 'NONE', #6070, 1000.000000000000000 ) ;
#5473 = EDGE_LOOP ( 'NONE', ( #12150, #10705, #2064, #9567, #1032, #5850 ) ) ;
#5474 = DIRECTION ( 'NONE',  ( 0.0000000000000000000, 0.0000000000000000000, 1.000000000000000000 ) ) ;
#5475 = VECTOR ( 'NONE', #8865, 1000.000000000000000 ) ;
#5476 = DIRECTION ( 'NONE',  ( -0.0000000000000000000, -1.000000000000000000, 0.0000000000000000000 ) ) ;
#5477 = VERTEX_POINT ( 'NONE', #9183 ) ;
#5478 = PLANE ( 'NONE',  #11249 ) ;
#5479 = ORIENTED_EDGE ( 'NONE', *, *, #4425, .T. ) ;
#5480 = AXIS2_PLACEMENT_3D ( 'NONE', #4722, #9481, #5675 ) ;
#5481 = VERTEX_POINT ( 'NONE', #9217 ) ;
#5482 = CARTESIAN_POINT ( 'NONE',  ( 0.04000000000000053500, 0.2030000000000000100, 1.725000000000000800 ) ) ;
#5483 = VERTEX_POINT ( 'NONE', #3504 ) ;
#5484 = ADVANCED_FACE ( 'NONE', ( #4522 ), #10540, .T. ) ;
#5485 = EDGE_CURVE ( 'NONE', #11531, #8080, #7204, .T. ) ;
#5486 = CARTESIAN_POINT ( 'NONE',  ( 0.9400000000000002800, 0.04999999999999999600, 1.725000000000000800 ) ) ;
#5487 = CARTESIAN_POINT ( 'NONE',  ( 0.9399999999999998400, 0.6218078318274392600, 1.650000000000000800 ) ) ;
#5488 = EDGE_CURVE ( 'NONE', #3203, #8686, #8557, .T. ) ;
#5489 = EDGE_CURVE ( 'NONE', #5022, #8042, #7349, .T. ) ;
#5490 = FACE_OUTER_BOUND ( 'NONE', #7478, .T. ) ;
#5491 = DIRECTION ( 'NONE',  ( -1.577021341797101900E-015, -0.0000000000000000000, -1.000000000000000000 ) ) ;
#5492 = DIRECTION ( 'NONE',  ( 0.0000000000000000000, 0.0000000000000000000, -1.000000000000000000 ) ) ;
#5493 = FACE_OUTER_BOUND ( 'NONE', #7514, .T. ) ;
#5494 = VERTEX_POINT ( 'NONE', #12089 ) ;
#5495 = ORIENTED_EDGE ( 'NONE', *, *, #8208, .T. ) ;
#5496 = DIRECTION ( 'NONE',  ( 0.0000000000000000000, 0.0000000000000000000, 1.000000000000000000 ) ) ;
#5497 = ORIENTED_EDGE ( 'NONE', *, *, #9818, .T. ) ;
#5498 = ADVANCED_FACE ( 'NONE', ( #12017 ), #6435, .T. ) ;
#5499 = FACE_OUTER_BOUND ( 'NONE', #10058, .T. ) ;
#5500 = AXIS2_PLACEMENT_3D ( 'NONE', #629, #2538, #12172 ) ;
#5501 = CARTESIAN_POINT ( 'NONE',  ( 0.1150000000000005200, 0.2030000000000000100, -2.000000000000000400 ) ) ;
#5502 = FACE_OUTER_BOUND ( 'NONE', #11691, .T. ) ;
#5503 = LINE ( 'NONE', #9675, #6249 ) ;
#5504 = CLOSED_SHELL ( 'NONE', ( #9162, #2189, #3062, #964 ) ) ;
#5505 =( GEOMETRIC_REPRESENTATION_CONTEXT ( 3 ) GLOBAL_UNCERTAINTY_ASSIGNED_CONTEXT ( ( #11073 ) ) GLOBAL_UNIT_ASSIGNED_CONTEXT ( ( #2407, #11067, #8 ) ) REPRESENTATION_CONTEXT ( 'NONE', 'WORKASPACE' ) );
#5506 = ORIENTED_EDGE ( 'NONE', *, *, #2100, .F. ) ;
#5507 = ORIENTED_EDGE ( 'NONE', *, *, #10657, .F. ) ;
#5508 = ORIENTED_EDGE ( 'NONE', *, *, #3052, .T. ) ;
#5509 = EDGE_CURVE ( 'NONE', #4465, #5071, #7046, .T. ) ;
#5510 = DIRECTION ( 'NONE',  ( -0.0000000000000000000, -1.000000000000000000, -0.0000000000000000000 ) ) ;
#5511 = CYLINDRICAL_SURFACE ( 'NONE', #2607, 0.1999999999999998700 ) ;
#5512 = LINE ( 'NONE', #12120, #12276 ) ;
#5513 = CARTESIAN_POINT ( 'NONE',  ( -0.8599999999999995400, 0.04999999999999999600, 1.725000000000000800 ) ) ;
#5514 = LINE ( 'NONE', #3829, #2363 ) ;
#5515 = DIRECTION ( 'NONE',  ( -1.000000000000000000, 0.0000000000000000000, -1.577021341797097400E-015 ) ) ;
#5516 = ORIENTED_EDGE ( 'NONE', *, *, #2754, .T. ) ;
#5517 = DIRECTION ( 'NONE',  ( 1.000000000000000000, 0.0000000000000000000, 0.0000000000000000000 ) ) ;
#5518 = DIRECTION ( 'NONE',  ( 0.0000000000000000000, -1.000000000000000000, 0.0000000000000000000 ) ) ;
#5519 = ORIENTED_EDGE ( 'NONE', *, *, #254, .F. ) ;
#5520 = AXIS2_PLACEMENT_3D ( 'NONE', #2416, #7190, #11079 ) ;
#5521 = ORIENTED_EDGE ( 'NONE', *, *, #6130, .F. ) ;
#5522 = VERTEX_POINT ( 'NONE', #832 ) ;
#5523 = DIRECTION ( 'NONE',  ( -0.0000000000000000000, -1.000000000000000000, -0.0000000000000000000 ) ) ;
#5524 = AXIS2_PLACEMENT_3D ( 'NONE', #5862, #8809, #8684 ) ;
#5525 = CARTESIAN_POINT ( 'NONE',  ( 1.015000000000000300, 0.2030000000000000100, 1.725000000000001200 ) ) ;
#5526 = LINE ( 'NONE', #637, #6267 ) ;
#5527 = CARTESIAN_POINT ( 'NONE',  ( -1.310000000000000500, 0.2030000000000001000, 1.650000000000000800 ) ) ;
#5528 = PLANE ( 'NONE',  #696 ) ;
#5529 = FACE_OUTER_BOUND ( 'NONE', #1152, .T. ) ;
#5530 = EDGE_CURVE ( 'NONE', #6786, #258, #2104, .T. ) ;
#5531 = DIRECTION ( 'NONE',  ( 1.000000000000000000, 0.0000000000000000000, 0.0000000000000000000 ) ) ;
#5532 = CARTESIAN_POINT ( 'NONE',  ( -0.8599999999999999900, 0.04999999999999999600, 1.650000000000000800 ) ) ;
#5533 = ORIENTED_EDGE ( 'NONE', *, *, #9249, .T. ) ;
#5534 = ORIENTED_EDGE ( 'NONE', *, *, #11428, .F. ) ;
#5535 = DIRECTION ( 'NONE',  ( 0.0000000000000000000, 1.000000000000000000, 0.0000000000000000000 ) ) ;
#5536 = VERTEX_POINT ( 'NONE', #12346 ) ;
#5537 = DIRECTION ( 'NONE',  ( -1.000000000000000000, 0.0000000000000000000, 0.0000000000000000000 ) ) ;
#5538 = EDGE_LOOP ( 'NONE', ( #76, #6498, #4023, #2146 ) ) ;
#5539 = DIRECTION ( 'NONE',  ( 0.0000000000000000000, -1.000000000000000000, 0.0000000000000000000 ) ) ;
#5540 = DIRECTION ( 'NONE',  ( -2.168404344971009100E-016, 0.0000000000000000000, -1.000000000000000000 ) ) ;
#5542 = EDGE_CURVE ( 'NONE', #12230, #11767, #11421, .T. ) ;
#5541 = VECTOR ( 'NONE', #11636, 1000.000000000000000 ) ;
#5543 = VECTOR ( 'NONE', #9108, 1000.000000000000000 ) ;
#5544 =( GEOMETRIC_REPRESENTATION_CONTEXT ( 3 ) GLOBAL_UNCERTAINTY_ASSIGNED_CONTEXT ( ( #1384 ) ) GLOBAL_UNIT_ASSIGNED_CONTEXT ( ( #11870, #9024, #7076 ) ) REPRESENTATION_CONTEXT ( 'NONE', 'WORKASPACE' ) );
#5545 = CARTESIAN_POINT ( 'NONE',  ( -1.650000000000000800, 0.0000000000000000000, 0.9399999999999998400 ) ) ;
#5546 = ORIENTED_EDGE ( 'NONE', *, *, #9036, .T. ) ;
#5547 = EDGE_LOOP ( 'NONE', ( #3857, #11252, #7434, #231, #6093, #7027 ) ) ;
#5548 = EDGE_CURVE ( 'NONE', #3682, #6807, #9184, .T. ) ;
#5549 = CARTESIAN_POINT ( 'NONE',  ( -1.235000000000000100, 0.0000000000000000000, -1.725000000000000300 ) ) ;
#5550 = ADVANCED_FACE ( 'NONE', ( #12163 ), #8475, .T. ) ;
#5551 = DIRECTION ( 'NONE',  ( 1.000000000000000000, 0.0000000000000000000, 0.0000000000000000000 ) ) ;
#5552 = LINE ( 'NONE', #4294, #4220 ) ;
#5553 = LINE ( 'NONE', #8601, #9013 ) ;
#5554 = DIRECTION ( 'NONE',  ( 0.0000000000000000000, -1.000000000000000000, 0.0000000000000000000 ) ) ;
#5555 = ORIENTED_EDGE ( 'NONE', *, *, #1928, .F. ) ;
#5556 = CARTESIAN_POINT ( 'NONE',  ( 0.9399999999999996100, 0.2030000000000000100, -1.650000000000000100 ) ) ;
#5557 = AXIS2_PLACEMENT_3D ( 'NONE', #11436, #9569, #4853 ) ;
#5558 = CARTESIAN_POINT ( 'NONE',  ( -1.805000000000000400, 0.04999999999999991300, -1.464999999999999900 ) ) ;
#5559 = DIRECTION ( 'NONE',  ( -1.000000000000000000, 0.0000000000000000000, 0.0000000000000000000 ) ) ;
#5560 = DIRECTION ( 'NONE',  ( 0.0000000000000000000, 1.000000000000000000, 0.0000000000000000000 ) ) ;
#5561 = EDGE_CURVE ( 'NONE', #5536, #9622, #7509, .T. ) ;
#5562 = LINE ( 'NONE', #7199, #4529 ) ;
#5563 = ADVANCED_FACE ( 'NONE', ( #11136 ), #883, .T. ) ;
#5564 = EDGE_CURVE ( 'NONE', #10562, #2492, #11860, .T. ) ;
#5565 = CARTESIAN_POINT ( 'NONE',  ( -1.650000000000000800, 0.6218078318274388200, 0.04000000000000010500 ) ) ;
#5566 = LINE ( 'NONE', #8959, #3007 ) ;
#5567 = CARTESIAN_POINT ( 'NONE',  ( 1.725000000000000800, 0.05000000000000023900, 1.234999999999999900 ) ) ;
#5568 = DIRECTION ( 'NONE',  ( -0.0000000000000000000, -1.000000000000000000, -0.0000000000000000000 ) ) ;
#5569 = CARTESIAN_POINT ( 'NONE',  ( 0.1149999999999998700, 0.2030000000000000100, -1.725000000000000300 ) ) ;
#5570 = CARTESIAN_POINT ( 'NONE',  ( 1.650000000000000800, 0.0000000000000000000, 0.4899999999999995500 ) ) ;
#5571 = DIRECTION ( 'NONE',  ( 0.0000000000000000000, 0.0000000000000000000, -1.000000000000000000 ) ) ;
#5572 = DIRECTION ( 'NONE',  ( -1.000000000000000000, 0.0000000000000000000, 0.0000000000000000000 ) ) ;
#5573 = ORIENTED_EDGE ( 'NONE', *, *, #6910, .T. ) ;
#5574 = LINE ( 'NONE', #3296, #8720 ) ;
#5575 = CARTESIAN_POINT ( 'NONE',  ( -1.725000000000000800, 0.0000000000000000000, -0.03999999999999989000 ) ) ;
#5576 = SURFACE_SIDE_STYLE ('',( #6789 ) ) ;
#5577 = VECTOR ( 'NONE', #11405, 1000.000000000000000 ) ;
#5578 = VECTOR ( 'NONE', #3214, 1000.000000000000000 ) ;
#5579 = AXIS2_PLACEMENT_3D ( 'NONE', #720, #8180, #9188 ) ;
#5580 = CARTESIAN_POINT ( 'NONE',  ( -0.1149999999999996600, 0.0000000000000000000, 1.725000000000001200 ) ) ;
#5581 = EDGE_CURVE ( 'NONE', #1125, #111, #1534, .T. ) ;
#5582 = ORIENTED_EDGE ( 'NONE', *, *, #7817, .T. ) ;
#5583 = EDGE_CURVE ( 'NONE', #10222, #9878, #10099, .T. ) ;
#5584 = ORIENTED_EDGE ( 'NONE', *, *, #5096, .T. ) ;
#5585 = CARTESIAN_POINT ( 'NONE',  ( 1.310000000000000100, 0.04999999999999999600, -1.725000000000000300 ) ) ;
#5586 = VECTOR ( 'NONE', #410, 1000.000000000000000 ) ;
#5587 = VECTOR ( 'NONE', #10704, 1000.000000000000000 ) ;
#5588 = DIRECTION ( 'NONE',  ( 0.0000000000000000000, -1.000000000000000000, 0.0000000000000000000 ) ) ;
#5589 = DIRECTION ( 'NONE',  ( 0.0000000000000000000, -1.000000000000000000, 0.0000000000000000000 ) ) ;
#5590 = ADVANCED_FACE ( 'NONE', ( #11558 ), #1865, .T. ) ;
#5591 = AXIS2_PLACEMENT_3D ( 'NONE', #4251, #9026, #11137 ) ;
#5592 = DIRECTION ( 'NONE',  ( 1.000000000000000000, -0.0000000000000000000, 0.0000000000000000000 ) ) ;
#5593 = ORIENTED_EDGE ( 'NONE', *, *, #2613, .T. ) ;
#5594 = ORIENTED_EDGE ( 'NONE', *, *, #9386, .F. ) ;
#5595 = AXIS2_PLACEMENT_3D ( 'NONE', #9242, #7283, #6461 ) ;
#5596 = LINE ( 'NONE', #9394, #6634 ) ;
#5597 = CARTESIAN_POINT ( 'NONE',  ( -0.03999999999999967500, 0.04999999999999999600, 1.725000000000000800 ) ) ;
#5598 = VECTOR ( 'NONE', #9092, 1000.000000000000000 ) ;
#5599 = EDGE_CURVE ( 'NONE', #792, #10181, #6001, .T. ) ;
#5600 = CARTESIAN_POINT ( 'NONE',  ( -0.5650000000000018300, 0.05000000000000000300, -4.455085290576813800E-016 ) ) ;
#5601 = CARTESIAN_POINT ( 'NONE',  ( 0.3349999999999995800, 0.2030000000000000100, -1.725000000000000300 ) ) ;
#5603 = ORIENTED_EDGE ( 'NONE', *, *, #10746, .T. ) ;
#5602 = DIRECTION ( 'NONE',  ( 0.0000000000000000000, 1.000000000000000000, 0.0000000000000000000 ) ) ;
#5604 = CARTESIAN_POINT ( 'NONE',  ( -1.310000000000000300, 0.2030000000000000100, -1.650000000000000400 ) ) ;
#5605 = VERTEX_POINT ( 'NONE', #4719 ) ;
#5606 = VECTOR ( 'NONE', #6645, 1000.000000000000000 ) ;
#5607 = DIRECTION ( 'NONE',  ( 0.0000000000000000000, -0.0000000000000000000, 1.000000000000000000 ) ) ;
#5608 = ADVANCED_FACE ( 'NONE', ( #4820, #340 ), #759, .F. ) ;
#5609 = ORIENTED_EDGE ( 'NONE', *, *, #6299, .F. ) ;
#5610 = EDGE_CURVE ( 'NONE', #4131, #9718, #9327, .T. ) ;
#5611 = VECTOR ( 'NONE', #10463, 1000.000000000000000 ) ;
#5612 = DIRECTION ( 'NONE',  ( 0.0000000000000000000, 0.0000000000000000000, -1.000000000000000000 ) ) ;
#5613 = ORIENTED_EDGE ( 'NONE', *, *, #4099, .F. ) ;
#5614 = ORIENTED_EDGE ( 'NONE', *, *, #4852, .T. ) ;
#5615 = EDGE_CURVE ( 'NONE', #3392, #12140, #6309, .T. ) ;
#5616 = ORIENTED_EDGE ( 'NONE', *, *, #3744, .F. ) ;
#5617 = DIRECTION ( 'NONE',  ( -0.0000000000000000000, -1.000000000000000000, -0.0000000000000000000 ) ) ;
#5618 = ORIENTED_EDGE ( 'NONE', *, *, #10316, .F. ) ;
#5619 = LINE ( 'NONE', #2273, #8771 ) ;
#5620 = ORIENTED_EDGE ( 'NONE', *, *, #7191, .F. ) ;
#5621 = LINE ( 'NONE', #4835, #3065 ) ;
#5622 = ADVANCED_FACE ( 'NONE', ( #3772 ), #11577, .F. ) ;
#5623 = FACE_OUTER_BOUND ( 'NONE', #6133, .T. ) ;
#5624 = DIRECTION ( 'NONE',  ( -0.0000000000000000000, -1.000000000000000000, -0.0000000000000000000 ) ) ;
#5625 = DIRECTION ( 'NONE',  ( 2.365532012695645400E-015, 0.0000000000000000000, -1.000000000000000000 ) ) ;
#5626 = VERTEX_POINT ( 'NONE', #1077 ) ;
#5627 = PLANE ( 'NONE',  #6602 ) ;
#5628 = AXIS2_PLACEMENT_3D ( 'NONE', #3091, #11900, #3218 ) ;
#5629 = DIRECTION ( 'NONE',  ( -0.0000000000000000000, -1.000000000000000000, -0.0000000000000000000 ) ) ;
#5630 = CYLINDRICAL_SURFACE ( 'NONE', #2047, 0.07499999999999987200 ) ;
#5631 = EDGE_LOOP ( 'NONE', ( #10193, #1360, #2675, #5133 ) ) ;
#5632 = EDGE_CURVE ( 'NONE', #108, #9877, #9798, .T. ) ;
#5633 = CARTESIAN_POINT ( 'NONE',  ( -0.9500000000000002900, 3.879955262170047700, -1.299999999999999200 ) ) ;
#5634 = VECTOR ( 'NONE', #6335, 1000.000000000000000 ) ;
#5635 = EDGE_CURVE ( 'NONE', #8686, #10822, #5260, .T. ) ;
#5636 = LINE ( 'NONE', #2304, #5332 ) ;
#5637 = ORIENTED_EDGE ( 'NONE', *, *, #619, .T. ) ;
#5638 = EDGE_LOOP ( 'NONE', ( #5298, #4150, #5815, #9094 ) ) ;
#5639 = DIRECTION ( 'NONE',  ( 7.885106708985485100E-016, 0.0000000000000000000, -1.000000000000000000 ) ) ;
#5640 = VERTEX_POINT ( 'NONE', #12433 ) ;
#5641 = CARTESIAN_POINT ( 'NONE',  ( -1.725000000000000800, 0.2030000000000000100, 0.5649999999999999500 ) ) ;
#5642 = FACE_OUTER_BOUND ( 'NONE', #1411, .T. ) ;
#5643 = CARTESIAN_POINT ( 'NONE',  ( -1.014999999999999900, 0.6218078318274390400, 1.725000000000001200 ) ) ;
#5644 = VECTOR ( 'NONE', #10606, 1000.000000000000000 ) ;
#5645 = CARTESIAN_POINT ( 'NONE',  ( 1.725000000000000800, 0.2030000000000000100, 1.464999999999999600 ) ) ;
#5646 = VECTOR ( 'NONE', #6080, 1000.000000000000000 ) ;
#5647 = CLOSED_SHELL ( 'NONE', ( #10021, #10554, #8417, #3100, #7929, #1291, #5806, #84 ) ) ;
#5648 = EDGE_LOOP ( 'NONE', ( #5054, #2001, #1816, #5507 ) ) ;
#5649 = DIRECTION ( 'NONE',  ( -0.0000000000000000000, -1.000000000000000000, -0.0000000000000000000 ) ) ;
#5650 = ORIENTED_EDGE ( 'NONE', *, *, #4998, .T. ) ;
#5651 = DIRECTION ( 'NONE',  ( -1.000000000000000000, 0.0000000000000000000, -1.577021341797097400E-015 ) ) ;
#5652 = EDGE_CURVE ( 'NONE', #11964, #4112, #9489, .T. ) ;
#5653 = ORIENTED_EDGE ( 'NONE', *, *, #7798, .F. ) ;
#5654 = CARTESIAN_POINT ( 'NONE',  ( -0.8600000000000002100, 0.0000000000000000000, -1.725000000000000300 ) ) ;
#5655 = EDGE_CURVE ( 'NONE', #9071, #11094, #6901, .T. ) ;
#5656 = ADVANCED_FACE ( 'NONE', ( #6749 ), #4807, .F. ) ;
#5657 = CARTESIAN_POINT ( 'NONE',  ( -1.650000000000000800, 0.0000000000000000000, 1.310000000000000500 ) ) ;
#5658 = VECTOR ( 'NONE', #8853, 1000.000000000000000 ) ;
#5659 = LINE ( 'NONE', #680, #3248 ) ;
#5660 = ORIENTED_EDGE ( 'NONE', *, *, #7928, .T. ) ;
#5661 = VERTEX_POINT ( 'NONE', #4764 ) ;
#5662 = VERTEX_POINT ( 'NONE', #7754 ) ;
#5663 = ORIENTED_EDGE ( 'NONE', *, *, #6369, .F. ) ;
#5664 = DIRECTION ( 'NONE',  ( 0.0000000000000000000, 0.0000000000000000000, 1.000000000000000000 ) ) ;
#5665 = DIRECTION ( 'NONE',  ( -0.0000000000000000000, -1.000000000000000000, -0.0000000000000000000 ) ) ;
#5666 = DIRECTION ( 'NONE',  ( 0.0000000000000000000, 0.0000000000000000000, -1.000000000000000000 ) ) ;
#5667 = MANIFOLD_SOLID_BREP ( 'LPattern4[8]', #11627 ) ;
#5668 = VECTOR ( 'NONE', #8364, 1000.000000000000000 ) ;
#5669 = VECTOR ( 'NONE', #7033, 1000.000000000000000 ) ;
#5670 = CARTESIAN_POINT ( 'NONE',  ( 1.465000000000000500, 0.0000000000000000000, 1.805000000000001000 ) ) ;
#5671 = DIRECTION ( 'NONE',  ( 0.0000000000000000000, -0.0000000000000000000, 1.000000000000000000 ) ) ;
#5672 = EDGE_CURVE ( 'NONE', #10834, #1916, #3465, .T. ) ;
#5673 = ORIENTED_EDGE ( 'NONE', *, *, #2117, .F. ) ;
#5674 = ORIENTED_EDGE ( 'NONE', *, *, #9203, .F. ) ;
#5675 = DIRECTION ( 'NONE',  ( 0.0000000000000000000, 0.0000000000000000000, -1.000000000000000000 ) ) ;
#5676 = EDGE_LOOP ( 'NONE', ( #4432, #9134, #9566, #7178, #4644 ) ) ;
#5677 = ORIENTED_EDGE ( 'NONE', *, *, #5740, .F. ) ;
#5678 = CYLINDRICAL_SURFACE ( 'NONE', #4179, 0.07499999999999998300 ) ;
#5679 = DIRECTION ( 'NONE',  ( 0.0000000000000000000, -0.0000000000000000000, 1.000000000000000000 ) ) ;
#5680 = FACE_OUTER_BOUND ( 'NONE', #747, .T. ) ;
#5681 = CARTESIAN_POINT ( 'NONE',  ( -0.8600000000000002100, 0.0000000000000000000, -1.650000000000000100 ) ) ;
#5682 = LINE ( 'NONE', #1267, #3278 ) ;
#5683 = ADVANCED_FACE ( 'NONE', ( #12006 ), #5748, .T. ) ;
#5684 = ORIENTED_EDGE ( 'NONE', *, *, #1590, .F. ) ;
#5685 = ORIENTED_EDGE ( 'NONE', *, *, #5941, .T. ) ;
#5686 = ORIENTED_EDGE ( 'NONE', *, *, #618, .T. ) ;
#5687 = ORIENTED_EDGE ( 'NONE', *, *, #6153, .F. ) ;
#5688 = DIRECTION ( 'NONE',  ( -2.365532012695645400E-015, 0.0000000000000000000, 1.000000000000000000 ) ) ;
#5689 =( LENGTH_UNIT ( ) NAMED_UNIT ( * ) SI_UNIT ( .MILLI., .METRE. ) );
#5690 = DIRECTION ( 'NONE',  ( -0.0000000000000000000, -0.0000000000000000000, 1.000000000000000000 ) ) ;
#5691 = EDGE_CURVE ( 'NONE', #3115, #7561, #5553, .T. ) ;
#5692 = DIRECTION ( 'NONE',  ( -0.0000000000000000000, 1.000000000000000000, -0.0000000000000000000 ) ) ;
#5693 = VECTOR ( 'NONE', #3110, 1000.000000000000000 ) ;
#5694 = ORIENTED_EDGE ( 'NONE', *, *, #4204, .T. ) ;
#5695 = CARTESIAN_POINT ( 'NONE',  ( -1.389999999999999700, 0.2030000000000000100, 1.725000000000000800 ) ) ;
#5696 = CARTESIAN_POINT ( 'NONE',  ( 1.725000000000000800, 0.2030000000000000100, -0.9400000000000003900 ) ) ;
#5697 = EDGE_CURVE ( 'NONE', #7694, #3115, #7499, .T. ) ;
#5698 = LINE ( 'NONE', #8968, #8553 ) ;
#5699 = STYLED_ITEM ( 'NONE', ( #6162 ), #5281 ) ;
#5700 = CARTESIAN_POINT ( 'NONE',  ( -1.725000000000000800, 0.2030000000000000100, -0.1149999999999998700 ) ) ;
#5701 = FACE_OUTER_BOUND ( 'NONE', #9581, .T. ) ;
#5702 = VECTOR ( 'NONE', #925, 1000.000000000000000 ) ;
#5703 = DIRECTION ( 'NONE',  ( -0.0000000000000000000, 0.0000000000000000000, 1.000000000000000000 ) ) ;
#5704 = CARTESIAN_POINT ( 'NONE',  ( -0.4900000000000002100, 0.2030000000000000100, -1.650000000000000100 ) ) ;
#5705 = EDGE_CURVE ( 'NONE', #4340, #10562, #4069, .T. ) ;
#5706 = ORIENTED_EDGE ( 'NONE', *, *, #874, .F. ) ;
#5707 = CARTESIAN_POINT ( 'NONE',  ( -2.000000000000000900, 0.6218078318274388200, -0.1149999999999998700 ) ) ;
#5708 = ORIENTED_EDGE ( 'NONE', *, *, #5116, .T. ) ;
#5709 = CARTESIAN_POINT ( 'NONE',  ( 1.725000000000000800, 0.6218078318274388200, 0.7849999999999994800 ) ) ;
#5710 = LINE ( 'NONE', #10546, #498 ) ;
#5711 = ADVANCED_FACE ( 'NONE', ( #3455 ), #3926, .F. ) ;
#5712 = DIRECTION ( 'NONE',  ( 0.0000000000000000000, 0.0000000000000000000, -1.000000000000000000 ) ) ;
#5713 = LINE ( 'NONE', #4358, #11431 ) ;
#5714 = AXIS2_PLACEMENT_3D ( 'NONE', #3318, #7290, #9247 ) ;
#5715 = CARTESIAN_POINT ( 'NONE',  ( 2.000000000000000900, 0.0000000000000000000, 0.3350000000000000200 ) ) ;
#5716 = EDGE_CURVE ( 'NONE', #2728, #717, #182, .T. ) ;
#5717 = ORIENTED_EDGE ( 'NONE', *, *, #9665, .T. ) ;
#5718 = EDGE_CURVE ( 'NONE', #7664, #6078, #11267, .T. ) ;
#5719 = VERTEX_POINT ( 'NONE', #10721 ) ;
#5720 = DIRECTION ( 'NONE',  ( -0.0000000000000000000, -1.000000000000000000, -0.0000000000000000000 ) ) ;
#5721 = SURFACE_STYLE_FILL_AREA ( #8812 ) ;
#5722 = CARTESIAN_POINT ( 'NONE',  ( -1.725000000000000800, 0.2030000000000000100, -1.014999999999999900 ) ) ;
#5723 = VECTOR ( 'NONE', #1351, 1000.000000000000000 ) ;
#5724 = CARTESIAN_POINT ( 'NONE',  ( -1.725000000000000800, 0.2030000000000000100, -0.4099999999999999800 ) ) ;
#5725 = CARTESIAN_POINT ( 'NONE',  ( -1.310000000000000500, 0.0000000000000000000, 1.650000000000000800 ) ) ;
#5726 = CARTESIAN_POINT ( 'NONE',  ( 1.650000000000000800, 0.2030000000000001000, 0.03999999999999967500 ) ) ;
#5727 = PLANE ( 'NONE',  #10286 ) ;
#5728 = ORIENTED_EDGE ( 'NONE', *, *, #3473, .F. ) ;
#5729 = ORIENTED_EDGE ( 'NONE', *, *, #3872, .T. ) ;
#5730 = AXIS2_PLACEMENT_3D ( 'NONE', #10190, #6135, #9212 ) ;
#5731 = VECTOR ( 'NONE', #12182, 1000.000000000000000 ) ;
#5732 = LINE ( 'NONE', #6384, #6931 ) ;
#5733 = SURFACE_SIDE_STYLE ('',( #3738 ) ) ;
#5734 =( GEOMETRIC_REPRESENTATION_CONTEXT ( 3 ) GLOBAL_UNCERTAINTY_ASSIGNED_CONTEXT ( ( #12203 ) ) GLOBAL_UNIT_ASSIGNED_CONTEXT ( ( #10857, #2414, #2245 ) ) REPRESENTATION_CONTEXT ( 'NONE', 'WORKASPACE' ) );
#5735 = PLANE ( 'NONE',  #8414 ) ;
#5736 = CIRCLE ( 'NONE', #7912, 0.07499999999999998300 ) ;
#5737 = EDGE_LOOP ( 'NONE', ( #4633, #10170, #11170, #2646 ) ) ;
#5738 = CARTESIAN_POINT ( 'NONE',  ( -1.857503272058750300, 0.05000000000000000300, 1.517503272058749800 ) ) ;
#5739 = ADVANCED_FACE ( 'NONE', ( #627 ), #2861, .F. ) ;
#5740 = EDGE_CURVE ( 'NONE', #6698, #1623, #11696, .T. ) ;
#5741 = PLANE ( 'NONE',  #7107 ) ;
#5742 = ORIENTED_EDGE ( 'NONE', *, *, #12329, .T. ) ;
#5743 = CARTESIAN_POINT ( 'NONE',  ( -0.3349999999999991300, 0.2030000000000000100, 2.000000000000000400 ) ) ;
#5744 = ORIENTED_EDGE ( 'NONE', *, *, #3740, .F. ) ;
#5745 = FACE_OUTER_BOUND ( 'NONE', #1086, .T. ) ;
#5746 = FACE_OUTER_BOUND ( 'NONE', #7465, .T. ) ;
#5747 = FACE_OUTER_BOUND ( 'NONE', #4996, .T. ) ;
#5748 = PLANE ( 'NONE',  #6341 ) ;
#5749 = ORIENTED_EDGE ( 'NONE', *, *, #8578, .F. ) ;
#5750 = EDGE_LOOP ( 'NONE', ( #10079, #7725, #459, #1770 ) ) ;
#5751 = VERTEX_POINT ( 'NONE', #2099 ) ;
#5752 = MECHANICAL_DESIGN_GEOMETRIC_PRESENTATION_REPRESENTATION (  '', ( #4249 ), #7039 ) ;
#5753 = VERTEX_POINT ( 'NONE', #4968 ) ;
#5754 = DIRECTION ( 'NONE',  ( 0.0000000000000000000, 0.0000000000000000000, 1.000000000000000000 ) ) ;
#5755 = LINE ( 'NONE', #3576, #12218 ) ;
#5756 = EDGE_CURVE ( 'NONE', #8551, #1707, #1213, .T. ) ;
#5757 = CARTESIAN_POINT ( 'NONE',  ( -1.725000000000000800, 0.2030000000000001000, -0.5649999999999999500 ) ) ;
#5758 = ORIENTED_EDGE ( 'NONE', *, *, #2910, .T. ) ;
#5759 = VECTOR ( 'NONE', #4290, 1000.000000000000000 ) ;
#5760 = CARTESIAN_POINT ( 'NONE',  ( 0.1150000000000005200, 0.2030000000000000100, 1.725000000000001200 ) ) ;
#5761 = CARTESIAN_POINT ( 'NONE',  ( 1.650000000000000800, 0.2030000000000000100, 1.310000000000000500 ) ) ;
#5762 = EDGE_LOOP ( 'NONE', ( #9845, #7615, #11332, #11983 ) ) ;
#5763 = VECTOR ( 'NONE', #9712, 1000.000000000000000 ) ;
#5764 = DIRECTION ( 'NONE',  ( 1.000000000000000000, 0.0000000000000000000, 1.577021341797097400E-015 ) ) ;
#5765 = PLANE ( 'NONE',  #9701 ) ;
#5766 = CARTESIAN_POINT ( 'NONE',  ( 1.015000000000000300, 0.6218078318274392600, -2.000000000000000400 ) ) ;
#5767 = EDGE_LOOP ( 'NONE', ( #461, #7013, #4024, #1017, #9527, #3602 ) ) ;
#5768 = EDGE_CURVE ( 'NONE', #4505, #10801, #7193, .T. ) ;
#5769 = CARTESIAN_POINT ( 'NONE',  ( 1.725000000000000800, 0.0000000000000000000, 0.4099999999999995300 ) ) ;
#5770 = CIRCLE ( 'NONE', #9211, 0.07500000000000019200 ) ;
#5771 = DIRECTION ( 'NONE',  ( -0.0000000000000000000, -1.000000000000000000, -0.0000000000000000000 ) ) ;
#5772 = ADVANCED_FACE ( 'NONE', ( #1520 ), #6914, .T. ) ;
#5773 = AXIS2_PLACEMENT_3D ( 'NONE', #10716, #2060, #4999 ) ;
#5774 = ORIENTED_EDGE ( 'NONE', *, *, #5166, .F. ) ;
#5775 = DIRECTION ( 'NONE',  ( -0.0000000000000000000, 0.0000000000000000000, 1.000000000000000000 ) ) ;
#5776 = VECTOR ( 'NONE', #1194, 1000.000000000000000 ) ;
#5777 = ORIENTED_EDGE ( 'NONE', *, *, #1899, .F. ) ;
#5778 = LINE ( 'NONE', #7713, #3230 ) ;
#5779 = VERTEX_POINT ( 'NONE', #6877 ) ;
#5780 = EDGE_CURVE ( 'NONE', #3728, #8338, #4664, .T. ) ;
#5781 = EDGE_LOOP ( 'NONE', ( #6186, #8691, #3955, #10583 ) ) ;
#5782 = CARTESIAN_POINT ( 'NONE',  ( 1.650000000000000800, 0.6218078318274388200, 0.4099999999999995300 ) ) ;
#5783 = CARTESIAN_POINT ( 'NONE',  ( 1.725000000000000800, 0.0000000000000000000, -0.4100000000000004200 ) ) ;
#5784 = DIRECTION ( 'NONE',  ( -2.365532012695645400E-015, 0.0000000000000000000, 1.000000000000000000 ) ) ;
#5785 = EDGE_LOOP ( 'NONE', ( #4032, #8360, #4442, #7437, #3208, #561 ) ) ;
#5786 = PLANE ( 'NONE',  #10348 ) ;
#5787 = CARTESIAN_POINT ( 'NONE',  ( 0.1150000000000005200, 0.2030000000000000100, 1.725000000000001200 ) ) ;
#5788 = CARTESIAN_POINT ( 'NONE',  ( 0.9400000000000002800, 0.2030000000000000100, 1.725000000000000800 ) ) ;
#5789 = FACE_OUTER_BOUND ( 'NONE', #10435, .T. ) ;
#5790 = ORIENTED_EDGE ( 'NONE', *, *, #778, .T. ) ;
#5791 = ORIENTED_EDGE ( 'NONE', *, *, #8797, .T. ) ;
#5792 = VERTEX_POINT ( 'NONE', #3152 ) ;
#5793 = DIRECTION ( 'NONE',  ( 1.577021341797101900E-015, -0.0000000000000000000, 1.000000000000000000 ) ) ;
#5794 = EDGE_LOOP ( 'NONE', ( #9352, #4190, #6278, #904 ) ) ;
#5795 = EDGE_CURVE ( 'NONE', #1136, #6090, #9174, .T. ) ;
#5796 = DIRECTION ( 'NONE',  ( -0.0000000000000000000, -1.000000000000000000, -0.0000000000000000000 ) ) ;
#5797 = EDGE_CURVE ( 'NONE', #816, #3203, #11410, .T. ) ;
#5798 = LINE ( 'NONE', #9360, #12103 ) ;
#5799 = VECTOR ( 'NONE', #1717, 1000.000000000000000 ) ;
#5800 = VERTEX_POINT ( 'NONE', #2143 ) ;
#5801 = ORIENTED_EDGE ( 'NONE', *, *, #284, .F. ) ;
#5802 = PLANE ( 'NONE',  #7606 ) ;
#5803 = ORIENTED_EDGE ( 'NONE', *, *, #9000, .F. ) ;
#5804 = ORIENTED_EDGE ( 'NONE', *, *, #5836, .F. ) ;
#5805 = ORIENTED_EDGE ( 'NONE', *, *, #11321, .T. ) ;
#5806 = ADVANCED_FACE ( 'NONE', ( #5992 ), #4174, .F. ) ;
#5807 = CARTESIAN_POINT ( 'NONE',  ( 1.805000000000000400, 0.6218078318274388200, 1.464999999999999900 ) ) ;
#5808 = FACE_OUTER_BOUND ( 'NONE', #333, .T. ) ;
#5809 = AXIS2_PLACEMENT_3D ( 'NONE', #6770, #11594, #7610 ) ;
#5810 = DIRECTION ( 'NONE',  ( -1.577021341797097400E-015, 0.0000000000000000000, 1.000000000000000000 ) ) ;
#5811 = CARTESIAN_POINT ( 'NONE',  ( -0.4100000000000002000, 0.2030000000000000100, -1.725000000000000300 ) ) ;
#5812 = VECTOR ( 'NONE', #274, 1000.000000000000000 ) ;
#5813 = VECTOR ( 'NONE', #9944, 1000.000000000000000 ) ;
#5814 = PLANE ( 'NONE',  #2133 ) ;
#5815 = ORIENTED_EDGE ( 'NONE', *, *, #11745, .T. ) ;
#5816 = AXIS2_PLACEMENT_3D ( 'NONE', #10906, #9045, #11023 ) ;
#5817 = EDGE_CURVE ( 'NONE', #12217, #8459, #6155, .T. ) ;
#5818 = ORIENTED_EDGE ( 'NONE', *, *, #4530, .F. ) ;
#5819 = CARTESIAN_POINT ( 'NONE',  ( -1.300000000000000300, 0.2030000000000000700, -0.9499999999999990700 ) ) ;
#5820 = VERTEX_POINT ( 'NONE', #7001 ) ;
#5821 = ORIENTED_EDGE ( 'NONE', *, *, #11101, .T. ) ;
#5822 = UNCERTAINTY_MEASURE_WITH_UNIT (LENGTH_MEASURE( 1.000000000000000100E-005 ), #9512, 'distance_accuracy_value', 'NONE');
#5823 = VECTOR ( 'NONE', #5273, 1000.000000000000000 ) ;
#5824 = CARTESIAN_POINT ( 'NONE',  ( 1.999999999999999100, 0.8000000000000003800, -2.000000000000000400 ) ) ;
#5825 = CIRCLE ( 'NONE', #4330, 0.07499999999999998300 ) ;
#5826 = LINE ( 'NONE', #10210, #7923 ) ;
#5827 = VERTEX_POINT ( 'NONE', #7825 ) ;
#5828 = DIRECTION ( 'NONE',  ( 1.577021341797101900E-015, 0.0000000000000000000, 1.000000000000000000 ) ) ;
#5829 = AXIS2_PLACEMENT_3D ( 'NONE', #7496, #1773, #9456 ) ;
#5830 = EDGE_LOOP ( 'NONE', ( #8904, #8455, #8928, #10032, #3754, #11647 ) ) ;
#5831 = ORIENTED_EDGE ( 'NONE', *, *, #9102, .F. ) ;
#5832 = AXIS2_PLACEMENT_3D ( 'NONE', #2254, #8851, #3144 ) ;
#5833 = CARTESIAN_POINT ( 'NONE',  ( 0.0000000000000000000, 0.05000000000000000300, -1.650000000000000100 ) ) ;
#5834 = ORIENTED_EDGE ( 'NONE', *, *, #11464, .F. ) ;
#5835 = LINE ( 'NONE', #10697, #5541 ) ;
#5836 = EDGE_CURVE ( 'NONE', #6437, #1136, #8549, .T. ) ;
#5837 = ADVANCED_FACE ( 'NONE', ( #7786 ), #5129, .T. ) ;
#5838 = CYLINDRICAL_SURFACE ( 'NONE', #11425, 0.07499999999999998300 ) ;
#5839 = VERTEX_POINT ( 'NONE', #8944 ) ;
#5840 = ORIENTED_EDGE ( 'NONE', *, *, #3244, .F. ) ;
#5841 = CARTESIAN_POINT ( 'NONE',  ( 0.3350000000000002400, 0.2030000000000000100, 1.725000000000001200 ) ) ;
#5842 = LINE ( 'NONE', #2206, #7043 ) ;
#5843 = LINE ( 'NONE', #10838, #9642 ) ;
#5844 = DIRECTION ( 'NONE',  ( 0.0000000000000000000, -1.000000000000000000, 0.0000000000000000000 ) ) ;
#5845 = LINE ( 'NONE', #11954, #8087 ) ;
#5846 = AXIS2_PLACEMENT_3D ( 'NONE', #4974, #5920, #8658 ) ;
#5847 = DIRECTION ( 'NONE',  ( 0.0000000000000000000, -1.000000000000000000, 0.0000000000000000000 ) ) ;
#5848 = CARTESIAN_POINT ( 'NONE',  ( 2.000000000000000900, 0.6218078318274388200, 0.3350000000000000200 ) ) ;
#5849 = CARTESIAN_POINT ( 'NONE',  ( -0.9400000000000001700, 0.2030000000000000100, -1.725000000000000300 ) ) ;
#5850 = ORIENTED_EDGE ( 'NONE', *, *, #7855, .F. ) ;
#5851 = EDGE_CURVE ( 'NONE', #3694, #8753, #480, .T. ) ;
#5852 = CARTESIAN_POINT ( 'NONE',  ( 1.725000000000000800, 0.2030000000000000100, 0.4899999999999995500 ) ) ;
#5853 = DIRECTION ( 'NONE',  ( -0.0000000000000000000, -1.000000000000000000, 0.0000000000000000000 ) ) ;
#5854 = VECTOR ( 'NONE', #5302, 1000.000000000000000 ) ;
#5855 = VECTOR ( 'NONE', #11016, 1000.000000000000000 ) ;
#5856 = DIRECTION ( 'NONE',  ( -0.0000000000000000000, -1.000000000000000000, -0.0000000000000000000 ) ) ;
#5857 = DIRECTION ( 'NONE',  ( 0.0000000000000000000, 0.0000000000000000000, -1.000000000000000000 ) ) ;
#5858 = DIRECTION ( 'NONE',  ( 1.000000000000000000, 0.0000000000000000000, -0.0000000000000000000 ) ) ;
#5859 = ORIENTED_EDGE ( 'NONE', *, *, #11012, .T. ) ;
#5860 = ADVANCED_FACE ( 'NONE', ( #3624 ), #9121, .T. ) ;
#5861 = LINE ( 'NONE', #4540, #4679 ) ;
#5862 = CARTESIAN_POINT ( 'NONE',  ( -0.8599999999999995400, 0.0000000000000000000, 1.725000000000000800 ) ) ;
#5863 = DIRECTION ( 'NONE',  ( -0.0000000000000000000, -1.000000000000000000, -0.0000000000000000000 ) ) ;
#5864 = DIRECTION ( 'NONE',  ( 0.0000000000000000000, 1.000000000000000000, 0.0000000000000000000 ) ) ;
#5865 = EDGE_CURVE ( 'NONE', #2935, #678, #9789, .T. ) ;
#5866 = DIRECTION ( 'NONE',  ( 0.0000000000000000000, -1.000000000000000000, 0.0000000000000000000 ) ) ;
#5867 = FACE_OUTER_BOUND ( 'NONE', #2638, .T. ) ;
#5868 = VECTOR ( 'NONE', #6312, 1000.000000000000000 ) ;
#5869 = DIRECTION ( 'NONE',  ( 0.7071067811865474600, 0.0000000000000000000, -0.7071067811865474600 ) ) ;
#5870 = ORIENTED_EDGE ( 'NONE', *, *, #8651, .F. ) ;
#5871 = EDGE_LOOP ( 'NONE', ( #4178, #3915, #132, #4207 ) ) ;
#5872 = DIRECTION ( 'NONE',  ( -1.000000000000000000, 0.0000000000000000000, -1.577021341797097400E-015 ) ) ;
#5873 = LINE ( 'NONE', #6123, #5586 ) ;
#5874 = LINE ( 'NONE', #11372, #211 ) ;
#5875 = CARTESIAN_POINT ( 'NONE',  ( 0.1150000000000005200, 0.04999999999999969700, -2.000000000000000400 ) ) ;
#5876 = EDGE_CURVE ( 'NONE', #8080, #12270, #6460, .T. ) ;
#5877 = EDGE_CURVE ( 'NONE', #8953, #5022, #11122, .T. ) ;
#5878 = VERTEX_POINT ( 'NONE', #11835 ) ;
#5879 = UNCERTAINTY_MEASURE_WITH_UNIT (LENGTH_MEASURE( 1.000000000000000100E-005 ), #799, 'distance_accuracy_value', 'NONE');
#5880 = ORIENTED_EDGE ( 'NONE', *, *, #1240, .F. ) ;
#5881 = LINE ( 'NONE', #11555, #10718 ) ;
#5882 = DIRECTION ( 'NONE',  ( 1.000000000000000000, -0.0000000000000000000, 0.0000000000000000000 ) ) ;
#5883 = FILL_AREA_STYLE_COLOUR ( '', #4157 ) ;
#5884 = LINE ( 'NONE', #8089, #4552 ) ;
#5885 = CARTESIAN_POINT ( 'NONE',  ( 0.8600000000000001000, 0.2030000000000000100, 1.650000000000000800 ) ) ;
#5886 = CARTESIAN_POINT ( 'NONE',  ( -0.7850000000000002500, 0.2030000000000000100, -1.725000000000000300 ) ) ;
#5887 = ADVANCED_FACE ( 'NONE', ( #6887 ), #780, .T. ) ;
#5888 = DIRECTION ( 'NONE',  ( -1.000000000000000000, 0.0000000000000000000, 0.0000000000000000000 ) ) ;
#5889 = AXIS2_PLACEMENT_3D ( 'NONE', #5585, #8642, #877 ) ;
#5890 = ORIENTED_EDGE ( 'NONE', *, *, #1454, .F. ) ;
#5891 = ORIENTED_EDGE ( 'NONE', *, *, #3001, .T. ) ;
#5892 = AXIS2_PLACEMENT_3D ( 'NONE', #2411, #9948, #11973 ) ;
#5893 = LINE ( 'NONE', #11322, #3354 ) ;
#5894 = EDGE_LOOP ( 'NONE', ( #3745, #6344, #8179, #11601 ) ) ;
#5895 = DIRECTION ( 'NONE',  ( -1.000000000000000000, 0.0000000000000000000, 0.0000000000000000000 ) ) ;
#5896 = LINE ( 'NONE', #11683, #7836 ) ;
#5897 = EDGE_CURVE ( 'NONE', #5471, #2137, #7931, .T. ) ;
#5898 = VERTEX_POINT ( 'NONE', #8082 ) ;
#5899 = CARTESIAN_POINT ( 'NONE',  ( -1.310000000000000300, 0.2030000000000000100, -1.725000000000000300 ) ) ;
#5900 = DIRECTION ( 'NONE',  ( 0.0000000000000000000, -1.000000000000000000, 0.0000000000000000000 ) ) ;
#5901 = CARTESIAN_POINT ( 'NONE',  ( 0.4899999999999997700, 0.2030000000000000100, -1.725000000000000300 ) ) ;
#5902 = ORIENTED_EDGE ( 'NONE', *, *, #12315, .T. ) ;
#5903 = DIRECTION ( 'NONE',  ( 0.0000000000000000000, 1.000000000000000000, 0.0000000000000000000 ) ) ;
#5904 = ORIENTED_EDGE ( 'NONE', *, *, #3036, .T. ) ;
#5905 = VERTEX_POINT ( 'NONE', #3315 ) ;
#5906 = ORIENTED_EDGE ( 'NONE', *, *, #6536, .F. ) ;
#5907 = DIRECTION ( 'NONE',  ( -0.0000000000000000000, -1.000000000000000000, -0.0000000000000000000 ) ) ;
#5908 = VERTEX_POINT ( 'NONE', #2483 ) ;
#5909 = DIRECTION ( 'NONE',  ( 1.000000000000000000, -0.0000000000000000000, 7.885106708985486100E-016 ) ) ;
#5910 = VECTOR ( 'NONE', #8825, 1000.000000000000000 ) ;
#5911 = MECHANICAL_DESIGN_GEOMETRIC_PRESENTATION_REPRESENTATION (  '', ( #2474 ), #8239 ) ;
#5912 = ORIENTED_EDGE ( 'NONE', *, *, #6655, .F. ) ;
#5913 = PLANE ( 'NONE',  #2024 ) ;
#5914 = LINE ( 'NONE', #10713, #10310 ) ;
#5915 = LINE ( 'NONE', #7170, #7419 ) ;
#5916 = ORIENTED_EDGE ( 'NONE', *, *, #8511, .F. ) ;
#5917 = ORIENTED_EDGE ( 'NONE', *, *, #927, .T. ) ;
#5918 = ORIENTED_EDGE ( 'NONE', *, *, #8775, .T. ) ;
#5919 = EDGE_CURVE ( 'NONE', #2616, #6720, #8229, .T. ) ;
#5920 = DIRECTION ( 'NONE',  ( 0.0000000000000000000, 0.0000000000000000000, -1.000000000000000000 ) ) ;
#5921 = ADVANCED_FACE ( 'NONE', ( #10974 ), #2306, .F. ) ;
#5922 = LINE ( 'NONE', #4727, #3379 ) ;
#5923 = DIRECTION ( 'NONE',  ( 0.0000000000000000000, -1.000000000000000000, 0.0000000000000000000 ) ) ;
#5924 = ORIENTED_EDGE ( 'NONE', *, *, #2390, .F. ) ;
#5925 = LINE ( 'NONE', #11339, #3541 ) ;
#5926 = CARTESIAN_POINT ( 'NONE',  ( 0.8600000000000001000, 0.2030000000000000100, 1.725000000000000800 ) ) ;
#5927 = ORIENTED_EDGE ( 'NONE', *, *, #10307, .T. ) ;
#5928 = LINE ( 'NONE', #8526, #3706 ) ;
#5929 = VERTEX_POINT ( 'NONE', #9070 ) ;
#5930 = DIRECTION ( 'NONE',  ( 0.0000000000000000000, -1.000000000000000000, 0.0000000000000000000 ) ) ;
#5931 = FILL_AREA_STYLE ('',( #6051 ) ) ;
#5932 = ORIENTED_EDGE ( 'NONE', *, *, #3101, .F. ) ;
#5933 = CARTESIAN_POINT ( 'NONE',  ( -0.8599999999999999900, 0.0000000000000000000, 1.650000000000000800 ) ) ;
#5934 = ORIENTED_EDGE ( 'NONE', *, *, #11517, .T. ) ;
#5935 = EDGE_CURVE ( 'NONE', #7227, #6078, #3763, .T. ) ;
#5936 = DIRECTION ( 'NONE',  ( 0.0000000000000000000, -1.000000000000000000, 0.0000000000000000000 ) ) ;
#5937 = CARTESIAN_POINT ( 'NONE',  ( 0.1149999999999998700, 0.04999999999999999600, -1.725000000000000300 ) ) ;
#5938 = AXIS2_PLACEMENT_3D ( 'NONE', #6514, #9434, #7427 ) ;
#5939 = DIRECTION ( 'NONE',  ( 0.0000000000000000000, -1.000000000000000000, 0.0000000000000000000 ) ) ;
#5940 = VECTOR ( 'NONE', #9824, 1000.000000000000100 ) ;
#5941 = EDGE_CURVE ( 'NONE', #10822, #11738, #329, .T. ) ;
#5942 = PRESENTATION_STYLE_ASSIGNMENT (( #12173 ) ) ;
#5943 = DIRECTION ( 'NONE',  ( 1.000000000000000000, 0.0000000000000000000, 1.577021341797097000E-015 ) ) ;
#5944 = ORIENTED_EDGE ( 'NONE', *, *, #8115, .F. ) ;
#5945 = CARTESIAN_POINT ( 'NONE',  ( -1.465000000000000300, 0.6218078318274392600, -1.725000000000000300 ) ) ;
#5946 = VERTEX_POINT ( 'NONE', #4388 ) ;
#5947 = ORIENTED_EDGE ( 'NONE', *, *, #7094, .F. ) ;
#5948 = DIRECTION ( 'NONE',  ( -1.000000000000000000, 0.0000000000000000000, 0.0000000000000000000 ) ) ;
#5949 = DIRECTION ( 'NONE',  ( 1.000000000000000000, 0.0000000000000000000, 1.577021341797097400E-015 ) ) ;
#5950 = VECTOR ( 'NONE', #3919, 1000.000000000000000 ) ;
#5951 = VECTOR ( 'NONE', #1804, 1000.000000000000000 ) ;
#5952 = DIRECTION ( 'NONE',  ( 0.0000000000000000000, 1.000000000000000000, 0.0000000000000000000 ) ) ;
#5953 = VECTOR ( 'NONE', #10073, 1000.000000000000000 ) ;
#5954 = AXIS2_PLACEMENT_3D ( 'NONE', #2705, #6558, #11388 ) ;
#5955 = EDGE_LOOP ( 'NONE', ( #1805, #8155, #4271, #2839 ) ) ;
#5956 = DIRECTION ( 'NONE',  ( -1.000000000000000000, 0.0000000000000000000, 0.0000000000000000000 ) ) ;
#5957 = ORIENTED_EDGE ( 'NONE', *, *, #8205, .F. ) ;
#5958 = ADVANCED_FACE ( 'NONE', ( #4370 ), #2435, .F. ) ;
#5959 = EDGE_LOOP ( 'NONE', ( #12256, #761, #2038, #1650 ) ) ;
#5960 = EDGE_CURVE ( 'NONE', #1815, #5168, #3921, .T. ) ;
#5961 = CARTESIAN_POINT ( 'NONE',  ( -0.9399999999999997200, 0.04999999999999999600, 1.725000000000000800 ) ) ;
#5962 = ORIENTED_EDGE ( 'NONE', *, *, #7551, .F. ) ;
#5963 = EDGE_CURVE ( 'NONE', #10918, #12338, #5845, .T. ) ;
#5964 = VECTOR ( 'NONE', #10240, 1000.000000000000000 ) ;
#5965 = CARTESIAN_POINT ( 'NONE',  ( -1.650000000000000800, 0.05000000000000000300, 0.0000000000000000000 ) ) ;
#5966 = CARTESIAN_POINT ( 'NONE',  ( -1.725000000000000800, 0.6218078318274388200, 0.4099999999999999800 ) ) ;
#5967 = LINE ( 'NONE', #10613, #6421 ) ;
#5968 = ORIENTED_EDGE ( 'NONE', *, *, #9672, .F. ) ;
#5969 = CARTESIAN_POINT ( 'NONE',  ( 0.4100000000000002000, 0.04999999999999999600, 1.650000000000000800 ) ) ;
#5970 = ORIENTED_EDGE ( 'NONE', *, *, #10441, .F. ) ;
#5971 = EDGE_LOOP ( 'NONE', ( #5790, #1155, #7085, #3748 ) ) ;
#5972 = DIRECTION ( 'NONE',  ( -1.000000000000000000, 0.0000000000000000000, -0.0000000000000000000 ) ) ;
#5973 = ORIENTED_EDGE ( 'NONE', *, *, #3618, .F. ) ;
#5974 = DIRECTION ( 'NONE',  ( 0.0000000000000000000, 0.0000000000000000000, -1.000000000000000000 ) ) ;
#5975 = LINE ( 'NONE', #11986, #2842 ) ;
#5976 = DIRECTION ( 'NONE',  ( -1.000000000000000000, 0.0000000000000000000, 0.0000000000000000000 ) ) ;
#5977 = AXIS2_PLACEMENT_3D ( 'NONE', #8798, #150, #3169 ) ;
#5978 = FACE_OUTER_BOUND ( 'NONE', #2879, .T. ) ;
#5979 = DIRECTION ( 'NONE',  ( 0.0000000000000000000, -1.000000000000000000, 0.0000000000000000000 ) ) ;
#5980 = CARTESIAN_POINT ( 'NONE',  ( 1.725000000000000800, 0.2030000000000000100, 1.309999999999999800 ) ) ;
#5981 = EDGE_CURVE ( 'NONE', #4985, #5225, #10820, .T. ) ;
#5982 = CARTESIAN_POINT ( 'NONE',  ( 1.725000000000000800, 0.2030000000000000100, 1.014999999999999500 ) ) ;
#5983 = ORIENTED_EDGE ( 'NONE', *, *, #946, .F. ) ;
#5984 = ORIENTED_EDGE ( 'NONE', *, *, #3473, .T. ) ;
#5985 = ORIENTED_EDGE ( 'NONE', *, *, #9365, .F. ) ;
#5986 = CARTESIAN_POINT ( 'NONE',  ( 0.9399999999999996100, 0.0000000000000000000, -1.725000000000000300 ) ) ;
#5987 = PLANE ( 'NONE',  #11229 ) ;
#5988 = DIRECTION ( 'NONE',  ( -7.885106708985485100E-016, -0.0000000000000000000, 1.000000000000000000 ) ) ;
#5989 = CARTESIAN_POINT ( 'NONE',  ( -1.725000000000000800, 0.2030000000000001000, 0.5649999999999999500 ) ) ;
#5990 = LINE ( 'NONE', #10094, #10963 ) ;
#5991 = ADVANCED_FACE ( 'NONE', ( #27 ), #10964, .F. ) ;
#5992 = FACE_OUTER_BOUND ( 'NONE', #11347, .T. ) ;
#5993 = PLANE ( 'NONE',  #908 ) ;
#5994 = ORIENTED_EDGE ( 'NONE', *, *, #7169, .T. ) ;
#5995 = AXIS2_PLACEMENT_3D ( 'NONE', #3330, #11071, #471 ) ;
#5996 = ORIENTED_EDGE ( 'NONE', *, *, #254, .T. ) ;
#5997 = CARTESIAN_POINT ( 'NONE',  ( -1.725000000000000800, 0.2030000000000000100, -0.8599999999999999900 ) ) ;
#5998 = EDGE_CURVE ( 'NONE', #6203, #4505, #1364, .T. ) ;
#5999 = VECTOR ( 'NONE', #11808, 1000.000000000000000 ) ;
#6000 = LINE ( 'NONE', #8216, #2563 ) ;
#6001 = CIRCLE ( 'NONE', #10075, 0.07499999999999998300 ) ;
#6002 = CARTESIAN_POINT ( 'NONE',  ( -0.9400000000000001700, 0.0000000000000000000, -1.725000000000000300 ) ) ;
#6003 = VERTEX_POINT ( 'NONE', #455 ) ;
#6004 = CARTESIAN_POINT ( 'NONE',  ( -1.725000000000000800, 0.6218078318274388200, 0.1150000000000000900 ) ) ;
#6005 = ORIENTED_EDGE ( 'NONE', *, *, #11936, .T. ) ;
#6006 = EDGE_CURVE ( 'NONE', #3414, #6048, #6140, .T. ) ;
#6007 = EDGE_LOOP ( 'NONE', ( #10874, #5870, #7454, #4373, #3914, #3764 ) ) ;
#6008 = CIRCLE ( 'NONE', #9125, 0.07499999999999998300 ) ;
#6009 = AXIS2_PLACEMENT_3D ( 'NONE', #502, #6304, #5376 ) ;
#6010 = CARTESIAN_POINT ( 'NONE',  ( 0.03999999999999989000, 0.2030000000000000100, -1.725000000000000300 ) ) ;
#6011 = LINE ( 'NONE', #1936, #4671 ) ;
#6012 = PLANE ( 'NONE',  #2213 ) ;
#6013 = EDGE_CURVE ( 'NONE', #6375, #4298, #12149, .T. ) ;
#6014 = PLANE ( 'NONE',  #4721 ) ;
#6015 = DIRECTION ( 'NONE',  ( 0.0000000000000000000, -1.000000000000000000, 0.0000000000000000000 ) ) ;
#6016 = ADVANCED_FACE ( 'NONE', ( #4058 ), #11172, .F. ) ;
#6017 = ORIENTED_EDGE ( 'NONE', *, *, #9536, .T. ) ;
#6018 = EDGE_LOOP ( 'NONE', ( #6346, #4886, #3485, #894 ) ) ;
#6019 = CARTESIAN_POINT ( 'NONE',  ( -1.600000000000000800, 0.8000000000000000400, -1.400000000000000400 ) ) ;
#6020 = LINE ( 'NONE', #11423, #10115 ) ;
#6021 = CARTESIAN_POINT ( 'NONE',  ( -0.8599999999999995400, 0.6218078318274390400, 1.725000000000000800 ) ) ;
#6022 = CARTESIAN_POINT ( 'NONE',  ( 1.725000000000000800, 0.2030000000000000100, -0.4100000000000004200 ) ) ;
#6023 = VECTOR ( 'NONE', #9225, 1000.000000000000000 ) ;
#6024 = CARTESIAN_POINT ( 'NONE',  ( -0.3349999999999991300, 0.2030000000000000100, 2.000000000000000400 ) ) ;
#6025 = FILL_AREA_STYLE ('',( #3270 ) ) ;
#6026 = DIRECTION ( 'NONE',  ( 0.0000000000000000000, 1.000000000000000000, 0.0000000000000000000 ) ) ;
#6027 = EDGE_CURVE ( 'NONE', #10119, #9267, #3608, .T. ) ;
#6028 = ORIENTED_EDGE ( 'NONE', *, *, #343, .F. ) ;
#6029 = EDGE_CURVE ( 'NONE', #7704, #5779, #8693, .T. ) ;
#6030 = DIRECTION ( 'NONE',  ( 0.0000000000000000000, 0.0000000000000000000, -1.000000000000000000 ) ) ;
#6031 = EDGE_LOOP ( 'NONE', ( #1312, #2357, #11414, #919 ) ) ;
#6032 = FACE_OUTER_BOUND ( 'NONE', #3667, .T. ) ;
#6033 = CARTESIAN_POINT ( 'NONE',  ( -2.000000000000000900, 0.2030000000000000700, -0.3350000000000002400 ) ) ;
#6034 = LINE ( 'NONE', #5549, #12192 ) ;
#6035 = DIRECTION ( 'NONE',  ( -1.000000000000000000, 0.0000000000000000000, -0.0000000000000000000 ) ) ;
#6036 = CARTESIAN_POINT ( 'NONE',  ( -0.7849999999999995900, 0.2030000000000000100, 1.725000000000001200 ) ) ;
#6037 = EDGE_LOOP ( 'NONE', ( #2482, #9835, #6071, #11913 ) ) ;
#6038 = MANIFOLD_SOLID_BREP ( 'Cut-Extrude5[3]', #10887 ) ;
#6039 = ORIENTED_EDGE ( 'NONE', *, *, #7772, .F. ) ;
#6040 = PLANE ( 'NONE',  #4071 ) ;
#6041 = FACE_OUTER_BOUND ( 'NONE', #7300, .T. ) ;
#6042 = PLANE ( 'NONE',  #1837 ) ;
#6043 = VECTOR ( 'NONE', #3196, 1000.000000000000000 ) ;
#6044 = AXIS2_PLACEMENT_3D ( 'NONE', #5852, #7893, #2162 ) ;
#6045 = ADVANCED_FACE ( 'NONE', ( #1062 ), #3536, .T. ) ;
#6046 = EDGE_CURVE ( 'NONE', #1421, #9730, #10074, .T. ) ;
#6047 =( LENGTH_UNIT ( ) NAMED_UNIT ( * ) SI_UNIT ( .MILLI., .METRE. ) );
#6048 = VERTEX_POINT ( 'NONE', #9332 ) ;
#6049 = VERTEX_POINT ( 'NONE', #10304 ) ;
#6050 = FILL_AREA_STYLE_COLOUR ( '', #12135 ) ;
#6051 = FILL_AREA_STYLE_COLOUR ( '', #2191 ) ;
#6052 = ORIENTED_EDGE ( 'NONE', *, *, #5392, .F. ) ;
#6053 = CARTESIAN_POINT ( 'NONE',  ( -1.650000000000000800, 0.05000000000000000300, 0.0000000000000000000 ) ) ;
#6054 = VECTOR ( 'NONE', #2738, 1000.000000000000000 ) ;
#6055 = CARTESIAN_POINT ( 'NONE',  ( -1.014999999999999900, 0.2030000000000000100, 1.725000000000001200 ) ) ;
#6056 = VERTEX_POINT ( 'NONE', #11211 ) ;
#6057 = VECTOR ( 'NONE', #1687, 1000.000000000000000 ) ;
#6058 = DIRECTION ( 'NONE',  ( 0.0000000000000000000, -1.000000000000000000, 0.0000000000000000000 ) ) ;
#6059 = LINE ( 'NONE', #3664, #6370 ) ;
#6060 = EDGE_LOOP ( 'NONE', ( #10352, #9440, #11935, #861 ) ) ;
#6061 = DIRECTION ( 'NONE',  ( 0.0000000000000000000, 0.0000000000000000000, -1.000000000000000000 ) ) ;
#6062 = FACE_OUTER_BOUND ( 'NONE', #6640, .T. ) ;
#6063 = AXIS2_PLACEMENT_3D ( 'NONE', #5351, #10992, #5241 ) ;
#6064 = DIRECTION ( 'NONE',  ( 0.0000000000000000000, -1.000000000000000000, 0.0000000000000000000 ) ) ;
#6065 = DIRECTION ( 'NONE',  ( 1.000000000000000000, 0.0000000000000000000, -0.0000000000000000000 ) ) ;
#6066 = ORIENTED_EDGE ( 'NONE', *, *, #11133, .F. ) ;
#6067 = EDGE_CURVE ( 'NONE', #9080, #8896, #9633, .T. ) ;
#6068 = FACE_OUTER_BOUND ( 'NONE', #9100, .T. ) ;
#6069 = CARTESIAN_POINT ( 'NONE',  ( 2.000000000000000900, 0.2030000000000000100, -1.234999999999999900 ) ) ;
#6070 = DIRECTION ( 'NONE',  ( -0.0000000000000000000, -1.000000000000000000, -0.0000000000000000000 ) ) ;
#6071 = ORIENTED_EDGE ( 'NONE', *, *, #8339, .T. ) ;
#6072 = LINE ( 'NONE', #5040, #7852 ) ;
#6073 = CARTESIAN_POINT ( 'NONE',  ( 2.000000000000000900, 0.2030000000000000100, 1.465000000000000100 ) ) ;
#6074 = CARTESIAN_POINT ( 'NONE',  ( -0.3349999999999991300, 0.6218078318274392600, 2.000000000000000400 ) ) ;
#6075 = ORIENTED_EDGE ( 'NONE', *, *, #11268, .T. ) ;
#6076 = VECTOR ( 'NONE', #4060, 1000.000000000000000 ) ;
#6077 = ORIENTED_EDGE ( 'NONE', *, *, #647, .F. ) ;
#6078 = VERTEX_POINT ( 'NONE', #3479 ) ;
#6079 = ORIENTED_EDGE ( 'NONE', *, *, #7571, .F. ) ;
#6080 = DIRECTION ( 'NONE',  ( 1.000000000000000000, 0.0000000000000000000, 0.0000000000000000000 ) ) ;
#6081 = ORIENTED_EDGE ( 'NONE', *, *, #10619, .F. ) ;
#6082 = CARTESIAN_POINT ( 'NONE',  ( -1.300000000000000700, 0.2030000000000000700, 1.300000000000000700 ) ) ;
#6083 = ADVANCED_FACE ( 'NONE', ( #9776 ), #6191, .F. ) ;
#6084 = DIRECTION ( 'NONE',  ( 0.0000000000000000000, 0.0000000000000000000, -1.000000000000000000 ) ) ;
#6085 = AXIS2_PLACEMENT_3D ( 'NONE', #9334, #5449, #6423 ) ;
#6086 = SURFACE_STYLE_FILL_AREA ( #99 ) ;
#6087 = AXIS2_PLACEMENT_3D ( 'NONE', #10085, #9012, #3257 ) ;
#6088 = FACE_OUTER_BOUND ( 'NONE', #7845, .T. ) ;
#6089 = CARTESIAN_POINT ( 'NONE',  ( -1.725000000000000800, 0.6218078318274388200, 1.235000000000000100 ) ) ;
#6090 = VERTEX_POINT ( 'NONE', #12076 ) ;
#6091 = EDGE_CURVE ( 'NONE', #5347, #11755, #8386, .T. ) ;
#6092 = CARTESIAN_POINT ( 'NONE',  ( -1.650000000000000800, 0.2030000000000001000, -1.310000000000000500 ) ) ;
#6093 = ORIENTED_EDGE ( 'NONE', *, *, #2952, .F. ) ;
#6094 = VERTEX_POINT ( 'NONE', #10212 ) ;
#6095 = VECTOR ( 'NONE', #2645, 1000.000000000000000 ) ;
#6096 = CARTESIAN_POINT ( 'NONE',  ( 0.5650000000000003900, 0.0000000000000000000, 1.725000000000001200 ) ) ;
#6097 = CARTESIAN_POINT ( 'NONE',  ( 1.725000000000000800, 0.6218078318274387100, -0.7850000000000004800 ) ) ;
#6098 = DIRECTION ( 'NONE',  ( 0.0000000000000000000, 1.000000000000000000, -0.0000000000000000000 ) ) ;
#6099 = ORIENTED_EDGE ( 'NONE', *, *, #11917, .T. ) ;
#6100 = DIRECTION ( 'NONE',  ( -0.0000000000000000000, 0.0000000000000000000, -1.000000000000000000 ) ) ;
#6101 = ORIENTED_EDGE ( 'NONE', *, *, #2151, .T. ) ;
#6102 = DIRECTION ( 'NONE',  ( 0.7071067811865474600, 0.0000000000000000000, -0.7071067811865474600 ) ) ;
#6103 = ORIENTED_EDGE ( 'NONE', *, *, #4121, .T. ) ;
#6104 = AXIS2_PLACEMENT_3D ( 'NONE', #183, #6847, #1124 ) ;
#6105 = DIRECTION ( 'NONE',  ( 0.0000000000000000000, 0.0000000000000000000, -1.000000000000000000 ) ) ;
#6106 = VERTEX_POINT ( 'NONE', #7288 ) ;
#6107 = PLANE ( 'NONE',  #12119 ) ;
#6108 = EDGE_CURVE ( 'NONE', #3934, #4772, #7639, .T. ) ;
#6109 = LINE ( 'NONE', #11606, #4924 ) ;
#6110 = DIRECTION ( 'NONE',  ( 1.577021341797101900E-015, -0.0000000000000000000, 1.000000000000000000 ) ) ;
#6111 = CARTESIAN_POINT ( 'NONE',  ( -0.4100000000000002000, 0.2030000000000000100, -1.725000000000000300 ) ) ;
#6112 = DIRECTION ( 'NONE',  ( 0.0000000000000000000, 0.0000000000000000000, 1.000000000000000000 ) ) ;
#6113 = VECTOR ( 'NONE', #11863, 1000.000000000000000 ) ;
#6114 = FACE_OUTER_BOUND ( 'NONE', #210, .T. ) ;
#6115 = ORIENTED_EDGE ( 'NONE', *, *, #6607, .F. ) ;
#6116 = DIRECTION ( 'NONE',  ( 0.0000000000000000000, -1.000000000000000000, 0.0000000000000000000 ) ) ;
#6117 = ADVANCED_FACE ( 'NONE', ( #6590 ), #5397, .F. ) ;
#6118 = EDGE_LOOP ( 'NONE', ( #8055, #2951, #2329, #10194 ) ) ;
#6119 = CARTESIAN_POINT ( 'NONE',  ( 1.015000000000000300, 0.04999999999999969700, -2.000000000000000400 ) ) ;
#6120 = CARTESIAN_POINT ( 'NONE',  ( -1.234999999999999200, 0.2030000000000000100, 2.000000000000000400 ) ) ;
#6121 = VERTEX_POINT ( 'NONE', #2512 ) ;
#6122 = EDGE_LOOP ( 'NONE', ( #6313, #3970, #9254, #867, #11001, #2847 ) ) ;
#6123 = CARTESIAN_POINT ( 'NONE',  ( 1.650000000000000800, 0.05000000000000000300, 0.0000000000000000000 ) ) ;
#6124 = CIRCLE ( 'NONE', #2648, 0.07499999999999998300 ) ;
#6125 = AXIS2_PLACEMENT_3D ( 'NONE', #418, #2145, #9894 ) ;
#6126 = DIRECTION ( 'NONE',  ( 0.0000000000000000000, 0.0000000000000000000, -1.000000000000000000 ) ) ;
#6127 = EDGE_CURVE ( 'NONE', #5898, #4465, #9163, .T. ) ;
#6128 = EDGE_CURVE ( 'NONE', #4652, #3000, #3290, .T. ) ;
#6129 = CARTESIAN_POINT ( 'NONE',  ( -1.725000000000000800, 0.05000000000000002400, 0.4099999999999999800 ) ) ;
#6130 = EDGE_CURVE ( 'NONE', #4125, #6436, #4513, .T. ) ;
#6131 = ORIENTED_EDGE ( 'NONE', *, *, #825, .F. ) ;
#6132 = EDGE_LOOP ( 'NONE', ( #1589, #1460, #11493, #2147 ) ) ;
#6133 = EDGE_LOOP ( 'NONE', ( #3963, #7130, #11516, #3272, #4742, #5082, #4258, #7666, #9517, #54, #4390, #5516, #7012, #6569, #5970, #7272, #5729, #1343, #110, #11185, #2494, #2923, #4148, #3558, #4047, #10496, #8056, #2404, #12243, #4587, #7137, #11153 ) ) ;
#6134 = VERTEX_POINT ( 'NONE', #1527 ) ;
#6135 = DIRECTION ( 'NONE',  ( -0.0000000000000000000, -1.000000000000000000, -0.0000000000000000000 ) ) ;
#6136 = DIRECTION ( 'NONE',  ( 0.0000000000000000000, -1.000000000000000000, 0.0000000000000000000 ) ) ;
#6137 = EDGE_LOOP ( 'NONE', ( #11484, #10069, #9293, #1289 ) ) ;
#6138 = VECTOR ( 'NONE', #3817, 1000.000000000000000 ) ;
#6139 = CARTESIAN_POINT ( 'NONE',  ( 1.465000000000000700, 0.2030000000000001000, 1.805000000000001300 ) ) ;
#6140 = CIRCLE ( 'NONE', #513, 0.07499999999999998300 ) ;
#6141 = AXIS2_PLACEMENT_3D ( 'NONE', #5333, #587, #2491 ) ;
#6142 = VERTEX_POINT ( 'NONE', #10091 ) ;
#6143 = SURFACE_SIDE_STYLE ('',( #1643 ) ) ;
#6144 = DIRECTION ( 'NONE',  ( 0.7071067811865474600, 0.0000000000000000000, -0.7071067811865474600 ) ) ;
#6145 = ORIENTED_EDGE ( 'NONE', *, *, #10072, .F. ) ;
#6146 = PLANE ( 'NONE',  #8396 ) ;
#6147 = DIRECTION ( 'NONE',  ( 0.0000000000000000000, 0.0000000000000000000, 1.000000000000000000 ) ) ;
#6148 = FACE_OUTER_BOUND ( 'NONE', #9606, .T. ) ;
#6149 = CARTESIAN_POINT ( 'NONE',  ( -1.650000000000000800, 0.2030000000000001000, -0.4899999999999999900 ) ) ;
#6150 = ADVANCED_FACE ( 'NONE', ( #11847 ), #11987, .T. ) ;
#6151 = CARTESIAN_POINT ( 'NONE',  ( 1.999999999999999100, 0.05000000000000000300, 1.999999999999999600 ) ) ;
#6152 = LINE ( 'NONE', #12165, #9011 ) ;
#6153 = EDGE_CURVE ( 'NONE', #7310, #7958, #7776, .T. ) ;
#6154 = CARTESIAN_POINT ( 'NONE',  ( 1.650000000000000800, 0.6218078318274388200, -1.310000000000000500 ) ) ;
#6155 = LINE ( 'NONE', #2266, #5389 ) ;
#6156 = DIRECTION ( 'NONE',  ( -0.0000000000000000000, -1.000000000000000000, -0.0000000000000000000 ) ) ;
#6157 = ORIENTED_EDGE ( 'NONE', *, *, #9345, .F. ) ;
#6158 = CARTESIAN_POINT ( 'NONE',  ( -0.4099999999999995300, 0.2030000000000000100, 1.725000000000000800 ) ) ;
#6159 = DIRECTION ( 'NONE',  ( -0.0000000000000000000, 0.0000000000000000000, -1.000000000000000000 ) ) ;
#6160 = FACE_OUTER_BOUND ( 'NONE', #7400, .T. ) ;
#6161 = DIRECTION ( 'NONE',  ( 1.577021341797101900E-015, -0.0000000000000000000, 1.000000000000000000 ) ) ;
#6162 = PRESENTATION_STYLE_ASSIGNMENT (( #4229 ) ) ;
#6163 = CARTESIAN_POINT ( 'NONE',  ( -1.725000000000000800, 0.0000000000000000000, -1.234999999999999900 ) ) ;
#6164 = CARTESIAN_POINT ( 'NONE',  ( 0.0000000000000000000, 0.8000000000000000400, 0.0000000000000000000 ) ) ;
#6165 = EDGE_CURVE ( 'NONE', #6372, #2395, #6879, .T. ) ;
#6166 = CARTESIAN_POINT ( 'NONE',  ( -1.237961753310716500E-015, 0.05000000000000000300, 0.7849999999999967000 ) ) ;
#6167 = ORIENTED_EDGE ( 'NONE', *, *, #6781, .F. ) ;
#6168 = FACE_OUTER_BOUND ( 'NONE', #10268, .T. ) ;
#6169 = VECTOR ( 'NONE', #11362, 1000.000000000000000 ) ;
#6170 = CARTESIAN_POINT ( 'NONE',  ( -1.234999999999999700, 0.0000000000000000000, 1.725000000000001200 ) ) ;
#6171 = LINE ( 'NONE', #12056, #5868 ) ;
#6172 = EDGE_CURVE ( 'NONE', #1129, #816, #1801, .T. ) ;
#6173 = ADVANCED_FACE ( 'NONE', ( #7038 ), #5838, .T. ) ;
#6174 = DIRECTION ( 'NONE',  ( -1.577021341797097400E-015, 0.0000000000000000000, 1.000000000000000000 ) ) ;
#6175 = AXIS2_PLACEMENT_3D ( 'NONE', #1275, #3184, #5127 ) ;
#6176 = VERTEX_POINT ( 'NONE', #4496 ) ;
#6177 = DIRECTION ( 'NONE',  ( -2.365532012695645400E-015, 0.0000000000000000000, 1.000000000000000000 ) ) ;
#6178 = VERTEX_POINT ( 'NONE', #12028 ) ;
#6179 = CARTESIAN_POINT ( 'NONE',  ( -2.000000000000000900, 0.6218078318274388200, 0.1150000000000000900 ) ) ;
#6180 = EDGE_CURVE ( 'NONE', #10007, #2230, #1657, .T. ) ;
#6181 = CARTESIAN_POINT ( 'NONE',  ( 1.299999999999999200, 3.879955262170047700, -1.300000000000000300 ) ) ;
#6182 = VECTOR ( 'NONE', #12297, 1000.000000000000000 ) ;
#6183 = DIRECTION ( 'NONE',  ( -1.577021341797097400E-015, 0.0000000000000000000, 1.000000000000000000 ) ) ;
#6184 = DIRECTION ( 'NONE',  ( 0.0000000000000000000, 0.0000000000000000000, 1.000000000000000000 ) ) ;
#6185 = DIRECTION ( 'NONE',  ( -0.0000000000000000000, -1.000000000000000000, -0.0000000000000000000 ) ) ;
#6186 = ORIENTED_EDGE ( 'NONE', *, *, #5075, .F. ) ;
#6187 = VERTEX_POINT ( 'NONE', #566 ) ;
#6188 = DIRECTION ( 'NONE',  ( -1.927470528863119300E-016, 0.0000000000000000000, 1.000000000000000000 ) ) ;
#6189 = PLANE ( 'NONE',  #6723 ) ;
#6190 = CYLINDRICAL_SURFACE ( 'NONE', #9074, 0.07499999999999998300 ) ;
#6191 = PLANE ( 'NONE',  #7148 ) ;
#6192 = VECTOR ( 'NONE', #5289, 1000.000000000000000 ) ;
#6193 = CARTESIAN_POINT ( 'NONE',  ( -1.725000000000000800, 0.6218078318274388200, 0.7849999999999999200 ) ) ;
#6194 = VECTOR ( 'NONE', #1495, 1000.000000000000000 ) ;
#6195 = CARTESIAN_POINT ( 'NONE',  ( 0.03999999999999989000, 0.6218078318274392600, -1.725000000000000300 ) ) ;
#6196 = EDGE_CURVE ( 'NONE', #4985, #3540, #169, .T. ) ;
#6197 = DIRECTION ( 'NONE',  ( -0.7071067811865474600, 0.0000000000000000000, -0.7071067811865474600 ) ) ;
#6198 = EDGE_CURVE ( 'NONE', #7305, #9030, #2985, .T. ) ;
#6199 = ORIENTED_EDGE ( 'NONE', *, *, #5075, .T. ) ;
#6200 = ORIENTED_EDGE ( 'NONE', *, *, #11846, .F. ) ;
#6201 = CARTESIAN_POINT ( 'NONE',  ( 1.805000000000000600, 0.0000000000000000000, 1.465000000000000100 ) ) ;
#6202 = UNCERTAINTY_MEASURE_WITH_UNIT (LENGTH_MEASURE( 1.000000000000000100E-005 ), #7771, 'distance_accuracy_value', 'NONE');
#6203 = VERTEX_POINT ( 'NONE', #6069 ) ;
#6204 = CIRCLE ( 'NONE', #7829, 0.07499999999999998300 ) ;
#6205 = CARTESIAN_POINT ( 'NONE',  ( 2.000000000000000900, 0.2030000000000000100, -1.234999999999999900 ) ) ;
#6206 = ORIENTED_EDGE ( 'NONE', *, *, #4969, .F. ) ;
#6207 = VECTOR ( 'NONE', #2428, 1000.000000000000000 ) ;
#6208 = ORIENTED_EDGE ( 'NONE', *, *, #1128, .T. ) ;
#6209 = VERTEX_POINT ( 'NONE', #3801 ) ;
#6210 = ORIENTED_EDGE ( 'NONE', *, *, #5221, .F. ) ;
#6211 = LINE ( 'NONE', #7223, #10888 ) ;
#6212 = DIRECTION ( 'NONE',  ( -0.0000000000000000000, -1.000000000000000000, -0.0000000000000000000 ) ) ;
#6213 = VERTEX_POINT ( 'NONE', #2855 ) ;
#6214 = AXIS2_PLACEMENT_3D ( 'NONE', #1964, #8673, #2815 ) ;
#6215 = VERTEX_POINT ( 'NONE', #2223 ) ;
#6216 = EDGE_CURVE ( 'NONE', #12084, #6654, #5246, .T. ) ;
#6217 = DIRECTION ( 'NONE',  ( 0.0000000000000000000, 0.0000000000000000000, 1.000000000000000000 ) ) ;
#6218 = ORIENTED_EDGE ( 'NONE', *, *, #4371, .F. ) ;
#6219 = VECTOR ( 'NONE', #4799, 1000.000000000000000 ) ;
#6220 = CARTESIAN_POINT ( 'NONE',  ( 1.465000000000000500, 0.04999999999999969700, -2.000000000000000400 ) ) ;
#6221 = EDGE_CURVE ( 'NONE', #10961, #3329, #7484, .T. ) ;
#6222 = CARTESIAN_POINT ( 'NONE',  ( 0.3349999999999998000, 0.2030000000000000100, -2.000000000000000400 ) ) ;
#6223 = ORIENTED_EDGE ( 'NONE', *, *, #6925, .T. ) ;
#6224 = CARTESIAN_POINT ( 'NONE',  ( -1.650000000000000800, 0.2030000000000000100, -1.310000000000000500 ) ) ;
#6225 = ORIENTED_EDGE ( 'NONE', *, *, #7963, .T. ) ;
#6226 = ORIENTED_EDGE ( 'NONE', *, *, #10980, .F. ) ;
#6227 = CARTESIAN_POINT ( 'NONE',  ( 1.299999999999998700, 3.879955262170047700, 1.300000000000001200 ) ) ;
#6228 = PLANE ( 'NONE',  #869 ) ;
#6229 = DIRECTION ( 'NONE',  ( -1.000000000000000000, 0.0000000000000000000, 1.577021341797101900E-015 ) ) ;
#6230 = CARTESIAN_POINT ( 'NONE',  ( 0.03999999999999989000, 0.04999999999999999600, -1.650000000000000400 ) ) ;
#6231 = FACE_OUTER_BOUND ( 'NONE', #10208, .T. ) ;
#6232 = VERTEX_POINT ( 'NONE', #2127 ) ;
#6233 = CYLINDRICAL_SURFACE ( 'NONE', #385, 0.07499999999999998300 ) ;
#6234 = ORIENTED_EDGE ( 'NONE', *, *, #10946, .T. ) ;
#6235 = CARTESIAN_POINT ( 'NONE',  ( 1.235000000000000300, 0.2030000000000000100, 2.000000000000000400 ) ) ;
#6236 = LINE ( 'NONE', #1371, #5475 ) ;
#6237 = ORIENTED_EDGE ( 'NONE', *, *, #7387, .F. ) ;
#6238 = CARTESIAN_POINT ( 'NONE',  ( 0.1150000000000005200, 0.04999999999999999600, 1.725000000000001200 ) ) ;
#6239 = ORIENTED_EDGE ( 'NONE', *, *, #10522, .T. ) ;
#6240 = PLANE ( 'NONE',  #10519 ) ;
#6241 = ORIENTED_EDGE ( 'NONE', *, *, #3668, .F. ) ;
#6242 = CARTESIAN_POINT ( 'NONE',  ( 0.8599999999999996500, 0.04999999999999999600, -1.725000000000000300 ) ) ;
#6243 = DIRECTION ( 'NONE',  ( 1.000000000000000000, 0.0000000000000000000, -0.0000000000000000000 ) ) ;
#6244 = ADVANCED_FACE ( 'NONE', ( #2391 ), #5077, .F. ) ;
#6245 = EDGE_CURVE ( 'NONE', #1033, #2775, #11994, .T. ) ;
#6246 = CARTESIAN_POINT ( 'NONE',  ( 1.015000000000000800, 0.2030000000000000100, 2.000000000000000400 ) ) ;
#6247 = CARTESIAN_POINT ( 'NONE',  ( -1.650000000000000800, 0.6218078318274388200, -0.03999999999999989000 ) ) ;
#6248 = VECTOR ( 'NONE', #2175, 1000.000000000000100 ) ;
#6249 = VECTOR ( 'NONE', #6621, 1000.000000000000000 ) ;
#6250 = ORIENTED_EDGE ( 'NONE', *, *, #10691, .T. ) ;
#6251 = DIRECTION ( 'NONE',  ( -0.0000000000000000000, -1.000000000000000000, -0.0000000000000000000 ) ) ;
#6252 = ORIENTED_EDGE ( 'NONE', *, *, #4372, .T. ) ;
#6253 = VERTEX_POINT ( 'NONE', #3143 ) ;
#6254 = EDGE_CURVE ( 'NONE', #12398, #3319, #2846, .T. ) ;
#6255 = AXIS2_PLACEMENT_3D ( 'NONE', #4553, #1786, #7343 ) ;
#6256 = VECTOR ( 'NONE', #9803, 1000.000000000000000 ) ;
#6257 = PLANE ( 'NONE',  #155 ) ;
#6258 = SURFACE_STYLE_FILL_AREA ( #1523 ) ;
#6259 = EDGE_CURVE ( 'NONE', #266, #2492, #1644, .T. ) ;
#6260 = VECTOR ( 'NONE', #1212, 1000.000000000000000 ) ;
#6261 = ORIENTED_EDGE ( 'NONE', *, *, #6733, .T. ) ;
#6262 = ORIENTED_EDGE ( 'NONE', *, *, #265, .F. ) ;
#6263 = DIRECTION ( 'NONE',  ( 0.0000000000000000000, -1.000000000000000000, 0.0000000000000000000 ) ) ;
#6264 = VERTEX_POINT ( 'NONE', #10865 ) ;
#6265 = ORIENTED_EDGE ( 'NONE', *, *, #3242, .F. ) ;
#6266 = DIRECTION ( 'NONE',  ( -1.000000000000000000, 0.0000000000000000000, -0.0000000000000000000 ) ) ;
#6267 = VECTOR ( 'NONE', #5510, 1000.000000000000000 ) ;
#6268 = DIRECTION ( 'NONE',  ( -0.0000000000000000000, -0.0000000000000000000, 1.000000000000000000 ) ) ;
#6269 = FACE_OUTER_BOUND ( 'NONE', #4729, .T. ) ;
#6270 = CARTESIAN_POINT ( 'NONE',  ( -2.000000000000000900, 0.2030000000000000100, -0.3350000000000000200 ) ) ;
#6271 = CARTESIAN_POINT ( 'NONE',  ( -1.465000000000000100, 0.2030000000000000100, -2.000000000000000400 ) ) ;
#6272 = SURFACE_STYLE_FILL_AREA ( #10730 ) ;
#6273 = AXIS2_PLACEMENT_3D ( 'NONE', #11862, #323, #5157 ) ;
#6274 = DIRECTION ( 'NONE',  ( 1.577021341797101900E-015, 0.0000000000000000000, 1.000000000000000000 ) ) ;
#6275 = EDGE_LOOP ( 'NONE', ( #2965, #7242, #6809, #2381, #3546 ) ) ;
#6276 = ORIENTED_EDGE ( 'NONE', *, *, #6672, .F. ) ;
#6277 = EDGE_CURVE ( 'NONE', #7185, #11457, #10363, .T. ) ;
#6278 = ORIENTED_EDGE ( 'NONE', *, *, #1340, .T. ) ;
#6279 = EDGE_CURVE ( 'NONE', #10649, #446, #5380, .T. ) ;
#6280 = VERTEX_POINT ( 'NONE', #9014 ) ;
#6281 = CARTESIAN_POINT ( 'NONE',  ( -0.5649999999999997200, 0.2030000000000000100, 1.725000000000001200 ) ) ;
#6282 = FILL_AREA_STYLE_COLOUR ( '', #9298 ) ;
#6283 = CARTESIAN_POINT ( 'NONE',  ( -0.3349999999999995800, 0.6218078318274392600, 1.725000000000001200 ) ) ;
#6284 = CIRCLE ( 'NONE', #1986, 0.07499999999999998300 ) ;
#6285 = DIRECTION ( 'NONE',  ( 0.0000000000000000000, 0.0000000000000000000, -1.000000000000000000 ) ) ;
#6286 = DIRECTION ( 'NONE',  ( 0.0000000000000000000, 0.0000000000000000000, 1.000000000000000000 ) ) ;
#6287 = CIRCLE ( 'NONE', #10831, 0.07499999999999998300 ) ;
#6288 = CYLINDRICAL_SURFACE ( 'NONE', #2004, 0.07499999999999998300 ) ;
#6289 = CARTESIAN_POINT ( 'NONE',  ( 1.650000000000000800, 0.05000000000000000300, -1.310000000000000500 ) ) ;
#6290 = CARTESIAN_POINT ( 'NONE',  ( -0.1149999999999996600, 0.04999999999999969700, 2.000000000000000400 ) ) ;
#6291 = PLANE ( 'NONE',  #12257 ) ;
#6292 = VERTEX_POINT ( 'NONE', #6019 ) ;
#6293 = DIRECTION ( 'NONE',  ( 0.0000000000000000000, -1.000000000000000000, 0.0000000000000000000 ) ) ;
#6294 = VERTEX_POINT ( 'NONE', #8884 ) ;
#6295 = CARTESIAN_POINT ( 'NONE',  ( 1.299999999999998700, 3.879955262170047700, 1.300000000000001200 ) ) ;
#6296 = AXIS2_PLACEMENT_3D ( 'NONE', #5654, #24, #9631 ) ;
#6297 = DIRECTION ( 'NONE',  ( -1.000000000000000000, 0.0000000000000000000, -1.927470528863119300E-016 ) ) ;
#6298 = VECTOR ( 'NONE', #6895, 1000.000000000000000 ) ;
#6299 = EDGE_CURVE ( 'NONE', #4631, #2195, #5682, .T. ) ;
#6300 = VECTOR ( 'NONE', #10807, 1000.000000000000000 ) ;
#6301 = ORIENTED_EDGE ( 'NONE', *, *, #11842, .F. ) ;
#6302 = DIRECTION ( 'NONE',  ( 1.000000000000000000, -0.0000000000000000000, 0.0000000000000000000 ) ) ;
#6303 = ORIENTED_EDGE ( 'NONE', *, *, #2439, .F. ) ;
#6304 = DIRECTION ( 'NONE',  ( -0.0000000000000000000, 0.0000000000000000000, -1.000000000000000000 ) ) ;
#6305 = ADVANCED_FACE ( 'NONE', ( #10520 ), #5194, .F. ) ;
#6306 = SURFACE_SIDE_STYLE ('',( #11088 ) ) ;
#6307 = VECTOR ( 'NONE', #5559, 1000.000000000000000 ) ;
#6308 = CARTESIAN_POINT ( 'NONE',  ( -0.4100000000000002000, 0.2030000000000000100, -1.650000000000000100 ) ) ;
#6309 = LINE ( 'NONE', #9648, #7943 ) ;
#6310 = CARTESIAN_POINT ( 'NONE',  ( -0.7849999999999995900, 0.04999999999999969700, -2.000000000000000400 ) ) ;
#6311 = ORIENTED_EDGE ( 'NONE', *, *, #12012, .T. ) ;
#6312 = DIRECTION ( 'NONE',  ( -0.0000000000000000000, -1.000000000000000000, -0.0000000000000000000 ) ) ;
#6313 = ORIENTED_EDGE ( 'NONE', *, *, #7007, .F. ) ;
#6314 = EDGE_CURVE ( 'NONE', #258, #11314, #8680, .T. ) ;
#6315 = CARTESIAN_POINT ( 'NONE',  ( -0.1149999999999996600, 0.2030000000000000100, 1.725000000000001200 ) ) ;
#6316 = LINE ( 'NONE', #1093, #3783 ) ;
#6317 =( NAMED_UNIT ( * ) SI_UNIT ( $, .STERADIAN. ) SOLID_ANGLE_UNIT ( ) );
#6318 = DIRECTION ( 'NONE',  ( -1.000000000000000000, 0.0000000000000000000, 0.0000000000000000000 ) ) ;
#6319 = DIRECTION ( 'NONE',  ( 0.0000000000000000000, 0.0000000000000000000, 1.000000000000000000 ) ) ;
#6320 = CARTESIAN_POINT ( 'NONE',  ( 1.310000000000000500, 0.6218078318274392600, 1.725000000000000800 ) ) ;
#6321 = DIRECTION ( 'NONE',  ( 0.0000000000000000000, 1.000000000000000000, 0.0000000000000000000 ) ) ;
#6322 = DIRECTION ( 'NONE',  ( -0.0000000000000000000, -1.000000000000000000, -0.0000000000000000000 ) ) ;
#6323 = MECHANICAL_DESIGN_GEOMETRIC_PRESENTATION_REPRESENTATION (  '', ( #3116 ), #3769 ) ;
#6324 = ORIENTED_EDGE ( 'NONE', *, *, #10776, .T. ) ;
#6325 = LINE ( 'NONE', #1260, #1390 ) ;
#6326 = STYLED_ITEM ( 'NONE', ( #660 ), #3836 ) ;
#6327 = CARTESIAN_POINT ( 'NONE',  ( 2.000000000000000900, 0.04999999999999969700, -1.014999999999999900 ) ) ;
#6328 = FACE_OUTER_BOUND ( 'NONE', #3063, .T. ) ;
#6329 = VECTOR ( 'NONE', #3042, 1000.000000000000000 ) ;
#6330 = CARTESIAN_POINT ( 'NONE',  ( 1.310000000000000500, 0.2030000000000000100, 1.725000000000000800 ) ) ;
#6331 = EDGE_CURVE ( 'NONE', #3647, #10555, #4502, .T. ) ;
#6332 = DIRECTION ( 'NONE',  ( -1.000000000000000000, 0.0000000000000000000, -0.0000000000000000000 ) ) ;
#6333 = EDGE_LOOP ( 'NONE', ( #760, #4854, #485, #8995 ) ) ;
#6334 = ORIENTED_EDGE ( 'NONE', *, *, #9515, .T. ) ;
#6335 = DIRECTION ( 'NONE',  ( 0.0000000000000000000, 0.0000000000000000000, -1.000000000000000000 ) ) ;
#6336 = VECTOR ( 'NONE', #4684, 1000.000000000000000 ) ;
#6337 = DIRECTION ( 'NONE',  ( 1.000000000000000000, 0.0000000000000000000, -0.0000000000000000000 ) ) ;
#6338 = EDGE_CURVE ( 'NONE', #6425, #4019, #915, .T. ) ;
#6339 = CYLINDRICAL_SURFACE ( 'NONE', #10921, 0.07499999999999998300 ) ;
#6340 = DIRECTION ( 'NONE',  ( -0.0000000000000000000, -0.0000000000000000000, 1.000000000000000000 ) ) ;
#6341 = AXIS2_PLACEMENT_3D ( 'NONE', #5709, #126, #82 ) ;
#6342 = DIRECTION ( 'NONE',  ( 0.0000000000000000000, 0.0000000000000000000, -1.000000000000000000 ) ) ;
#6343 = PLANE ( 'NONE',  #3186 ) ;
#6344 = ORIENTED_EDGE ( 'NONE', *, *, #5098, .F. ) ;
#6345 = EDGE_CURVE ( 'NONE', #749, #3813, #2227, .T. ) ;
#6346 = ORIENTED_EDGE ( 'NONE', *, *, #7339, .F. ) ;
#6347 = VECTOR ( 'NONE', #4691, 1000.000000000000000 ) ;
#6348 = DIRECTION ( 'NONE',  ( 0.0000000000000000000, -1.000000000000000000, 0.0000000000000000000 ) ) ;
#6349 = LINE ( 'NONE', #3996, #11729 ) ;
#6350 = DIRECTION ( 'NONE',  ( 0.0000000000000000000, 1.000000000000000000, 0.0000000000000000000 ) ) ;
#6351 = CIRCLE ( 'NONE', #12023, 0.07500000000000019200 ) ;
#6352 = PLANE ( 'NONE',  #4420 ) ;
#6353 = ORIENTED_EDGE ( 'NONE', *, *, #4137, .F. ) ;
#6354 = ORIENTED_EDGE ( 'NONE', *, *, #2117, .T. ) ;
#6355 = CARTESIAN_POINT ( 'NONE',  ( -0.8600000000000002100, 0.6218078318274390400, -1.650000000000000100 ) ) ;
#6356 = ORIENTED_EDGE ( 'NONE', *, *, #6391, .F. ) ;
#6357 = PLANE ( 'NONE',  #12293 ) ;
#6358 = DIRECTION ( 'NONE',  ( -0.0000000000000000000, -1.000000000000000000, -0.0000000000000000000 ) ) ;
#6359 = ORIENTED_EDGE ( 'NONE', *, *, #5037, .T. ) ;
#6360 = CARTESIAN_POINT ( 'NONE',  ( 1.310000000000000100, 0.2030000000000000100, -1.725000000000000300 ) ) ;
#6361 = DIRECTION ( 'NONE',  ( -0.0000000000000000000, -1.000000000000000000, -0.0000000000000000000 ) ) ;
#6362 = ADVANCED_FACE ( 'NONE', ( #315 ), #11728, .F. ) ;
#6363 = DIRECTION ( 'NONE',  ( 0.0000000000000000000, 0.0000000000000000000, 1.000000000000000000 ) ) ;
#6364 = CARTESIAN_POINT ( 'NONE',  ( -1.465000000000000100, 0.2030000000000000100, -2.000000000000000400 ) ) ;
#6365 = ORIENTED_EDGE ( 'NONE', *, *, #6172, .T. ) ;
#6366 = EDGE_CURVE ( 'NONE', #5719, #6292, #7472, .T. ) ;
#6367 = LINE ( 'NONE', #9580, #1728 ) ;
#6368 = CARTESIAN_POINT ( 'NONE',  ( 1.234999999999999900, 0.0000000000000000000, -1.725000000000000300 ) ) ;
#6369 = EDGE_CURVE ( 'NONE', #11755, #10059, #5095, .T. ) ;
#6370 = VECTOR ( 'NONE', #6466, 1000.000000000000000 ) ;
#6371 = DIRECTION ( 'NONE',  ( -7.885106708985485100E-016, -0.0000000000000000000, 1.000000000000000000 ) ) ;
#6372 = VERTEX_POINT ( 'NONE', #609 ) ;
#6373 = VECTOR ( 'NONE', #11096, 1000.000000000000000 ) ;
#6374 = SURFACE_STYLE_USAGE ( .BOTH. , #6420 ) ;
#6375 = VERTEX_POINT ( 'NONE', #10048 ) ;
#6376 = VECTOR ( 'NONE', #8486, 1000.000000000000000 ) ;
#6377 = ORIENTED_EDGE ( 'NONE', *, *, #8801, .T. ) ;
#6378 = VECTOR ( 'NONE', #8163, 1000.000000000000000 ) ;
#6379 = ADVANCED_FACE ( 'NONE', ( #1937 ), #11941, .F. ) ;
#6380 = ORIENTED_EDGE ( 'NONE', *, *, #7191, .T. ) ;
#6381 = VECTOR ( 'NONE', #6084, 1000.000000000000000 ) ;
#6382 = CARTESIAN_POINT ( 'NONE',  ( 1.725000000000000800, 0.0000000000000000000, 0.03999999999999967500 ) ) ;
#6383 = EDGE_LOOP ( 'NONE', ( #2943, #554, #8935, #11612 ) ) ;
#6384 = CARTESIAN_POINT ( 'NONE',  ( -1.725000000000000800, 0.0000000000000000000, 0.5649999999999999500 ) ) ;
#6385 = EDGE_LOOP ( 'NONE', ( #7870, #8259, #6824, #983, #7066, #11783 ) ) ;
#6386 = AXIS2_PLACEMENT_3D ( 'NONE', #3643, #11270, #10370 ) ;
#6387 = ORIENTED_EDGE ( 'NONE', *, *, #6594, .T. ) ;
#6388 = ORIENTED_EDGE ( 'NONE', *, *, #10847, .F. ) ;
#6389 = EDGE_LOOP ( 'NONE', ( #6226, #8141, #8514, #1750, #7521 ) ) ;
#6390 = PLANE ( 'NONE',  #3791 ) ;
#6391 = EDGE_CURVE ( 'NONE', #8070, #10007, #5826, .T. ) ;
#6392 = VECTOR ( 'NONE', #5208, 1000.000000000000000 ) ;
#6393 = ORIENTED_EDGE ( 'NONE', *, *, #11430, .F. ) ;
#6394 = ORIENTED_EDGE ( 'NONE', *, *, #245, .T. ) ;
#6395 = CARTESIAN_POINT ( 'NONE',  ( -1.650000000000000800, 0.0000000000000000000, -0.4099999999999999800 ) ) ;
#6396 = CARTESIAN_POINT ( 'NONE',  ( 1.650000000000000800, 0.6218078318274388200, -0.04000000000000032000 ) ) ;
#6397 = ORIENTED_EDGE ( 'NONE', *, *, #10800, .T. ) ;
#6398 = AXIS2_PLACEMENT_3D ( 'NONE', #2862, #3823, #1814 ) ;
#6399 = VECTOR ( 'NONE', #5160, 1000.000000000000000 ) ;
#6400 = DIRECTION ( 'NONE',  ( -1.000000000000000000, 0.0000000000000000000, -0.0000000000000000000 ) ) ;
#6401 = PLANE ( 'NONE',  #718 ) ;
#6402 = AXIS2_PLACEMENT_3D ( 'NONE', #1820, #1856, #7630 ) ;
#6403 = DIRECTION ( 'NONE',  ( 0.0000000000000000000, -0.0000000000000000000, -1.000000000000000000 ) ) ;
#6404 = CIRCLE ( 'NONE', #4803, 0.07500000000000019200 ) ;
#6405 = DIRECTION ( 'NONE',  ( -0.0000000000000000000, -0.0000000000000000000, 1.000000000000000000 ) ) ;
#6406 = LINE ( 'NONE', #42, #5209 ) ;
#6407 = ORIENTED_EDGE ( 'NONE', *, *, #5130, .T. ) ;
#6408 = ORIENTED_EDGE ( 'NONE', *, *, #890, .T. ) ;
#6409 = CARTESIAN_POINT ( 'NONE',  ( 0.04000000000000010500, 0.6218078318274392600, 1.650000000000000800 ) ) ;
#6410 = DIRECTION ( 'NONE',  ( 1.000000000000000000, 0.0000000000000000000, 1.577021341797097000E-015 ) ) ;
#6411 = EDGE_CURVE ( 'NONE', #6976, #12271, #757, .T. ) ;
#6412 = ORIENTED_EDGE ( 'NONE', *, *, #6128, .T. ) ;
#6413 = PLANE ( 'NONE',  #4556 ) ;
#6414 = VERTEX_POINT ( 'NONE', #12062 ) ;
#6415 = ORIENTED_EDGE ( 'NONE', *, *, #11563, .T. ) ;
#6416 = CARTESIAN_POINT ( 'NONE',  ( -1.015000000000000600, 0.2030000000000000100, -1.725000000000000300 ) ) ;
#6417 = FACE_OUTER_BOUND ( 'NONE', #9608, .T. ) ;
#6418 = DIRECTION ( 'NONE',  ( -0.0000000000000000000, -1.000000000000000000, -0.0000000000000000000 ) ) ;
#6419 = LINE ( 'NONE', #157, #601 ) ;
#6420 = SURFACE_SIDE_STYLE ('',( #7340 ) ) ;
#6421 = VECTOR ( 'NONE', #972, 1000.000000000000000 ) ;
#6422 = ORIENTED_EDGE ( 'NONE', *, *, #4564, .T. ) ;
#6423 = DIRECTION ( 'NONE',  ( -0.0000000000000000000, 0.0000000000000000000, 1.000000000000000000 ) ) ;
#6424 = EDGE_CURVE ( 'NONE', #6215, #5471, #8065, .T. ) ;
#6425 = VERTEX_POINT ( 'NONE', #1522 ) ;
#6426 = ORIENTED_EDGE ( 'NONE', *, *, #8773, .T. ) ;
#6427 = ORIENTED_EDGE ( 'NONE', *, *, #8948, .T. ) ;
#6428 = DIRECTION ( 'NONE',  ( 0.0000000000000000000, 0.0000000000000000000, 1.000000000000000000 ) ) ;
#6429 = EDGE_CURVE ( 'NONE', #11379, #9081, #3897, .T. ) ;
#6430 = PRESENTATION_STYLE_ASSIGNMENT (( #2556 ) ) ;
#6431 = LINE ( 'NONE', #12200, #2688 ) ;
#6432 = ADVANCED_FACE ( 'NONE', ( #8370 ), #2463, .T. ) ;
#6433 = CARTESIAN_POINT ( 'NONE',  ( -2.000000000000000900, 0.0000000000000000000, 1.465000000000000100 ) ) ;
#6434 = VECTOR ( 'NONE', #1637, 1000.000000000000000 ) ;
#6435 = PLANE ( 'NONE',  #5938 ) ;
#6436 = VERTEX_POINT ( 'NONE', #4374 ) ;
#6437 = VERTEX_POINT ( 'NONE', #3383 ) ;
#6438 = DIRECTION ( 'NONE',  ( -0.0000000000000000000, -1.000000000000000000, -0.0000000000000000000 ) ) ;
#6439 = EDGE_LOOP ( 'NONE', ( #7800, #7251, #5614, #7133 ) ) ;
#6440 = MANIFOLD_SOLID_BREP ( 'LPattern3[3]', #506 ) ;
#6441 = AXIS2_PLACEMENT_3D ( 'NONE', #4068, #7804, #8737 ) ;
#6442 = DIRECTION ( 'NONE',  ( 1.577021341797097400E-015, 0.0000000000000000000, -1.000000000000000000 ) ) ;
#6443 = DIRECTION ( 'NONE',  ( 0.0000000000000000000, 0.0000000000000000000, 1.000000000000000000 ) ) ;
#6444 = ORIENTED_EDGE ( 'NONE', *, *, #6467, .T. ) ;
#6445 = VECTOR ( 'NONE', #11344, 1000.000000000000000 ) ;
#6446 = DIRECTION ( 'NONE',  ( 1.000000000000000000, 0.0000000000000000000, 0.0000000000000000000 ) ) ;
#6447 = VECTOR ( 'NONE', #9234, 1000.000000000000000 ) ;
#6448 = ORIENTED_EDGE ( 'NONE', *, *, #6765, .T. ) ;
#6449 = EDGE_CURVE ( 'NONE', #3660, #8070, #3751, .T. ) ;
#6450 = ADVANCED_FACE ( 'NONE', ( #160 ), #6288, .F. ) ;
#6451 = EDGE_CURVE ( 'NONE', #11735, #6716, #1204, .T. ) ;
#6452 = DIRECTION ( 'NONE',  ( 0.0000000000000000000, -1.000000000000000000, 0.0000000000000000000 ) ) ;
#6453 = ORIENTED_EDGE ( 'NONE', *, *, #8586, .F. ) ;
#6454 = DIRECTION ( 'NONE',  ( 0.0000000000000000000, 0.0000000000000000000, 1.000000000000000000 ) ) ;
#6455 = CARTESIAN_POINT ( 'NONE',  ( -2.000000000000000900, 0.2030000000000000100, -0.3350000000000000200 ) ) ;
#6456 = CIRCLE ( 'NONE', #5336, 0.07499999999999998300 ) ;
#6457 = PLANE ( 'NONE',  #1679 ) ;
#6458 = CIRCLE ( 'NONE', #5263, 0.07499999999999998300 ) ;
#6459 = DIRECTION ( 'NONE',  ( 0.0000000000000000000, -1.000000000000000000, 0.0000000000000000000 ) ) ;
#6460 = LINE ( 'NONE', #7082, #8855 ) ;
#6461 = DIRECTION ( 'NONE',  ( 0.0000000000000000000, 0.0000000000000000000, -1.000000000000000000 ) ) ;
#6462 = CARTESIAN_POINT ( 'NONE',  ( -0.8600000000000002100, 0.2030000000000000100, -1.725000000000000300 ) ) ;
#6463 = AXIS2_PLACEMENT_3D ( 'NONE', #3050, #8758, #7909 ) ;
#6464 = DIRECTION ( 'NONE',  ( 0.0000000000000000000, -0.0000000000000000000, 1.000000000000000000 ) ) ;
#6465 = EDGE_LOOP ( 'NONE', ( #10207, #11640, #2323, #2605, #7839 ) ) ;
#6466 = DIRECTION ( 'NONE',  ( -0.0000000000000000000, -1.000000000000000000, -0.0000000000000000000 ) ) ;
#6467 = EDGE_CURVE ( 'NONE', #12146, #3729, #11111, .T. ) ;
#6468 = LINE ( 'NONE', #1654, #7494 ) ;
#6469 = LINE ( 'NONE', #11590, #3930 ) ;
#6470 = CARTESIAN_POINT ( 'NONE',  ( -1.725000000000000800, 0.2030000000000000100, 0.4099999999999999800 ) ) ;
#6471 = DIRECTION ( 'NONE',  ( 0.0000000000000000000, 0.0000000000000000000, -1.000000000000000000 ) ) ;
#6472 = ORIENTED_EDGE ( 'NONE', *, *, #6923, .F. ) ;
#6473 = DIRECTION ( 'NONE',  ( 0.0000000000000000000, 1.000000000000000000, 0.0000000000000000000 ) ) ;
#6474 = VECTOR ( 'NONE', #11485, 1000.000000000000000 ) ;
#6475 = ADVANCED_FACE ( 'NONE', ( #1049 ), #3475, .T. ) ;
#6476 = CARTESIAN_POINT ( 'NONE',  ( -1.389999999999999700, 0.2030000000000000100, 1.725000000000000800 ) ) ;
#6477 = VECTOR ( 'NONE', #4655, 1000.000000000000000 ) ;
#6478 = AXIS2_PLACEMENT_3D ( 'NONE', #10412, #4611, #7397 ) ;
#6479 = CYLINDRICAL_SURFACE ( 'NONE', #7439, 0.07499999999999998300 ) ;
#6480 = DIRECTION ( 'NONE',  ( -0.0000000000000000000, -1.000000000000000000, -0.0000000000000000000 ) ) ;
#6481 = SURFACE_SIDE_STYLE ('',( #4445 ) ) ;
#6482 = EDGE_CURVE ( 'NONE', #3879, #3747, #10808, .T. ) ;
#6483 = ORIENTED_EDGE ( 'NONE', *, *, #7846, .T. ) ;
#6484 = VERTEX_POINT ( 'NONE', #4531 ) ;
#6485 = PLANE ( 'NONE',  #1314 ) ;
#6486 = CARTESIAN_POINT ( 'NONE',  ( -1.234999999999999700, 0.2030000000000000100, 1.725000000000001200 ) ) ;
#6487 = CARTESIAN_POINT ( 'NONE',  ( -0.8600000000000002100, 0.2030000000000000100, -1.725000000000000300 ) ) ;
#6488 = CIRCLE ( 'NONE', #11007, 0.07499999999999998300 ) ;
#6489 = DIRECTION ( 'NONE',  ( 0.0000000000000000000, -1.000000000000000000, 0.0000000000000000000 ) ) ;
#6490 = CARTESIAN_POINT ( 'NONE',  ( 1.805000000000000600, 0.6218078318274388200, -1.465000000000000100 ) ) ;
#6491 = VECTOR ( 'NONE', #10346, 1000.000000000000000 ) ;
#6492 = ADVANCED_FACE ( 'NONE', ( #10217 ), #9614, .F. ) ;
#6493 = CARTESIAN_POINT ( 'NONE',  ( 2.000000000000000900, 0.04999999999999991300, -0.5649999999999999500 ) ) ;
#6494 = AXIS2_PLACEMENT_3D ( 'NONE', #10321, #12273, #4557 ) ;
#6495 = DIRECTION ( 'NONE',  ( 0.0000000000000000000, -0.0000000000000000000, 1.000000000000000000 ) ) ;
#6496 = AXIS2_PLACEMENT_3D ( 'NONE', #9442, #2753, #10450 ) ;
#6497 = ORIENTED_EDGE ( 'NONE', *, *, #11829, .F. ) ;
#6498 = ORIENTED_EDGE ( 'NONE', *, *, #3777, .F. ) ;
#6499 = LINE ( 'NONE', #11029, #8437 ) ;
#6500 = EDGE_CURVE ( 'NONE', #5477, #6142, #4795, .T. ) ;
#6501 = CIRCLE ( 'NONE', #2481, 0.07499999999999998300 ) ;
#6502 = DIRECTION ( 'NONE',  ( -0.0000000000000000000, -1.000000000000000000, -0.0000000000000000000 ) ) ;
#6503 = VECTOR ( 'NONE', #10129, 1000.000000000000000 ) ;
#6504 = ADVANCED_FACE ( 'NONE', ( #2543 ), #4642, .T. ) ;
#6505 = ORIENTED_EDGE ( 'NONE', *, *, #11031, .F. ) ;
#6506 = ORIENTED_EDGE ( 'NONE', *, *, #1290, .F. ) ;
#6507 = PLANE ( 'NONE',  #12042 ) ;
#6508 = ORIENTED_EDGE ( 'NONE', *, *, #7315, .T. ) ;
#6509 = VECTOR ( 'NONE', #8591, 1000.000000000000000 ) ;
#6510 = CARTESIAN_POINT ( 'NONE',  ( -1.725000000000000800, 0.6218078318274388200, 0.1150000000000000900 ) ) ;
#6511 = MECHANICAL_DESIGN_GEOMETRIC_PRESENTATION_REPRESENTATION (  '', ( #1790 ), #3048 ) ;
#6512 = CLOSED_SHELL ( 'NONE', ( #11845, #1948, #3400, #7596, #1488, #4617, #11448, #3190 ) ) ;
#6513 = CIRCLE ( 'NONE', #11227, 0.07499999999999998300 ) ;
#6514 = CARTESIAN_POINT ( 'NONE',  ( -1.310000000000000300, 0.2030000000000000100, -1.725000000000000300 ) ) ;
#6515 = CARTESIAN_POINT ( 'NONE',  ( -1.014999999999999900, 0.2030000000000000100, 2.000000000000000400 ) ) ;
#6516 = EDGE_CURVE ( 'NONE', #125, #7554, #3136, .T. ) ;
#6517 = ORIENTED_EDGE ( 'NONE', *, *, #1808, .F. ) ;
#6518 = VERTEX_POINT ( 'NONE', #11240 ) ;
#6519 = LINE ( 'NONE', #7938, #11480 ) ;
#6520 = ORIENTED_EDGE ( 'NONE', *, *, #4092, .T. ) ;
#6521 = CARTESIAN_POINT ( 'NONE',  ( -1.014999999999999900, 0.0000000000000000000, 2.000000000000000400 ) ) ;
#6522 = APPLICATION_CONTEXT ( 'automotive_design' ) ;
#6523 = VERTEX_POINT ( 'NONE', #643 ) ;
#6524 = DIRECTION ( 'NONE',  ( 1.000000000000000000, -0.0000000000000000000, -0.0000000000000000000 ) ) ;
#6525 = EDGE_LOOP ( 'NONE', ( #6530, #1896, #6775, #7602 ) ) ;
#6526 = VECTOR ( 'NONE', #5900, 1000.000000000000000 ) ;
#6527 = VECTOR ( 'NONE', #5617, 1000.000000000000000 ) ;
#6528 = DIRECTION ( 'NONE',  ( -0.0000000000000000000, -1.000000000000000000, -0.0000000000000000000 ) ) ;
#6529 = CARTESIAN_POINT ( 'NONE',  ( 1.235000000000000300, 0.2030000000000000100, 1.725000000000001200 ) ) ;
#6530 = ORIENTED_EDGE ( 'NONE', *, *, #2560, .F. ) ;
#6531 = AXIS2_PLACEMENT_3D ( 'NONE', #5633, #11348, #6600 ) ;
#6532 = ORIENTED_EDGE ( 'NONE', *, *, #6449, .T. ) ;
#6533 = CARTESIAN_POINT ( 'NONE',  ( -1.650000000000000800, 0.2030000000000001000, 0.4899999999999999900 ) ) ;
#6534 = EDGE_CURVE ( 'NONE', #10391, #2623, #7011, .T. ) ;
#6535 = AXIS2_PLACEMENT_3D ( 'NONE', #556, #4364, #11076 ) ;
#6536 = EDGE_CURVE ( 'NONE', #3757, #2765, #4348, .T. ) ;
#6537 = VECTOR ( 'NONE', #4315, 1000.000000000000000 ) ;
#6538 = PLANE ( 'NONE',  #632 ) ;
#6539 = ADVANCED_FACE ( 'NONE', ( #8218 ), #6485, .F. ) ;
#6540 = VERTEX_POINT ( 'NONE', #1716 ) ;
#6541 = CARTESIAN_POINT ( 'NONE',  ( -0.7849999999999995900, 0.04999999999999999600, 1.725000000000001200 ) ) ;
#6542 = FACE_OUTER_BOUND ( 'NONE', #11878, .T. ) ;
#6543 = FACE_OUTER_BOUND ( 'NONE', #4894, .T. ) ;
#6544 = VERTEX_POINT ( 'NONE', #12104 ) ;
#6545 = ORIENTED_EDGE ( 'NONE', *, *, #6029, .T. ) ;
#6546 = CARTESIAN_POINT ( 'NONE',  ( 1.725000000000000800, 0.05000000000000002400, 0.03999999999999967500 ) ) ;
#6547 = ORIENTED_EDGE ( 'NONE', *, *, #2779, .F. ) ;
#6548 = LINE ( 'NONE', #9058, #3565 ) ;
#6549 = AXIS2_PLACEMENT_3D ( 'NONE', #10557, #11456, #5666 ) ;
#6550 = VECTOR ( 'NONE', #6948, 1000.000000000000000 ) ;
#6551 = CARTESIAN_POINT ( 'NONE',  ( 0.5649999999999997200, 0.6218078318274392600, -1.725000000000000300 ) ) ;
#6552 = FACE_OUTER_BOUND ( 'NONE', #1265, .T. ) ;
#6553 = ORIENTED_EDGE ( 'NONE', *, *, #11727, .F. ) ;
#6554 = AXIS2_PLACEMENT_3D ( 'NONE', #3775, #10618, #6685 ) ;
#6555 = DIRECTION ( 'NONE',  ( 0.0000000000000000000, -1.000000000000000000, 0.0000000000000000000 ) ) ;
#6556 = ADVANCED_FACE ( 'NONE', ( #1498 ), #12283, .F. ) ;
#6557 = ORIENTED_EDGE ( 'NONE', *, *, #7355, .F. ) ;
#6558 = DIRECTION ( 'NONE',  ( -1.577021341797097000E-015, 0.0000000000000000000, 1.000000000000000000 ) ) ;
#6559 = EDGE_LOOP ( 'NONE', ( #2053, #3925, #11969, #3109 ) ) ;
#6560 = ORIENTED_EDGE ( 'NONE', *, *, #10206, .T. ) ;
#6561 = EDGE_CURVE ( 'NONE', #11758, #11663, #12290, .T. ) ;
#6562 = VECTOR ( 'NONE', #11454, 1000.000000000000100 ) ;
#6563 = LINE ( 'NONE', #7110, #12415 ) ;
#6564 = VECTOR ( 'NONE', #256, 1000.000000000000000 ) ;
#6565 = CARTESIAN_POINT ( 'NONE',  ( 0.7850000000000001400, 0.2030000000000001000, 2.000000000000000400 ) ) ;
#6566 = ORIENTED_EDGE ( 'NONE', *, *, #8534, .F. ) ;
#6567 =( NAMED_UNIT ( * ) SI_UNIT ( $, .STERADIAN. ) SOLID_ANGLE_UNIT ( ) );
#6568 = DIRECTION ( 'NONE',  ( 0.0000000000000000000, 0.0000000000000000000, -1.000000000000000000 ) ) ;
#6569 = ORIENTED_EDGE ( 'NONE', *, *, #3578, .T. ) ;
#6570 = VERTEX_POINT ( 'NONE', #725 ) ;
#6571 = ORIENTED_EDGE ( 'NONE', *, *, #9981, .T. ) ;
#6572 = ADVANCED_FACE ( 'NONE', ( #603 ), #1766, .T. ) ;
#6573 = CARTESIAN_POINT ( 'NONE',  ( 1.465000000000001000, 0.04999999999999969700, 2.000000000000000400 ) ) ;
#6574 = FILL_AREA_STYLE_COLOUR ( '', #11361 ) ;
#6575 = CYLINDRICAL_SURFACE ( 'NONE', #5442, 0.07499999999999998300 ) ;
#6576 = EDGE_CURVE ( 'NONE', #3716, #2489, #9762, .T. ) ;
#6577 = VECTOR ( 'NONE', #3609, 1000.000000000000000 ) ;
#6578 = DIRECTION ( 'NONE',  ( 0.0000000000000000000, 1.000000000000000000, 0.0000000000000000000 ) ) ;
#6579 = CARTESIAN_POINT ( 'NONE',  ( 0.3349999999999998000, 0.6218078318274392600, -2.000000000000000400 ) ) ;
#6580 = VERTEX_POINT ( 'NONE', #768 ) ;
#6581 = DIRECTION ( 'NONE',  ( 0.0000000000000000000, 0.0000000000000000000, -1.000000000000000000 ) ) ;
#6582 = ORIENTED_EDGE ( 'NONE', *, *, #619, .F. ) ;
#6583 = DIRECTION ( 'NONE',  ( -1.000000000000000000, 0.0000000000000000000, -0.0000000000000000000 ) ) ;
#6584 = CLOSED_SHELL ( 'NONE', ( #11772, #6016, #11279, #12157, #6539, #8864, #10345, #8891 ) ) ;
#6585 = FACE_OUTER_BOUND ( 'NONE', #7778, .T. ) ;
#6586 = ORIENTED_EDGE ( 'NONE', *, *, #1464, .F. ) ;
#6587 = CARTESIAN_POINT ( 'NONE',  ( 1.999999999999999100, 0.05000000000000000300, 1.999999999999999600 ) ) ;
#6589 = EDGE_CURVE ( 'NONE', #11984, #11663, #10793, .T. ) ;
#6588 = CIRCLE ( 'NONE', #324, 0.07499999999999998300 ) ;
#6590 = FACE_OUTER_BOUND ( 'NONE', #11181, .T. ) ;
#6591 = ORIENTED_EDGE ( 'NONE', *, *, #2178, .F. ) ;
#6592 = ORIENTED_EDGE ( 'NONE', *, *, #8090, .F. ) ;
#6593 = MANIFOLD_SOLID_BREP ( 'Cut-Extrude5[2]', #6892 ) ;
#6594 = EDGE_CURVE ( 'NONE', #1059, #955, #9455, .T. ) ;
#6595 = CARTESIAN_POINT ( 'NONE',  ( -1.725000000000000800, 0.6218078318274388200, -0.3350000000000000200 ) ) ;
#6596 = FILL_AREA_STYLE ('',( #3718 ) ) ;
#6597 = LINE ( 'NONE', #6455, #2236 ) ;
#6598 = ADVANCED_FACE ( 'NONE', ( #10203 ), #10454, .F. ) ;
#6599 = VECTOR ( 'NONE', #8650, 1000.000000000000000 ) ;
#6600 = DIRECTION ( 'NONE',  ( -1.000000000000000000, 0.0000000000000000000, 5.782411586589359600E-016 ) ) ;
#6601 = ORIENTED_EDGE ( 'NONE', *, *, #10939, .T. ) ;
#6602 = AXIS2_PLACEMENT_3D ( 'NONE', #1823, #5588, #756 ) ;
#6603 =( NAMED_UNIT ( * ) SI_UNIT ( $, .STERADIAN. ) SOLID_ANGLE_UNIT ( ) );
#6604 = CARTESIAN_POINT ( 'NONE',  ( 0.3350000000000002400, 0.2030000000000000100, 2.000000000000000400 ) ) ;
#6605 = EDGE_CURVE ( 'NONE', #11206, #6523, #11981, .T. ) ;
#6606 = CIRCLE ( 'NONE', #9868, 0.07499999999999998300 ) ;
#6607 = EDGE_CURVE ( 'NONE', #1097, #11193, #1188, .T. ) ;
#6608 = DIRECTION ( 'NONE',  ( -1.577021341797097400E-015, 0.0000000000000000000, 1.000000000000000000 ) ) ;
#6609 = VECTOR ( 'NONE', #5629, 1000.000000000000000 ) ;
#6610 = DIRECTION ( 'NONE',  ( 1.000000000000000000, -0.0000000000000000000, 1.577021341797097400E-015 ) ) ;
#6611 = CARTESIAN_POINT ( 'NONE',  ( 0.5649999999999977300, 0.05000000000000000300, -8.910170581153590000E-016 ) ) ;
#6612 = CARTESIAN_POINT ( 'NONE',  ( 1.650000000000000800, 0.6218078318274387100, -0.8600000000000004300 ) ) ;
#6613 = VERTEX_POINT ( 'NONE', #9526 ) ;
#6614 = CARTESIAN_POINT ( 'NONE',  ( 1.999999999999999100, 0.2030000000000000700, -1.465000000000000100 ) ) ;
#6615 = FACE_OUTER_BOUND ( 'NONE', #6031, .T. ) ;
#6616 = CARTESIAN_POINT ( 'NONE',  ( -1.234999999999999200, 0.0000000000000000000, 2.000000000000000400 ) ) ;
#6617 = DIRECTION ( 'NONE',  ( 0.0000000000000000000, 0.0000000000000000000, -1.000000000000000000 ) ) ;
#6618 = VECTOR ( 'NONE', #2322, 1000.000000000000000 ) ;
#6619 = AXIS2_PLACEMENT_3D ( 'NONE', #3035, #2114, #8877 ) ;
#6620 = AXIS2_PLACEMENT_3D ( 'NONE', #7808, #5979, #9796 ) ;
#6621 = DIRECTION ( 'NONE',  ( -0.0000000000000000000, -0.0000000000000000000, 1.000000000000000000 ) ) ;
#6622 = ORIENTED_EDGE ( 'NONE', *, *, #10418, .F. ) ;
#6623 = ORIENTED_EDGE ( 'NONE', *, *, #6216, .T. ) ;
#6624 = ADVANCED_FACE ( 'NONE', ( #8668 ), #2802, .F. ) ;
#6625 = EDGE_CURVE ( 'NONE', #6889, #4723, #12126, .T. ) ;
#6626 = CYLINDRICAL_SURFACE ( 'NONE', #464, 0.07500000000000019200 ) ;
#6627 = LINE ( 'NONE', #11120, #10267 ) ;
#6628 = CARTESIAN_POINT ( 'NONE',  ( 1.464999999999997900, 0.05000000000000000300, -2.310336265732750700E-015 ) ) ;
#6629 = MECHANICAL_DESIGN_GEOMETRIC_PRESENTATION_REPRESENTATION (  '', ( #11152 ), #7266 ) ;
#6630 = DIRECTION ( 'NONE',  ( -0.0000000000000000000, -1.000000000000000000, -0.0000000000000000000 ) ) ;
#6631 = ORIENTED_EDGE ( 'NONE', *, *, #848, .T. ) ;
#6632 = ORIENTED_EDGE ( 'NONE', *, *, #11914, .T. ) ;
#6633 =( GEOMETRIC_REPRESENTATION_CONTEXT ( 3 ) GLOBAL_UNCERTAINTY_ASSIGNED_CONTEXT ( ( #3450 ) ) GLOBAL_UNIT_ASSIGNED_CONTEXT ( ( #622, #12416, #1691 ) ) REPRESENTATION_CONTEXT ( 'NONE', 'WORKASPACE' ) );
#6634 = VECTOR ( 'NONE', #640, 1000.000000000000000 ) ;
#6635 = CARTESIAN_POINT ( 'NONE',  ( 0.4899999999999997700, 0.6218078318274392600, -1.650000000000000400 ) ) ;
#6636 = LINE ( 'NONE', #7243, #2752 ) ;
#6637 = EDGE_CURVE ( 'NONE', #2775, #1783, #6865, .T. ) ;
#6638 = DIRECTION ( 'NONE',  ( 1.000000000000000000, -0.0000000000000000000, 0.0000000000000000000 ) ) ;
#6639 = DIRECTION ( 'NONE',  ( 1.577021341797102100E-015, 0.0000000000000000000, 1.000000000000000000 ) ) ;
#6640 = EDGE_LOOP ( 'NONE', ( #9444, #7726, #9259, #2677 ) ) ;
#6641 = DIRECTION ( 'NONE',  ( -1.000000000000000000, 0.0000000000000000000, -1.577021341797097400E-015 ) ) ;
#6642 = EDGE_LOOP ( 'NONE', ( #9177, #5106, #8015, #10786 ) ) ;
#6643 = LINE ( 'NONE', #5982, #1708 ) ;
#6644 =( NAMED_UNIT ( * ) SI_UNIT ( $, .STERADIAN. ) SOLID_ANGLE_UNIT ( ) );
#6645 = DIRECTION ( 'NONE',  ( -1.000000000000000000, 0.0000000000000000000, 0.0000000000000000000 ) ) ;
#6646 = DIRECTION ( 'NONE',  ( 0.0000000000000000000, 0.0000000000000000000, -1.000000000000000000 ) ) ;
#6647 = EDGE_CURVE ( 'NONE', #8849, #10045, #8204, .T. ) ;
#6648 = LINE ( 'NONE', #6612, #539 ) ;
#6649 = DIRECTION ( 'NONE',  ( -0.7071067811865474600, 0.0000000000000000000, 0.7071067811865474600 ) ) ;
#6650 = ADVANCED_FACE ( 'NONE', ( #3123 ), #1836, .F. ) ;
#6651 = STYLED_ITEM ( 'NONE', ( #10427 ), #4536 ) ;
#6652 = VERTEX_POINT ( 'NONE', #5760 ) ;
#6653 = ORIENTED_EDGE ( 'NONE', *, *, #12046, .T. ) ;
#6654 = VERTEX_POINT ( 'NONE', #7523 ) ;
#6655 = EDGE_CURVE ( 'NONE', #6142, #8607, #12431, .T. ) ;
#6656 = EDGE_LOOP ( 'NONE', ( #1328, #669, #4336, #4429 ) ) ;
#6657 = CARTESIAN_POINT ( 'NONE',  ( 1.234999999999999900, 0.0000000000000000000, -1.725000000000000300 ) ) ;
#6658 = ORIENTED_EDGE ( 'NONE', *, *, #8343, .T. ) ;
#6659 = DIRECTION ( 'NONE',  ( 7.885106708985486100E-016, 0.0000000000000000000, -1.000000000000000000 ) ) ;
#6660 = VECTOR ( 'NONE', #9238, 1000.000000000000000 ) ;
#6661 = VECTOR ( 'NONE', #656, 1000.000000000000000 ) ;
#6662 = CARTESIAN_POINT ( 'NONE',  ( -1.600000000000000800, 0.8000000000000000400, -1.800000000000000300 ) ) ;
#6663 = VERTEX_POINT ( 'NONE', #2756 ) ;
#6664 = VECTOR ( 'NONE', #8114, 1000.000000000000000 ) ;
#6665 = VERTEX_POINT ( 'NONE', #8536 ) ;
#6666 =( NAMED_UNIT ( * ) PLANE_ANGLE_UNIT ( ) SI_UNIT ( $, .RADIAN. ) );
#6667 = FACE_OUTER_BOUND ( 'NONE', #6275, .T. ) ;
#6668 = ORIENTED_EDGE ( 'NONE', *, *, #7696, .F. ) ;
#6669 = EDGE_CURVE ( 'NONE', #7367, #11726, #5967, .T. ) ;
#6670 = DIRECTION ( 'NONE',  ( -0.0000000000000000000, -1.000000000000000000, -0.0000000000000000000 ) ) ;
#6671 = LINE ( 'NONE', #10143, #4141 ) ;
#6672 = EDGE_CURVE ( 'NONE', #1424, #8069, #9602, .T. ) ;
#6673 = FACE_OUTER_BOUND ( 'NONE', #11075, .T. ) ;
#6674 = VERTEX_POINT ( 'NONE', #7647 ) ;
#6675 = ORIENTED_EDGE ( 'NONE', *, *, #11333, .T. ) ;
#6676 = ORIENTED_EDGE ( 'NONE', *, *, #7772, .T. ) ;
#6677 = VERTEX_POINT ( 'NONE', #6573 ) ;
#6678 = CARTESIAN_POINT ( 'NONE',  ( -0.1150000000000003000, 0.2030000000000000100, -1.725000000000000300 ) ) ;
#6679 = ADVANCED_FACE ( 'NONE', ( #6114 ), #9620, .F. ) ;
#6680 = FACE_OUTER_BOUND ( 'NONE', #1907, .T. ) ;
#6681 = LINE ( 'NONE', #1490, #8237 ) ;
#6682 = LINE ( 'NONE', #7079, #1309 ) ;
#6683 = ORIENTED_EDGE ( 'NONE', *, *, #8667, .F. ) ;
#6684 = ORIENTED_EDGE ( 'NONE', *, *, #8533, .F. ) ;
#6685 = DIRECTION ( 'NONE',  ( 0.0000000000000000000, 0.0000000000000000000, -1.000000000000000000 ) ) ;
#6686 = ORIENTED_EDGE ( 'NONE', *, *, #1263, .F. ) ;
#6687 = DIRECTION ( 'NONE',  ( -1.000000000000000000, 0.0000000000000000000, 0.0000000000000000000 ) ) ;
#6688 = CARTESIAN_POINT ( 'NONE',  ( 1.999999999999999100, 0.05000000000000000300, 1.999999999999999600 ) ) ;
#6689 = EDGE_CURVE ( 'NONE', #1125, #7753, #1789, .T. ) ;
#6690 = ORIENTED_EDGE ( 'NONE', *, *, #6429, .T. ) ;
#6691 = CARTESIAN_POINT ( 'NONE',  ( -1.725000000000000800, 0.6218078318274388200, -1.234999999999999900 ) ) ;
#6692 = EDGE_CURVE ( 'NONE', #11542, #8003, #8828, .T. ) ;
#6693 =( NAMED_UNIT ( * ) PLANE_ANGLE_UNIT ( ) SI_UNIT ( $, .RADIAN. ) );
#6694 = LINE ( 'NONE', #11320, #8960 ) ;
#6695 = VECTOR ( 'NONE', #482, 1000.000000000000000 ) ;
#6696 = LINE ( 'NONE', #9476, #12108 ) ;
#6697 = CARTESIAN_POINT ( 'NONE',  ( -0.7850000000000002500, 0.2030000000000000100, -1.725000000000000300 ) ) ;
#6698 = VERTEX_POINT ( 'NONE', #181 ) ;
#6699 = ORIENTED_EDGE ( 'NONE', *, *, #1741, .T. ) ;
#6700 = ORIENTED_EDGE ( 'NONE', *, *, #5285, .F. ) ;
#6701 = ORIENTED_EDGE ( 'NONE', *, *, #978, .T. ) ;
#6702 = VERTEX_POINT ( 'NONE', #8490 ) ;
#6703 = CARTESIAN_POINT ( 'NONE',  ( -1.234999999999999200, 0.6218078318274392600, 2.000000000000000400 ) ) ;
#6704 = CARTESIAN_POINT ( 'NONE',  ( -1.310000000000000300, 0.2030000000000000100, -1.725000000000000300 ) ) ;
#6705 = AXIS2_PLACEMENT_3D ( 'NONE', #3051, #5863, #73 ) ;
#6706 = PLANE ( 'NONE',  #7350 ) ;
#6707 = CARTESIAN_POINT ( 'NONE',  ( 0.4899999999999999900, 0.6218078318274392600, 1.650000000000000800 ) ) ;
#6708 = LINE ( 'NONE', #2006, #6256 ) ;
#6709 = VECTOR ( 'NONE', #1935, 1000.000000000000000 ) ;
#6710 = CARTESIAN_POINT ( 'NONE',  ( 1.464999999999999900, 0.2030000000000000100, -1.725000000000000300 ) ) ;
#6711 = SURFACE_STYLE_FILL_AREA ( #9448 ) ;
#6712 = EDGE_LOOP ( 'NONE', ( #2656, #5058, #8848, #2955 ) ) ;
#6713 = DIRECTION ( 'NONE',  ( 1.000000000000000000, -0.0000000000000000000, 7.885106708985486100E-016 ) ) ;
#6714 = VERTEX_POINT ( 'NONE', #9699 ) ;
#6715 = EDGE_CURVE ( 'NONE', #8739, #3827, #11819, .T. ) ;
#6716 = VERTEX_POINT ( 'NONE', #1169 ) ;
#6717 = ADVANCED_FACE ( 'NONE', ( #1631 ), #1987, .F. ) ;
#6718 = EDGE_LOOP ( 'NONE', ( #9864, #3983, #366, #1894 ) ) ;
#6719 = DIRECTION ( 'NONE',  ( 0.0000000000000000000, 0.0000000000000000000, -1.000000000000000000 ) ) ;
#6720 = VERTEX_POINT ( 'NONE', #3028 ) ;
#6721 = DIRECTION ( 'NONE',  ( 0.0000000000000000000, 0.0000000000000000000, -1.000000000000000000 ) ) ;
#6722 = PRESENTATION_STYLE_ASSIGNMENT (( #1566 ) ) ;
#6723 = AXIS2_PLACEMENT_3D ( 'NONE', #5198, #6064, #8974 ) ;
#6724 = EDGE_LOOP ( 'NONE', ( #9458, #8761, #2592, #6354 ) ) ;
#6725 = ORIENTED_EDGE ( 'NONE', *, *, #3796, .F. ) ;
#6726 = ORIENTED_EDGE ( 'NONE', *, *, #3685, .T. ) ;
#6727 = AXIS2_PLACEMENT_3D ( 'NONE', #5117, #4080, #11725 ) ;
#6728 = ORIENTED_EDGE ( 'NONE', *, *, #902, .T. ) ;
#6729 = CARTESIAN_POINT ( 'NONE',  ( -1.725000000000000800, 0.05000000000000002400, -0.4899999999999999900 ) ) ;
#6730 = CARTESIAN_POINT ( 'NONE',  ( 0.0000000000000000000, 0.05000000000000000300, -0.5649999999999999500 ) ) ;
#6731 = CARTESIAN_POINT ( 'NONE',  ( 0.7850000000000001400, 0.6218078318274392600, 2.000000000000000400 ) ) ;
#6732 = CARTESIAN_POINT ( 'NONE',  ( 0.0000000000000000000, 0.05000000000000000300, 0.1150000000000000900 ) ) ;
#6733 = EDGE_CURVE ( 'NONE', #2658, #4654, #4044, .T. ) ;
#6734 = ORIENTED_EDGE ( 'NONE', *, *, #11215, .F. ) ;
#6735 = VECTOR ( 'NONE', #5357, 1000.000000000000000 ) ;
#6736 = VECTOR ( 'NONE', #952, 1000.000000000000000 ) ;
#6737 = ORIENTED_EDGE ( 'NONE', *, *, #3812, .F. ) ;
#6738 = DIRECTION ( 'NONE',  ( 0.0000000000000000000, 0.0000000000000000000, -1.000000000000000000 ) ) ;
#6739 = ORIENTED_EDGE ( 'NONE', *, *, #8818, .T. ) ;
#6740 = MANIFOLD_SOLID_BREP ( 'Cut-Extrude5[4]', #4163 ) ;
#6741 = CARTESIAN_POINT ( 'NONE',  ( -1.234999999999999700, 0.6218078318274392600, -2.000000000000000400 ) ) ;
#6742 = CARTESIAN_POINT ( 'NONE',  ( 1.310000000000000500, 0.04999999999999999600, 1.725000000000000800 ) ) ;
#6743 = DIRECTION ( 'NONE',  ( 1.000000000000000000, -0.0000000000000000000, -0.0000000000000000000 ) ) ;
#6744 = VECTOR ( 'NONE', #3483, 1000.000000000000000 ) ;
#6745 = AXIS2_PLACEMENT_3D ( 'NONE', #7138, #9038, #2371 ) ;
#6746 = CARTESIAN_POINT ( 'NONE',  ( -1.465000000000001600, 0.05000000000000000300, -1.155168132866374900E-015 ) ) ;
#6747 = CYLINDRICAL_SURFACE ( 'NONE', #7815, 0.1999999999999998700 ) ;
#6748 = ADVANCED_FACE ( 'NONE', ( #4768 ), #10819, .T. ) ;
#6749 = FACE_OUTER_BOUND ( 'NONE', #6333, .T. ) ;
#6750 = CARTESIAN_POINT ( 'NONE',  ( 1.725000000000000800, 0.2030000000000001000, 0.5649999999999995000 ) ) ;
#6751 = CARTESIAN_POINT ( 'NONE',  ( -1.600000000000000800, 0.8000000000000000400, -1.600000000000000300 ) ) ;
#6752 = EDGE_CURVE ( 'NONE', #5792, #6813, #8815, .T. ) ;
#6753 = DIRECTION ( 'NONE',  ( 0.0000000000000000000, -1.000000000000000000, 0.0000000000000000000 ) ) ;
#6754 = ORIENTED_EDGE ( 'NONE', *, *, #10278, .T. ) ;
#6755 = DIRECTION ( 'NONE',  ( 1.577021341797101900E-015, -0.0000000000000000000, 1.000000000000000000 ) ) ;
#6756 = CARTESIAN_POINT ( 'NONE',  ( 1.310000000000000100, 0.2030000000000000100, -1.650000000000000100 ) ) ;
#6757 = CARTESIAN_POINT ( 'NONE',  ( 1.310000000000000500, 0.2030000000000000100, 1.650000000000000800 ) ) ;
#6758 = FACE_OUTER_BOUND ( 'NONE', #8144, .T. ) ;
#6759 = VECTOR ( 'NONE', #3031, 1000.000000000000000 ) ;
#6760 = LINE ( 'NONE', #9270, #11872 ) ;
#6761 = DIRECTION ( 'NONE',  ( 0.0000000000000000000, 1.000000000000000000, 0.0000000000000000000 ) ) ;
#6762 = EDGE_LOOP ( 'NONE', ( #9323, #5167, #1286, #2667 ) ) ;
#6763 = EDGE_CURVE ( 'NONE', #8551, #4762, #1780, .T. ) ;
#6764 = VERTEX_POINT ( 'NONE', #2995 ) ;
#6765 = EDGE_CURVE ( 'NONE', #10181, #8660, #1174, .T. ) ;
#6766 = VERTEX_POINT ( 'NONE', #5969 ) ;
#6767 = CARTESIAN_POINT ( 'NONE',  ( -2.000000000000000900, 0.0000000000000000000, 0.3350000000000000200 ) ) ;
#6768 = FACE_OUTER_BOUND ( 'NONE', #5287, .T. ) ;
#6769 = CARTESIAN_POINT ( 'NONE',  ( 0.8600000000000001000, 0.6218078318274392600, 1.650000000000000800 ) ) ;
#6770 = CARTESIAN_POINT ( 'NONE',  ( -1.725000000000000800, 0.6218078318274388200, 0.04000000000000010500 ) ) ;
#6771 = FACE_OUTER_BOUND ( 'NONE', #5180, .T. ) ;
#6772 = DIRECTION ( 'NONE',  ( 0.0000000000000000000, -1.000000000000000000, 0.0000000000000000000 ) ) ;
#6773 = DIRECTION ( 'NONE',  ( 1.577021341797101900E-015, 0.0000000000000000000, 1.000000000000000000 ) ) ;
#6774 = ADVANCED_FACE ( 'NONE', ( #7752 ), #2033, .T. ) ;
#6775 = ORIENTED_EDGE ( 'NONE', *, *, #9672, .T. ) ;
#6776 = ORIENTED_EDGE ( 'NONE', *, *, #2522, .T. ) ;
#6777 = LINE ( 'NONE', #10192, #1415 ) ;
#6778 = LINE ( 'NONE', #8764, #11439 ) ;
#6779 = DIRECTION ( 'NONE',  ( 0.0000000000000000000, 0.0000000000000000000, 1.000000000000000000 ) ) ;
#6780 = LINE ( 'NONE', #12164, #6491 ) ;
#6781 = EDGE_CURVE ( 'NONE', #1861, #1059, #9887, .T. ) ;
#6782 = DIRECTION ( 'NONE',  ( 0.0000000000000000000, 0.0000000000000000000, 1.000000000000000000 ) ) ;
#6783 = DIRECTION ( 'NONE',  ( 1.577021341797097400E-015, 0.0000000000000000000, -1.000000000000000000 ) ) ;
#6784 = ORIENTED_EDGE ( 'NONE', *, *, #2525, .T. ) ;
#6785 = CARTESIAN_POINT ( 'NONE',  ( -0.3350000000000002400, 0.2030000000000000100, -1.725000000000000300 ) ) ;
#6786 = VERTEX_POINT ( 'NONE', #3125 ) ;
#6787 = VECTOR ( 'NONE', #7901, 1000.000000000000000 ) ;
#6788 = CARTESIAN_POINT ( 'NONE',  ( 1.650000000000000800, 0.2030000000000001000, 0.9399999999999993900 ) ) ;
#6789 = SURFACE_STYLE_FILL_AREA ( #4581 ) ;
#6790 = DIRECTION ( 'NONE',  ( -0.0000000000000000000, 0.0000000000000000000, 1.000000000000000000 ) ) ;
#6791 = ORIENTED_EDGE ( 'NONE', *, *, #4353, .F. ) ;
#6792 = VERTEX_POINT ( 'NONE', #6767 ) ;
#6793 = AXIS2_PLACEMENT_3D ( 'NONE', #198, #8856, #3922 ) ;
#6794 = ORIENTED_EDGE ( 'NONE', *, *, #7623, .F. ) ;
#6795 = CARTESIAN_POINT ( 'NONE',  ( 0.4899999999999997700, 0.04999999999999999600, -1.725000000000000300 ) ) ;
#6796 = VECTOR ( 'NONE', #735, 1000.000000000000000 ) ;
#6797 = EDGE_CURVE ( 'NONE', #678, #2765, #9132, .T. ) ;
#6798 = ORIENTED_EDGE ( 'NONE', *, *, #10355, .F. ) ;
#6799 = LINE ( 'NONE', #12114, #6057 ) ;
#6800 = ADVANCED_FACE ( 'NONE', ( #7157 ), #9753, .T. ) ;
#6801 = CARTESIAN_POINT ( 'NONE',  ( 1.725000000000000800, 0.6218078318274388200, -0.1150000000000003000 ) ) ;
#6802 = ORIENTED_EDGE ( 'NONE', *, *, #12347, .T. ) ;
#6803 = ORIENTED_EDGE ( 'NONE', *, *, #10930, .F. ) ;
#6804 = VECTOR ( 'NONE', #5248, 1000.000000000000000 ) ;
#6805 = CARTESIAN_POINT ( 'NONE',  ( -0.1149999999999996600, 0.2030000000000000100, 1.725000000000001200 ) ) ;
#6806 = DIRECTION ( 'NONE',  ( -0.0000000000000000000, -1.000000000000000000, -0.0000000000000000000 ) ) ;
#6807 = VERTEX_POINT ( 'NONE', #11884 ) ;
#6808 = SURFACE_STYLE_USAGE ( .BOTH. , #4945 ) ;
#6809 = ORIENTED_EDGE ( 'NONE', *, *, #7258, .F. ) ;
#6810 = EDGE_CURVE ( 'NONE', #10380, #3547, #4630, .T. ) ;
#6811 = DIRECTION ( 'NONE',  ( -0.0000000000000000000, -1.000000000000000000, -0.0000000000000000000 ) ) ;
#6812 = LINE ( 'NONE', #5965, #8464 ) ;
#6813 = VERTEX_POINT ( 'NONE', #7886 ) ;
#6814 = VECTOR ( 'NONE', #4876, 1000.000000000000000 ) ;
#6815 = VECTOR ( 'NONE', #11174, 1000.000000000000000 ) ;
#6816 = EDGE_CURVE ( 'NONE', #3192, #8355, #7598, .T. ) ;
#6817 = ORIENTED_EDGE ( 'NONE', *, *, #9615, .F. ) ;
#6818 = DIRECTION ( 'NONE',  ( 1.577021341797097400E-015, 0.0000000000000000000, -1.000000000000000000 ) ) ;
#6819 = DIRECTION ( 'NONE',  ( -0.0000000000000000000, -1.000000000000000000, -0.0000000000000000000 ) ) ;
#6820 = EDGE_LOOP ( 'NONE', ( #6857, #1586, #5758, #1473 ) ) ;
#6821 = ORIENTED_EDGE ( 'NONE', *, *, #7151, .F. ) ;
#6822 = LINE ( 'NONE', #10536, #8933 ) ;
#6823 = DIRECTION ( 'NONE',  ( -1.000000000000000000, 0.0000000000000000000, -1.577021341797097400E-015 ) ) ;
#6824 = ORIENTED_EDGE ( 'NONE', *, *, #10498, .F. ) ;
#6825 = VECTOR ( 'NONE', #1821, 1000.000000000000000 ) ;
#6826 = CARTESIAN_POINT ( 'NONE',  ( 0.7849999999999994800, 0.2030000000000000100, -1.725000000000000300 ) ) ;
#6827 = CYLINDRICAL_SURFACE ( 'NONE', #11050, 0.07499999999999998300 ) ;
#6828 = ORIENTED_EDGE ( 'NONE', *, *, #3812, .T. ) ;
#6829 = ORIENTED_EDGE ( 'NONE', *, *, #3927, .F. ) ;
#6830 = EDGE_LOOP ( 'NONE', ( #11467, #2150, #3431, #3902 ) ) ;
#6831 = PLANE ( 'NONE',  #7795 ) ;
#6832 = AXIS2_PLACEMENT_3D ( 'NONE', #3550, #7303, #2542 ) ;
#6833 = ORIENTED_EDGE ( 'NONE', *, *, #3316, .T. ) ;
#6834 = CARTESIAN_POINT ( 'NONE',  ( 1.650000000000000800, 0.6218078318274388200, -0.4900000000000004400 ) ) ;
#6835 = ADVANCED_FACE ( 'NONE', ( #145 ), #3200, .F. ) ;
#6836 = EDGE_CURVE ( 'NONE', #3694, #1125, #2673, .T. ) ;
#6837 = DIRECTION ( 'NONE',  ( 1.000000000000000000, -0.0000000000000000000, -0.0000000000000000000 ) ) ;
#6838 = EDGE_CURVE ( 'NONE', #4954, #9388, #589, .T. ) ;
#6839 = CIRCLE ( 'NONE', #1334, 0.1999999999999998700 ) ;
#6840 = CARTESIAN_POINT ( 'NONE',  ( 1.650000000000000800, 0.2030000000000001000, -0.4900000000000004400 ) ) ;
#6841 = ORIENTED_EDGE ( 'NONE', *, *, #9784, .T. ) ;
#6842 = CARTESIAN_POINT ( 'NONE',  ( 1.725000000000000800, 0.6218078318274388200, -1.235000000000000300 ) ) ;
#6843 = ORIENTED_EDGE ( 'NONE', *, *, #9006, .T. ) ;
#6844 = ORIENTED_EDGE ( 'NONE', *, *, #657, .F. ) ;
#6845 = ORIENTED_EDGE ( 'NONE', *, *, #5718, .F. ) ;
#6846 = DIRECTION ( 'NONE',  ( 0.0000000000000000000, 0.0000000000000000000, -1.000000000000000000 ) ) ;
#6847 = DIRECTION ( 'NONE',  ( 0.0000000000000000000, 1.000000000000000000, 0.0000000000000000000 ) ) ;
#6848 = FACE_OUTER_BOUND ( 'NONE', #2772, .T. ) ;
#6849 = PLANE ( 'NONE',  #2361 ) ;
#6850 = VECTOR ( 'NONE', #4329, 1000.000000000000000 ) ;
#6851 = LINE ( 'NONE', #8091, #5953 ) ;
#6852 = FILL_AREA_STYLE_COLOUR ( '', #1271 ) ;
#6853 = ORIENTED_EDGE ( 'NONE', *, *, #6637, .F. ) ;
#6854 = AXIS2_PLACEMENT_3D ( 'NONE', #1709, #2672, #9348 ) ;
#6855 = CARTESIAN_POINT ( 'NONE',  ( -1.389999999999999700, 0.2030000000000000100, 1.725000000000000800 ) ) ;
#6856 = EDGE_CURVE ( 'NONE', #3747, #7743, #8508, .T. ) ;
#6857 = ORIENTED_EDGE ( 'NONE', *, *, #1876, .F. ) ;
#6858 = DIRECTION ( 'NONE',  ( 0.0000000000000000000, 0.0000000000000000000, 1.000000000000000000 ) ) ;
#6859 = ORIENTED_EDGE ( 'NONE', *, *, #8606, .T. ) ;
#6860 = DIRECTION ( 'NONE',  ( 0.0000000000000000000, -0.0000000000000000000, 1.000000000000000000 ) ) ;
#6861 = ORIENTED_EDGE ( 'NONE', *, *, #7755, .F. ) ;
#6862 = EDGE_CURVE ( 'NONE', #2489, #6792, #2820, .T. ) ;
#6863 = DIRECTION ( 'NONE',  ( 0.0000000000000000000, 0.0000000000000000000, -1.000000000000000000 ) ) ;
#6864 = CARTESIAN_POINT ( 'NONE',  ( 1.725000000000000800, 0.2030000000000001000, 1.234999999999999900 ) ) ;
#6865 = CIRCLE ( 'NONE', #2341, 0.07499999999999998300 ) ;
#6866 = CARTESIAN_POINT ( 'NONE',  ( 1.650000000000000800, 0.2030000000000001000, -0.4900000000000004400 ) ) ;
#6867 = ADVANCED_FACE ( 'NONE', ( #3726 ), #1379, .T. ) ;
#6868 = ORIENTED_EDGE ( 'NONE', *, *, #10722, .T. ) ;
#6869 = ORIENTED_EDGE ( 'NONE', *, *, #4673, .T. ) ;
#6870 = AXIS2_PLACEMENT_3D ( 'NONE', #146, #312, #4107 ) ;
#6871 = CARTESIAN_POINT ( 'NONE',  ( -0.5649999999999997200, 0.2030000000000000100, 1.725000000000001200 ) ) ;
#6872 = ORIENTED_EDGE ( 'NONE', *, *, #3872, .F. ) ;
#6873 = ORIENTED_EDGE ( 'NONE', *, *, #8918, .T. ) ;
#6874 = FILL_AREA_STYLE_COLOUR ( '', #8733 ) ;
#6875 = AXIS2_PLACEMENT_3D ( 'NONE', #4314, #10901, #9041 ) ;
#6876 = LINE ( 'NONE', #3950, #11397 ) ;
#6877 = CARTESIAN_POINT ( 'NONE',  ( -1.650000000000000800, 0.05000000000000023900, 0.04000000000000010500 ) ) ;
#6878 = EDGE_CURVE ( 'NONE', #3032, #2034, #2513, .T. ) ;
#6879 = CIRCLE ( 'NONE', #2172, 0.07500000000000019200 ) ;
#6880 = PLANE ( 'NONE',  #7569 ) ;
#6881 = ORIENTED_EDGE ( 'NONE', *, *, #4824, .T. ) ;
#6882 = ORIENTED_EDGE ( 'NONE', *, *, #1797, .T. ) ;
#6883 = CARTESIAN_POINT ( 'NONE',  ( -1.300000000000000300, -0.0000000000000000000, -0.9499999999999990700 ) ) ;
#6885 = EDGE_CURVE ( 'NONE', #3901, #6677, #10493, .T. ) ;
#6884 = FACE_OUTER_BOUND ( 'NONE', #9257, .T. ) ;
#6886 = FILL_AREA_STYLE_COLOUR ( '', #1924 ) ;
#6887 = FACE_OUTER_BOUND ( 'NONE', #9244, .T. ) ;
#6888 = CARTESIAN_POINT ( 'NONE',  ( -0.8600000000000002100, 0.2030000000000000100, -1.650000000000000400 ) ) ;
#6889 = VERTEX_POINT ( 'NONE', #6139 ) ;
#6890 = CARTESIAN_POINT ( 'NONE',  ( -0.04000000000000010500, 0.2030000000000000100, -1.725000000000000300 ) ) ;
#6891 = SURFACE_STYLE_USAGE ( .BOTH. , #218 ) ;
#6892 = CLOSED_SHELL ( 'NONE', ( #3135, #8957, #11539, #6800, #1998, #7801, #906 ) ) ;
#6893 = EDGE_CURVE ( 'NONE', #1707, #11771, #7299, .T. ) ;
#6894 = CARTESIAN_POINT ( 'NONE',  ( 1.650000000000000800, 0.6218078318274388200, 0.4899999999999995500 ) ) ;
#6895 = DIRECTION ( 'NONE',  ( 1.577021341797102100E-015, 0.0000000000000000000, 1.000000000000000000 ) ) ;
#6896 = CARTESIAN_POINT ( 'NONE',  ( 1.725000000000000800, 0.2030000000000001000, -0.5650000000000003900 ) ) ;
#6897 = ADVANCED_FACE ( 'NONE', ( #10782 ), #3163, .T. ) ;
#6898 = CARTESIAN_POINT ( 'NONE',  ( 1.999999999999999100, 0.05000000000000000300, -2.000000000000000400 ) ) ;
#6899 = VECTOR ( 'NONE', #1630, 1000.000000000000000 ) ;
#6900 = DIRECTION ( 'NONE',  ( -0.0000000000000000000, -1.000000000000000000, -0.0000000000000000000 ) ) ;
#6901 = LINE ( 'NONE', #6834, #1819 ) ;
#6902 = CARTESIAN_POINT ( 'NONE',  ( 1.999999999999999100, 0.8000000000000003800, 1.999999999999999600 ) ) ;
#6903 = CARTESIAN_POINT ( 'NONE',  ( 0.5650000000000008300, 0.04999999999999969700, 2.000000000000000400 ) ) ;
#6904 = VERTEX_POINT ( 'NONE', #11925 ) ;
#6905 = CIRCLE ( 'NONE', #6296, 0.07499999999999998300 ) ;
#6906 = CARTESIAN_POINT ( 'NONE',  ( -1.310000000000000500, -0.0000000000000000000, -1.650000000000000800 ) ) ;
#6907 = CARTESIAN_POINT ( 'NONE',  ( 1.650000000000000800, 0.2030000000000000100, -0.8600000000000004300 ) ) ;
#6908 = EDGE_CURVE ( 'NONE', #8451, #3934, #746, .T. ) ;
#6909 = DIRECTION ( 'NONE',  ( -7.885106708985485100E-016, -0.0000000000000000000, 1.000000000000000000 ) ) ;
#6910 = EDGE_CURVE ( 'NONE', #8687, #10774, #7460, .T. ) ;
#6911 = PLANE ( 'NONE',  #3629 ) ;
#6912 = LINE ( 'NONE', #8493, #56 ) ;
#6913 = PLANE ( 'NONE',  #1007 ) ;
#6914 = PLANE ( 'NONE',  #7625 ) ;
#6915 = CARTESIAN_POINT ( 'NONE',  ( -0.7850000000000002500, 0.6218078318274390400, -1.725000000000000300 ) ) ;
#6916 = ORIENTED_EDGE ( 'NONE', *, *, #701, .F. ) ;
#6917 = ORIENTED_EDGE ( 'NONE', *, *, #7875, .T. ) ;
#6918 = PRESENTATION_STYLE_ASSIGNMENT (( #1366 ) ) ;
#6919 = AXIS2_PLACEMENT_3D ( 'NONE', #8901, #1241, #4177 ) ;
#6920 = DIRECTION ( 'NONE',  ( 2.365532012695645400E-015, 0.0000000000000000000, -1.000000000000000000 ) ) ;
#6921 = LINE ( 'NONE', #7456, #663 ) ;
#6922 = DIRECTION ( 'NONE',  ( 1.000000000000000000, 0.0000000000000000000, -5.782411586589358600E-016 ) ) ;
#6923 = EDGE_CURVE ( 'NONE', #6613, #8132, #6851, .T. ) ;
#6924 = ADVANCED_FACE ( 'NONE', ( #3413 ), #3245, .T. ) ;
#6925 = EDGE_CURVE ( 'NONE', #5536, #9120, #8190, .T. ) ;
#6926 = CARTESIAN_POINT ( 'NONE',  ( 1.650000000000000800, 0.2030000000000000100, -0.4100000000000004200 ) ) ;
#6927 = ORIENTED_EDGE ( 'NONE', *, *, #8249, .F. ) ;
#6928 = ORIENTED_EDGE ( 'NONE', *, *, #3228, .F. ) ;
#6929 = CIRCLE ( 'NONE', #3283, 0.1999999999999998700 ) ;
#6930 = DIRECTION ( 'NONE',  ( -0.0000000000000000000, -1.000000000000000000, -0.0000000000000000000 ) ) ;
#6931 = VECTOR ( 'NONE', #8344, 1000.000000000000000 ) ;
#6932 = DIRECTION ( 'NONE',  ( -1.000000000000000000, 0.0000000000000000000, 0.0000000000000000000 ) ) ;
#6933 = LINE ( 'NONE', #12001, #3501 ) ;
#6934 = CARTESIAN_POINT ( 'NONE',  ( 1.465000000000000100, 0.2030000000000000100, -1.805000000000000600 ) ) ;
#6935 = DIRECTION ( 'NONE',  ( 0.0000000000000000000, -1.000000000000000000, 0.0000000000000000000 ) ) ;
#6936 = DIRECTION ( 'NONE',  ( 1.000000000000000000, -0.0000000000000000000, 1.577021341797097400E-015 ) ) ;
#6937 = AXIS2_PLACEMENT_3D ( 'NONE', #9628, #9535, #2856 ) ;
#6938 = ORIENTED_EDGE ( 'NONE', *, *, #10781, .F. ) ;
#6939 = ORIENTED_EDGE ( 'NONE', *, *, #7964, .T. ) ;
#6940 = CARTESIAN_POINT ( 'NONE',  ( -0.3350000000000023000, 0.05000000000000000300, 5.283021495020327700E-016 ) ) ;
#6941 = AXIS2_PLACEMENT_3D ( 'NONE', #7120, #10999, #11949 ) ;
#6942 = DIRECTION ( 'NONE',  ( 0.0000000000000000000, 0.0000000000000000000, 1.000000000000000000 ) ) ;
#6943 = FACE_OUTER_BOUND ( 'NONE', #3589, .T. ) ;
#6944 = CARTESIAN_POINT ( 'NONE',  ( -1.650000000000000800, 0.2030000000000001000, 0.9399999999999998400 ) ) ;
#6945 = PRESENTATION_STYLE_ASSIGNMENT (( #6808 ) ) ;
#6946 = EDGE_CURVE ( 'NONE', #12069, #8739, #5355, .T. ) ;
#6947 = ORIENTED_EDGE ( 'NONE', *, *, #5139, .F. ) ;
#6948 = DIRECTION ( 'NONE',  ( 1.000000000000000000, 0.0000000000000000000, 0.0000000000000000000 ) ) ;
#6949 = DIRECTION ( 'NONE',  ( 0.0000000000000000000, -0.0000000000000000000, 1.000000000000000000 ) ) ;
#6950 = CARTESIAN_POINT ( 'NONE',  ( -2.000000000000000900, 0.2030000000000000100, -1.464999999999999900 ) ) ;
#6951 = ORIENTED_EDGE ( 'NONE', *, *, #2754, .F. ) ;
#6952 = DIRECTION ( 'NONE',  ( -2.365532012695645400E-015, 0.0000000000000000000, 1.000000000000000000 ) ) ;
#6953 = ORIENTED_EDGE ( 'NONE', *, *, #3317, .T. ) ;
#6954 = ORIENTED_EDGE ( 'NONE', *, *, #537, .F. ) ;
#6955 = EDGE_LOOP ( 'NONE', ( #10110, #3891, #9895, #2906, #5677, #6077 ) ) ;
#6956 = CARTESIAN_POINT ( 'NONE',  ( -1.650000000000000800, 0.6218078318274388200, 0.4899999999999999900 ) ) ;
#6957 = ADVANCED_FACE ( 'NONE', ( #4333 ), #548, .F. ) ;
#6958 = ORIENTED_EDGE ( 'NONE', *, *, #9171, .T. ) ;
#6959 = CARTESIAN_POINT ( 'NONE',  ( -0.4100000000000002000, 0.2030000000000000100, -1.725000000000000300 ) ) ;
#6960 = LINE ( 'NONE', #6364, #6207 ) ;
#6961 = LINE ( 'NONE', #2358, #11929 ) ;
#6962 = AXIS2_PLACEMENT_3D ( 'NONE', #12351, #5560, #11401 ) ;
#6963 = MANIFOLD_SOLID_BREP ( 'LPattern4[4]', #8137 ) ;
#6964 = ORIENTED_EDGE ( 'NONE', *, *, #6752, .F. ) ;
#6965 = LINE ( 'NONE', #7282, #11613 ) ;
#6966 = CARTESIAN_POINT ( 'NONE',  ( -0.3350000000000002400, 0.2030000000000000100, -1.725000000000000300 ) ) ;
#6967 = EDGE_CURVE ( 'NONE', #7548, #5946, #7446, .T. ) ;
#6968 =( LENGTH_UNIT ( ) NAMED_UNIT ( * ) SI_UNIT ( .MILLI., .METRE. ) );
#6969 = VECTOR ( 'NONE', #721, 1000.000000000000000 ) ;
#6970 = CARTESIAN_POINT ( 'NONE',  ( 0.7850000000000001400, 0.2030000000000000100, 1.725000000000001200 ) ) ;
#6971 = ORIENTED_EDGE ( 'NONE', *, *, #3019, .T. ) ;
#6972 = CIRCLE ( 'NONE', #5261, 0.07499999999999998300 ) ;
#6973 = CIRCLE ( 'NONE', #3068, 0.07499999999999998300 ) ;
#6974 = VERTEX_POINT ( 'NONE', #5338 ) ;
#6975 = DIRECTION ( 'NONE',  ( 1.000000000000000000, -0.0000000000000000000, -2.168404344971008900E-016 ) ) ;
#6976 = VERTEX_POINT ( 'NONE', #666 ) ;
#6977 = CARTESIAN_POINT ( 'NONE',  ( 1.725000000000000800, 0.0000000000000000000, 0.8599999999999994300 ) ) ;
#6978 = ORIENTED_EDGE ( 'NONE', *, *, #328, .F. ) ;
#6979 = ORIENTED_EDGE ( 'NONE', *, *, #3722, .T. ) ;
#6980 = EDGE_CURVE ( 'NONE', #11034, #6580, #3715, .T. ) ;
#6981 = DIRECTION ( 'NONE',  ( -1.000000000000000000, 0.0000000000000000000, 0.0000000000000000000 ) ) ;
#6982 = ORIENTED_EDGE ( 'NONE', *, *, #6797, .F. ) ;
#6983 = DIRECTION ( 'NONE',  ( -1.577021341797097400E-015, 0.0000000000000000000, 1.000000000000000000 ) ) ;
#6984 = VECTOR ( 'NONE', #19, 1000.000000000000000 ) ;
#6985 = EDGE_CURVE ( 'NONE', #9294, #10658, #9587, .T. ) ;
#6986 = CARTESIAN_POINT ( 'NONE',  ( -1.650000000000000800, 0.2030000000000000100, 0.9399999999999998400 ) ) ;
#6987 = FACE_BOUND ( 'NONE', #3542, .T. ) ;
#6988 = CARTESIAN_POINT ( 'NONE',  ( 0.7849999999999997000, 0.2030000000000000100, -2.000000000000000400 ) ) ;
#6989 = EDGE_LOOP ( 'NONE', ( #9970, #8630, #6052, #7768, #2979 ) ) ;
#6990 = CARTESIAN_POINT ( 'NONE',  ( 2.000000000000000900, 0.0000000000000000000, 0.5649999999999999500 ) ) ;
#6991 = ORIENTED_EDGE ( 'NONE', *, *, #3189, .T. ) ;
#6992 = EDGE_LOOP ( 'NONE', ( #6208, #8525, #6520, #11635 ) ) ;
#6993 = DIRECTION ( 'NONE',  ( -0.0000000000000000000, 0.0000000000000000000, 1.000000000000000000 ) ) ;
#6994 = ADVANCED_FACE ( 'NONE', ( #1912 ), #10236, .F. ) ;
#6995 =( NAMED_UNIT ( * ) SI_UNIT ( $, .STERADIAN. ) SOLID_ANGLE_UNIT ( ) );
#6996 = DIRECTION ( 'NONE',  ( -1.000000000000000000, 0.0000000000000000000, 0.0000000000000000000 ) ) ;
#6997 = CARTESIAN_POINT ( 'NONE',  ( -1.725000000000000800, 0.2030000000000000100, 1.014999999999999900 ) ) ;
#6998 = LINE ( 'NONE', #2763, #3246 ) ;
#6999 = CARTESIAN_POINT ( 'NONE',  ( 0.8600000000000001000, 0.2030000000000000100, 1.725000000000000800 ) ) ;
#7000 = ORIENTED_EDGE ( 'NONE', *, *, #12162, .F. ) ;
#7001 = CARTESIAN_POINT ( 'NONE',  ( -1.015000000000000300, 0.04999999999999969700, -2.000000000000000400 ) ) ;
#7002 = VERTEX_POINT ( 'NONE', #3462 ) ;
#7003 = ORIENTED_EDGE ( 'NONE', *, *, #489, .T. ) ;
#7004 = EDGE_CURVE ( 'NONE', #11608, #2301, #1326, .T. ) ;
#7005 = SURFACE_SIDE_STYLE ('',( #4296 ) ) ;
#7006 = ORIENTED_EDGE ( 'NONE', *, *, #1281, .T. ) ;
#7007 = EDGE_CURVE ( 'NONE', #9718, #3866, #730, .T. ) ;
#7008 = LINE ( 'NONE', #1854, #453 ) ;
#7009 = DIRECTION ( 'NONE',  ( -2.365532012695645400E-015, 0.0000000000000000000, 1.000000000000000000 ) ) ;
#7010 = CYLINDRICAL_SURFACE ( 'NONE', #5595, 0.07500000000000019200 ) ;
#7011 = LINE ( 'NONE', #12151, #7308 ) ;
#7012 = ORIENTED_EDGE ( 'NONE', *, *, #6885, .T. ) ;
#7013 = ORIENTED_EDGE ( 'NONE', *, *, #2986, .F. ) ;
#7014 = EDGE_LOOP ( 'NONE', ( #9779, #4939, #4938, #5383 ) ) ;
#7015 = DIRECTION ( 'NONE',  ( 0.0000000000000000000, -0.0000000000000000000, -1.000000000000000000 ) ) ;
#7016 = EDGE_LOOP ( 'NONE', ( #1302, #9725, #5805, #8970 ) ) ;
#7017 = EDGE_LOOP ( 'NONE', ( #1824, #6845, #6547, #305 ) ) ;
#7018 = PLANE ( 'NONE',  #1624 ) ;
#7019 = STYLED_ITEM ( 'NONE', ( #4884 ), #10154 ) ;
#7020 = DIRECTION ( 'NONE',  ( 0.0000000000000000000, -1.000000000000000000, 0.0000000000000000000 ) ) ;
#7021 = LINE ( 'NONE', #8232, #1199 ) ;
#7022 = DIRECTION ( 'NONE',  ( 0.0000000000000000000, 0.0000000000000000000, -1.000000000000000000 ) ) ;
#7023 = VECTOR ( 'NONE', #7970, 1000.000000000000000 ) ;
#7024 = CARTESIAN_POINT ( 'NONE',  ( -1.310000000000000300, 0.0000000000000000000, -1.725000000000000300 ) ) ;
#7025 = ADVANCED_FACE ( 'NONE', ( #11512 ), #11066, .T. ) ;
#7026 = CARTESIAN_POINT ( 'NONE',  ( 0.04000000000000053500, 0.04999999999999999600, 1.725000000000000800 ) ) ;
#7027 = ORIENTED_EDGE ( 'NONE', *, *, #5780, .F. ) ;
#7028 = EDGE_CURVE ( 'NONE', #6540, #7248, #11074, .T. ) ;
#7029 = CARTESIAN_POINT ( 'NONE',  ( -0.8600000000000002100, 0.2030000000000000100, -1.650000000000000100 ) ) ;
#7030 = ORIENTED_EDGE ( 'NONE', *, *, #6299, .T. ) ;
#7031 = VERTEX_POINT ( 'NONE', #9300 ) ;
#7032 = VERTEX_POINT ( 'NONE', #1581 ) ;
#7033 = DIRECTION ( 'NONE',  ( 0.0000000000000000000, 0.0000000000000000000, -1.000000000000000000 ) ) ;
#7034 = CARTESIAN_POINT ( 'NONE',  ( 0.03999999999999989000, 0.0000000000000000000, -1.725000000000000300 ) ) ;
#7035 = EDGE_LOOP ( 'NONE', ( #8461, #10916, #2451, #708 ) ) ;
#7036 = CARTESIAN_POINT ( 'NONE',  ( 8.910170581153649200E-016, 0.05000000000000000300, -0.5650000000000030600 ) ) ;
#7037 = CYLINDRICAL_SURFACE ( 'NONE', #3596, 0.07499999999999998300 ) ;
#7038 = FACE_OUTER_BOUND ( 'NONE', #10446, .T. ) ;
#7039 =( GEOMETRIC_REPRESENTATION_CONTEXT ( 3 ) GLOBAL_UNCERTAINTY_ASSIGNED_CONTEXT ( ( #7351 ) ) GLOBAL_UNIT_ASSIGNED_CONTEXT ( ( #5033, #12152, #11116 ) ) REPRESENTATION_CONTEXT ( 'NONE', 'WORKASPACE' ) );
#7040 = ORIENTED_EDGE ( 'NONE', *, *, #2969, .F. ) ;
#7041 = DIRECTION ( 'NONE',  ( 7.885106708985486100E-016, 0.0000000000000000000, -1.000000000000000000 ) ) ;
#7042 = EDGE_CURVE ( 'NONE', #3671, #8820, #10927, .T. ) ;
#7043 = VECTOR ( 'NONE', #2045, 1000.000000000000000 ) ;
#7044 = DIRECTION ( 'NONE',  ( 1.000000000000000000, -0.0000000000000000000, 1.577021341797097400E-015 ) ) ;
#7045 = LINE ( 'NONE', #199, #11134 ) ;
#7046 = CIRCLE ( 'NONE', #11112, 0.07499999999999998300 ) ;
#7047 = PLANE ( 'NONE',  #1 ) ;
#7048 = ORIENTED_EDGE ( 'NONE', *, *, #47, .T. ) ;
#7049 = CARTESIAN_POINT ( 'NONE',  ( 0.4100000000000002000, 0.0000000000000000000, 1.725000000000000800 ) ) ;
#7050 = EDGE_CURVE ( 'NONE', #3750, #621, #4017, .T. ) ;
#7051 = ADVANCED_FACE ( 'NONE', ( #10626 ), #8345, .F. ) ;
#7052 = CARTESIAN_POINT ( 'NONE',  ( 0.03749999999999977000, 0.2030000000000000100, -0.3775000000000004500 ) ) ;
#7053 = DIRECTION ( 'NONE',  ( 0.0000000000000000000, 0.0000000000000000000, -1.000000000000000000 ) ) ;
#7054 = AXIS2_PLACEMENT_3D ( 'NONE', #7469, #12216, #6471 ) ;
#7055 = VECTOR ( 'NONE', #4606, 1000.000000000000100 ) ;
#7056 = CARTESIAN_POINT ( 'NONE',  ( -0.7849999999999991400, 0.0000000000000000000, 2.000000000000000400 ) ) ;
#7057 = LINE ( 'NONE', #11887, #10687 ) ;
#7058 = DIRECTION ( 'NONE',  ( 0.0000000000000000000, 1.000000000000000000, 0.0000000000000000000 ) ) ;
#7059 = LINE ( 'NONE', #3470, #2574 ) ;
#7060 = EDGE_CURVE ( 'NONE', #4410, #4631, #4172, .T. ) ;
#7061 = CARTESIAN_POINT ( 'NONE',  ( 1.465000000000000500, 0.0000000000000000000, 1.725000000000001200 ) ) ;
#7062 = CARTESIAN_POINT ( 'NONE',  ( -1.725000000000000800, 0.6218078318274388200, -0.1149999999999998700 ) ) ;
#7063 = CARTESIAN_POINT ( 'NONE',  ( -0.4899999999999997700, 0.2030000000000000100, 1.650000000000000800 ) ) ;
#7064 = VERTEX_POINT ( 'NONE', #8430 ) ;
#7065 = DIRECTION ( 'NONE',  ( 2.365532012695645400E-015, 0.0000000000000000000, -1.000000000000000000 ) ) ;
#7066 = ORIENTED_EDGE ( 'NONE', *, *, #2074, .F. ) ;
#7067 = CARTESIAN_POINT ( 'NONE',  ( 1.237961753310725900E-015, 0.05000000000000000300, -0.7850000000000031400 ) ) ;
#7068 = VECTOR ( 'NONE', #9748, 1000.000000000000000 ) ;
#7069 = CARTESIAN_POINT ( 'NONE',  ( -1.650000000000000800, 0.05000000000000002400, -0.8599999999999999900 ) ) ;
#7070 = DIRECTION ( 'NONE',  ( 0.0000000000000000000, 1.000000000000000000, 0.0000000000000000000 ) ) ;
#7071 = SURFACE_STYLE_FILL_AREA ( #7264 ) ;
#7072 = AXIS2_PLACEMENT_3D ( 'NONE', #633, #9180, #10195 ) ;
#7073 = EDGE_CURVE ( 'NONE', #1097, #5256, #2353, .T. ) ;
#7074 = ORIENTED_EDGE ( 'NONE', *, *, #8568, .F. ) ;
#7075 = EDGE_CURVE ( 'NONE', #6484, #11964, #6696, .T. ) ;
#7076 =( NAMED_UNIT ( * ) SI_UNIT ( $, .STERADIAN. ) SOLID_ANGLE_UNIT ( ) );
#7077 = ORIENTED_EDGE ( 'NONE', *, *, #8264, .T. ) ;
#7078 = VECTOR ( 'NONE', #6524, 1000.000000000000000 ) ;
#7079 = CARTESIAN_POINT ( 'NONE',  ( -2.000000000000000900, 0.6218078318274387100, -1.014999999999999900 ) ) ;
#7080 = LINE ( 'NONE', #6551, #1561 ) ;
#7081 = LINE ( 'NONE', #10224, #5149 ) ;
#7082 = CARTESIAN_POINT ( 'NONE',  ( -0.1149999999999996600, 0.0000000000000000000, 1.725000000000001200 ) ) ;
#7083 = ADVANCED_FACE ( 'NONE', ( #4915 ), #8348, .T. ) ;
#7084 = CARTESIAN_POINT ( 'NONE',  ( 1.650000000000000800, 0.2030000000000001000, -1.310000000000000500 ) ) ;
#7085 = ORIENTED_EDGE ( 'NONE', *, *, #138, .T. ) ;
#7086 = ORIENTED_EDGE ( 'NONE', *, *, #12261, .T. ) ;
#7087 = AXIS2_PLACEMENT_3D ( 'NONE', #5275, #11866, #6243 ) ;
#7088 = DIRECTION ( 'NONE',  ( 0.0000000000000000000, 0.0000000000000000000, -1.000000000000000000 ) ) ;
#7089 = CIRCLE ( 'NONE', #11879, 0.07499999999999998300 ) ;
#7090 = CARTESIAN_POINT ( 'NONE',  ( 1.725000000000000800, 0.2030000000000001000, -0.3350000000000004600 ) ) ;
#7091 = VECTOR ( 'NONE', #543, 1000.000000000000000 ) ;
#7092 = AXIS2_PLACEMENT_3D ( 'NONE', #7203, #8199, #2524 ) ;
#7093 = VECTOR ( 'NONE', #3863, 1000.000000000000000 ) ;
#7094 = EDGE_CURVE ( 'NONE', #3284, #10833, #7738, .T. ) ;
#7095 = DIRECTION ( 'NONE',  ( -0.0000000000000000000, -1.000000000000000000, -0.0000000000000000000 ) ) ;
#7096 = CARTESIAN_POINT ( 'NONE',  ( -1.300000000000000700, 3.879955262170047700, 1.300000000000000700 ) ) ;
#7097 = ORIENTED_EDGE ( 'NONE', *, *, #6885, .F. ) ;
#7098 = ORIENTED_EDGE ( 'NONE', *, *, #3071, .T. ) ;
#7099 = PLANE ( 'NONE',  #3991 ) ;
#7100 = ORIENTED_EDGE ( 'NONE', *, *, #2689, .T. ) ;
#7101 = FACE_OUTER_BOUND ( 'NONE', #7254, .T. ) ;
#7102 = DIRECTION ( 'NONE',  ( 0.0000000000000000000, -0.0000000000000000000, 1.000000000000000000 ) ) ;
#7103 = PLANE ( 'NONE',  #10106 ) ;
#7104 = ORIENTED_EDGE ( 'NONE', *, *, #6245, .T. ) ;
#7105 = CARTESIAN_POINT ( 'NONE',  ( 1.725000000000000800, 0.2030000000000000100, 0.5649999999999995000 ) ) ;
#7106 = LINE ( 'NONE', #649, #7407 ) ;
#7107 = AXIS2_PLACEMENT_3D ( 'NONE', #4756, #12341, #4711 ) ;
#7108 = EDGE_LOOP ( 'NONE', ( #2678, #11402, #2578, #1760 ) ) ;
#7109 = SURFACE_STYLE_USAGE ( .BOTH. , #10165 ) ;
#7111 = LINE ( 'NONE', #4383, #6804 ) ;
#7110 = CARTESIAN_POINT ( 'NONE',  ( -1.725000000000000800, 0.6218078318274388200, 1.235000000000000100 ) ) ;
#7112 = MECHANICAL_DESIGN_GEOMETRIC_PRESENTATION_REPRESENTATION (  '', ( #11396 ), #6633 ) ;
#7113 = DIRECTION ( 'NONE',  ( -0.0000000000000000000, -1.000000000000000000, -0.0000000000000000000 ) ) ;
#7114 = ORIENTED_EDGE ( 'NONE', *, *, #8112, .F. ) ;
#7115 = VERTEX_POINT ( 'NONE', #4596 ) ;
#7116 = ADVANCED_FACE ( 'NONE', ( #6552 ), #5627, .T. ) ;
#7117 = EDGE_CURVE ( 'NONE', #1580, #10562, #2662, .T. ) ;
#7118 = VERTEX_POINT ( 'NONE', #8474 ) ;
#7119 = FACE_OUTER_BOUND ( 'NONE', #833, .T. ) ;
#7120 = CARTESIAN_POINT ( 'NONE',  ( 1.725000000000000800, 0.2030000000000000100, 0.4099999999999995300 ) ) ;
#7121 = DIRECTION ( 'NONE',  ( 0.0000000000000000000, -0.0000000000000000000, 1.000000000000000000 ) ) ;
#7122 = MANIFOLD_SOLID_BREP ( 'Cut-Extrude5[5]', #8373 ) ;
#7123 = ORIENTED_EDGE ( 'NONE', *, *, #8651, .T. ) ;
#7124 = ORIENTED_EDGE ( 'NONE', *, *, #764, .T. ) ;
#7125 = CARTESIAN_POINT ( 'NONE',  ( 0.1149999999999998700, 0.6218078318274392600, -1.725000000000000300 ) ) ;
#7126 = CARTESIAN_POINT ( 'NONE',  ( -0.7849999999999995900, 0.2030000000000000100, -2.000000000000000400 ) ) ;
#7127 = AXIS2_PLACEMENT_3D ( 'NONE', #9503, #4042, #10671 ) ;
#7128 = LINE ( 'NONE', #11932, #6537 ) ;
#7129 = AXIS2_PLACEMENT_3D ( 'NONE', #10828, #1224, #8925 ) ;
#7130 = ORIENTED_EDGE ( 'NONE', *, *, #7151, .T. ) ;
#7131 = LINE ( 'NONE', #1504, #4302 ) ;
#7132 = VECTOR ( 'NONE', #7920, 1000.000000000000000 ) ;
#7133 = ORIENTED_EDGE ( 'NONE', *, *, #3600, .T. ) ;
#7134 = EDGE_CURVE ( 'NONE', #12085, #8053, #3873, .T. ) ;
#7135 = CARTESIAN_POINT ( 'NONE',  ( 0.1150000000000009500, 0.0000000000000000000, 2.000000000000000400 ) ) ;
#7136 = VERTEX_POINT ( 'NONE', #2787 ) ;
#7137 = ORIENTED_EDGE ( 'NONE', *, *, #10722, .F. ) ;
#7138 = CARTESIAN_POINT ( 'NONE',  ( -1.725000000000000800, 0.6218078318274388200, 0.5649999999999999500 ) ) ;
#7139 = VECTOR ( 'NONE', #4498, 1000.000000000000000 ) ;
#7140 = CARTESIAN_POINT ( 'NONE',  ( -0.4099999999999995300, 0.04999999999999999600, 1.725000000000000800 ) ) ;
#7141 = SURFACE_STYLE_FILL_AREA ( #850 ) ;
#7142 = CARTESIAN_POINT ( 'NONE',  ( -0.4900000000000002100, 0.0000000000000000000, -1.725000000000000300 ) ) ;
#7143 = VERTEX_POINT ( 'NONE', #7512 ) ;
#7144 = CARTESIAN_POINT ( 'NONE',  ( 1.725000000000000800, 0.0000000000000000000, 1.464999999999999600 ) ) ;
#7145 = ORIENTED_EDGE ( 'NONE', *, *, #1391, .F. ) ;
#7146 = DIRECTION ( 'NONE',  ( 0.0000000000000000000, 0.0000000000000000000, 1.000000000000000000 ) ) ;
#7147 = VERTEX_POINT ( 'NONE', #11223 ) ;
#7148 = AXIS2_PLACEMENT_3D ( 'NONE', #11036, #11201, #4377 ) ;
#7149 = FILL_AREA_STYLE_COLOUR ( '', #2264 ) ;
#7150 = VERTEX_POINT ( 'NONE', #5458 ) ;
#7151 = EDGE_CURVE ( 'NONE', #9111, #1945, #3570, .T. ) ;
#7152 = VECTOR ( 'NONE', #11992, 1000.000000000000000 ) ;
#7153 = CARTESIAN_POINT ( 'NONE',  ( 0.8599999999999996500, 0.2030000000000000100, -1.725000000000000300 ) ) ;
#7154 = DIRECTION ( 'NONE',  ( 0.0000000000000000000, 0.0000000000000000000, 1.000000000000000000 ) ) ;
#7155 = DIRECTION ( 'NONE',  ( 1.000000000000000000, 0.0000000000000000000, 0.0000000000000000000 ) ) ;
#7156 = VECTOR ( 'NONE', #193, 1000.000000000000000 ) ;
#7157 = FACE_OUTER_BOUND ( 'NONE', #9331, .T. ) ;
#7158 = ORIENTED_EDGE ( 'NONE', *, *, #1407, .F. ) ;
#7159 = CARTESIAN_POINT ( 'NONE',  ( -1.015000000000000300, 0.0000000000000000000, -1.725000000000000300 ) ) ;
#7160 = CARTESIAN_POINT ( 'NONE',  ( 1.650000000000000800, 0.2030000000000001000, 0.8599999999999994300 ) ) ;
#7161 = VERTEX_POINT ( 'NONE', #6433 ) ;
#7162 = VERTEX_POINT ( 'NONE', #12308 ) ;
#7163 = EDGE_LOOP ( 'NONE', ( #6079, #11330, #5017, #4800 ) ) ;
#7164 = DIRECTION ( 'NONE',  ( 0.0000000000000000000, 1.000000000000000000, -0.0000000000000000000 ) ) ;
#7165 = CARTESIAN_POINT ( 'NONE',  ( -1.725000000000000800, 0.05000000000000002400, -0.4099999999999999800 ) ) ;
#7166 = AXIS2_PLACEMENT_3D ( 'NONE', #11701, #1237, #1200 ) ;
#7167 = LINE ( 'NONE', #2240, #11100 ) ;
#7168 = VECTOR ( 'NONE', #4690, 1000.000000000000000 ) ;
#7169 = EDGE_CURVE ( 'NONE', #6264, #2775, #1769, .T. ) ;
#7170 = CARTESIAN_POINT ( 'NONE',  ( -1.650000000000000800, 0.6218078318274388200, 1.310000000000000300 ) ) ;
#7171 = EDGE_CURVE ( 'NONE', #5319, #4299, #1470, .T. ) ;
#7172 = ORIENTED_EDGE ( 'NONE', *, *, #1695, .T. ) ;
#7173 = ORIENTED_EDGE ( 'NONE', *, *, #3142, .F. ) ;
#7174 = ORIENTED_EDGE ( 'NONE', *, *, #6752, .T. ) ;
#7175 = DIRECTION ( 'NONE',  ( 2.365532012695645400E-015, 0.0000000000000000000, -1.000000000000000000 ) ) ;
#7176 = DIRECTION ( 'NONE',  ( 0.0000000000000000000, 1.000000000000000000, 0.0000000000000000000 ) ) ;
#7177 = VERTEX_POINT ( 'NONE', #713 ) ;
#7178 = ORIENTED_EDGE ( 'NONE', *, *, #7050, .F. ) ;
#7179 = VECTOR ( 'NONE', #18, 1000.000000000000000 ) ;
#7180 = ADVANCED_FACE ( 'NONE', ( #2202 ), #10362, .T. ) ;
#7181 = CARTESIAN_POINT ( 'NONE',  ( -1.650000000000000800, 0.6218078318274388200, 0.9399999999999998400 ) ) ;
#7182 = CARTESIAN_POINT ( 'NONE',  ( 1.650000000000000800, 0.2030000000000000100, -1.310000000000000500 ) ) ;
#7183 = ORIENTED_EDGE ( 'NONE', *, *, #2390, .T. ) ;
#7184 = CARTESIAN_POINT ( 'NONE',  ( -0.7849999999999995900, 0.0000000000000000000, 1.725000000000001200 ) ) ;
#7185 = VERTEX_POINT ( 'NONE', #1664 ) ;
#7186 = CARTESIAN_POINT ( 'NONE',  ( -0.9400000000000001700, 0.04999999999999999600, -1.725000000000000300 ) ) ;
#7187 = PRESENTATION_LAYER_ASSIGNMENT (  '', '', ( #11934 ) ) ;
#7188 = CARTESIAN_POINT ( 'NONE',  ( -0.5649999999999997200, 0.0000000000000000000, 1.725000000000001200 ) ) ;
#7189 = DIRECTION ( 'NONE',  ( -1.000000000000000000, 0.0000000000000000000, 0.0000000000000000000 ) ) ;
#7190 = DIRECTION ( 'NONE',  ( -0.0000000000000000000, -1.000000000000000000, -0.0000000000000000000 ) ) ;
#7191 = EDGE_CURVE ( 'NONE', #4787, #12305, #9427, .T. ) ;
#7192 = CARTESIAN_POINT ( 'NONE',  ( 2.000000000000000900, 0.0000000000000000000, 0.7849999999999999200 ) ) ;
#7193 = LINE ( 'NONE', #204, #9479 ) ;
#7194 =( LENGTH_UNIT ( ) NAMED_UNIT ( * ) SI_UNIT ( .MILLI., .METRE. ) );
#7195 = PLANE ( 'NONE',  #1759 ) ;
#7196 = CARTESIAN_POINT ( 'NONE',  ( 0.4899999999999997700, 0.0000000000000000000, -1.725000000000000300 ) ) ;
#7197 = VERTEX_POINT ( 'NONE', #6788 ) ;
#7198 = DIRECTION ( 'NONE',  ( 0.0000000000000000000, -1.000000000000000000, 0.0000000000000000000 ) ) ;
#7199 = CARTESIAN_POINT ( 'NONE',  ( 1.650000000000000800, 0.05000000000000000300, 0.0000000000000000000 ) ) ;
#7200 = CARTESIAN_POINT ( 'NONE',  ( 0.9399999999999998400, 0.0000000000000000000, 1.650000000000000800 ) ) ;
#7201 = DIRECTION ( 'NONE',  ( -0.0000000000000000000, -1.000000000000000000, -0.0000000000000000000 ) ) ;
#7202 = LINE ( 'NONE', #9392, #11273 ) ;
#7203 = CARTESIAN_POINT ( 'NONE',  ( -0.8600000000000002100, 0.04999999999999999600, -1.725000000000000300 ) ) ;
#7204 = CIRCLE ( 'NONE', #8681, 0.07499999999999998300 ) ;
#7205 = AXIS2_PLACEMENT_3D ( 'NONE', #10712, #164, #2976 ) ;
#7206 = EDGE_CURVE ( 'NONE', #8382, #11788, #8803, .T. ) ;
#7207 = ORIENTED_EDGE ( 'NONE', *, *, #9851, .F. ) ;
#7208 = VECTOR ( 'NONE', #3040, 1000.000000000000000 ) ;
#7209 = VECTOR ( 'NONE', #3652, 1000.000000000000000 ) ;
#7210 = DIRECTION ( 'NONE',  ( -1.000000000000000000, 0.0000000000000000000, 5.782411586589359600E-016 ) ) ;
#7211 = CIRCLE ( 'NONE', #5520, 0.07499999999999998300 ) ;
#7212 = DIRECTION ( 'NONE',  ( 1.000000000000000000, -0.0000000000000000000, -0.0000000000000000000 ) ) ;
#7213 = EDGE_CURVE ( 'NONE', #3901, #4430, #6406, .T. ) ;
#7214 = AXIS2_PLACEMENT_3D ( 'NONE', #2078, #11679, #8786 ) ;
#7215 = ORIENTED_EDGE ( 'NONE', *, *, #4408, .F. ) ;
#7216 = CARTESIAN_POINT ( 'NONE',  ( 0.4100000000000002000, 0.2030000000000000100, 1.725000000000000800 ) ) ;
#7217 = ORIENTED_EDGE ( 'NONE', *, *, #2819, .T. ) ;
#7218 = ADVANCED_FACE ( 'NONE', ( #8655 ), #8597, .F. ) ;
#7219 = CARTESIAN_POINT ( 'NONE',  ( -1.650000000000000800, 0.6218078318274388200, 0.8599999999999998800 ) ) ;
#7220 = EDGE_CURVE ( 'NONE', #2746, #9075, #4473, .T. ) ;
#7221 = CIRCLE ( 'NONE', #10943, 0.07500000000000019200 ) ;
#7222 = LINE ( 'NONE', #9367, #7816 ) ;
#7223 = CARTESIAN_POINT ( 'NONE',  ( -0.1149999999999996600, 0.05000000000000000300, 0.0000000000000000000 ) ) ;
#7224 = DIRECTION ( 'NONE',  ( 0.0000000000000000000, 0.0000000000000000000, 1.000000000000000000 ) ) ;
#7225 = DIRECTION ( 'NONE',  ( -0.7071067811865474600, 0.0000000000000000000, 0.7071067811865474600 ) ) ;
#7226 = ORIENTED_EDGE ( 'NONE', *, *, #675, .F. ) ;
#7227 = VERTEX_POINT ( 'NONE', #5670 ) ;
#7228 = DIRECTION ( 'NONE',  ( 1.000000000000000000, -0.0000000000000000000, -0.0000000000000000000 ) ) ;
#7229 = DIRECTION ( 'NONE',  ( 0.0000000000000000000, 0.0000000000000000000, 1.000000000000000000 ) ) ;
#7230 = DIRECTION ( 'NONE',  ( 0.0000000000000000000, 0.0000000000000000000, -1.000000000000000000 ) ) ;
#7231 = LINE ( 'NONE', #3714, #2141 ) ;
#7232 = STYLED_ITEM ( 'NONE', ( #5942 ), #7122 ) ;
#7233 = CARTESIAN_POINT ( 'NONE',  ( -1.725000000000000800, 0.6218078318274388200, -0.5649999999999999500 ) ) ;
#7234 = CARTESIAN_POINT ( 'NONE',  ( -1.600000000000000800, 0.8000000000000000400, -1.600000000000000300 ) ) ;
#7235 = VECTOR ( 'NONE', #5206, 1000.000000000000000 ) ;
#7236 = ADVANCED_FACE ( 'NONE', ( #5789 ), #8724, .F. ) ;
#7237 = CARTESIAN_POINT ( 'NONE',  ( 2.000000000000000900, 0.2030000000000000100, 1.465000000000000100 ) ) ;
#7238 = EDGE_CURVE ( 'NONE', #11823, #5905, #2037, .T. ) ;
#7239 = ORIENTED_EDGE ( 'NONE', *, *, #4219, .F. ) ;
#7240 = DIRECTION ( 'NONE',  ( 0.0000000000000000000, 0.0000000000000000000, 1.000000000000000000 ) ) ;
#7241 = EDGE_CURVE ( 'NONE', #10512, #10801, #1016, .T. ) ;
#7242 = ORIENTED_EDGE ( 'NONE', *, *, #12177, .T. ) ;
#7243 = CARTESIAN_POINT ( 'NONE',  ( -1.650000000000000800, 0.6218078318274388200, 0.9399999999999998400 ) ) ;
#7244 = EDGE_LOOP ( 'NONE', ( #4455, #1929, #6917, #1441 ) ) ;
#7245 = ORIENTED_EDGE ( 'NONE', *, *, #3198, .T. ) ;
#7246 = LINE ( 'NONE', #1352, #7984 ) ;
#7247 = CARTESIAN_POINT ( 'NONE',  ( -2.000000000000000900, 0.6218078318274388200, 0.7849999999999999200 ) ) ;
#7248 = VERTEX_POINT ( 'NONE', #4716 ) ;
#7249 = CARTESIAN_POINT ( 'NONE',  ( 1.650000000000000800, 0.0000000000000000000, -0.4100000000000004200 ) ) ;
#7250 = SURFACE_STYLE_FILL_AREA ( #3082 ) ;
#7251 = ORIENTED_EDGE ( 'NONE', *, *, #4708, .T. ) ;
#7252 = ORIENTED_EDGE ( 'NONE', *, *, #11787, .T. ) ;
#7253 = CARTESIAN_POINT ( 'NONE',  ( -1.725000000000000800, 0.2030000000000000100, 0.9399999999999998400 ) ) ;
#7254 = EDGE_LOOP ( 'NONE', ( #9875, #910, #6005, #3875 ) ) ;
#7255 = ORIENTED_EDGE ( 'NONE', *, *, #12299, .F. ) ;
#7256 = FACE_OUTER_BOUND ( 'NONE', #3223, .T. ) ;
#7257 = CARTESIAN_POINT ( 'NONE',  ( -0.03999999999999967500, 0.0000000000000000000, 1.725000000000000800 ) ) ;
#7258 = EDGE_CURVE ( 'NONE', #3854, #4932, #9728, .T. ) ;
#7259 = FACE_OUTER_BOUND ( 'NONE', #6656, .T. ) ;
#7260 = CARTESIAN_POINT ( 'NONE',  ( -1.650000000000000800, 0.6218078318274388200, 0.04000000000000010500 ) ) ;
#7261 = ORIENTED_EDGE ( 'NONE', *, *, #8773, .F. ) ;
#7262 = CIRCLE ( 'NONE', #3906, 0.07499999999999998300 ) ;
#7263 = CARTESIAN_POINT ( 'NONE',  ( -1.600000000000000800, 0.6999999999999999600, -1.600000000000000300 ) ) ;
#7264 = FILL_AREA_STYLE ('',( #8880 ) ) ;
#7265 = DIRECTION ( 'NONE',  ( 0.0000000000000000000, 0.0000000000000000000, -1.000000000000000000 ) ) ;
#7266 =( GEOMETRIC_REPRESENTATION_CONTEXT ( 3 ) GLOBAL_UNCERTAINTY_ASSIGNED_CONTEXT ( ( #8102 ) ) GLOBAL_UNIT_ASSIGNED_CONTEXT ( ( #8378, #3581, #1731 ) ) REPRESENTATION_CONTEXT ( 'NONE', 'WORKASPACE' ) );
#7267 = ORIENTED_EDGE ( 'NONE', *, *, #2569, .T. ) ;
#7268 = FACE_OUTER_BOUND ( 'NONE', #9742, .T. ) ;
#7269 = DIRECTION ( 'NONE',  ( 0.0000000000000000000, 0.0000000000000000000, 1.000000000000000000 ) ) ;
#7270 = LINE ( 'NONE', #10769, #11061 ) ;
#7271 = CARTESIAN_POINT ( 'NONE',  ( -1.300000000000000700, 0.2030000000000000700, 1.300000000000000700 ) ) ;
#7272 = ORIENTED_EDGE ( 'NONE', *, *, #7833, .F. ) ;
#7273 = CARTESIAN_POINT ( 'NONE',  ( 1.650000000000000800, 0.2030000000000001000, -0.4100000000000004200 ) ) ;
#7274 = DIRECTION ( 'NONE',  ( 1.000000000000000000, 0.0000000000000000000, -0.0000000000000000000 ) ) ;
#7275 = EDGE_LOOP ( 'NONE', ( #10155, #9561, #2864, #9778 ) ) ;
#7276 = VERTEX_POINT ( 'NONE', #11506 ) ;
#7277 = CARTESIAN_POINT ( 'NONE',  ( -1.234999999999999700, 0.05000000000000000300, -2.000000000000000400 ) ) ;
#7278 = EDGE_LOOP ( 'NONE', ( #7918, #2465, #1513, #12115 ) ) ;
#7279 = EDGE_CURVE ( 'NONE', #9622, #6523, #2336, .T. ) ;
#7280 = DIRECTION ( 'NONE',  ( -0.0000000000000000000, -1.000000000000000000, -0.0000000000000000000 ) ) ;
#7281 = CARTESIAN_POINT ( 'NONE',  ( -1.600000000000000800, 0.6999999999999999600, -1.800000000000000300 ) ) ;
#7282 = CARTESIAN_POINT ( 'NONE',  ( -1.465000000000000300, 0.2030000000000000100, -1.805000000000000800 ) ) ;
#7283 = DIRECTION ( 'NONE',  ( 0.0000000000000000000, -1.000000000000000000, 0.0000000000000000000 ) ) ;
#7284 = DIRECTION ( 'NONE',  ( -1.577021341797097400E-015, 0.0000000000000000000, 1.000000000000000000 ) ) ;
#7285 = VECTOR ( 'NONE', #5124, 1000.000000000000000 ) ;
#7286 = LINE ( 'NONE', #8988, #4760 ) ;
#7287 = ORIENTED_EDGE ( 'NONE', *, *, #11976, .F. ) ;
#7288 = CARTESIAN_POINT ( 'NONE',  ( -1.650000000000000800, 0.05000000000000023900, -0.4899999999999999900 ) ) ;
#7289 = ORIENTED_EDGE ( 'NONE', *, *, #5098, .T. ) ;
#7290 = DIRECTION ( 'NONE',  ( -0.0000000000000000000, -1.000000000000000000, 0.0000000000000000000 ) ) ;
#7291 = ORIENTED_EDGE ( 'NONE', *, *, #11797, .T. ) ;
#7292 = EDGE_CURVE ( 'NONE', #8695, #6677, #4161, .T. ) ;
#7293 = AXIS2_PLACEMENT_3D ( 'NONE', #9474, #4638, #4472 ) ;
#7294 = LINE ( 'NONE', #2687, #2199 ) ;
#7295 = CARTESIAN_POINT ( 'NONE',  ( -0.1149999999999996600, 0.2030000000000001000, 2.000000000000000400 ) ) ;
#7296 = VECTOR ( 'NONE', #2641, 1000.000000000000000 ) ;
#7297 = EDGE_CURVE ( 'NONE', #5494, #473, #8332, .T. ) ;
#7298 = SURFACE_STYLE_USAGE ( .BOTH. , #5222 ) ;
#7299 = LINE ( 'NONE', #2276, #9438 ) ;
#7300 = EDGE_LOOP ( 'NONE', ( #9463, #9119, #3838, #5904, #694, #2899 ) ) ;
#7301 = ADVANCED_FACE ( 'NONE', ( #3556 ), #420, .F. ) ;
#7302 = ORIENTED_EDGE ( 'NONE', *, *, #11765, .F. ) ;
#7303 = DIRECTION ( 'NONE',  ( -1.577021341797097400E-015, 0.0000000000000000000, 1.000000000000000000 ) ) ;
#7304 = VERTEX_POINT ( 'NONE', #1863 ) ;
#7305 = VERTEX_POINT ( 'NONE', #3800 ) ;
#7306 = CARTESIAN_POINT ( 'NONE',  ( -1.857503272058750300, 0.2030000000000000100, 1.517503272058749800 ) ) ;
#7307 = VECTOR ( 'NONE', #8377, 1000.000000000000000 ) ;
#7308 = VECTOR ( 'NONE', #8317, 1000.000000000000000 ) ;
#7309 = AXIS2_PLACEMENT_3D ( 'NONE', #9192, #11123, #1479 ) ;
#7310 = VERTEX_POINT ( 'NONE', #10528 ) ;
#7311 =( NAMED_UNIT ( * ) SI_UNIT ( $, .STERADIAN. ) SOLID_ANGLE_UNIT ( ) );
#7312 = CARTESIAN_POINT ( 'NONE',  ( -1.600000000000000800, 0.6999999999999999600, -1.600000000000000300 ) ) ;
#7313 = ORIENTED_EDGE ( 'NONE', *, *, #9386, .T. ) ;
#7314 = EDGE_LOOP ( 'NONE', ( #6301, #9136, #930, #7414 ) ) ;
#7315 = EDGE_CURVE ( 'NONE', #11202, #5210, #7590, .T. ) ;
#7316 = ORIENTED_EDGE ( 'NONE', *, *, #582, .F. ) ;
#7317 = ADVANCED_FACE ( 'NONE', ( #6088 ), #8648, .F. ) ;
#7318 = EDGE_CURVE ( 'NONE', #258, #7115, #7723, .T. ) ;
#7319 = DIRECTION ( 'NONE',  ( -0.0000000000000000000, -1.000000000000000000, -0.0000000000000000000 ) ) ;
#7320 = ORIENTED_EDGE ( 'NONE', *, *, #6637, .T. ) ;
#7321 = CARTESIAN_POINT ( 'NONE',  ( 0.04000000000000010500, 0.0000000000000000000, 1.650000000000000800 ) ) ;
#7322 = DIRECTION ( 'NONE',  ( 0.0000000000000000000, 0.0000000000000000000, -1.000000000000000000 ) ) ;
#7323 = LINE ( 'NONE', #6990, #11106 ) ;
#7324 = PLANE ( 'NONE',  #11460 ) ;
#7325 = VECTOR ( 'NONE', #1091, 1000.000000000000000 ) ;
#7326 = VECTOR ( 'NONE', #9154, 1000.000000000000000 ) ;
#7327 = CARTESIAN_POINT ( 'NONE',  ( 0.3350000000000002400, 0.0000000000000000000, 2.000000000000000400 ) ) ;
#7328 = DIRECTION ( 'NONE',  ( -1.000000000000000000, 0.0000000000000000000, 1.577021341797102100E-015 ) ) ;
#7329 = ORIENTED_EDGE ( 'NONE', *, *, #6967, .T. ) ;
#7330 = ORIENTED_EDGE ( 'NONE', *, *, #5797, .T. ) ;
#7331 = CARTESIAN_POINT ( 'NONE',  ( -2.000000000000000900, 0.8000000000000003800, -2.000000000000000400 ) ) ;
#7332 = DIRECTION ( 'NONE',  ( 0.0000000000000000000, 1.000000000000000000, -0.0000000000000000000 ) ) ;
#7333 = ORIENTED_EDGE ( 'NONE', *, *, #10835, .T. ) ;
#7334 = DIRECTION ( 'NONE',  ( 0.0000000000000000000, 1.000000000000000000, -0.0000000000000000000 ) ) ;
#7335 = EDGE_CURVE ( 'NONE', #5071, #2183, #5195, .T. ) ;
#7336 = CARTESIAN_POINT ( 'NONE',  ( -0.04000000000000010500, 0.6218078318274392600, -1.650000000000000100 ) ) ;
#7337 = ORIENTED_EDGE ( 'NONE', *, *, #11797, .F. ) ;
#7338 = LINE ( 'NONE', #4337, #11258 ) ;
#7339 = EDGE_CURVE ( 'NONE', #2812, #7685, #716, .T. ) ;
#7340 = SURFACE_STYLE_FILL_AREA ( #3585 ) ;
#7341 = DIRECTION ( 'NONE',  ( 0.0000000000000000000, 1.000000000000000000, 0.0000000000000000000 ) ) ;
#7342 = ORIENTED_EDGE ( 'NONE', *, *, #3121, .F. ) ;
#7343 = DIRECTION ( 'NONE',  ( -2.365532012695645800E-015, 0.0000000000000000000, 1.000000000000000000 ) ) ;
#7344 = FACE_OUTER_BOUND ( 'NONE', #9694, .T. ) ;
#7345 = DIRECTION ( 'NONE',  ( 0.0000000000000000000, 0.0000000000000000000, -1.000000000000000000 ) ) ;
#7346 = CYLINDRICAL_SURFACE ( 'NONE', #412, 0.07499999999999998300 ) ;
#7347 = CARTESIAN_POINT ( 'NONE',  ( -0.9500000000000002900, 3.879955262170047700, -1.299999999999999200 ) ) ;
#7348 = ADVANCED_FACE ( 'NONE', ( #7881 ), #6831, .T. ) ;
#7349 = LINE ( 'NONE', #7347, #5404 ) ;
#7350 = AXIS2_PLACEMENT_3D ( 'NONE', #2826, #3883, #3835 ) ;
#7351 = UNCERTAINTY_MEASURE_WITH_UNIT (LENGTH_MEASURE( 1.000000000000000100E-005 ), #5033, 'distance_accuracy_value', 'NONE');
#7352 = AXIS2_PLACEMENT_3D ( 'NONE', #8104, #11985, #7154 ) ;
#7353 = EDGE_LOOP ( 'NONE', ( #12139, #1848, #8219, #10851 ) ) ;
#7354 = CARTESIAN_POINT ( 'NONE',  ( 0.5650000000000003900, 0.0000000000000000000, -2.000000000000000400 ) ) ;
#7355 = EDGE_CURVE ( 'NONE', #5878, #5483, #10914, .T. ) ;
#7356 = DIRECTION ( 'NONE',  ( -0.0000000000000000000, -1.000000000000000000, -0.0000000000000000000 ) ) ;
#7357 = FACE_OUTER_BOUND ( 'NONE', #10147, .T. ) ;
#7358 = FACE_OUTER_BOUND ( 'NONE', #4002, .T. ) ;
#7359 = DIRECTION ( 'NONE',  ( 1.000000000000000000, 0.0000000000000000000, -0.0000000000000000000 ) ) ;
#7360 = DIRECTION ( 'NONE',  ( -0.0000000000000000000, 0.0000000000000000000, -1.000000000000000000 ) ) ;
#7361 = CARTESIAN_POINT ( 'NONE',  ( -0.03999999999999967500, 0.2030000000000000100, 1.725000000000000800 ) ) ;
#7362 = DIRECTION ( 'NONE',  ( 1.577021341797097400E-015, 0.0000000000000000000, -1.000000000000000000 ) ) ;
#7363 = ADVANCED_FACE ( 'NONE', ( #120 ), #6913, .T. ) ;
#7364 = CARTESIAN_POINT ( 'NONE',  ( -1.234999999999999700, 0.6218078318274392600, -2.000000000000000400 ) ) ;
#7365 = CARTESIAN_POINT ( 'NONE',  ( -1.235000000000000100, 0.04999999999999999600, -1.725000000000000300 ) ) ;
#7366 = AXIS2_PLACEMENT_3D ( 'NONE', #1436, #9922, #1268 ) ;
#7367 = VERTEX_POINT ( 'NONE', #4010 ) ;
#7368 = VERTEX_POINT ( 'NONE', #1279 ) ;
#7369 = MECHANICAL_DESIGN_GEOMETRIC_PRESENTATION_REPRESENTATION (  '', ( #6326 ), #3938 ) ;
#7370 = PLANE ( 'NONE',  #3262 ) ;
#7371 = FILL_AREA_STYLE_COLOUR ( '', #11163 ) ;
#7372 = VECTOR ( 'NONE', #6610, 1000.000000000000000 ) ;
#7373 = CYLINDRICAL_SURFACE ( 'NONE', #12183, 0.07499999999999998300 ) ;
#7374 = CARTESIAN_POINT ( 'NONE',  ( -2.000000000000000900, 0.6218078318274388200, -1.464999999999999900 ) ) ;
#7375 = EDGE_CURVE ( 'NONE', #5839, #11202, #3236, .T. ) ;
#7376 = ORIENTED_EDGE ( 'NONE', *, *, #7073, .F. ) ;
#7377 = ADVANCED_FACE ( 'NONE', ( #10616 ), #8024, .F. ) ;
#7378 = EDGE_LOOP ( 'NONE', ( #1610, #5620, #2066, #11342 ) ) ;
#7379 = DIRECTION ( 'NONE',  ( 0.0000000000000000000, -0.0000000000000000000, 1.000000000000000000 ) ) ;
#7380 = DIRECTION ( 'NONE',  ( 7.885106708985485100E-016, 0.0000000000000000000, -1.000000000000000000 ) ) ;
#7381 = VECTOR ( 'NONE', #10359, 1000.000000000000000 ) ;
#7382 = PRESENTATION_STYLE_ASSIGNMENT (( #9540 ) ) ;
#7383 = CARTESIAN_POINT ( 'NONE',  ( -1.600000000000000800, 0.6999999999999999600, -1.400000000000000400 ) ) ;
#7384 = CARTESIAN_POINT ( 'NONE',  ( 1.725000000000000800, 0.6218078318274387100, -0.7850000000000004800 ) ) ;
#7385 = AXIS2_PLACEMENT_3D ( 'NONE', #8261, #12138, #551 ) ;
#7386 = VERTEX_POINT ( 'NONE', #4967 ) ;
#7387 = EDGE_CURVE ( 'NONE', #11779, #1250, #2805, .T. ) ;
#7388 = ORIENTED_EDGE ( 'NONE', *, *, #6449, .F. ) ;
#7389 = FACE_OUTER_BOUND ( 'NONE', #6118, .T. ) ;
#7390 = LINE ( 'NONE', #4431, #4561 ) ;
#7391 = DIRECTION ( 'NONE',  ( 0.0000000000000000000, -1.000000000000000000, 0.0000000000000000000 ) ) ;
#7392 = VECTOR ( 'NONE', #9043, 1000.000000000000000 ) ;
#7393 = CARTESIAN_POINT ( 'NONE',  ( -2.000000000000000900, 0.0000000000000000000, 0.1150000000000000900 ) ) ;
#7394 = ORIENTED_EDGE ( 'NONE', *, *, #599, .T. ) ;
#7395 = ORIENTED_EDGE ( 'NONE', *, *, #1797, .F. ) ;
#7396 = DIRECTION ( 'NONE',  ( 0.0000000000000000000, 0.0000000000000000000, -1.000000000000000000 ) ) ;
#7398 = ORIENTED_EDGE ( 'NONE', *, *, #3894, .T. ) ;
#7397 = DIRECTION ( 'NONE',  ( 1.000000000000000000, 0.0000000000000000000, -0.0000000000000000000 ) ) ;
#7399 = CARTESIAN_POINT ( 'NONE',  ( 1.650000000000000800, 0.6218078318274388200, -1.310000000000000500 ) ) ;
#7400 = EDGE_LOOP ( 'NONE', ( #3057, #8955, #2547, #5465 ) ) ;
#7401 = VECTOR ( 'NONE', #1725, 1000.000000000000000 ) ;
#7402 = CARTESIAN_POINT ( 'NONE',  ( -1.650000000000000800, 0.0000000000000000000, 1.310000000000000500 ) ) ;
#7403 = DIRECTION ( 'NONE',  ( 0.0000000000000000000, 1.000000000000000000, 0.0000000000000000000 ) ) ;
#7404 = CARTESIAN_POINT ( 'NONE',  ( 1.999999999999999100, 0.05000000000000000300, -2.000000000000000400 ) ) ;
#7405 = ORIENTED_EDGE ( 'NONE', *, *, #1034, .T. ) ;
#7406 = EDGE_CURVE ( 'NONE', #9267, #11726, #273, .T. ) ;
#7407 = VECTOR ( 'NONE', #9199, 1000.000000000000000 ) ;
#7408 = DIRECTION ( 'NONE',  ( 0.0000000000000000000, -1.000000000000000000, 0.0000000000000000000 ) ) ;
#7409 = EDGE_CURVE ( 'NONE', #8607, #9428, #5052, .T. ) ;
#7410 = DIRECTION ( 'NONE',  ( 0.0000000000000000000, 1.000000000000000000, 0.0000000000000000000 ) ) ;
#7411 = ADVANCED_FACE ( 'NONE', ( #5493 ), #1609, .T. ) ;
#7412 = DIRECTION ( 'NONE',  ( -0.0000000000000000000, -1.000000000000000000, -0.0000000000000000000 ) ) ;
#7413 = ORIENTED_EDGE ( 'NONE', *, *, #11428, .T. ) ;
#7414 = ORIENTED_EDGE ( 'NONE', *, *, #10803, .T. ) ;
#7415 = VECTOR ( 'NONE', #6147, 1000.000000000000000 ) ;
#7416 = ORIENTED_EDGE ( 'NONE', *, *, #11056, .T. ) ;
#7417 = VECTOR ( 'NONE', #4973, 1000.000000000000000 ) ;
#7418 = ORIENTED_EDGE ( 'NONE', *, *, #7846, .F. ) ;
#7419 = VECTOR ( 'NONE', #1455, 1000.000000000000000 ) ;
#7420 = STYLED_ITEM ( 'NONE', ( #10025 ), #10001 ) ;
#7421 = DIRECTION ( 'NONE',  ( 0.0000000000000000000, -1.000000000000000000, 0.0000000000000000000 ) ) ;
#7422 = ORIENTED_EDGE ( 'NONE', *, *, #10227, .F. ) ;
#7423 = AXIS2_PLACEMENT_3D ( 'NONE', #9881, #2298, #4213 ) ;
#7424 = ORIENTED_EDGE ( 'NONE', *, *, #5037, .F. ) ;
#7425 = ADVANCED_FACE ( 'NONE', ( #11503 ), #579, .T. ) ;
#7426 = DIRECTION ( 'NONE',  ( -0.0000000000000000000, -1.000000000000000000, -0.0000000000000000000 ) ) ;
#7427 = DIRECTION ( 'NONE',  ( 0.0000000000000000000, -0.0000000000000000000, 1.000000000000000000 ) ) ;
#7428 = EDGE_CURVE ( 'NONE', #7386, #9519, #879, .T. ) ;
#7429 = VECTOR ( 'NONE', #9565, 1000.000000000000000 ) ;
#7430 = ORIENTED_EDGE ( 'NONE', *, *, #5935, .F. ) ;
#7431 = CARTESIAN_POINT ( 'NONE',  ( -1.465000000000000300, 0.2030000000000000100, -1.725000000000000300 ) ) ;
#7432 = LINE ( 'NONE', #5417, #11059 ) ;
#7433 = CYLINDRICAL_SURFACE ( 'NONE', #772, 0.07499999999999998300 ) ;
#7434 = ORIENTED_EDGE ( 'NONE', *, *, #5635, .F. ) ;
#7435 = ORIENTED_EDGE ( 'NONE', *, *, #2873, .T. ) ;
#7436 = CARTESIAN_POINT ( 'NONE',  ( -0.8599999999999999900, 0.0000000000000000000, 1.650000000000000800 ) ) ;
#7437 = ORIENTED_EDGE ( 'NONE', *, *, #4137, .T. ) ;
#7438 = PLANE ( 'NONE',  #2231 ) ;
#7439 = AXIS2_PLACEMENT_3D ( 'NONE', #3913, #2967, #10623 ) ;
#7440 = ADVANCED_FACE ( 'NONE', ( #10028 ), #7433, .F. ) ;
#7441 = LINE ( 'NONE', #12407, #6095 ) ;
#7442 = DIRECTION ( 'NONE',  ( 0.0000000000000000000, 1.000000000000000000, 0.0000000000000000000 ) ) ;
#7443 = DIRECTION ( 'NONE',  ( -0.0000000000000000000, -1.000000000000000000, -0.0000000000000000000 ) ) ;
#7444 = AXIS2_PLACEMENT_3D ( 'NONE', #4289, #9020, #2345 ) ;
#7445 = PLANE ( 'NONE',  #11704 ) ;
#7446 = LINE ( 'NONE', #2498, #130 ) ;
#7447 = ORIENTED_EDGE ( 'NONE', *, *, #1684, .T. ) ;
#7448 = VERTEX_POINT ( 'NONE', #6033 ) ;
#7449 = CARTESIAN_POINT ( 'NONE',  ( 0.9399999999999998400, 0.2030000000000000100, 1.650000000000000800 ) ) ;
#7450 = PLANE ( 'NONE',  #1570 ) ;
#7451 = EDGE_CURVE ( 'NONE', #10801, #7147, #2941, .T. ) ;
#7452 = ORIENTED_EDGE ( 'NONE', *, *, #1494, .T. ) ;
#7453 = CARTESIAN_POINT ( 'NONE',  ( -2.000000000000000900, 0.6218078318274388200, 1.465000000000000100 ) ) ;
#7454 = ORIENTED_EDGE ( 'NONE', *, *, #3708, .F. ) ;
#7455 = ORIENTED_EDGE ( 'NONE', *, *, #10835, .F. ) ;
#7456 = CARTESIAN_POINT ( 'NONE',  ( -2.000000000000000900, 0.2030000000000000100, 1.465000000000000100 ) ) ;
#7457 = VECTOR ( 'NONE', #10962, 1000.000000000000000 ) ;
#7458 = CARTESIAN_POINT ( 'NONE',  ( -2.000000000000000900, 0.04999999999999991300, -0.5649999999999999500 ) ) ;
#7459 = VECTOR ( 'NONE', #3994, 1000.000000000000000 ) ;
#7460 = LINE ( 'NONE', #1418, #11375 ) ;
#7461 = ORIENTED_EDGE ( 'NONE', *, *, #9825, .F. ) ;
#7462 = DIRECTION ( 'NONE',  ( 0.0000000000000000000, 1.000000000000000000, 0.0000000000000000000 ) ) ;
#7463 = EDGE_CURVE ( 'NONE', #5662, #4570, #10770, .T. ) ;
#7464 = VERTEX_POINT ( 'NONE', #2352 ) ;
#7465 = EDGE_LOOP ( 'NONE', ( #5101, #1052, #12204, #97 ) ) ;
#7466 = AXIS2_PLACEMENT_3D ( 'NONE', #3842, #4841, #9733 ) ;
#7467 = ORIENTED_EDGE ( 'NONE', *, *, #3372, .T. ) ;
#7468 = EDGE_CURVE ( 'NONE', #2224, #3217, #8644, .T. ) ;
#7469 = CARTESIAN_POINT ( 'NONE',  ( -1.310000000000000300, 0.2030000000000000100, -1.725000000000000300 ) ) ;
#7470 = VECTOR ( 'NONE', #1626, 1000.000000000000000 ) ;
#7471 = DIRECTION ( 'NONE',  ( -0.0000000000000000000, 0.0000000000000000000, -1.000000000000000000 ) ) ;
#7472 = CIRCLE ( 'NONE', #1551, 0.1999999999999998700 ) ;
#7473 = DIRECTION ( 'NONE',  ( 0.0000000000000000000, 0.0000000000000000000, 1.000000000000000000 ) ) ;
#7474 = ORIENTED_EDGE ( 'NONE', *, *, #9364, .F. ) ;
#7475 = ADVANCED_FACE ( 'NONE', ( #3860 ), #11791, .F. ) ;
#7476 = ORIENTED_EDGE ( 'NONE', *, *, #12060, .F. ) ;
#7477 = CARTESIAN_POINT ( 'NONE',  ( 1.015000000000000800, 0.2030000000000000700, 1.999999999999999600 ) ) ;
#7478 = EDGE_LOOP ( 'NONE', ( #1670, #838, #6262, #8635, #9893 ) ) ;
#7479 = AXIS2_PLACEMENT_3D ( 'NONE', #8521, #829, #11346 ) ;
#7480 = PLANE ( 'NONE',  #4864 ) ;
#7481 = EDGE_LOOP ( 'NONE', ( #10775, #9841, #10487, #11260 ) ) ;
#7482 = CIRCLE ( 'NONE', #1426, 0.07499999999999998300 ) ;
#7483 = CARTESIAN_POINT ( 'NONE',  ( 1.650000000000000800, 0.6218078318274388200, 0.9399999999999993900 ) ) ;
#7484 = LINE ( 'NONE', #9958, #4952 ) ;
#7485 = EDGE_CURVE ( 'NONE', #5460, #9860, #8175, .T. ) ;
#7486 = EDGE_CURVE ( 'NONE', #7554, #2184, #12252, .T. ) ;
#7487 = ORIENTED_EDGE ( 'NONE', *, *, #11882, .F. ) ;
#7488 = DIRECTION ( 'NONE',  ( -1.000000000000000000, 0.0000000000000000000, 0.0000000000000000000 ) ) ;
#7489 = ORIENTED_EDGE ( 'NONE', *, *, #6424, .F. ) ;
#7490 = CARTESIAN_POINT ( 'NONE',  ( 0.9399999999999996100, 0.6218078318274392600, -1.650000000000000100 ) ) ;
#7491 = DIRECTION ( 'NONE',  ( -1.000000000000000000, 0.0000000000000000000, 0.0000000000000000000 ) ) ;
#7492 = DIRECTION ( 'NONE',  ( 0.0000000000000000000, 1.000000000000000000, 0.0000000000000000000 ) ) ;
#7493 = ADVANCED_FACE ( 'NONE', ( #9874 ), #9572, .T. ) ;
#7494 = VECTOR ( 'NONE', #8289, 1000.000000000000000 ) ;
#7495 = CARTESIAN_POINT ( 'NONE',  ( -2.000000000000000900, 0.2030000000000000100, -1.464999999999999900 ) ) ;
#7496 = CARTESIAN_POINT ( 'NONE',  ( 1.464999999999999900, 0.2030000000000000100, -1.725000000000000300 ) ) ;
#7497 = FACE_OUTER_BOUND ( 'NONE', #3170, .T. ) ;
#7498 = DIRECTION ( 'NONE',  ( -0.0000000000000000000, -1.000000000000000000, -0.0000000000000000000 ) ) ;
#7499 = LINE ( 'NONE', #6756, #4962 ) ;
#7500 = DIRECTION ( 'NONE',  ( 0.0000000000000000000, 0.0000000000000000000, -1.000000000000000000 ) ) ;
#7501 = AXIS2_PLACEMENT_3D ( 'NONE', #2389, #6116, #613 ) ;
#7502 = ORIENTED_EDGE ( 'NONE', *, *, #6669, .F. ) ;
#7503 = AXIS2_PLACEMENT_3D ( 'NONE', #11371, #12295, #5612 ) ;
#7504 = DIRECTION ( 'NONE',  ( 0.0000000000000000000, 0.0000000000000000000, 1.000000000000000000 ) ) ;
#7505 = EDGE_CURVE ( 'NONE', #11848, #11957, #7286, .T. ) ;
#7506 = FACE_OUTER_BOUND ( 'NONE', #11710, .T. ) ;
#7507 = ADVANCED_FACE ( 'NONE', ( #6987, #12404 ), #10017, .T. ) ;
#7508 = EDGE_CURVE ( 'NONE', #5477, #6209, #6682, .T. ) ;
#7509 = LINE ( 'NONE', #8394, #8243 ) ;
#7510 = UNCERTAINTY_MEASURE_WITH_UNIT (LENGTH_MEASURE( 1.000000000000000100E-005 ), #8400, 'distance_accuracy_value', 'NONE');
#7511 = CARTESIAN_POINT ( 'NONE',  ( 2.000000000000000900, 0.2030000000000001000, -1.464999999999999900 ) ) ;
#7512 = CARTESIAN_POINT ( 'NONE',  ( -1.805000000000000600, 0.0000000000000000000, 1.465000000000000100 ) ) ;
#7513 = ORIENTED_EDGE ( 'NONE', *, *, #11618, .T. ) ;
#7514 = EDGE_LOOP ( 'NONE', ( #2354, #5717, #5236, #1282 ) ) ;
#7515 = VECTOR ( 'NONE', #351, 1000.000000000000000 ) ;
#7516 = PRESENTATION_LAYER_ASSIGNMENT (  '', '', ( #11392 ) ) ;
#7517 = CARTESIAN_POINT ( 'NONE',  ( 2.000000000000000900, 0.04999999999999991300, -0.3350000000000000200 ) ) ;
#7518 = CIRCLE ( 'NONE', #4741, 0.07499999999999998300 ) ;
#7519 = AXIS2_PLACEMENT_3D ( 'NONE', #5444, #951, #8245 ) ;
#7520 = EDGE_CURVE ( 'NONE', #11530, #1749, #563, .T. ) ;
#7521 = ORIENTED_EDGE ( 'NONE', *, *, #764, .F. ) ;
#7522 = ORIENTED_EDGE ( 'NONE', *, *, #3927, .T. ) ;
#7523 = CARTESIAN_POINT ( 'NONE',  ( -1.725000000000000800, 0.0000000000000000000, -1.014999999999999900 ) ) ;
#7524 = DIRECTION ( 'NONE',  ( 0.0000000000000000000, 0.0000000000000000000, -1.000000000000000000 ) ) ;
#7525 = DIRECTION ( 'NONE',  ( -1.000000000000000000, -0.0000000000000000000, -1.577021341797097000E-015 ) ) ;
#7526 = FACE_OUTER_BOUND ( 'NONE', #545, .T. ) ;
#7527 = DIRECTION ( 'NONE',  ( -0.0000000000000000000, -1.000000000000000000, -0.0000000000000000000 ) ) ;
#7528 = DIRECTION ( 'NONE',  ( 0.0000000000000000000, 0.0000000000000000000, 1.000000000000000000 ) ) ;
#7529 = PLANE ( 'NONE',  #10924 ) ;
#7530 = CARTESIAN_POINT ( 'NONE',  ( 1.725000000000000800, 0.6218078318274388200, -0.04000000000000032000 ) ) ;
#7531 = EDGE_CURVE ( 'NONE', #2440, #10658, #5636, .T. ) ;
#7532 = ADVANCED_FACE ( 'NONE', ( #6543 ), #4651, .F. ) ;
#7533 = AXIS2_PLACEMENT_3D ( 'NONE', #11151, #2876, #1764 ) ;
#7534 = VERTEX_POINT ( 'NONE', #8081 ) ;
#7535 = VERTEX_POINT ( 'NONE', #2398 ) ;
#7536 = LINE ( 'NONE', #3686, #9671 ) ;
#7537 = EDGE_CURVE ( 'NONE', #1250, #5456, #8482, .T. ) ;
#7538 = CIRCLE ( 'NONE', #8980, 0.07500000000000019200 ) ;
#7539 = DIRECTION ( 'NONE',  ( 0.0000000000000000000, 0.0000000000000000000, -1.000000000000000000 ) ) ;
#7540 = EDGE_LOOP ( 'NONE', ( #9383, #1771, #7980, #1602 ) ) ;
#7541 = DIRECTION ( 'NONE',  ( 0.0000000000000000000, 0.0000000000000000000, 1.000000000000000000 ) ) ;
#7542 = DIRECTION ( 'NONE',  ( 0.0000000000000000000, -1.000000000000000000, 0.0000000000000000000 ) ) ;
#7543 = VERTEX_POINT ( 'NONE', #4680 ) ;
#7544 = LINE ( 'NONE', #1685, #7401 ) ;
#7545 = ADVANCED_FACE ( 'NONE', ( #9562 ), #11429, .F. ) ;
#7546 = DIRECTION ( 'NONE',  ( 0.0000000000000000000, -1.000000000000000000, 0.0000000000000000000 ) ) ;
#7547 = AXIS2_PLACEMENT_3D ( 'NONE', #8850, #9920, #5118 ) ;
#7548 = VERTEX_POINT ( 'NONE', #7477 ) ;
#7549 = DIRECTION ( 'NONE',  ( 7.885106708985485100E-016, 0.0000000000000000000, -1.000000000000000000 ) ) ;
#7550 = ORIENTED_EDGE ( 'NONE', *, *, #11917, .F. ) ;
#7551 = EDGE_CURVE ( 'NONE', #6436, #2623, #5928, .T. ) ;
#7552 = DIRECTION ( 'NONE',  ( 0.0000000000000000000, 0.0000000000000000000, -1.000000000000000000 ) ) ;
#7553 = EDGE_CURVE ( 'NONE', #10658, #8212, #6973, .T. ) ;
#7554 = VERTEX_POINT ( 'NONE', #7517 ) ;
#7555 = ORIENTED_EDGE ( 'NONE', *, *, #1013, .T. ) ;
#7556 = ORIENTED_EDGE ( 'NONE', *, *, #5509, .T. ) ;
#7557 = CARTESIAN_POINT ( 'NONE',  ( 1.999999999999999100, 0.05000000000000000300, 1.999999999999999600 ) ) ;
#7558 = ORIENTED_EDGE ( 'NONE', *, *, #5130, .F. ) ;
#7559 = PLANE ( 'NONE',  #6496 ) ;
#7560 = VECTOR ( 'NONE', #8868, 1000.000000000000000 ) ;
#7561 = VERTEX_POINT ( 'NONE', #10490 ) ;
#7562 = VECTOR ( 'NONE', #9880, 1000.000000000000000 ) ;
#7563 = ADVANCED_FACE ( 'NONE', ( #4449 ), #8433, .T. ) ;
#7564 = CARTESIAN_POINT ( 'NONE',  ( -1.234999999999999200, 0.2030000000000000100, 2.000000000000000400 ) ) ;
#7565 = VECTOR ( 'NONE', #8000, 1000.000000000000000 ) ;
#7566 = DIRECTION ( 'NONE',  ( 0.0000000000000000000, -0.0000000000000000000, 1.000000000000000000 ) ) ;
#7567 = CARTESIAN_POINT ( 'NONE',  ( 0.5649999999999997200, 0.2030000000000000100, -1.725000000000000300 ) ) ;
#7568 = ORIENTED_EDGE ( 'NONE', *, *, #3855, .F. ) ;
#7569 = AXIS2_PLACEMENT_3D ( 'NONE', #7084, #7876, #11875 ) ;
#7570 = CARTESIAN_POINT ( 'NONE',  ( 1.725000000000000800, 0.2030000000000000100, -0.04000000000000032000 ) ) ;
#7571 = EDGE_CURVE ( 'NONE', #11034, #4572, #4007, .T. ) ;
#7572 = DIRECTION ( 'NONE',  ( 0.7071067811865475700, 0.0000000000000000000, -0.7071067811865475700 ) ) ;
#7573 = EDGE_CURVE ( 'NONE', #4046, #342, #9862, .T. ) ;
#7574 = EDGE_CURVE ( 'NONE', #7177, #291, #706, .T. ) ;
#7575 = VECTOR ( 'NONE', #5515, 1000.000000000000000 ) ;
#7576 = CARTESIAN_POINT ( 'NONE',  ( 1.299999999999999200, 0.0000000000000000000, -1.300000000000000300 ) ) ;
#7577 = ORIENTED_EDGE ( 'NONE', *, *, #2252, .F. ) ;
#7578 = LINE ( 'NONE', #4551, #5634 ) ;
#7579 = VERTEX_POINT ( 'NONE', #1829 ) ;
#7580 = LINE ( 'NONE', #3928, #5044 ) ;
#7581 = ORIENTED_EDGE ( 'NONE', *, *, #5239, .F. ) ;
#7582 = ORIENTED_EDGE ( 'NONE', *, *, #3578, .F. ) ;
#7583 = ORIENTED_EDGE ( 'NONE', *, *, #4061, .T. ) ;
#7584 = LINE ( 'NONE', #1959, #10911 ) ;
#7585 = DIRECTION ( 'NONE',  ( 0.0000000000000000000, 0.0000000000000000000, -1.000000000000000000 ) ) ;
#7586 = AXIS2_PLACEMENT_3D ( 'NONE', #2922, #11444, #3905 ) ;
#7587 = DIRECTION ( 'NONE',  ( 0.0000000000000000000, 0.0000000000000000000, 1.000000000000000000 ) ) ;
#7588 = SURFACE_STYLE_FILL_AREA ( #6025 ) ;
#7589 = CARTESIAN_POINT ( 'NONE',  ( -1.300000000000000700, 3.879955262170047700, 1.300000000000000700 ) ) ;
#7590 = CIRCLE ( 'NONE', #10092, 0.07499999999999998300 ) ;
#7591 = ORIENTED_EDGE ( 'NONE', *, *, #7900, .T. ) ;
#7592 = ORIENTED_EDGE ( 'NONE', *, *, #1066, .T. ) ;
#7593 = DIRECTION ( 'NONE',  ( 8.673617379884037000E-015, 0.0000000000000000000, 1.000000000000000000 ) ) ;
#7594 = ORIENTED_EDGE ( 'NONE', *, *, #3537, .T. ) ;
#7595 = EDGE_CURVE ( 'NONE', #9419, #10728, #3384, .T. ) ;
#7596 = ADVANCED_FACE ( 'NONE', ( #1151 ), #2791, .F. ) ;
#7597 = VECTOR ( 'NONE', #5438, 1000.000000000000000 ) ;
#7598 = LINE ( 'NONE', #7052, #4927 ) ;
#7599 = CARTESIAN_POINT ( 'NONE',  ( 1.725000000000000800, 0.6218078318274387100, -0.9400000000000003900 ) ) ;
#7600 = ORIENTED_EDGE ( 'NONE', *, *, #1114, .F. ) ;
#7601 = ORIENTED_EDGE ( 'NONE', *, *, #8096, .F. ) ;
#7602 = ORIENTED_EDGE ( 'NONE', *, *, #3072, .T. ) ;
#7603 = ORIENTED_EDGE ( 'NONE', *, *, #451, .T. ) ;
#7604 = AXIS2_PLACEMENT_3D ( 'NONE', #6487, #770, #11277 ) ;
#7605 = CARTESIAN_POINT ( 'NONE',  ( 1.725000000000000800, 0.6218078318274388200, 1.234999999999999900 ) ) ;
#7606 = AXIS2_PLACEMENT_3D ( 'NONE', #4021, #1011, #9696 ) ;
#7607 = CARTESIAN_POINT ( 'NONE',  ( 1.725000000000000800, 0.6218078318274388200, 0.4099999999999995300 ) ) ;
#7608 = LINE ( 'NONE', #565, #9760 ) ;
#7609 = DIRECTION ( 'NONE',  ( 0.0000000000000000000, 0.0000000000000000000, 1.000000000000000000 ) ) ;
#7610 = DIRECTION ( 'NONE',  ( 0.0000000000000000000, 0.0000000000000000000, -1.000000000000000000 ) ) ;
#7611 = LINE ( 'NONE', #9544, #7307 ) ;
#7612 = EDGE_CURVE ( 'NONE', #7753, #8753, #1891, .T. ) ;
#7613 = CARTESIAN_POINT ( 'NONE',  ( -0.4899999999999997700, 0.0000000000000000000, 1.650000000000000800 ) ) ;
#7614 = ORIENTED_EDGE ( 'NONE', *, *, #8606, .F. ) ;
#7615 = ORIENTED_EDGE ( 'NONE', *, *, #134, .F. ) ;
#7616 = DIRECTION ( 'NONE',  ( 0.0000000000000000000, 1.000000000000000000, -0.0000000000000000000 ) ) ;
#7617 = VERTEX_POINT ( 'NONE', #9435 ) ;
#7618 = DIRECTION ( 'NONE',  ( 0.0000000000000000000, 0.0000000000000000000, 1.000000000000000000 ) ) ;
#7619 = ORIENTED_EDGE ( 'NONE', *, *, #11519, .F. ) ;
#7620 = FACE_OUTER_BOUND ( 'NONE', #4307, .T. ) ;
#7621 = CARTESIAN_POINT ( 'NONE',  ( -1.725000000000000800, 0.2030000000000000100, -0.1149999999999998700 ) ) ;
#7623 = EDGE_CURVE ( 'NONE', #3957, #403, #3078, .T. ) ;
#7622 = COLOUR_RGB ( '',0.7921568627450980000, 0.8196078431372548800, 0.9333333333333333500 ) ;
#7624 = VECTOR ( 'NONE', #6110, 1000.000000000000000 ) ;
#7625 = AXIS2_PLACEMENT_3D ( 'NONE', #6956, #6035, #8900 ) ;
#7626 = CARTESIAN_POINT ( 'NONE',  ( 1.725000000000000800, 0.2030000000000000100, 0.7849999999999994800 ) ) ;
#7627 = ADVANCED_FACE ( 'NONE', ( #10898 ), #261, .F. ) ;
#7628 = VERTEX_POINT ( 'NONE', #8480 ) ;
#7629 = EDGE_LOOP ( 'NONE', ( #5902, #9127, #3239, #9545 ) ) ;
#7630 = DIRECTION ( 'NONE',  ( 0.0000000000000000000, 0.0000000000000000000, -1.000000000000000000 ) ) ;
#7631 = DIRECTION ( 'NONE',  ( -1.000000000000000000, 0.0000000000000000000, -1.577021341797097400E-015 ) ) ;
#7632 = ORIENTED_EDGE ( 'NONE', *, *, #1227, .F. ) ;
#7633 = VERTEX_POINT ( 'NONE', #2838 ) ;
#7634 = EDGE_CURVE ( 'NONE', #1178, #6437, #8162, .T. ) ;
#7635 = DIRECTION ( 'NONE',  ( -1.000000000000000000, 0.0000000000000000000, -1.577021341797097400E-015 ) ) ;
#7636 = CARTESIAN_POINT ( 'NONE',  ( 1.465000000000001000, 0.6218078318274392600, 2.000000000000000400 ) ) ;
#7637 = LINE ( 'NONE', #1730, #6298 ) ;
#7638 = DIRECTION ( 'NONE',  ( 0.0000000000000000000, 1.000000000000000000, 0.0000000000000000000 ) ) ;
#7639 = LINE ( 'NONE', #1560, #4809 ) ;
#7640 = CARTESIAN_POINT ( 'NONE',  ( 0.4099999999999997500, 0.2030000000000000100, -1.725000000000000300 ) ) ;
#7641 = ORIENTED_EDGE ( 'NONE', *, *, #7409, .F. ) ;
#7642 = AXIS2_PLACEMENT_3D ( 'NONE', #8250, #3492, #6332 ) ;
#7643 = VECTOR ( 'NONE', #4033, 1000.000000000000000 ) ;
#7644 = EDGE_CURVE ( 'NONE', #10942, #4453, #9104, .T. ) ;
#7645 = LINE ( 'NONE', #8811, #10386 ) ;
#7646 = EDGE_CURVE ( 'NONE', #1632, #7162, #9415, .T. ) ;
#7647 = CARTESIAN_POINT ( 'NONE',  ( 1.235000000000000300, 0.0000000000000000000, 2.000000000000000400 ) ) ;
#7648 = DIRECTION ( 'NONE',  ( 0.0000000000000000000, 1.000000000000000000, 0.0000000000000000000 ) ) ;
#7649 = SURFACE_SIDE_STYLE ('',( #8074 ) ) ;
#7650 = DIRECTION ( 'NONE',  ( -0.0000000000000000000, -1.000000000000000000, 0.0000000000000000000 ) ) ;
#7651 = EDGE_LOOP ( 'NONE', ( #11988, #10184, #11114, #3350, #11877, #7239 ) ) ;
#7652 = PLANE ( 'NONE',  #8564 ) ;
#7653 = ORIENTED_EDGE ( 'NONE', *, *, #4623, .T. ) ;
#7654 = DIRECTION ( 'NONE',  ( 0.0000000000000000000, 0.0000000000000000000, -1.000000000000000000 ) ) ;
#7655 = FACE_OUTER_BOUND ( 'NONE', #11465, .T. ) ;
#7656 = CARTESIAN_POINT ( 'NONE',  ( -0.8599999999999995400, 0.2030000000000000100, 1.725000000000000800 ) ) ;
#7657 = ADVANCED_FACE ( 'NONE', ( #6673 ), #4303, .T. ) ;
#7658 = PLANE ( 'NONE',  #6398 ) ;
#7659 = CIRCLE ( 'NONE', #10477, 0.07499999999999998300 ) ;
#7660 = AXIS2_PLACEMENT_3D ( 'NONE', #10976, #6302, #10104 ) ;
#7661 = DIRECTION ( 'NONE',  ( 0.0000000000000000000, -1.000000000000000000, 0.0000000000000000000 ) ) ;
#7662 = AXIS2_PLACEMENT_3D ( 'NONE', #11078, #557, #7224 ) ;
#7663 = CARTESIAN_POINT ( 'NONE',  ( -0.03999999999999967500, 0.0000000000000000000, 1.725000000000000800 ) ) ;
#7664 = VERTEX_POINT ( 'NONE', #6757 ) ;
#7665 = EDGE_CURVE ( 'NONE', #3729, #6436, #2793, .T. ) ;
#7666 = ORIENTED_EDGE ( 'NONE', *, *, #2962, .T. ) ;
#7667 = CARTESIAN_POINT ( 'NONE',  ( -1.600000000000000800, 0.8000000000000000400, -1.800000000000000300 ) ) ;
#7668 = LINE ( 'NONE', #8408, #10696 ) ;
#7669 = CIRCLE ( 'NONE', #1673, 0.07500000000000019200 ) ;
#7670 = DIRECTION ( 'NONE',  ( 2.365532012695645400E-015, 0.0000000000000000000, -1.000000000000000000 ) ) ;
#7671 = AXIS2_PLACEMENT_3D ( 'NONE', #11893, #6098, #3209 ) ;
#7672 = CARTESIAN_POINT ( 'NONE',  ( 0.1150000000000009500, 0.2030000000000000100, 2.000000000000000400 ) ) ;
#7673 = ORIENTED_EDGE ( 'NONE', *, *, #11898, .T. ) ;
#7674 = ORIENTED_EDGE ( 'NONE', *, *, #6516, .T. ) ;
#7675 = AXIS2_PLACEMENT_3D ( 'NONE', #9842, #115, #6782 ) ;
#7676 = LINE ( 'NONE', #5681, #7078 ) ;
#7677 = CIRCLE ( 'NONE', #7054, 0.07499999999999998300 ) ;
#7678 = DIRECTION ( 'NONE',  ( 0.0000000000000000000, -1.000000000000000000, 0.0000000000000000000 ) ) ;
#7679 = LINE ( 'NONE', #5657, #11894 ) ;
#7680 = EDGE_CURVE ( 'NONE', #5753, #9622, #9252, .T. ) ;
#7681 = DIRECTION ( 'NONE',  ( -0.0000000000000000000, -1.000000000000000000, -0.0000000000000000000 ) ) ;
#7682 = ADVANCED_FACE ( 'NONE', ( #1459 ), #6827, .T. ) ;
#7683 = CARTESIAN_POINT ( 'NONE',  ( 1.465000000000000500, 0.2030000000000000100, 1.725000000000001200 ) ) ;
#7684 = ORIENTED_EDGE ( 'NONE', *, *, #591, .F. ) ;
#7685 = VERTEX_POINT ( 'NONE', #11579 ) ;
#7686 = LINE ( 'NONE', #5039, #6347 ) ;
#7687 = DIRECTION ( 'NONE',  ( 0.0000000000000000000, 1.000000000000000000, 0.0000000000000000000 ) ) ;
#7688 = CIRCLE ( 'NONE', #4580, 0.07499999999999998300 ) ;
#7689 = EDGE_CURVE ( 'NONE', #4714, #10026, #11350, .T. ) ;
#7690 = LINE ( 'NONE', #7061, #11176 ) ;
#7691 = CARTESIAN_POINT ( 'NONE',  ( 0.3349999999999982400, 0.05000000000000000300, 2.641510747510123400E-016 ) ) ;
#7692 = AXIS2_PLACEMENT_3D ( 'NONE', #4964, #5903, #200 ) ;
#7693 = CARTESIAN_POINT ( 'NONE',  ( 0.4099999999999997500, 0.6218078318274392600, -1.725000000000000300 ) ) ;
#7694 = VERTEX_POINT ( 'NONE', #85 ) ;
#7695 = ORIENTED_EDGE ( 'NONE', *, *, #3762, .T. ) ;
#7696 = EDGE_CURVE ( 'NONE', #6176, #6253, #7580, .T. ) ;
#7697 = ORIENTED_EDGE ( 'NONE', *, *, #282, .F. ) ;
#7698 = CARTESIAN_POINT ( 'NONE',  ( 1.014999999999999700, 0.2030000000000000100, -1.725000000000000300 ) ) ;
#7699 = LINE ( 'NONE', #11498, #534 ) ;
#7700 = EDGE_LOOP ( 'NONE', ( #8233, #5582, #5479, #10356 ) ) ;
#7701 = FACE_OUTER_BOUND ( 'NONE', #4203, .T. ) ;
#7702 = DIRECTION ( 'NONE',  ( 0.0000000000000000000, -0.0000000000000000000, 1.000000000000000000 ) ) ;
#7703 = CARTESIAN_POINT ( 'NONE',  ( -0.5649999999999997200, 0.2030000000000000100, 1.725000000000001200 ) ) ;
#7704 = VERTEX_POINT ( 'NONE', #4887 ) ;
#7705 = VECTOR ( 'NONE', #6197, 1000.000000000000100 ) ;
#7706 = PRESENTATION_LAYER_ASSIGNMENT (  '', '', ( #7872 ) ) ;
#7707 = ORIENTED_EDGE ( 'NONE', *, *, #3366, .T. ) ;
#7708 = CARTESIAN_POINT ( 'NONE',  ( 0.4899999999999997700, 0.0000000000000000000, -1.725000000000000300 ) ) ;
#7709 = LINE ( 'NONE', #8996, #5910 ) ;
#7710 = ADVANCED_FACE ( 'NONE', ( #8318 ), #5913, .T. ) ;
#7711 = ORIENTED_EDGE ( 'NONE', *, *, #10185, .F. ) ;
#7712 = EDGE_CURVE ( 'NONE', #2870, #6674, #2490, .T. ) ;
#7713 = CARTESIAN_POINT ( 'NONE',  ( -1.725000000000000800, 0.0000000000000000000, 0.1150000000000000900 ) ) ;
#7714 = LINE ( 'NONE', #2346, #1138 ) ;
#7715 = EDGE_CURVE ( 'NONE', #3866, #11984, #5778, .T. ) ;
#7716 = CLOSED_SHELL ( 'NONE', ( #6362, #11345, #934, #3528, #4873, #3495, #394, #4000 ) ) ;
#7717 = ORIENTED_EDGE ( 'NONE', *, *, #928, .F. ) ;
#7718 = DIRECTION ( 'NONE',  ( 0.0000000000000000000, 0.0000000000000000000, 1.000000000000000000 ) ) ;
#7719 = FACE_OUTER_BOUND ( 'NONE', #2790, .T. ) ;
#7720 = DIRECTION ( 'NONE',  ( -1.000000000000000000, 0.0000000000000000000, 5.782411586589359600E-016 ) ) ;
#7721 = UNCERTAINTY_MEASURE_WITH_UNIT (LENGTH_MEASURE( 1.000000000000000100E-005 ), #1579, 'distance_accuracy_value', 'NONE');
#7722 = CARTESIAN_POINT ( 'NONE',  ( -0.9500000000000004000, 0.2030000000000000700, -1.299999999999999200 ) ) ;
#7723 = LINE ( 'NONE', #9886, #8951 ) ;
#7724 = AXIS2_PLACEMENT_3D ( 'NONE', #8235, #7362, #8146 ) ;
#7725 = ORIENTED_EDGE ( 'NONE', *, *, #3685, .F. ) ;
#7726 = ORIENTED_EDGE ( 'NONE', *, *, #9467, .T. ) ;
#7727 = CARTESIAN_POINT ( 'NONE',  ( -1.725000000000000800, 0.05000000000000002400, -0.8599999999999999900 ) ) ;
#7728 = CARTESIAN_POINT ( 'NONE',  ( 0.7850000000000001400, 0.2030000000000000100, 2.000000000000000400 ) ) ;
#7729 = EDGE_LOOP ( 'NONE', ( #7591, #7455, #695, #2911 ) ) ;
#7730 = CARTESIAN_POINT ( 'NONE',  ( -1.310000000000000500, 0.2030000000000001000, -1.650000000000000800 ) ) ;
#7731 = AXIS2_PLACEMENT_3D ( 'NONE', #7165, #2430, #7240 ) ;
#7732 = ORIENTED_EDGE ( 'NONE', *, *, #5290, .T. ) ;
#7733 = CARTESIAN_POINT ( 'NONE',  ( 0.4900000000000004400, 0.2030000000000000100, 1.725000000000000800 ) ) ;
#7734 = EDGE_CURVE ( 'NONE', #4131, #7911, #7270, .T. ) ;
#7735 = CARTESIAN_POINT ( 'NONE',  ( 0.4100000000000002000, 0.2030000000000000100, 1.650000000000000800 ) ) ;
#7736 = CYLINDRICAL_SURFACE ( 'NONE', #7501, 0.07499999999999998300 ) ;
#7737 = LINE ( 'NONE', #1071, #1158 ) ;
#7738 = LINE ( 'NONE', #4519, #11363 ) ;
#7739 = PLANE ( 'NONE',  #1975 ) ;
#7740 = EDGE_LOOP ( 'NONE', ( #1457, #8751, #11169, #5371 ) ) ;
#7741 = DIRECTION ( 'NONE',  ( -1.000000000000000000, 0.0000000000000000000, -1.577021341797097400E-015 ) ) ;
#7742 = ORIENTED_EDGE ( 'NONE', *, *, #4975, .F. ) ;
#7743 = VERTEX_POINT ( 'NONE', #10602 ) ;
#7744 = VERTEX_POINT ( 'NONE', #1080 ) ;
#7745 = CARTESIAN_POINT ( 'NONE',  ( 0.1150000000000009500, 0.04999999999999969700, 2.000000000000000400 ) ) ;
#7746 = ADVANCED_FACE ( 'NONE', ( #12393 ), #8788, .T. ) ;
#7747 = CARTESIAN_POINT ( 'NONE',  ( 1.725000000000000800, 0.6218078318274388200, -0.5650000000000003900 ) ) ;
#7748 = LINE ( 'NONE', #9595, #439 ) ;
#7749 = AXIS2_PLACEMENT_3D ( 'NONE', #8714, #4867, #6863 ) ;
#7750 = VECTOR ( 'NONE', #5943, 1000.000000000000000 ) ;
#7751 = DIRECTION ( 'NONE',  ( 0.0000000000000000000, 0.0000000000000000000, -1.000000000000000000 ) ) ;
#7752 = FACE_OUTER_BOUND ( 'NONE', #9732, .T. ) ;
#7753 = VERTEX_POINT ( 'NONE', #8821 ) ;
#7754 = CARTESIAN_POINT ( 'NONE',  ( -1.465000000000000100, 0.04999999999999999600, -2.000000000000000400 ) ) ;
#7755 = EDGE_CURVE ( 'NONE', #6764, #6176, #12083, .T. ) ;
#7756 = ORIENTED_EDGE ( 'NONE', *, *, #9420, .T. ) ;
#7757 = VERTEX_POINT ( 'NONE', #10685 ) ;
#7758 = CARTESIAN_POINT ( 'NONE',  ( 1.235000000000000300, 0.6218078318274392600, 2.000000000000000400 ) ) ;
#7759 = ORIENTED_EDGE ( 'NONE', *, *, #6153, .T. ) ;
#7760 = FACE_OUTER_BOUND ( 'NONE', #2164, .T. ) ;
#7761 = DIRECTION ( 'NONE',  ( -0.0000000000000000000, -1.000000000000000000, -0.0000000000000000000 ) ) ;
#7762 = LINE ( 'NONE', #1171, #3597 ) ;
#7763 = VECTOR ( 'NONE', #7903, 1000.000000000000000 ) ;
#7764 = AXIS2_PLACEMENT_3D ( 'NONE', #2595, #682, #9233 ) ;
#7765 = ORIENTED_EDGE ( 'NONE', *, *, #4517, .T. ) ;
#7766 = ORIENTED_EDGE ( 'NONE', *, *, #245, .F. ) ;
#7767 = DIRECTION ( 'NONE',  ( 0.0000000000000000000, -1.000000000000000000, 0.0000000000000000000 ) ) ;
#7768 = ORIENTED_EDGE ( 'NONE', *, *, #5581, .F. ) ;
#7769 = ORIENTED_EDGE ( 'NONE', *, *, #12424, .F. ) ;
#7770 = CARTESIAN_POINT ( 'NONE',  ( 2.000000000000000900, 0.04999999999999991300, 0.7849999999999999200 ) ) ;
#7771 =( LENGTH_UNIT ( ) NAMED_UNIT ( * ) SI_UNIT ( .MILLI., .METRE. ) );
#7772 = EDGE_CURVE ( 'NONE', #8434, #1147, #1757, .T. ) ;
#7773 = ORIENTED_EDGE ( 'NONE', *, *, #7117, .T. ) ;
#7774 = LINE ( 'NONE', #10735, #5244 ) ;
#7775 = ADVANCED_FACE ( 'NONE', ( #3849 ), #6880, .F. ) ;
#7776 = LINE ( 'NONE', #2425, #5543 ) ;
#7777 = DIRECTION ( 'NONE',  ( -0.0000000000000000000, -1.000000000000000000, -0.0000000000000000000 ) ) ;
#7778 = EDGE_LOOP ( 'NONE', ( #1313, #3731, #9846, #7926 ) ) ;
#7779 = ORIENTED_EDGE ( 'NONE', *, *, #2083, .F. ) ;
#7780 = CARTESIAN_POINT ( 'NONE',  ( -0.5650000000000003900, 0.2030000000000000100, -1.725000000000000300 ) ) ;
#7781 = DIRECTION ( 'NONE',  ( 1.000000000000000000, 0.0000000000000000000, 0.0000000000000000000 ) ) ;
#7782 = COLOUR_RGB ( '',0.7921568627450980000, 0.8196078431372548800, 0.9333333333333333500 ) ;
#7783 = AXIS2_PLACEMENT_3D ( 'NONE', #7153, #9103, #2593 ) ;
#7784 = PLANE ( 'NONE',  #215 ) ;
#7785 = FACE_OUTER_BOUND ( 'NONE', #5006, .T. ) ;
#7786 = FACE_OUTER_BOUND ( 'NONE', #5894, .T. ) ;
#7787 = CARTESIAN_POINT ( 'NONE',  ( 1.725000000000000800, 0.6218078318274388200, 1.014999999999999500 ) ) ;
#7788 = EDGE_CURVE ( 'NONE', #2870, #6178, #8938, .T. ) ;
#7789 = DIRECTION ( 'NONE',  ( 0.0000000000000000000, -1.000000000000000000, 0.0000000000000000000 ) ) ;
#7790 = ORIENTED_EDGE ( 'NONE', *, *, #7755, .T. ) ;
#7791 = FILL_AREA_STYLE ('',( #11508 ) ) ;
#7792 = DIRECTION ( 'NONE',  ( 0.0000000000000000000, 0.0000000000000000000, 1.000000000000000000 ) ) ;
#7793 = FACE_OUTER_BOUND ( 'NONE', #5286, .T. ) ;
#7794 = VECTOR ( 'NONE', #8171, 1000.000000000000000 ) ;
#7795 = AXIS2_PLACEMENT_3D ( 'NONE', #3017, #9848, #334 ) ;
#7796 = CARTESIAN_POINT ( 'NONE',  ( -1.650000000000000800, -0.0000000000000000000, -1.310000000000000500 ) ) ;
#7797 = DIRECTION ( 'NONE',  ( -1.000000000000000000, 0.0000000000000000000, 0.0000000000000000000 ) ) ;
#7798 = EDGE_CURVE ( 'NONE', #7535, #2153, #11198, .T. ) ;
#7799 = AXIS2_PLACEMENT_3D ( 'NONE', #4196, #6183, #5111 ) ;
#7800 = ORIENTED_EDGE ( 'NONE', *, *, #11268, .F. ) ;
#7801 = ADVANCED_FACE ( 'NONE', ( #11634 ), #3114, .F. ) ;
#7802 = EDGE_CURVE ( 'NONE', #11473, #6280, #4746, .T. ) ;
#7803 = VECTOR ( 'NONE', #3945, 1000.000000000000000 ) ;
#7804 = DIRECTION ( 'NONE',  ( 1.000000000000000000, 0.0000000000000000000, -0.0000000000000000000 ) ) ;
#7805 = LINE ( 'NONE', #9931, #3015 ) ;
#7806 = DIRECTION ( 'NONE',  ( -0.0000000000000000000, -1.000000000000000000, -0.0000000000000000000 ) ) ;
#7807 = DIRECTION ( 'NONE',  ( 0.0000000000000000000, -1.000000000000000000, 0.0000000000000000000 ) ) ;
#7808 = CARTESIAN_POINT ( 'NONE',  ( -1.389999999999999700, 0.2030000000000000100, 1.725000000000000800 ) ) ;
#7809 = CARTESIAN_POINT ( 'NONE',  ( 1.725000000000000800, 0.6218078318274388200, -0.3350000000000004600 ) ) ;
#7810 = ORIENTED_EDGE ( 'NONE', *, *, #432, .F. ) ;
#7811 = ORIENTED_EDGE ( 'NONE', *, *, #10560, .F. ) ;
#7812 = AXIS2_PLACEMENT_3D ( 'NONE', #9809, #6783, #6823 ) ;
#7813 = FACE_OUTER_BOUND ( 'NONE', #121, .T. ) ;
#7814 = CARTESIAN_POINT ( 'NONE',  ( -1.725000000000000800, 0.6218078318274388200, 0.4899999999999999900 ) ) ;
#7815 = AXIS2_PLACEMENT_3D ( 'NONE', #1073, #10715, #10680 ) ;
#7816 = VECTOR ( 'NONE', #5537, 1000.000000000000000 ) ;
#7817 = EDGE_CURVE ( 'NONE', #3000, #7304, #6236, .T. ) ;
#7818 = PLANE ( 'NONE',  #8220 ) ;
#7819 = VERTEX_POINT ( 'NONE', #8045 ) ;
#7820 = DIRECTION ( 'NONE',  ( 0.0000000000000000000, 0.0000000000000000000, 1.000000000000000000 ) ) ;
#7821 = CARTESIAN_POINT ( 'NONE',  ( 0.4099999999999997500, 0.2030000000000000100, -1.725000000000000300 ) ) ;
#7822 = ORIENTED_EDGE ( 'NONE', *, *, #10816, .F. ) ;
#7823 = LINE ( 'NONE', #12148, #9520 ) ;
#7824 = DIRECTION ( 'NONE',  ( 0.0000000000000000000, 0.0000000000000000000, 1.000000000000000000 ) ) ;
#7825 = CARTESIAN_POINT ( 'NONE',  ( -1.725000000000000800, 0.05000000000000023900, -0.3350000000000000200 ) ) ;
#7826 = ADVANCED_FACE ( 'NONE', ( #2182 ), #11746, .F. ) ;
#7827 = DIRECTION ( 'NONE',  ( 0.0000000000000000000, 0.0000000000000000000, 1.000000000000000000 ) ) ;
#7828 = ORIENTED_EDGE ( 'NONE', *, *, #7574, .T. ) ;
#7829 = AXIS2_PLACEMENT_3D ( 'NONE', #4755, #5665, #10480 ) ;
#7830 = ORIENTED_EDGE ( 'NONE', *, *, #8361, .T. ) ;
#7831 = DIRECTION ( 'NONE',  ( 0.0000000000000000000, -0.0000000000000000000, 1.000000000000000000 ) ) ;
#7832 = FACE_OUTER_BOUND ( 'NONE', #8463, .T. ) ;
#7833 = EDGE_CURVE ( 'NONE', #10312, #5335, #12071, .T. ) ;
#7834 = CARTESIAN_POINT ( 'NONE',  ( 1.725000000000000800, 0.6218078318274387100, -0.9400000000000003900 ) ) ;
#7835 = ORIENTED_EDGE ( 'NONE', *, *, #8556, .F. ) ;
#7836 = VECTOR ( 'NONE', #1130, 1000.000000000000000 ) ;
#7837 = CARTESIAN_POINT ( 'NONE',  ( 0.0000000000000000000, 0.05000000000000000300, 0.7849999999999999200 ) ) ;
#7838 = DIRECTION ( 'NONE',  ( 1.577021341797102100E-015, 0.0000000000000000000, 1.000000000000000000 ) ) ;
#7839 = ORIENTED_EDGE ( 'NONE', *, *, #4512, .F. ) ;
#7840 = ORIENTED_EDGE ( 'NONE', *, *, #3026, .T. ) ;
#7841 = DIRECTION ( 'NONE',  ( -0.0000000000000000000, -1.000000000000000000, 0.0000000000000000000 ) ) ;
#7842 = DIRECTION ( 'NONE',  ( -0.7071067811865474600, 0.0000000000000000000, -0.7071067811865474600 ) ) ;
#7843 = EDGE_LOOP ( 'NONE', ( #10598, #12175, #262, #8913, #11600, #3389 ) ) ;
#7844 = CARTESIAN_POINT ( 'NONE',  ( 0.1149999999999998700, 0.0000000000000000000, -1.725000000000000300 ) ) ;
#7845 = EDGE_LOOP ( 'NONE', ( #5534, #10968, #4516, #5331, #1578 ) ) ;
#7846 = EDGE_CURVE ( 'NONE', #11552, #6654, #1448, .T. ) ;
#7847 = LINE ( 'NONE', #90, #104 ) ;
#7848 = DIRECTION ( 'NONE',  ( 1.000000000000000000, -0.0000000000000000000, 0.0000000000000000000 ) ) ;
#7849 = AXIS2_PLACEMENT_3D ( 'NONE', #10766, #10840, #244 ) ;
#7850 = ORIENTED_EDGE ( 'NONE', *, *, #3698, .T. ) ;
#7851 = DIRECTION ( 'NONE',  ( 0.0000000000000000000, 0.0000000000000000000, -1.000000000000000000 ) ) ;
#7852 = VECTOR ( 'NONE', #9061, 1000.000000000000000 ) ;
#7853 = CARTESIAN_POINT ( 'NONE',  ( -0.1149999999999996600, 0.6218078318274392600, 1.725000000000001200 ) ) ;
#7854 = VECTOR ( 'NONE', #7044, 1000.000000000000000 ) ;
#7855 = EDGE_CURVE ( 'NONE', #2395, #8687, #2168, .T. ) ;
#7856 = ORIENTED_EDGE ( 'NONE', *, *, #7355, .T. ) ;
#7857 = CARTESIAN_POINT ( 'NONE',  ( 0.0000000000000000000, 0.05000000000000000300, -1.650000000000000100 ) ) ;
#7858 = CARTESIAN_POINT ( 'NONE',  ( 1.725000000000000800, 0.6218078318274388200, -0.4100000000000004200 ) ) ;
#7859 = DIRECTION ( 'NONE',  ( 1.000000000000000000, -0.0000000000000000000, 7.885106708985486100E-016 ) ) ;
#7860 = ADVANCED_FACE ( 'NONE', ( #5324 ), #10604, .F. ) ;
#7861 = CARTESIAN_POINT ( 'NONE',  ( 1.465000000000000500, 0.2030000000000000100, 1.725000000000001200 ) ) ;
#7862 = DIRECTION ( 'NONE',  ( -1.000000000000000000, -0.0000000000000000000, -1.577021341797097000E-015 ) ) ;
#7863 = ORIENTED_EDGE ( 'NONE', *, *, #11196, .T. ) ;
#7864 = FACE_OUTER_BOUND ( 'NONE', #4882, .T. ) ;
#7865 = DIRECTION ( 'NONE',  ( -0.7071067811865475700, 0.0000000000000000000, -0.7071067811865475700 ) ) ;
#7866 = ORIENTED_EDGE ( 'NONE', *, *, #398, .T. ) ;
#7867 = VECTOR ( 'NONE', #9933, 1000.000000000000000 ) ;
#7868 = ORIENTED_EDGE ( 'NONE', *, *, #745, .T. ) ;
#7869 = ORIENTED_EDGE ( 'NONE', *, *, #4121, .F. ) ;
#7870 = ORIENTED_EDGE ( 'NONE', *, *, #33, .F. ) ;
#7871 = CARTESIAN_POINT ( 'NONE',  ( -1.235000000000000100, 0.2030000000000000100, -1.725000000000000300 ) ) ;
#7872 = STYLED_ITEM ( 'NONE', ( #10642 ), #6963 ) ;
#7873 = EDGE_LOOP ( 'NONE', ( #7320, #413, #827, #5994 ) ) ;
#7874 = DIRECTION ( 'NONE',  ( -1.000000000000000000, -0.0000000000000000000, -1.577021341797097000E-015 ) ) ;
#7875 = EDGE_CURVE ( 'NONE', #5347, #7534, #552, .T. ) ;
#7876 = DIRECTION ( 'NONE',  ( 0.7071067811865475700, -0.0000000000000000000, 0.7071067811865475700 ) ) ;
#7877 = EDGE_CURVE ( 'NONE', #5200, #9080, #9088, .T. ) ;
#7878 = CIRCLE ( 'NONE', #462, 0.07499999999999998300 ) ;
#7879 = LINE ( 'NONE', #5162, #7285 ) ;
#7880 = MANIFOLD_SOLID_BREP ( 'LPattern3[2]', #1870 ) ;
#7881 = FACE_OUTER_BOUND ( 'NONE', #5959, .T. ) ;
#7882 = ORIENTED_EDGE ( 'NONE', *, *, #3740, .T. ) ;
#7883 = DIRECTION ( 'NONE',  ( -1.000000000000000000, 0.0000000000000000000, 0.0000000000000000000 ) ) ;
#7884 = ORIENTED_EDGE ( 'NONE', *, *, #9255, .F. ) ;
#7885 = ORIENTED_EDGE ( 'NONE', *, *, #8257, .T. ) ;
#7886 = CARTESIAN_POINT ( 'NONE',  ( 1.234999999999999900, 0.04999999999999969700, -2.000000000000000400 ) ) ;
#7887 = LINE ( 'NONE', #2131, #742 ) ;
#7888 = AXIS2_PLACEMENT_3D ( 'NONE', #5108, #1423, #3331 ) ;
#7889 = CARTESIAN_POINT ( 'NONE',  ( -2.000000000000000900, 0.6218078318274387100, -0.7850000000000000300 ) ) ;
#7890 = DIRECTION ( 'NONE',  ( 1.000000000000000000, -0.0000000000000000000, -0.0000000000000000000 ) ) ;
#7891 = VERTEX_POINT ( 'NONE', #5131 ) ;
#7892 = AXIS2_PLACEMENT_3D ( 'NONE', #5513, #6480, #12227 ) ;
#7893 = DIRECTION ( 'NONE',  ( 0.0000000000000000000, 1.000000000000000000, 0.0000000000000000000 ) ) ;
#7894 = ORIENTED_EDGE ( 'NONE', *, *, #1079, .F. ) ;
#7895 = CARTESIAN_POINT ( 'NONE',  ( -1.725000000000000800, 0.2030000000000000100, 1.465000000000000100 ) ) ;
#7896 = ADVANCED_FACE ( 'NONE', ( #11766 ), #3234, .F. ) ;
#7897 = VERTEX_POINT ( 'NONE', #5174 ) ;
#7898 = CARTESIAN_POINT ( 'NONE',  ( 0.9399999999999996100, 0.04999999999999999600, -1.650000000000000400 ) ) ;
#7899 = VERTEX_POINT ( 'NONE', #9029 ) ;
#7900 = EDGE_CURVE ( 'NONE', #8212, #2041, #4732, .T. ) ;
#7901 = DIRECTION ( 'NONE',  ( 1.000000000000000000, -0.0000000000000000000, -0.0000000000000000000 ) ) ;
#7902 = FACE_OUTER_BOUND ( 'NONE', #3083, .T. ) ;
#7903 = DIRECTION ( 'NONE',  ( 1.000000000000000000, -0.0000000000000000000, -0.0000000000000000000 ) ) ;
#7904 = DIRECTION ( 'NONE',  ( -0.0000000000000000000, -1.000000000000000000, -0.0000000000000000000 ) ) ;
#7905 = DIRECTION ( 'NONE',  ( -0.0000000000000000000, 1.000000000000000000, -0.0000000000000000000 ) ) ;
#7906 = CIRCLE ( 'NONE', #4725, 0.07499999999999998300 ) ;
#7907 = VECTOR ( 'NONE', #5720, 1000.000000000000000 ) ;
#7908 = ORIENTED_EDGE ( 'NONE', *, *, #12059, .F. ) ;
#7909 = DIRECTION ( 'NONE',  ( 0.0000000000000000000, 0.0000000000000000000, -1.000000000000000000 ) ) ;
#7910 = ORIENTED_EDGE ( 'NONE', *, *, #10995, .F. ) ;
#7911 = VERTEX_POINT ( 'NONE', #8085 ) ;
#7912 = AXIS2_PLACEMENT_3D ( 'NONE', #3488, #7332, #5492 ) ;
#7913 = CARTESIAN_POINT ( 'NONE',  ( 0.1150000000000005200, 0.6218078318274392600, -2.000000000000000400 ) ) ;
#7914 = EDGE_LOOP ( 'NONE', ( #10955, #3361, #8260, #880, #6250 ) ) ;
#7915 = ORIENTED_EDGE ( 'NONE', *, *, #8534, .T. ) ;
#7916 = CARTESIAN_POINT ( 'NONE',  ( 0.3349999999999995800, 0.2030000000000000700, -2.000000000000000400 ) ) ;
#7917 = DIRECTION ( 'NONE',  ( 0.0000000000000000000, -1.000000000000000000, 0.0000000000000000000 ) ) ;
#7918 = ORIENTED_EDGE ( 'NONE', *, *, #9590, .F. ) ;
#7919 = LINE ( 'NONE', #11731, #4054 ) ;
#7920 = DIRECTION ( 'NONE',  ( -1.000000000000000000, -0.0000000000000000000, -1.577021341797097000E-015 ) ) ;
#7921 = DIRECTION ( 'NONE',  ( 0.0000000000000000000, -1.000000000000000000, 0.0000000000000000000 ) ) ;
#7922 = EDGE_CURVE ( 'NONE', #985, #8618, #10455, .T. ) ;
#7923 = VECTOR ( 'NONE', #10990, 1000.000000000000000 ) ;
#7924 = ORIENTED_EDGE ( 'NONE', *, *, #8112, .T. ) ;
#7925 = CLOSED_SHELL ( 'NONE', ( #873, #9422, #9984, #1203, #5887, #9829, #10294, #12303 ) ) ;
#7926 = ORIENTED_EDGE ( 'NONE', *, *, #3396, .F. ) ;
#7928 = EDGE_CURVE ( 'NONE', #11044, #2812, #10748, .T. ) ;
#7927 = LINE ( 'NONE', #8326, #9630 ) ;
#7929 = ADVANCED_FACE ( 'NONE', ( #7259 ), #458, .F. ) ;
#7930 = DIRECTION ( 'NONE',  ( 1.000000000000000000, 0.0000000000000000000, 1.668003342285392000E-016 ) ) ;
#7931 = LINE ( 'NONE', #5212, #2093 ) ;
#7932 = AXIS2_PLACEMENT_3D ( 'NONE', #12342, #8690, #11546 ) ;
#7933 = CARTESIAN_POINT ( 'NONE',  ( -1.650000000000000800, 0.2030000000000001000, -0.03999999999999989000 ) ) ;
#7934 = VERTEX_POINT ( 'NONE', #4467 ) ;
#7935 = ORIENTED_EDGE ( 'NONE', *, *, #1794, .F. ) ;
#7936 = EDGE_CURVE ( 'NONE', #7543, #5451, #11047, .T. ) ;
#7937 = DIRECTION ( 'NONE',  ( 1.000000000000000000, 0.0000000000000000000, 0.0000000000000000000 ) ) ;
#7938 = CARTESIAN_POINT ( 'NONE',  ( 1.234999999999999900, 0.2030000000000000100, -1.725000000000000300 ) ) ;
#7939 = VECTOR ( 'NONE', #5113, 1000.000000000000000 ) ;
#7940 = DIRECTION ( 'NONE',  ( 0.0000000000000000000, -0.0000000000000000000, 1.000000000000000000 ) ) ;
#7941 = CYLINDRICAL_SURFACE ( 'NONE', #2365, 0.07500000000000019200 ) ;
#7942 = CARTESIAN_POINT ( 'NONE',  ( 1.725000000000000800, 0.2030000000000001000, 0.1149999999999996600 ) ) ;
#7943 = VECTOR ( 'NONE', #7670, 1000.000000000000000 ) ;
#7944 = DIRECTION ( 'NONE',  ( 0.0000000000000000000, 0.0000000000000000000, 1.000000000000000000 ) ) ;
#7945 = VERTEX_POINT ( 'NONE', #1499 ) ;
#7946 = AXIS2_PLACEMENT_3D ( 'NONE', #5986, #4160, #7981 ) ;
#7947 = CARTESIAN_POINT ( 'NONE',  ( 2.000000000000000900, 0.2030000000000000100, 0.1150000000000000900 ) ) ;
#7948 = ORIENTED_EDGE ( 'NONE', *, *, #11234, .F. ) ;
#7949 = FACE_OUTER_BOUND ( 'NONE', #10473, .T. ) ;
#7950 = DIRECTION ( 'NONE',  ( 0.0000000000000000000, 0.0000000000000000000, -1.000000000000000000 ) ) ;
#7951 = CARTESIAN_POINT ( 'NONE',  ( -1.725000000000000800, 0.0000000000000000000, -1.389999999999999900 ) ) ;
#7952 = EDGE_CURVE ( 'NONE', #11094, #7628, #4438, .T. ) ;
#7953 = EDGE_CURVE ( 'NONE', #5898, #4401, #250, .T. ) ;
#7954 = LINE ( 'NONE', #7056, #2263 ) ;
#7955 = DIRECTION ( 'NONE',  ( 0.0000000000000000000, -1.000000000000000000, 0.0000000000000000000 ) ) ;
#7956 = ADVANCED_FACE ( 'NONE', ( #411 ), #3452, .F. ) ;
#7957 = EDGE_LOOP ( 'NONE', ( #1108, #7828, #11907, #6365, #6658, #11582 ) ) ;
#7958 = VERTEX_POINT ( 'NONE', #5369 ) ;
#7959 = FACE_OUTER_BOUND ( 'NONE', #7108, .T. ) ;
#7960 = MECHANICAL_DESIGN_GEOMETRIC_PRESENTATION_REPRESENTATION (  '', ( #3237 ), #4545 ) ;
#7961 = VECTOR ( 'NONE', #2165, 1000.000000000000000 ) ;
#7962 = DIRECTION ( 'NONE',  ( -0.0000000000000000000, -1.000000000000000000, -0.0000000000000000000 ) ) ;
#7963 = EDGE_CURVE ( 'NONE', #3695, #7064, #6961, .T. ) ;
#7964 = EDGE_CURVE ( 'NONE', #1913, #10161, #2640, .T. ) ;
#7965 = DIRECTION ( 'NONE',  ( 0.0000000000000000000, -1.000000000000000000, 0.0000000000000000000 ) ) ;
#7966 = VERTEX_POINT ( 'NONE', #10139 ) ;
#7967 = CARTESIAN_POINT ( 'NONE',  ( 0.1149999999999957900, 0.05000000000000000300, 2.720361814599892300E-016 ) ) ;
#7968 = EDGE_LOOP ( 'NONE', ( #9064, #9152, #9292, #4899, #11589, #10620 ) ) ;
#7969 = VECTOR ( 'NONE', #12279, 1000.000000000000000 ) ;
#7970 = DIRECTION ( 'NONE',  ( -0.0000000000000000000, -1.000000000000000000, -0.0000000000000000000 ) ) ;
#7971 = CARTESIAN_POINT ( 'NONE',  ( 1.805000000000000400, 0.2030000000000000100, -1.464999999999999900 ) ) ;
#7972 = LINE ( 'NONE', #7135, #5436 ) ;
#7973 = DIRECTION ( 'NONE',  ( 0.0000000000000000000, 0.0000000000000000000, 1.000000000000000000 ) ) ;
#7974 = FACE_OUTER_BOUND ( 'NONE', #9832, .T. ) ;
#7975 = DIRECTION ( 'NONE',  ( 7.885106708985486100E-016, 0.0000000000000000000, -1.000000000000000000 ) ) ;
#7976 = CARTESIAN_POINT ( 'NONE',  ( -1.310000000000000300, 0.2030000000000000100, -1.725000000000000300 ) ) ;
#7977 = CARTESIAN_POINT ( 'NONE',  ( 0.04000000000000010500, 0.2030000000000000100, 1.650000000000000800 ) ) ;
#7978 = AXIS2_PLACEMENT_3D ( 'NONE', #1564, #8149, #572 ) ;
#7979 = VERTEX_POINT ( 'NONE', #2438 ) ;
#7980 = ORIENTED_EDGE ( 'NONE', *, *, #5139, .T. ) ;
#7981 = DIRECTION ( 'NONE',  ( 0.0000000000000000000, -0.0000000000000000000, 1.000000000000000000 ) ) ;
#7982 = AXIS2_PLACEMENT_3D ( 'NONE', #3691, #7443, #9354 ) ;
#7983 = PLANE ( 'NONE',  #8001 ) ;
#7984 = VECTOR ( 'NONE', #7225, 1000.000000000000100 ) ;
#7985 = FACE_OUTER_BOUND ( 'NONE', #3365, .T. ) ;
#7986 = PLANE ( 'NONE',  #9936 ) ;
#7987 = ADVANCED_FACE ( 'NONE', ( #10313 ), #11005, .F. ) ;
#7988 = EDGE_CURVE ( 'NONE', #2614, #11138, #8467, .T. ) ;
#7989 = EDGE_LOOP ( 'NONE', ( #10138, #719, #8483, #12129, #9680, #8835 ) ) ;
#7990 = DIRECTION ( 'NONE',  ( 0.0000000000000000000, 0.0000000000000000000, -1.000000000000000000 ) ) ;
#7991 = CARTESIAN_POINT ( 'NONE',  ( 1.650000000000000800, 0.6218078318274388200, 0.9399999999999993900 ) ) ;
#7992 = DIRECTION ( 'NONE',  ( 0.0000000000000000000, 0.0000000000000000000, -1.000000000000000000 ) ) ;
#7993 = ORIENTED_EDGE ( 'NONE', *, *, #1627, .T. ) ;
#7994 = ORIENTED_EDGE ( 'NONE', *, *, #2288, .F. ) ;
#7995 = ORIENTED_EDGE ( 'NONE', *, *, #3442, .T. ) ;
#7996 = DIRECTION ( 'NONE',  ( 0.0000000000000000000, 0.0000000000000000000, -1.000000000000000000 ) ) ;
#7997 = VECTOR ( 'NONE', #7280, 1000.000000000000000 ) ;
#7998 = DIRECTION ( 'NONE',  ( -0.0000000000000000000, -1.000000000000000000, -0.0000000000000000000 ) ) ;
#7999 = EDGE_LOOP ( 'NONE', ( #7316, #11328, #9755, #6739 ) ) ;
#8000 = DIRECTION ( 'NONE',  ( -0.0000000000000000000, -1.000000000000000000, -0.0000000000000000000 ) ) ;
#8001 = AXIS2_PLACEMENT_3D ( 'NONE', #11864, #11945, #325 ) ;
#8002 = LINE ( 'NONE', #5318, #1430 ) ;
#8003 = VERTEX_POINT ( 'NONE', #584 ) ;
#8004 = LINE ( 'NONE', #8135, #2919 ) ;
#8005 = EDGE_CURVE ( 'NONE', #3192, #1868, #5915, .T. ) ;
#8006 = CARTESIAN_POINT ( 'NONE',  ( 0.4099999999999997500, 0.0000000000000000000, -1.725000000000000300 ) ) ;
#8007 = VERTEX_POINT ( 'NONE', #3407 ) ;
#8008 = VECTOR ( 'NONE', #10813, 1000.000000000000000 ) ;
#8009 = VERTEX_POINT ( 'NONE', #2399 ) ;
#8010 = LINE ( 'NONE', #10635, #6814 ) ;
#8011 = VECTOR ( 'NONE', #625, 1000.000000000000000 ) ;
#8012 = EDGE_LOOP ( 'NONE', ( #8706, #4411, #11037, #711 ) ) ;
#8013 = ORIENTED_EDGE ( 'NONE', *, *, #3336, .T. ) ;
#8014 = ORIENTED_EDGE ( 'NONE', *, *, #8797, .F. ) ;
#8015 = ORIENTED_EDGE ( 'NONE', *, *, #5182, .T. ) ;
#8016 = DIRECTION ( 'NONE',  ( 0.0000000000000000000, 0.0000000000000000000, 1.000000000000000000 ) ) ;
#8017 = FILL_AREA_STYLE_COLOUR ( '', #7782 ) ;
#8018 = ADVANCED_FACE ( 'NONE', ( #5187 ), #495, .T. ) ;
#8019 = AXIS2_PLACEMENT_3D ( 'NONE', #5926, #11798, #2278 ) ;
#8020 = DIRECTION ( 'NONE',  ( 0.0000000000000000000, 0.0000000000000000000, -1.000000000000000000 ) ) ;
#8021 = LINE ( 'NONE', #264, #1157 ) ;
#8022 = EDGE_CURVE ( 'NONE', #4008, #2229, #849, .T. ) ;
#8023 = DIRECTION ( 'NONE',  ( 0.0000000000000000000, -1.000000000000000000, 0.0000000000000000000 ) ) ;
#8024 = CYLINDRICAL_SURFACE ( 'NONE', #370, 0.07500000000000019200 ) ;
#8025 = DIRECTION ( 'NONE',  ( -0.0000000000000000000, -1.000000000000000000, -0.0000000000000000000 ) ) ;
#8026 = ORIENTED_EDGE ( 'NONE', *, *, #5488, .T. ) ;
#8027 = CARTESIAN_POINT ( 'NONE',  ( -1.725000000000000800, 0.6218078318274388200, 0.4899999999999999900 ) ) ;
#8028 = ORIENTED_EDGE ( 'NONE', *, *, #4874, .T. ) ;
#8029 = ORIENTED_EDGE ( 'NONE', *, *, #8165, .F. ) ;
#8030 = CLOSED_SHELL ( 'NONE', ( #2709, #8700, #9926, #10500, #3631, #11476, #9514, #8253 ) ) ;
#8031 = CARTESIAN_POINT ( 'NONE',  ( -0.4899999999999997700, 0.2030000000000000100, 1.650000000000000800 ) ) ;
#8032 = CARTESIAN_POINT ( 'NONE',  ( -1.805000000000000200, 0.2030000000000000100, -1.464999999999999900 ) ) ;
#8033 = PLANE ( 'NONE',  #3701 ) ;
#8034 = LINE ( 'NONE', #2722, #9275 ) ;
#8035 = CARTESIAN_POINT ( 'NONE',  ( 1.234999999999999900, 0.2030000000000000100, -1.725000000000000300 ) ) ;
#8036 = LINE ( 'NONE', #9765, #10625 ) ;
#8037 = UNCERTAINTY_MEASURE_WITH_UNIT (LENGTH_MEASURE( 1.000000000000000100E-005 ), #9746, 'distance_accuracy_value', 'NONE');
#8038 = CARTESIAN_POINT ( 'NONE',  ( 5.283021495020326700E-016, 0.05000000000000000300, -0.3350000000000031300 ) ) ;
#8039 = VECTOR ( 'NONE', #9216, 1000.000000000000000 ) ;
#8040 = AXIS2_PLACEMENT_3D ( 'NONE', #7640, #4646, #5712 ) ;
#8041 = ORIENTED_EDGE ( 'NONE', *, *, #10188, .F. ) ;
#8042 = VERTEX_POINT ( 'NONE', #3357 ) ;
#8043 = ORIENTED_EDGE ( 'NONE', *, *, #1699, .T. ) ;
#8044 = EDGE_CURVE ( 'NONE', #32, #4320, #10014, .T. ) ;
#8045 = CARTESIAN_POINT ( 'NONE',  ( 1.725000000000000800, 0.0000000000000000000, -0.5650000000000003900 ) ) ;
#8046 = ORIENTED_EDGE ( 'NONE', *, *, #10046, .T. ) ;
#8047 = EDGE_CURVE ( 'NONE', #10564, #12270, #11624, .T. ) ;
#8048 = CIRCLE ( 'NONE', #6463, 0.07499999999999998300 ) ;
#8049 = CARTESIAN_POINT ( 'NONE',  ( 0.5650000000000003900, 0.6218078318274392600, 1.725000000000001200 ) ) ;
#8050 = FACE_OUTER_BOUND ( 'NONE', #11513, .T. ) ;
#8051 = ORIENTED_EDGE ( 'NONE', *, *, #6893, .F. ) ;
#8052 = ADVANCED_FACE ( 'NONE', ( #2022 ), #11331, .F. ) ;
#8053 = VERTEX_POINT ( 'NONE', #8462 ) ;
#8054 = DIRECTION ( 'NONE',  ( -0.7071067811865474600, 0.0000000000000000000, 0.7071067811865474600 ) ) ;
#8055 = ORIENTED_EDGE ( 'NONE', *, *, #6180, .F. ) ;
#8056 = ORIENTED_EDGE ( 'NONE', *, *, #10476, .F. ) ;
#8057 = DIRECTION ( 'NONE',  ( 0.0000000000000000000, 1.000000000000000000, 0.0000000000000000000 ) ) ;
#8058 = PRESENTATION_LAYER_ASSIGNMENT (  '', '', ( #2280 ) ) ;
#8059 = DIRECTION ( 'NONE',  ( -1.000000000000000000, 0.0000000000000000000, -1.577021341797097400E-015 ) ) ;
#8060 = FACE_OUTER_BOUND ( 'NONE', #5360, .T. ) ;
#8061 = DIRECTION ( 'NONE',  ( 1.000000000000000000, -0.0000000000000000000, 1.577021341797097400E-015 ) ) ;
#8062 = STYLED_ITEM ( 'NONE', ( #8241 ), #1608 ) ;
#8063 = DIRECTION ( 'NONE',  ( -0.0000000000000000000, -1.000000000000000000, -0.0000000000000000000 ) ) ;
#8064 = DIRECTION ( 'NONE',  ( 7.885106708985486100E-016, 0.0000000000000000000, -1.000000000000000000 ) ) ;
#8065 = LINE ( 'NONE', #5393, #615 ) ;
#8066 = CARTESIAN_POINT ( 'NONE',  ( -1.650000000000000800, 0.2030000000000000100, -0.4099999999999999800 ) ) ;
#8067 = EDGE_CURVE ( 'NONE', #4488, #2614, #3990, .T. ) ;
#8068 = CARTESIAN_POINT ( 'NONE',  ( -1.725000000000000800, 0.6218078318274388200, 1.465000000000000100 ) ) ;
#8069 = VERTEX_POINT ( 'NONE', #4667 ) ;
#8070 = VERTEX_POINT ( 'NONE', #3588 ) ;
#8071 = VERTEX_POINT ( 'NONE', #11291 ) ;
#8072 = CARTESIAN_POINT ( 'NONE',  ( -1.725000000000000800, 0.0000000000000000000, 1.014999999999999900 ) ) ;
#8073 = ORIENTED_EDGE ( 'NONE', *, *, #2912, .F. ) ;
#8074 = SURFACE_STYLE_FILL_AREA ( #2883 ) ;
#8075 = SURFACE_SIDE_STYLE ('',( #7588 ) ) ;
#8076 = AXIS2_PLACEMENT_3D ( 'NONE', #4862, #9668, #6860 ) ;
#8077 = DIRECTION ( 'NONE',  ( 0.0000000000000000000, -1.000000000000000000, 0.0000000000000000000 ) ) ;
#8078 = ORIENTED_EDGE ( 'NONE', *, *, #8689, .T. ) ;
#8079 = CARTESIAN_POINT ( 'NONE',  ( -1.650000000000000800, 0.2030000000000001000, 0.04000000000000010500 ) ) ;
#8080 = VERTEX_POINT ( 'NONE', #5580 ) ;
#8081 = CARTESIAN_POINT ( 'NONE',  ( -0.7849999999999995900, 0.2030000000000000100, 1.725000000000001200 ) ) ;
#8082 = CARTESIAN_POINT ( 'NONE',  ( -0.9399999999999997200, 0.2030000000000000100, 1.650000000000000800 ) ) ;
#8083 = EDGE_CURVE ( 'NONE', #10584, #425, #4590, .T. ) ;
#8084 = LINE ( 'NONE', #3041, #10672 ) ;
#8085 = CARTESIAN_POINT ( 'NONE',  ( -2.000000000000000900, 0.2030000000000001000, 0.1150000000000000900 ) ) ;
#8086 = LINE ( 'NONE', #2798, #6307 ) ;
#8087 = VECTOR ( 'NONE', #8156, 1000.000000000000000 ) ;
#8088 = EDGE_LOOP ( 'NONE', ( #11393, #12298, #9304, #2387 ) ) ;
#8089 = CARTESIAN_POINT ( 'NONE',  ( 1.725000000000000800, 0.2030000000000000100, 0.3349999999999995800 ) ) ;
#8090 = EDGE_CURVE ( 'NONE', #1353, #11058, #11477, .T. ) ;
#8091 = CARTESIAN_POINT ( 'NONE',  ( 0.3350000000000002400, 0.2030000000000000100, 1.725000000000001200 ) ) ;
#8092 = PRESENTATION_LAYER_ASSIGNMENT (  '', '', ( #3137 ) ) ;
#8093 = LINE ( 'NONE', #3605, #7055 ) ;
#8094 = FACE_OUTER_BOUND ( 'NONE', #4805, .T. ) ;
#8095 = DIRECTION ( 'NONE',  ( -1.000000000000000000, 0.0000000000000000000, -1.577021341797097400E-015 ) ) ;
#8096 = EDGE_CURVE ( 'NONE', #6807, #12398, #8305, .T. ) ;
#8097 = CARTESIAN_POINT ( 'NONE',  ( 1.725000000000000800, 0.2030000000000000100, 1.234999999999999900 ) ) ;
#8098 = DIRECTION ( 'NONE',  ( 0.0000000000000000000, 0.0000000000000000000, -1.000000000000000000 ) ) ;
#8099 = CLOSED_SHELL ( 'NONE', ( #8991, #3721, #7896, #4675, #1675, #7746, #26, #6957 ) ) ;
#8100 = CARTESIAN_POINT ( 'NONE',  ( -0.5649999999999997200, 0.05000000000000000300, 0.0000000000000000000 ) ) ;
#8101 = FACE_OUTER_BOUND ( 'NONE', #9446, .T. ) ;
#8102 = UNCERTAINTY_MEASURE_WITH_UNIT (LENGTH_MEASURE( 1.000000000000000100E-005 ), #8378, 'distance_accuracy_value', 'NONE');
#8103 = FACE_OUTER_BOUND ( 'NONE', #2457, .T. ) ;
#8104 = CARTESIAN_POINT ( 'NONE',  ( -0.8600000000000002100, 0.2030000000000000100, -1.725000000000000300 ) ) ;
#8105 = CARTESIAN_POINT ( 'NONE',  ( 0.5650000000000003900, 0.6218078318274392600, 1.725000000000001200 ) ) ;
#8106 = VECTOR ( 'NONE', #9830, 1000.000000000000000 ) ;
#8107 = AXIS2_PLACEMENT_3D ( 'NONE', #11263, #12220, #9382 ) ;
#8108 = DIRECTION ( 'NONE',  ( 1.000000000000000000, 0.0000000000000000000, -0.0000000000000000000 ) ) ;
#8109 = ADVANCED_FACE ( 'NONE', ( #5623 ), #784, .F. ) ;
#8110 = CARTESIAN_POINT ( 'NONE',  ( 1.725000000000000800, 0.05000000000000023900, -0.5650000000000003900 ) ) ;
#8111 = DIRECTION ( 'NONE',  ( 0.0000000000000000000, 0.0000000000000000000, -1.000000000000000000 ) ) ;
#8112 = EDGE_CURVE ( 'NONE', #9376, #5319, #8615, .T. ) ;
#8113 = VERTEX_POINT ( 'NONE', #3710 ) ;
#8114 = DIRECTION ( 'NONE',  ( 0.0000000000000000000, -1.000000000000000000, 0.0000000000000000000 ) ) ;
#8115 = EDGE_CURVE ( 'NONE', #4983, #8451, #6059, .T. ) ;
#8116 = ORIENTED_EDGE ( 'NONE', *, *, #10241, .F. ) ;
#8117 = LINE ( 'NONE', #1235, #3022 ) ;
#8118 = LINE ( 'NONE', #10469, #371 ) ;
#8119 = CARTESIAN_POINT ( 'NONE',  ( -1.465000000000000300, 0.2030000000000000100, -1.725000000000000300 ) ) ;
#8120 = ORIENTED_EDGE ( 'NONE', *, *, #6127, .F. ) ;
#8121 = ORIENTED_EDGE ( 'NONE', *, *, #1963, .F. ) ;
#8122 = AXIS2_PLACEMENT_3D ( 'NONE', #9641, #953, #1938 ) ;
#8123 = DIRECTION ( 'NONE',  ( 0.0000000000000000000, -1.000000000000000000, 0.0000000000000000000 ) ) ;
#8124 = CYLINDRICAL_SURFACE ( 'NONE', #973, 0.07499999999999987200 ) ;
#8125 = CARTESIAN_POINT ( 'NONE',  ( 0.8599999999999996500, 0.2030000000000000100, -1.725000000000000300 ) ) ;
#8126 = MECHANICAL_DESIGN_GEOMETRIC_PRESENTATION_REPRESENTATION (  '', ( #9464 ), #5734 ) ;
#8127 = EDGE_CURVE ( 'NONE', #2256, #10834, #3527, .T. ) ;
#8128 = DIRECTION ( 'NONE',  ( 0.0000000000000000000, -0.0000000000000000000, 1.000000000000000000 ) ) ;
#8129 = EDGE_CURVE ( 'NONE', #5041, #8003, #11188, .T. ) ;
#8130 = ORIENTED_EDGE ( 'NONE', *, *, #5268, .F. ) ;
#8131 = CARTESIAN_POINT ( 'NONE',  ( -1.600000000000000800, 0.8000000000000000400, -1.600000000000000300 ) ) ;
#8132 = VERTEX_POINT ( 'NONE', #3538 ) ;
#8133 = CARTESIAN_POINT ( 'NONE',  ( -0.5650000000000003900, 0.2030000000000000100, -1.725000000000000300 ) ) ;
#8134 = VECTOR ( 'NONE', #5692, 1000.000000000000000 ) ;
#8135 = CARTESIAN_POINT ( 'NONE',  ( -1.725000000000000800, 0.6218078318274387100, -0.7850000000000000300 ) ) ;
#8136 = CARTESIAN_POINT ( 'NONE',  ( 2.000000000000000900, 0.0000000000000000000, -0.7850000000000000300 ) ) ;
#8137 = CLOSED_SHELL ( 'NONE', ( #8639, #4720, #12423, #3288, #2664, #3254, #303, #5550 ) ) ;
#8138 = DIRECTION ( 'NONE',  ( 0.0000000000000000000, 0.0000000000000000000, -1.000000000000000000 ) ) ;
#8139 = CIRCLE ( 'NONE', #3181, 0.07500000000000019200 ) ;
#8140 = ORIENTED_EDGE ( 'NONE', *, *, #4688, .F. ) ;
#8141 = ORIENTED_EDGE ( 'NONE', *, *, #6925, .F. ) ;
#8143 = ORIENTED_EDGE ( 'NONE', *, *, #5485, .F. ) ;
#8142 = CARTESIAN_POINT ( 'NONE',  ( -1.725000000000000800, 0.2030000000000000100, 1.465000000000000100 ) ) ;
#8144 = EDGE_LOOP ( 'NONE', ( #11946, #12353, #7882, #6415 ) ) ;
#8145 = PLANE ( 'NONE',  #3995 ) ;
#8146 = DIRECTION ( 'NONE',  ( -1.000000000000000000, 0.0000000000000000000, -1.577021341797097400E-015 ) ) ;
#8147 = ORIENTED_EDGE ( 'NONE', *, *, #11657, .T. ) ;
#8148 = EDGE_CURVE ( 'NONE', #4932, #8940, #3834, .T. ) ;
#8149 = DIRECTION ( 'NONE',  ( 0.0000000000000000000, 1.000000000000000000, 0.0000000000000000000 ) ) ;
#8150 = ORIENTED_EDGE ( 'NONE', *, *, #7028, .T. ) ;
#8151 = VECTOR ( 'NONE', #8721, 1000.000000000000000 ) ;
#8152 = ADVANCED_FACE ( 'NONE', ( #10886 ), #8292, .T. ) ;
#8153 = CARTESIAN_POINT ( 'NONE',  ( 0.3350000000000002400, 0.2030000000000000100, 2.000000000000000400 ) ) ;
#8154 = ORIENTED_EDGE ( 'NONE', *, *, #1699, .F. ) ;
#8155 = ORIENTED_EDGE ( 'NONE', *, *, #11081, .T. ) ;
#8156 = DIRECTION ( 'NONE',  ( -0.0000000000000000000, -1.000000000000000000, -0.0000000000000000000 ) ) ;
#8157 = DIRECTION ( 'NONE',  ( -0.0000000000000000000, -1.000000000000000000, -0.0000000000000000000 ) ) ;
#8158 = EDGE_CURVE ( 'NONE', #5225, #6976, #11319, .T. ) ;
#8159 = LINE ( 'NONE', #3247, #114 ) ;
#8160 = ORIENTED_EDGE ( 'NONE', *, *, #6607, .T. ) ;
#8161 = FACE_OUTER_BOUND ( 'NONE', #892, .T. ) ;
#8162 = LINE ( 'NONE', #3847, #10471 ) ;
#8163 = DIRECTION ( 'NONE',  ( -0.0000000000000000000, 0.0000000000000000000, -1.000000000000000000 ) ) ;
#8164 = ORIENTED_EDGE ( 'NONE', *, *, #6647, .T. ) ;
#8165 = EDGE_CURVE ( 'NONE', #11837, #6213, #11889, .T. ) ;
#8166 = CARTESIAN_POINT ( 'NONE',  ( 1.234999999999999900, 0.6218078318274392600, -1.725000000000000300 ) ) ;
#8167 = ORIENTED_EDGE ( 'NONE', *, *, #12079, .F. ) ;
#8168 = ORIENTED_EDGE ( 'NONE', *, *, #963, .F. ) ;
#8169 = ADVANCED_FACE ( 'NONE', ( #2596 ), #12336, .T. ) ;
#8170 = DIRECTION ( 'NONE',  ( 0.0000000000000000000, 0.0000000000000000000, 1.000000000000000000 ) ) ;
#8171 = DIRECTION ( 'NONE',  ( -1.000000000000000000, 0.0000000000000000000, 0.0000000000000000000 ) ) ;
#8172 = FACE_OUTER_BOUND ( 'NONE', #6439, .T. ) ;
#8173 = CARTESIAN_POINT ( 'NONE',  ( 0.1150000000000009500, 0.0000000000000000000, 2.000000000000000400 ) ) ;
#8174 = PRESENTATION_STYLE_ASSIGNMENT (( #3733 ) ) ;
#8175 = LINE ( 'NONE', #368, #5646 ) ;
#8176 = ORIENTED_EDGE ( 'NONE', *, *, #6856, .F. ) ;
#8177 = ORIENTED_EDGE ( 'NONE', *, *, #1098, .T. ) ;
#8178 = DIRECTION ( 'NONE',  ( -0.0000000000000000000, 0.0000000000000000000, 1.000000000000000000 ) ) ;
#8179 = ORIENTED_EDGE ( 'NONE', *, *, #11284, .T. ) ;
#8180 = DIRECTION ( 'NONE',  ( 0.0000000000000000000, -1.000000000000000000, 0.0000000000000000000 ) ) ;
#8181 = AXIS2_PLACEMENT_3D ( 'NONE', #229, #4240, #10957 ) ;
#8182 = ORIENTED_EDGE ( 'NONE', *, *, #4512, .T. ) ;
#8183 = CARTESIAN_POINT ( 'NONE',  ( -1.235000000000000100, 0.2030000000000000100, -1.725000000000000300 ) ) ;
#8184 = EDGE_CURVE ( 'NONE', #12337, #2369, #797, .T. ) ;
#8185 = EDGE_CURVE ( 'NONE', #4940, #749, #2875, .T. ) ;
#8186 = LINE ( 'NONE', #4831, #11959 ) ;
#8187 =( NAMED_UNIT ( * ) PLANE_ANGLE_UNIT ( ) SI_UNIT ( $, .RADIAN. ) );
#8188 = CIRCLE ( 'NONE', #12026, 0.07499999999999998300 ) ;
#8189 = CARTESIAN_POINT ( 'NONE',  ( -0.8599999999999999900, 0.2030000000000000100, 1.650000000000000800 ) ) ;
#8190 = CIRCLE ( 'NONE', #7072, 0.07499999999999998300 ) ;
#8191 = ORIENTED_EDGE ( 'NONE', *, *, #5254, .F. ) ;
#8192 = DIRECTION ( 'NONE',  ( 0.0000000000000000000, 0.0000000000000000000, -1.000000000000000000 ) ) ;
#8193 = CARTESIAN_POINT ( 'NONE',  ( 0.5650000000000003900, 0.2030000000000001000, -2.000000000000000400 ) ) ;
#8194 = ORIENTED_EDGE ( 'NONE', *, *, #1529, .F. ) ;
#8195 = DIRECTION ( 'NONE',  ( 0.0000000000000000000, 0.0000000000000000000, -1.000000000000000000 ) ) ;
#8196 = CARTESIAN_POINT ( 'NONE',  ( 1.999999999999999100, 0.05000000000000000300, -2.000000000000000400 ) ) ;
#8197 = ORIENTED_EDGE ( 'NONE', *, *, #1826, .T. ) ;
#8198 = VERTEX_POINT ( 'NONE', #6657 ) ;
#8199 = DIRECTION ( 'NONE',  ( -0.0000000000000000000, -1.000000000000000000, -0.0000000000000000000 ) ) ;
#8200 = CARTESIAN_POINT ( 'NONE',  ( 2.000000000000000900, 0.6218078318274388200, 0.5649999999999999500 ) ) ;
#8201 = VECTOR ( 'NONE', #1719, 1000.000000000000000 ) ;
#8202 = LINE ( 'NONE', #3093, #5669 ) ;
#8203 = CARTESIAN_POINT ( 'NONE',  ( -1.725000000000000800, 0.0000000000000000000, -0.9399999999999999500 ) ) ;
#8204 = LINE ( 'NONE', #935, #7907 ) ;
#8205 = EDGE_CURVE ( 'NONE', #1913, #87, #12302, .T. ) ;
#8206 = EDGE_CURVE ( 'NONE', #11608, #8382, #5514, .T. ) ;
#8207 = DIRECTION ( 'NONE',  ( 1.000000000000000000, 0.0000000000000000000, 0.0000000000000000000 ) ) ;
#8208 = EDGE_CURVE ( 'NONE', #4570, #10833, #5503, .T. ) ;
#8209 = VERTEX_POINT ( 'NONE', #12375 ) ;
#8210 = VERTEX_POINT ( 'NONE', #10551 ) ;
#8211 = ORIENTED_EDGE ( 'NONE', *, *, #1810, .F. ) ;
#8212 = VERTEX_POINT ( 'NONE', #4830 ) ;
#8213 = CARTESIAN_POINT ( 'NONE',  ( 1.235000000000000300, 0.05000000000000000300, 0.0000000000000000000 ) ) ;
#8214 = VECTOR ( 'NONE', #5857, 1000.000000000000000 ) ;
#8215 = VECTOR ( 'NONE', #5930, 1000.000000000000000 ) ;
#8216 = CARTESIAN_POINT ( 'NONE',  ( 1.999999999999999100, 0.05000000000000000300, 1.999999999999999600 ) ) ;
#8217 = DIRECTION ( 'NONE',  ( 0.0000000000000000000, -0.0000000000000000000, -1.000000000000000000 ) ) ;
#8218 = FACE_OUTER_BOUND ( 'NONE', #11492, .T. ) ;
#8219 = ORIENTED_EDGE ( 'NONE', *, *, #1933, .T. ) ;
#8220 = AXIS2_PLACEMENT_3D ( 'NONE', #2094, #8857, #6159 ) ;
#8221 = ORIENTED_EDGE ( 'NONE', *, *, #5340, .T. ) ;
#8222 = PLANE ( 'NONE',  #4816 ) ;
#8223 = CARTESIAN_POINT ( 'NONE',  ( 2.000000000000000900, 0.0000000000000000000, 0.5649999999999999500 ) ) ;
#8224 = VERTEX_POINT ( 'NONE', #913 ) ;
#8225 = AXIS2_PLACEMENT_3D ( 'NONE', #8731, #10689, #5872 ) ;
#8226 = CYLINDRICAL_SURFACE ( 'NONE', #2454, 0.07499999999999998300 ) ;
#8227 = EDGE_CURVE ( 'NONE', #6523, #6121, #4464, .T. ) ;
#8228 = DIRECTION ( 'NONE',  ( 0.0000000000000000000, -0.0000000000000000000, 1.000000000000000000 ) ) ;
#8229 = LINE ( 'NONE', #10929, #10388 ) ;
#8230 = DIRECTION ( 'NONE',  ( 0.0000000000000000000, 1.000000000000000000, 0.0000000000000000000 ) ) ;
#8231 = DIRECTION ( 'NONE',  ( 0.0000000000000000000, 0.0000000000000000000, -1.000000000000000000 ) ) ;
#8232 = CARTESIAN_POINT ( 'NONE',  ( 1.015000000000000300, 0.2030000000000000100, -2.000000000000000400 ) ) ;
#8233 = ORIENTED_EDGE ( 'NONE', *, *, #4031, .F. ) ;
#8234 = CARTESIAN_POINT ( 'NONE',  ( 0.7850000000000001400, 0.0000000000000000000, 2.000000000000000400 ) ) ;
#8235 = CARTESIAN_POINT ( 'NONE',  ( 1.725000000000000800, 0.6218078318274388200, -0.3350000000000004600 ) ) ;
#8236 = ADVANCED_FACE ( 'NONE', ( #2996 ), #11495, .F. ) ;
#8237 = VECTOR ( 'NONE', #1603, 1000.000000000000000 ) ;
#8238 = CARTESIAN_POINT ( 'NONE',  ( -2.000000000000000900, 0.04999999999999991300, 0.1150000000000000900 ) ) ;
#8239 =( GEOMETRIC_REPRESENTATION_CONTEXT ( 3 ) GLOBAL_UNCERTAINTY_ASSIGNED_CONTEXT ( ( #5879 ) ) GLOBAL_UNIT_ASSIGNED_CONTEXT ( ( #799, #8401, #6567 ) ) REPRESENTATION_CONTEXT ( 'NONE', 'WORKASPACE' ) );
#8241 = PRESENTATION_STYLE_ASSIGNMENT (( #8911 ) ) ;
#8240 = AXIS2_PLACEMENT_3D ( 'NONE', #11693, #3145, #9876 ) ;
#8242 = CARTESIAN_POINT ( 'NONE',  ( 1.517503272058749800, 0.2030000000000000100, 1.857503272058750300 ) ) ;
#8243 = VECTOR ( 'NONE', #5589, 1000.000000000000000 ) ;
#8244 = AXIS2_PLACEMENT_3D ( 'NONE', #8006, #2235, #8954 ) ;
#8245 = DIRECTION ( 'NONE',  ( 0.0000000000000000000, 0.0000000000000000000, 1.000000000000000000 ) ) ;
#8246 = DIRECTION ( 'NONE',  ( -0.0000000000000000000, 0.0000000000000000000, 1.000000000000000000 ) ) ;
#8247 = VERTEX_POINT ( 'NONE', #4793 ) ;
#8248 = CARTESIAN_POINT ( 'NONE',  ( -1.650000000000000800, 0.6218078318274388200, 0.04000000000000010500 ) ) ;
#8249 = EDGE_CURVE ( 'NONE', #6702, #966, #9241, .T. ) ;
#8250 = CARTESIAN_POINT ( 'NONE',  ( 0.03999999999999989000, 0.6218078318274392600, -1.650000000000000100 ) ) ;
#8251 = EDGE_LOOP ( 'NONE', ( #5497, #4593, #11488, #7006 ) ) ;
#8252 = FACE_OUTER_BOUND ( 'NONE', #1044, .T. ) ;
#8253 = ADVANCED_FACE ( 'NONE', ( #4890 ), #5735, .T. ) ;
#8254 = LINE ( 'NONE', #7967, #11715 ) ;
#8255 = CARTESIAN_POINT ( 'NONE',  ( -0.5649999999999997200, 0.2030000000000000100, 1.725000000000001200 ) ) ;
#8256 =( NAMED_UNIT ( * ) PLANE_ANGLE_UNIT ( ) SI_UNIT ( $, .RADIAN. ) );
#8257 = EDGE_CURVE ( 'NONE', #8007, #6203, #12048, .T. ) ;
#8258 = FILL_AREA_STYLE_COLOUR ( '', #10351 ) ;
#8259 = ORIENTED_EDGE ( 'NONE', *, *, #7134, .F. ) ;
#8260 = ORIENTED_EDGE ( 'NONE', *, *, #284, .T. ) ;
#8261 = CARTESIAN_POINT ( 'NONE',  ( 0.9399999999999998400, 0.6218078318274392600, 1.650000000000000800 ) ) ;
#8262 = VERTEX_POINT ( 'NONE', #4705 ) ;
#8263 = DIRECTION ( 'NONE',  ( 0.0000000000000000000, -1.000000000000000000, 0.0000000000000000000 ) ) ;
#8264 = EDGE_CURVE ( 'NONE', #3255, #3813, #6011, .T. ) ;
#8265 = FACE_OUTER_BOUND ( 'NONE', #5676, .T. ) ;
#8266 = LINE ( 'NONE', #2249, #10846 ) ;
#8267 = DIRECTION ( 'NONE',  ( 0.0000000000000000000, -1.000000000000000000, 0.0000000000000000000 ) ) ;
#8268 = PLANE ( 'NONE',  #1443 ) ;
#8269 = CARTESIAN_POINT ( 'NONE',  ( -0.03999999999999967500, 0.2030000000000000100, 1.725000000000000800 ) ) ;
#8270 = ORIENTED_EDGE ( 'NONE', *, *, #3268, .T. ) ;
#8271 = EDGE_LOOP ( 'NONE', ( #4468, #2570, #9303, #4267 ) ) ;
#8272 = CARTESIAN_POINT ( 'NONE',  ( -1.725000000000000800, 0.6218078318274388200, -1.234999999999999900 ) ) ;
#8273 = FILL_AREA_STYLE ('',( #6282 ) ) ;
#8274 = CYLINDRICAL_SURFACE ( 'NONE', #10614, 0.07499999999999998300 ) ;
#8275 = DIRECTION ( 'NONE',  ( 0.0000000000000000000, 0.0000000000000000000, 1.000000000000000000 ) ) ;
#8276 = VECTOR ( 'NONE', #2704, 1000.000000000000000 ) ;
#8277 = AXIS2_PLACEMENT_3D ( 'NONE', #1537, #6297, #11055 ) ;
#8278 = DIRECTION ( 'NONE',  ( 0.0000000000000000000, 0.0000000000000000000, -1.000000000000000000 ) ) ;
#8279 = LINE ( 'NONE', #11978, #8746 ) ;
#8280 = CARTESIAN_POINT ( 'NONE',  ( 0.0000000000000000000, 0.05000000000000000300, -1.650000000000000100 ) ) ;
#8281 = EDGE_CURVE ( 'NONE', #2679, #3547, #11836, .T. ) ;
#8282 = DIRECTION ( 'NONE',  ( 1.577021341797102100E-015, 0.0000000000000000000, 1.000000000000000000 ) ) ;
#8283 = EDGE_CURVE ( 'NONE', #6786, #4559, #3066, .T. ) ;
#8284 = ADVANCED_FACE ( 'NONE', ( #1254 ), #4958, .F. ) ;
#8285 = PLANE ( 'NONE',  #12272 ) ;
#8286 = ORIENTED_EDGE ( 'NONE', *, *, #11827, .F. ) ;
#8287 = ORIENTED_EDGE ( 'NONE', *, *, #2915, .F. ) ;
#8288 = LINE ( 'NONE', #4200, #6787 ) ;
#8289 = DIRECTION ( 'NONE',  ( 0.0000000000000000000, -1.000000000000000000, 0.0000000000000000000 ) ) ;
#8290 =( LENGTH_UNIT ( ) NAMED_UNIT ( * ) SI_UNIT ( .MILLI., .METRE. ) );
#8291 = VECTOR ( 'NONE', #301, 1000.000000000000000 ) ;
#8292 = PLANE ( 'NONE',  #6085 ) ;
#8293 = FACE_OUTER_BOUND ( 'NONE', #7540, .T. ) ;
#8294 = ORIENTED_EDGE ( 'NONE', *, *, #7553, .T. ) ;
#8295 = ORIENTED_EDGE ( 'NONE', *, *, #176, .F. ) ;
#8296 = DIRECTION ( 'NONE',  ( -1.000000000000000000, 0.0000000000000000000, 0.0000000000000000000 ) ) ;
#8297 = ORIENTED_EDGE ( 'NONE', *, *, #12177, .F. ) ;
#8298 = AXIS2_PLACEMENT_3D ( 'NONE', #10349, #9330, #1736 ) ;
#8299 = LINE ( 'NONE', #3697, #2305 ) ;
#8300 = ADVANCED_FACE ( 'NONE', ( #9510 ), #1968, .T. ) ;
#8301 = ORIENTED_EDGE ( 'NONE', *, *, #4425, .F. ) ;
#8302 = LINE ( 'NONE', #12248, #4872 ) ;
#8303 = DIRECTION ( 'NONE',  ( 0.0000000000000000000, 0.0000000000000000000, -1.000000000000000000 ) ) ;
#8304 = EDGE_CURVE ( 'NONE', #353, #6674, #6349, .T. ) ;
#8305 = CIRCLE ( 'NONE', #11278, 0.07499999999999998300 ) ;
#8306 = CARTESIAN_POINT ( 'NONE',  ( -1.309999999999999600, 0.2030000000000000100, 1.725000000000000800 ) ) ;
#8307 = ORIENTED_EDGE ( 'NONE', *, *, #8281, .F. ) ;
#8308 = VECTOR ( 'NONE', #434, 1000.000000000000000 ) ;
#8309 = ORIENTED_EDGE ( 'NONE', *, *, #11430, .T. ) ;
#8310 = DIRECTION ( 'NONE',  ( -0.0000000000000000000, -1.000000000000000000, -0.0000000000000000000 ) ) ;
#8311 = LINE ( 'NONE', #9654, #10600 ) ;
#8312 = AXIS2_PLACEMENT_3D ( 'NONE', #6181, #9993, #9914 ) ;
#8313 = ORIENTED_EDGE ( 'NONE', *, *, #2937, .F. ) ;
#8314 = CIRCLE ( 'NONE', #10431, 0.07500000000000019200 ) ;
#8315 = ADVANCED_FACE ( 'NONE', ( #12094 ), #2621, .T. ) ;
#8316 = ORIENTED_EDGE ( 'NONE', *, *, #4738, .F. ) ;
#8317 = DIRECTION ( 'NONE',  ( 0.0000000000000000000, -1.000000000000000000, 0.0000000000000000000 ) ) ;
#8318 = FACE_OUTER_BOUND ( 'NONE', #10468, .T. ) ;
#8319 = ORIENTED_EDGE ( 'NONE', *, *, #4584, .F. ) ;
#8320 =( GEOMETRIC_REPRESENTATION_CONTEXT ( 3 ) GLOBAL_UNCERTAINTY_ASSIGNED_CONTEXT ( ( #5134 ) ) GLOBAL_UNIT_ASSIGNED_CONTEXT ( ( #11774, #2258, #6995 ) ) REPRESENTATION_CONTEXT ( 'NONE', 'WORKASPACE' ) );
#8321 = CARTESIAN_POINT ( 'NONE',  ( 1.310000000000000500, 0.0000000000000000000, 1.725000000000000800 ) ) ;
#8322 = DIRECTION ( 'NONE',  ( -0.7071067811865474600, 0.0000000000000000000, 0.7071067811865474600 ) ) ;
#8323 = ORIENTED_EDGE ( 'NONE', *, *, #636, .T. ) ;
#8324 = EDGE_LOOP ( 'NONE', ( #7376, #8160, #6632, #748 ) ) ;
#8325 = EDGE_LOOP ( 'NONE', ( #8295, #10231, #10409, #10894 ) ) ;
#8326 = CARTESIAN_POINT ( 'NONE',  ( 0.4899999999999997700, 0.2030000000000000100, -1.650000000000000100 ) ) ;
#8327 = CARTESIAN_POINT ( 'NONE',  ( 1.725000000000000800, 0.6218078318274388200, -0.1150000000000003000 ) ) ;
#8328 = EDGE_CURVE ( 'NONE', #2616, #12058, #8950, .T. ) ;
#8329 = CARTESIAN_POINT ( 'NONE',  ( 1.725000000000000800, 0.2030000000000000100, -0.8600000000000004300 ) ) ;
#8330 = VECTOR ( 'NONE', #9866, 1000.000000000000000 ) ;
#8331 = DIRECTION ( 'NONE',  ( 0.0000000000000000000, -1.000000000000000000, 0.0000000000000000000 ) ) ;
#8332 = LINE ( 'NONE', #5833, #4901 ) ;
#8333 = ORIENTED_EDGE ( 'NONE', *, *, #5014, .T. ) ;
#8334 = DIRECTION ( 'NONE',  ( 0.0000000000000000000, 0.0000000000000000000, -1.000000000000000000 ) ) ;
#8335 = CARTESIAN_POINT ( 'NONE',  ( -0.3349999999999991300, 0.0000000000000000000, 2.000000000000000400 ) ) ;
#8336 = ORIENTED_EDGE ( 'NONE', *, *, #1859, .T. ) ;
#8337 = DIRECTION ( 'NONE',  ( -1.000000000000000000, 0.0000000000000000000, 2.168404344971009100E-016 ) ) ;
#8338 = VERTEX_POINT ( 'NONE', #9802 ) ;
#8339 = EDGE_CURVE ( 'NONE', #6714, #11531, #10518, .T. ) ;
#8340 = STYLED_ITEM ( 'NONE', ( #6918 ), #4758 ) ;
#8341 = LINE ( 'NONE', #7036, #431 ) ;
#8342 = DIRECTION ( 'NONE',  ( 0.0000000000000000000, 0.0000000000000000000, 1.000000000000000000 ) ) ;
#8343 = EDGE_CURVE ( 'NONE', #816, #1989, #7919, .T. ) ;
#8344 = DIRECTION ( 'NONE',  ( 1.000000000000000000, -0.0000000000000000000, -0.0000000000000000000 ) ) ;
#8345 = CYLINDRICAL_SURFACE ( 'NONE', #5314, 0.07499999999999998300 ) ;
#8346 = EDGE_LOOP ( 'NONE', ( #6953, #10515, #3711, #2017, #7267, #7313 ) ) ;
#8347 = ORIENTED_EDGE ( 'NONE', *, *, #1290, .T. ) ;
#8348 = PLANE ( 'NONE',  #5954 ) ;
#8349 = ORIENTED_EDGE ( 'NONE', *, *, #10537, .F. ) ;
#8350 = ORIENTED_EDGE ( 'NONE', *, *, #8158, .T. ) ;
#8351 = VECTOR ( 'NONE', #8717, 1000.000000000000000 ) ;
#8352 = CYLINDRICAL_SURFACE ( 'NONE', #7749, 0.07499999999999987200 ) ;
#8353 = CARTESIAN_POINT ( 'NONE',  ( -0.1150000000000003000, 0.2030000000000000100, -1.725000000000000300 ) ) ;
#8354 = PRESENTATION_LAYER_ASSIGNMENT (  '', '', ( #1483 ) ) ;
#8355 = VERTEX_POINT ( 'NONE', #4083 ) ;
#8356 = CARTESIAN_POINT ( 'NONE',  ( -1.725000000000000800, 0.05000000000000023900, 0.7849999999999999200 ) ) ;
#8357 = VERTEX_POINT ( 'NONE', #2090 ) ;
#8358 = EDGE_LOOP ( 'NONE', ( #10197, #5660, #11956, #1526 ) ) ;
#8359 = EDGE_CURVE ( 'NONE', #5792, #11700, #912, .T. ) ;
#8360 = ORIENTED_EDGE ( 'NONE', *, *, #2400, .T. ) ;
#8361 = EDGE_CURVE ( 'NONE', #11530, #10161, #3438, .T. ) ;
#8362 = DIRECTION ( 'NONE',  ( 1.577021341797102100E-015, 0.0000000000000000000, 1.000000000000000000 ) ) ;
#8363 = DIRECTION ( 'NONE',  ( 0.0000000000000000000, 0.0000000000000000000, 1.000000000000000000 ) ) ;
#8364 = DIRECTION ( 'NONE',  ( -0.0000000000000000000, -1.000000000000000000, -0.0000000000000000000 ) ) ;
#8365 = CARTESIAN_POINT ( 'NONE',  ( -0.1150000000000000900, 0.2030000000000000700, -2.000000000000000400 ) ) ;
#8366 = LINE ( 'NONE', #4988, #3595 ) ;
#8367 = CARTESIAN_POINT ( 'NONE',  ( -1.725000000000000800, 0.0000000000000000000, 1.310000000000000300 ) ) ;
#8368 = LINE ( 'NONE', #9185, #10064 ) ;
#8369 = ADVANCED_FACE ( 'NONE', ( #311 ), #8805, .T. ) ;
#8370 = FACE_OUTER_BOUND ( 'NONE', #4113, .T. ) ;
#8371 = CARTESIAN_POINT ( 'NONE',  ( -1.234999999999999200, 0.2030000000000000100, 2.000000000000000400 ) ) ;
#8372 = PLANE ( 'NONE',  #8452 ) ;
#8373 = CLOSED_SHELL ( 'NONE', ( #12102, #834, #9475, #180, #5656, #9892, #9954 ) ) ;
#8374 = ORIENTED_EDGE ( 'NONE', *, *, #9237, .F. ) ;
#8375 = DIRECTION ( 'NONE',  ( 0.0000000000000000000, 0.0000000000000000000, 1.000000000000000000 ) ) ;
#8376 = ORIENTED_EDGE ( 'NONE', *, *, #1281, .F. ) ;
#8377 = DIRECTION ( 'NONE',  ( -1.000000000000000000, 0.0000000000000000000, 0.0000000000000000000 ) ) ;
#8378 =( LENGTH_UNIT ( ) NAMED_UNIT ( * ) SI_UNIT ( .MILLI., .METRE. ) );
#8379 = ORIENTED_EDGE ( 'NONE', *, *, #9787, .T. ) ;
#8380 = DIRECTION ( 'NONE',  ( -0.0000000000000000000, -1.000000000000000000, -0.0000000000000000000 ) ) ;
#8381 = AXIS2_PLACEMENT_3D ( 'NONE', #2479, #11000, #10220 ) ;
#8382 = VERTEX_POINT ( 'NONE', #1187 ) ;
#8383 = LINE ( 'NONE', #11365, #2983 ) ;
#8384 = EDGE_CURVE ( 'NONE', #5753, #6049, #8366, .T. ) ;
#8385 = PRODUCT_DEFINITION_CONTEXT ( 'detailed design', #6522, 'design' ) ;
#8386 = LINE ( 'NONE', #3519, #11687 ) ;
#8387 = ADVANCED_FACE ( 'NONE', ( #6585 ), #10213, .F. ) ;
#8388 = CARTESIAN_POINT ( 'NONE',  ( 2.000000000000000900, 0.04999999999999991300, 0.3350000000000000200 ) ) ;
#8389 = ORIENTED_EDGE ( 'NONE', *, *, #5635, .T. ) ;
#8390 = EDGE_LOOP ( 'NONE', ( #8046, #837, #4745, #10810, #6324, #3449 ) ) ;
#8391 = CIRCLE ( 'NONE', #4704, 0.07499999999999998300 ) ;
#8392 =( NAMED_UNIT ( * ) SI_UNIT ( $, .STERADIAN. ) SOLID_ANGLE_UNIT ( ) );
#8393 = VECTOR ( 'NONE', #12267, 1000.000000000000000 ) ;
#8394 = CARTESIAN_POINT ( 'NONE',  ( -1.234999999999999700, 0.2030000000000000100, 1.725000000000001200 ) ) ;
#8395 = VECTOR ( 'NONE', #581, 1000.000000000000000 ) ;
#8396 = AXIS2_PLACEMENT_3D ( 'NONE', #8133, #1425, #4234 ) ;
#8397 = AXIS2_PLACEMENT_3D ( 'NONE', #4206, #10915, #4115 ) ;
#8398 = ORIENTED_EDGE ( 'NONE', *, *, #265, .T. ) ;
#8399 = DIRECTION ( 'NONE',  ( 1.000000000000000000, -0.0000000000000000000, 1.577021341797097400E-015 ) ) ;
#8400 =( LENGTH_UNIT ( ) NAMED_UNIT ( * ) SI_UNIT ( .MILLI., .METRE. ) );
#8401 =( NAMED_UNIT ( * ) PLANE_ANGLE_UNIT ( ) SI_UNIT ( $, .RADIAN. ) );
#8402 = EDGE_CURVE ( 'NONE', #9731, #5344, #5377, .T. ) ;
#8403 = CARTESIAN_POINT ( 'NONE',  ( -1.310000000000000300, 0.2030000000000000100, -1.725000000000000300 ) ) ;
#8404 = FACE_OUTER_BOUND ( 'NONE', #10338, .T. ) ;
#8405 = FACE_OUTER_BOUND ( 'NONE', #11839, .T. ) ;
#8406 = DIRECTION ( 'NONE',  ( 1.000000000000000000, -0.0000000000000000000, -0.0000000000000000000 ) ) ;
#8407 = CARTESIAN_POINT ( 'NONE',  ( 1.805000000000000400, 0.2030000000000001000, -1.464999999999999900 ) ) ;
#8408 = CARTESIAN_POINT ( 'NONE',  ( 1.725000000000000800, 0.0000000000000000000, 0.3349999999999995800 ) ) ;
#8409 = CARTESIAN_POINT ( 'NONE',  ( 1.650000000000000800, 0.6218078318274387100, -0.9400000000000003900 ) ) ;
#8410 = CARTESIAN_POINT ( 'NONE',  ( -1.725000000000000800, 0.6218078318274388200, -0.1149999999999998700 ) ) ;
#8411 = CARTESIAN_POINT ( 'NONE',  ( 1.725000000000000800, 0.6218078318274388200, 0.8599999999999994300 ) ) ;
#8412 = ORIENTED_EDGE ( 'NONE', *, *, #9643, .F. ) ;
#8413 = DIRECTION ( 'NONE',  ( 1.000000000000000000, 0.0000000000000000000, 0.0000000000000000000 ) ) ;
#8414 = AXIS2_PLACEMENT_3D ( 'NONE', #987, #8510, #11536 ) ;
#8415 = VERTEX_POINT ( 'NONE', #2002 ) ;
#8416 = VECTOR ( 'NONE', #6015, 1000.000000000000000 ) ;
#8417 = ADVANCED_FACE ( 'NONE', ( #7620 ), #4116, .F. ) ;
#8418 = SURFACE_STYLE_USAGE ( .BOTH. , #5576 ) ;
#8419 = VECTOR ( 'NONE', #5688, 1000.000000000000000 ) ;
#8420 = CARTESIAN_POINT ( 'NONE',  ( 0.5650000000000003900, 0.2030000000000000100, 1.725000000000001200 ) ) ;
#8421 = LINE ( 'NONE', #225, #2884 ) ;
#8422 = EDGE_CURVE ( 'NONE', #681, #12398, #5089, .T. ) ;
#8423 = CARTESIAN_POINT ( 'NONE',  ( 0.3350000000000002400, 0.6218078318274392600, 2.000000000000000400 ) ) ;
#8424 = ORIENTED_EDGE ( 'NONE', *, *, #6006, .F. ) ;
#8425 = ORIENTED_EDGE ( 'NONE', *, *, #7802, .F. ) ;
#8426 = UNCERTAINTY_MEASURE_WITH_UNIT (LENGTH_MEASURE( 1.000000000000000100E-005 ), #7194, 'distance_accuracy_value', 'NONE');
#8427 = LINE ( 'NONE', #4090, #12038 ) ;
#8428 = LINE ( 'NONE', #9584, #1984 ) ;
#8429 = ADVANCED_FACE ( 'NONE', ( #4193 ), #9913, .F. ) ;
#8430 = CARTESIAN_POINT ( 'NONE',  ( -1.725000000000000800, 0.0000000000000000000, 0.5649999999999999500 ) ) ;
#8431 = AXIS2_PLACEMENT_3D ( 'NONE', #4568, #7442, #10411 ) ;
#8432 = DIRECTION ( 'NONE',  ( 0.0000000000000000000, 1.000000000000000000, 0.0000000000000000000 ) ) ;
#8433 = PLANE ( 'NONE',  #6531 ) ;
#8434 = VERTEX_POINT ( 'NONE', #3263 ) ;
#8435 = EDGE_CURVE ( 'NONE', #12131, #1242, #6876, .T. ) ;
#8436 = ORIENTED_EDGE ( 'NONE', *, *, #11135, .T. ) ;
#8437 = VECTOR ( 'NONE', #7065, 1000.000000000000000 ) ;
#8438 = FACE_OUTER_BOUND ( 'NONE', #21, .T. ) ;
#8439 = CARTESIAN_POINT ( 'NONE',  ( 0.1150000000000009500, 0.2030000000000000100, 2.000000000000000400 ) ) ;
#8440 = CARTESIAN_POINT ( 'NONE',  ( 1.650000000000000800, 0.6218078318274388200, 0.4099999999999995300 ) ) ;
#8441 = ADVANCED_FACE ( 'NONE', ( #11832 ), #7983, .T. ) ;
#8442 = DIRECTION ( 'NONE',  ( 0.0000000000000000000, 0.0000000000000000000, -1.000000000000000000 ) ) ;
#8444 = ORIENTED_EDGE ( 'NONE', *, *, #6561, .T. ) ;
#8443 = DIRECTION ( 'NONE',  ( 0.0000000000000000000, 0.0000000000000000000, 1.000000000000000000 ) ) ;
#8445 = CARTESIAN_POINT ( 'NONE',  ( 0.5649999999999997200, 0.2030000000000000100, -1.725000000000000300 ) ) ;
#8446 = ORIENTED_EDGE ( 'NONE', *, *, #2151, .F. ) ;
#8447 = AXIS2_PLACEMENT_3D ( 'NONE', #4055, #11784, #10683 ) ;
#8448 = LINE ( 'NONE', #7364, #7997 ) ;
#8449 = EDGE_CURVE ( 'NONE', #683, #2137, #8842, .T. ) ;
#8450 = CARTESIAN_POINT ( 'NONE',  ( -1.725000000000000800, 0.0000000000000000000, 0.4899999999999999900 ) ) ;
#8451 = VERTEX_POINT ( 'NONE', #2386 ) ;
#8452 = AXIS2_PLACEMENT_3D ( 'NONE', #10343, #8671, #8579 ) ;
#8453 = VECTOR ( 'NONE', #7890, 1000.000000000000000 ) ;
#8454 = EDGE_CURVE ( 'NONE', #2369, #8487, #2539, .T. ) ;
#8455 = ORIENTED_EDGE ( 'NONE', *, *, #3909, .F. ) ;
#8456 = CARTESIAN_POINT ( 'NONE',  ( 1.725000000000000800, 0.2030000000000000100, -1.015000000000000300 ) ) ;
#8457 = DIRECTION ( 'NONE',  ( 0.0000000000000000000, -1.000000000000000000, 0.0000000000000000000 ) ) ;
#8458 = ORIENTED_EDGE ( 'NONE', *, *, #10939, .F. ) ;
#8459 = VERTEX_POINT ( 'NONE', #10867 ) ;
#8460 = VERTEX_POINT ( 'NONE', #357 ) ;
#8461 = ORIENTED_EDGE ( 'NONE', *, *, #11618, .F. ) ;
#8462 = CARTESIAN_POINT ( 'NONE',  ( 0.4899999999999999900, 0.2030000000000000100, 1.650000000000000800 ) ) ;
#8463 = EDGE_LOOP ( 'NONE', ( #9393, #2222, #1398, #3878 ) ) ;
#8464 = VECTOR ( 'NONE', #252, 1000.000000000000000 ) ;
#8465 = ORIENTED_EDGE ( 'NONE', *, *, #7900, .F. ) ;
#8466 = LINE ( 'NONE', #1104, #3989 ) ;
#8467 = LINE ( 'NONE', #1574, #11338 ) ;
#8468 = AXIS2_PLACEMENT_3D ( 'NONE', #6382, #4470, #3593 ) ;
#8469 = CARTESIAN_POINT ( 'NONE',  ( -1.725000000000000800, 0.2030000000000000100, -1.310000000000000100 ) ) ;
#8470 = CARTESIAN_POINT ( 'NONE',  ( -2.000000000000000900, 0.2030000000000000700, -0.7850000000000001400 ) ) ;
#8471 = VERTEX_POINT ( 'NONE', #2255 ) ;
#8472 = AXIS2_PLACEMENT_3D ( 'NONE', #7233, #11090, #1439 ) ;
#8473 = ORIENTED_EDGE ( 'NONE', *, *, #3154, .F. ) ;
#8474 = CARTESIAN_POINT ( 'NONE',  ( 2.000000000000000900, 0.2030000000000000100, 0.1150000000000000900 ) ) ;
#8475 = PLANE ( 'NONE',  #2892 ) ;
#8476 = EDGE_CURVE ( 'NONE', #8660, #4246, #6284, .T. ) ;
#8477 = CIRCLE ( 'NONE', #1892, 0.07499999999999998300 ) ;
#8478 = ADVANCED_FACE ( 'NONE', ( #1045 ), #6189, .T. ) ;
#8479 = ORIENTED_EDGE ( 'NONE', *, *, #2083, .T. ) ;
#8480 = CARTESIAN_POINT ( 'NONE',  ( 1.650000000000000800, 0.0000000000000000000, -0.4100000000000004200 ) ) ;
#8481 = LINE ( 'NONE', #40, #12392 ) ;
#8482 = LINE ( 'NONE', #11394, #3543 ) ;
#8483 = ORIENTED_EDGE ( 'NONE', *, *, #5375, .F. ) ;
#8484 = ORIENTED_EDGE ( 'NONE', *, *, #3420, .T. ) ;
#8485 = ORIENTED_EDGE ( 'NONE', *, *, #3666, .T. ) ;
#8486 = DIRECTION ( 'NONE',  ( 0.0000000000000000000, -1.000000000000000000, 0.0000000000000000000 ) ) ;
#8487 = VERTEX_POINT ( 'NONE', #3221 ) ;
#8488 = DIRECTION ( 'NONE',  ( -0.0000000000000000000, -1.000000000000000000, -0.0000000000000000000 ) ) ;
#8489 = PRODUCT_DEFINITION_FORMATION_WITH_SPECIFIED_SOURCE ( 'ANY', '', #8838, .NOT_KNOWN. ) ;
#8490 = CARTESIAN_POINT ( 'NONE',  ( 0.1150000000000005200, 0.0000000000000000000, -2.000000000000000400 ) ) ;
#8491 = CARTESIAN_POINT ( 'NONE',  ( 1.725000000000000800, 0.0000000000000000000, -0.1150000000000003000 ) ) ;
#8492 = AXIS2_PLACEMENT_3D ( 'NONE', #8543, #2810, #9534 ) ;
#8493 = CARTESIAN_POINT ( 'NONE',  ( -1.650000000000000800, 0.6218078318274388200, -0.03999999999999989000 ) ) ;
#8494 = SURFACE_STYLE_FILL_AREA ( #6596 ) ;
#8495 = ORIENTED_EDGE ( 'NONE', *, *, #4564, .F. ) ;
#8496 = DIRECTION ( 'NONE',  ( 0.0000000000000000000, 0.0000000000000000000, -1.000000000000000000 ) ) ;
#8497 = DIRECTION ( 'NONE',  ( 0.0000000000000000000, 1.000000000000000000, 0.0000000000000000000 ) ) ;
#8498 = ADVANCED_FACE ( 'NONE', ( #1934 ), #9016, .T. ) ;
#8499 = EDGE_CURVE ( 'NONE', #5020, #3852, #3749, .T. ) ;
#8500 = ORIENTED_EDGE ( 'NONE', *, *, #12041, .F. ) ;
#8501 = DIRECTION ( 'NONE',  ( 0.0000000000000000000, -1.000000000000000000, 0.0000000000000000000 ) ) ;
#8502 = EDGE_LOOP ( 'NONE', ( #12154, #12178, #2925, #5891 ) ) ;
#8503 = PLANE ( 'NONE',  #1339 ) ;
#8504 = DIRECTION ( 'NONE',  ( 1.000000000000000000, -0.0000000000000000000, 0.0000000000000000000 ) ) ;
#8505 = CARTESIAN_POINT ( 'NONE',  ( -0.9399999999999997200, 0.2030000000000000100, 1.725000000000000800 ) ) ;
#8506 = VECTOR ( 'NONE', #8978, 1000.000000000000000 ) ;
#8507 = CYLINDRICAL_SURFACE ( 'NONE', #9054, 0.07499999999999998300 ) ;
#8508 = LINE ( 'NONE', #10034, #3586 ) ;
#8509 = ORIENTED_EDGE ( 'NONE', *, *, #1319, .T. ) ;
#8510 = DIRECTION ( 'NONE',  ( 0.0000000000000000000, 1.000000000000000000, 0.0000000000000000000 ) ) ;
#8511 = EDGE_CURVE ( 'NONE', #4983, #9767, #10805, .T. ) ;
#8512 = ORIENTED_EDGE ( 'NONE', *, *, #10022, .F. ) ;
#8513 = ORIENTED_EDGE ( 'NONE', *, *, #3513, .F. ) ;
#8514 = ORIENTED_EDGE ( 'NONE', *, *, #4950, .F. ) ;
#8515 = DIRECTION ( 'NONE',  ( 0.0000000000000000000, -1.000000000000000000, 0.0000000000000000000 ) ) ;
#8516 = ADVANCED_FACE ( 'NONE', ( #11243 ), #5678, .T. ) ;
#8517 = PLANE ( 'NONE',  #2950 ) ;
#8518 = EDGE_CURVE ( 'NONE', #2229, #4051, #7323, .T. ) ;
#8519 = CARTESIAN_POINT ( 'NONE',  ( 1.725000000000000800, 0.6218078318274388200, 1.014999999999999500 ) ) ;
#8520 = VECTOR ( 'NONE', #2325, 1000.000000000000000 ) ;
#8521 = CARTESIAN_POINT ( 'NONE',  ( 1.725000000000000800, 0.2030000000000000100, 0.4099999999999995300 ) ) ;
#8522 = CARTESIAN_POINT ( 'NONE',  ( -1.725000000000000800, 0.6218078318274388200, 0.3350000000000000200 ) ) ;
#8523 = ORIENTED_EDGE ( 'NONE', *, *, #5359, .T. ) ;
#8524 = EDGE_LOOP ( 'NONE', ( #1653, #9543, #4717, #2431 ) ) ;
#8525 = ORIENTED_EDGE ( 'NONE', *, *, #4955, .F. ) ;
#8526 = CARTESIAN_POINT ( 'NONE',  ( -1.650000000000000800, 0.05000000000000000300, 0.0000000000000000000 ) ) ;
#8527 = EDGE_LOOP ( 'NONE', ( #174, #6841, #5213, #9231 ) ) ;
#8528 = LINE ( 'NONE', #10253, #4355 ) ;
#8529 = AXIS2_PLACEMENT_3D ( 'NONE', #11520, #1877, #3732 ) ;
#8530 = DIRECTION ( 'NONE',  ( 1.000000000000000000, -0.0000000000000000000, 1.577021341797097400E-015 ) ) ;
#8531 = VECTOR ( 'NONE', #12322, 1000.000000000000000 ) ;
#8532 = CARTESIAN_POINT ( 'NONE',  ( -1.725000000000000800, 0.6218078318274387100, -0.8599999999999999900 ) ) ;
#8533 = EDGE_CURVE ( 'NONE', #1916, #5168, #10947, .T. ) ;
#8534 = EDGE_CURVE ( 'NONE', #12058, #7305, #8987, .T. ) ;
#8535 = ORIENTED_EDGE ( 'NONE', *, *, #4517, .F. ) ;
#8536 = CARTESIAN_POINT ( 'NONE',  ( 2.000000000000000900, 0.0000000000000000000, -0.5649999999999999500 ) ) ;
#8537 = DIRECTION ( 'NONE',  ( -1.000000000000000000, -0.0000000000000000000, -1.577021341797097000E-015 ) ) ;
#8538 = ORIENTED_EDGE ( 'NONE', *, *, #2575, .F. ) ;
#8539 = VERTEX_POINT ( 'NONE', #10050 ) ;
#8540 = DIRECTION ( 'NONE',  ( 0.0000000000000000000, 0.0000000000000000000, -1.000000000000000000 ) ) ;
#8541 = CARTESIAN_POINT ( 'NONE',  ( -1.725000000000000800, 0.2030000000000001000, 0.1150000000000000900 ) ) ;
#8542 = CARTESIAN_POINT ( 'NONE',  ( 1.725000000000000800, 0.0000000000000000000, -0.04000000000000032000 ) ) ;
#8543 = CARTESIAN_POINT ( 'NONE',  ( 0.4100000000000002000, 0.6218078318274392600, 1.725000000000000800 ) ) ;
#8544 = DIRECTION ( 'NONE',  ( 1.000000000000000000, 0.0000000000000000000, 7.885106708985485100E-016 ) ) ;
#8545 = VECTOR ( 'NONE', #9319, 1000.000000000000000 ) ;
#8546 = PLANE ( 'NONE',  #1165 ) ;
#8547 = DIRECTION ( 'NONE',  ( 0.0000000000000000000, 0.0000000000000000000, -1.000000000000000000 ) ) ;
#8548 = ADVANCED_FACE ( 'NONE', ( #4791 ), #9610, .F. ) ;
#8549 = LINE ( 'NONE', #4012, #3303 ) ;
#8550 = AXIS2_PLACEMENT_3D ( 'NONE', #5136, #9897, #1246 ) ;
#8551 = VERTEX_POINT ( 'NONE', #4495 ) ;
#8552 = AXIS2_PLACEMENT_3D ( 'NONE', #10202, #8267, #2630 ) ;
#8553 = VECTOR ( 'NONE', #8064, 1000.000000000000000 ) ;
#8554 = PLANE ( 'NONE',  #8789 ) ;
#8555 = LINE ( 'NONE', #8280, #11435 ) ;
#8556 = EDGE_CURVE ( 'NONE', #6078, #353, #6124, .T. ) ;
#8557 = LINE ( 'NONE', #635, #191 ) ;
#8558 = PLANE ( 'NONE',  #10534 ) ;
#8559 = SURFACE_SIDE_STYLE ('',( #3806 ) ) ;
#8560 = CLOSED_SHELL ( 'NONE', ( #2723, #1362, #10429, #2092, #7682, #1601, #6083, #5498 ) ) ;
#8561 = ORIENTED_EDGE ( 'NONE', *, *, #8185, .F. ) ;
#8562 = CARTESIAN_POINT ( 'NONE',  ( 1.725000000000000800, 0.2030000000000000100, -0.4900000000000004400 ) ) ;
#8563 = VECTOR ( 'NONE', #10740, 1000.000000000000100 ) ;
#8564 = AXIS2_PLACEMENT_3D ( 'NONE', #8669, #8544, #9664 ) ;
#8565 = CARTESIAN_POINT ( 'NONE',  ( 1.650000000000000800, 0.2030000000000000100, 1.310000000000000500 ) ) ;
#8566 = FACE_OUTER_BOUND ( 'NONE', #268, .T. ) ;
#8567 = AXIS2_PLACEMENT_3D ( 'NONE', #8450, #10296, #3620 ) ;
#8568 = EDGE_CURVE ( 'NONE', #8262, #6049, #12134, .T. ) ;
#8569 = DIRECTION ( 'NONE',  ( 0.0000000000000000000, -1.000000000000000000, 0.0000000000000000000 ) ) ;
#8570 = VERTEX_POINT ( 'NONE', #2466 ) ;
#8571 = ADVANCED_FACE ( 'NONE', ( #1345 ), #6357, .T. ) ;
#8572 = ORIENTED_EDGE ( 'NONE', *, *, #6029, .F. ) ;
#8573 = CARTESIAN_POINT ( 'NONE',  ( -1.725000000000000800, 0.2030000000000000100, -0.7850000000000000300 ) ) ;
#8574 = LINE ( 'NONE', #2827, #11585 ) ;
#8575 = CARTESIAN_POINT ( 'NONE',  ( -1.725000000000000800, 0.0000000000000000000, 0.9399999999999998400 ) ) ;
#8576 = PLANE ( 'NONE',  #2998 ) ;
#8577 = DIRECTION ( 'NONE',  ( 0.0000000000000000000, -0.0000000000000000000, 1.000000000000000000 ) ) ;
#8578 = EDGE_CURVE ( 'NONE', #3562, #6714, #2225, .T. ) ;
#8579 = DIRECTION ( 'NONE',  ( 1.577021341797102100E-015, 0.0000000000000000000, 1.000000000000000000 ) ) ;
#8580 = PLANE ( 'NONE',  #6214 ) ;
#8581 = PRESENTATION_LAYER_ASSIGNMENT (  '', '', ( #8340 ) ) ;
#8582 = FILL_AREA_STYLE_COLOUR ( '', #811 ) ;
#8583 = EDGE_LOOP ( 'NONE', ( #9529, #9563, #4594, #11666 ) ) ;
#8584 = ORIENTED_EDGE ( 'NONE', *, *, #6923, .T. ) ;
#8585 = LINE ( 'NONE', #9613, #5434 ) ;
#8586 = EDGE_CURVE ( 'NONE', #5483, #11044, #8528, .T. ) ;
#8587 = LINE ( 'NONE', #709, #4847 ) ;
#8588 = CARTESIAN_POINT ( 'NONE',  ( 0.9399999999999996100, 0.2030000000000000100, -1.725000000000000300 ) ) ;
#8589 = PRESENTATION_STYLE_ASSIGNMENT (( #8418 ) ) ;
#8590 = ORIENTED_EDGE ( 'NONE', *, *, #12237, .T. ) ;
#8591 = DIRECTION ( 'NONE',  ( -0.0000000000000000000, -1.000000000000000000, -0.0000000000000000000 ) ) ;
#8592 = DIRECTION ( 'NONE',  ( 0.0000000000000000000, 1.000000000000000000, 0.0000000000000000000 ) ) ;
#8593 = ORIENTED_EDGE ( 'NONE', *, *, #11519, .T. ) ;
#8594 =( NAMED_UNIT ( * ) PLANE_ANGLE_UNIT ( ) SI_UNIT ( $, .RADIAN. ) );
#8595 = EDGE_LOOP ( 'NONE', ( #9721, #41, #2219, #3850 ) ) ;
#8596 = FACE_OUTER_BOUND ( 'NONE', #8860, .T. ) ;
#8597 = PLANE ( 'NONE',  #10960 ) ;
#8598 = LINE ( 'NONE', #6883, #10576 ) ;
#8599 =( GEOMETRIC_REPRESENTATION_CONTEXT ( 3 ) GLOBAL_UNCERTAINTY_ASSIGNED_CONTEXT ( ( #8426 ) ) GLOBAL_UNIT_ASSIGNED_CONTEXT ( ( #7194, #4328, #6317 ) ) REPRESENTATION_CONTEXT ( 'NONE', 'WORKASPACE' ) );
#8600 = LINE ( 'NONE', #1256, #3358 ) ;
#8601 = CARTESIAN_POINT ( 'NONE',  ( 1.310000000000000500, 0.05000000000000000300, -1.650000000000000800 ) ) ;
#8602 = ADVANCED_FACE ( 'NONE', ( #754 ), #10291, .F. ) ;
#8603 = EDGE_CURVE ( 'NONE', #6570, #5640, #5975, .T. ) ;
#8604 = DIRECTION ( 'NONE',  ( -0.0000000000000000000, -1.000000000000000000, -0.0000000000000000000 ) ) ;
#8605 = ORIENTED_EDGE ( 'NONE', *, *, #3006, .F. ) ;
#8606 = EDGE_CURVE ( 'NONE', #5640, #11283, #4497, .T. ) ;
#8607 = VERTEX_POINT ( 'NONE', #5311 ) ;
#8608 = ORIENTED_EDGE ( 'NONE', *, *, #4204, .F. ) ;
#8609 = VERTEX_POINT ( 'NONE', #12153 ) ;
#8610 = DIRECTION ( 'NONE',  ( 0.0000000000000000000, 0.0000000000000000000, 1.000000000000000000 ) ) ;
#8611 = LINE ( 'NONE', #10556, #6054 ) ;
#8612 = ORIENTED_EDGE ( 'NONE', *, *, #5998, .T. ) ;
#8613 = VECTOR ( 'NONE', #2475, 1000.000000000000000 ) ;
#8614 = DIRECTION ( 'NONE',  ( 0.0000000000000000000, -1.000000000000000000, 0.0000000000000000000 ) ) ;
#8615 = LINE ( 'NONE', #10305, #1584 ) ;
#8616 = CARTESIAN_POINT ( 'NONE',  ( -0.9500000000000004000, 0.2030000000000000700, -1.299999999999999200 ) ) ;
#8617 = ORIENTED_EDGE ( 'NONE', *, *, #10563, .T. ) ;
#8618 = VERTEX_POINT ( 'NONE', #10169 ) ;
#8619 = LINE ( 'NONE', #10060, #8308 ) ;
#8620 = DIRECTION ( 'NONE',  ( 0.0000000000000000000, 0.0000000000000000000, -1.000000000000000000 ) ) ;
#8621 = PLANE ( 'NONE',  #7586 ) ;
#8622 = EDGE_LOOP ( 'NONE', ( #954, #3360, #3456, #4790 ) ) ;
#8623 = EDGE_CURVE ( 'NONE', #6048, #11531, #1798, .T. ) ;
#8624 = CARTESIAN_POINT ( 'NONE',  ( 1.725000000000000800, 0.2030000000000001000, 1.234999999999999900 ) ) ;
#8625 = ORIENTED_EDGE ( 'NONE', *, *, #1227, .T. ) ;
#8626 = CARTESIAN_POINT ( 'NONE',  ( -1.650000000000000800, 0.0000000000000000000, 0.04000000000000010500 ) ) ;
#8627 = FACE_OUTER_BOUND ( 'NONE', #8358, .T. ) ;
#8628 = ORIENTED_EDGE ( 'NONE', *, *, #4673, .F. ) ;
#8629 = VECTOR ( 'NONE', #6837, 1000.000000000000000 ) ;
#8630 = ORIENTED_EDGE ( 'NONE', *, *, #10579, .F. ) ;
#8631 = ORIENTED_EDGE ( 'NONE', *, *, #5489, .F. ) ;
#8632 = CARTESIAN_POINT ( 'NONE',  ( 1.650000000000000800, 0.05000000000000023900, 0.9399999999999993900 ) ) ;
#8633 = CARTESIAN_POINT ( 'NONE',  ( -1.600000000000000800, 0.6999999999999999600, -1.800000000000000300 ) ) ;
#8634 = DIRECTION ( 'NONE',  ( 0.0000000000000000000, -1.000000000000000000, 0.0000000000000000000 ) ) ;
#8635 = ORIENTED_EDGE ( 'NONE', *, *, #8359, .F. ) ;
#8636 = ORIENTED_EDGE ( 'NONE', *, *, #5530, .F. ) ;
#8637 = VERTEX_POINT ( 'NONE', #6238 ) ;
#8638 = CARTESIAN_POINT ( 'NONE',  ( 1.465000000000000100, 0.0000000000000000000, -1.805000000000000600 ) ) ;
#8639 = ADVANCED_FACE ( 'NONE', ( #11681 ), #1596, .F. ) ;
#8640 = LINE ( 'NONE', #7889, #8330 ) ;
#8641 = CARTESIAN_POINT ( 'NONE',  ( 0.9399999999999996100, 0.6218078318274392600, -1.725000000000000300 ) ) ;
#8642 = DIRECTION ( 'NONE',  ( -0.0000000000000000000, -1.000000000000000000, -0.0000000000000000000 ) ) ;
#8643 = DIRECTION ( 'NONE',  ( 0.0000000000000000000, -0.0000000000000000000, 1.000000000000000000 ) ) ;
#8644 = LINE ( 'NONE', #5090, #2504 ) ;
#8645 = EDGE_LOOP ( 'NONE', ( #2643, #4301, #7840, #12233 ) ) ;
#8646 = AXIS2_PLACEMENT_3D ( 'NONE', #10377, #10330, #12284 ) ;
#8647 = ORIENTED_EDGE ( 'NONE', *, *, #3355, .F. ) ;
#8648 = PLANE ( 'NONE',  #3735 ) ;
#8649 = EDGE_LOOP ( 'NONE', ( #5099, #12143, #9578, #1634 ) ) ;
#8650 = DIRECTION ( 'NONE',  ( 1.000000000000000000, -0.0000000000000000000, -0.0000000000000000000 ) ) ;
#8651 = EDGE_CURVE ( 'NONE', #610, #6974, #7021, .T. ) ;
#8652 = DIRECTION ( 'NONE',  ( -1.000000000000000000, 0.0000000000000000000, 0.0000000000000000000 ) ) ;
#8653 = LINE ( 'NONE', #3904, #11069 ) ;
#8654 = LINE ( 'NONE', #8272, #5799 ) ;
#8655 = FACE_OUTER_BOUND ( 'NONE', #6830, .T. ) ;
#8656 = CARTESIAN_POINT ( 'NONE',  ( 0.7850000000000001400, 0.05000000000000000300, 0.0000000000000000000 ) ) ;
#8657 = ORIENTED_EDGE ( 'NONE', *, *, #8892, .F. ) ;
#8658 = DIRECTION ( 'NONE',  ( -1.000000000000000000, 0.0000000000000000000, -0.0000000000000000000 ) ) ;
#8659 = ORIENTED_EDGE ( 'NONE', *, *, #4460, .F. ) ;
#8660 = VERTEX_POINT ( 'NONE', #7273 ) ;
#8661 = ORIENTED_EDGE ( 'NONE', *, *, #1494, .F. ) ;
#8662 = AXIS2_PLACEMENT_3D ( 'NONE', #7034, #7070, #6112 ) ;
#8663 = MANIFOLD_SOLID_BREP ( 'LPattern3[9]', #7716 ) ;
#8664 = DIRECTION ( 'NONE',  ( 0.0000000000000000000, -1.000000000000000000, 0.0000000000000000000 ) ) ;
#8665 = DIRECTION ( 'NONE',  ( -0.7071067811865474600, 0.0000000000000000000, -0.7071067811865474600 ) ) ;
#8666 = LINE ( 'NONE', #6697, #12429 ) ;
#8667 = EDGE_CURVE ( 'NONE', #6213, #9709, #7608, .T. ) ;
#8668 = FACE_OUTER_BOUND ( 'NONE', #871, .T. ) ;
#8669 = CARTESIAN_POINT ( 'NONE',  ( 0.3349999999999995800, 0.2030000000000000100, -1.725000000000000300 ) ) ;
#8670 = ORIENTED_EDGE ( 'NONE', *, *, #8205, .T. ) ;
#8671 = DIRECTION ( 'NONE',  ( -1.000000000000000000, 0.0000000000000000000, 1.577021341797102100E-015 ) ) ;
#8672 = ORIENTED_EDGE ( 'NONE', *, *, #10461, .F. ) ;
#8673 = DIRECTION ( 'NONE',  ( -1.000000000000000000, 0.0000000000000000000, -2.365532012695645400E-015 ) ) ;
#8674 = ADVANCED_FACE ( 'NONE', ( #12286 ), #5395, .T. ) ;
#8675 = VERTEX_POINT ( 'NONE', #8407 ) ;
#8676 = CARTESIAN_POINT ( 'NONE',  ( -1.300000000000000300, 0.05000000000000100200, -0.9499999999999990700 ) ) ;
#8677 = ORIENTED_EDGE ( 'NONE', *, *, #1648, .F. ) ;
#8678 = VECTOR ( 'NONE', #3306, 1000.000000000000000 ) ;
#8679 = DIRECTION ( 'NONE',  ( 0.0000000000000000000, -0.0000000000000000000, 1.000000000000000000 ) ) ;
#8680 = LINE ( 'NONE', #6986, #10655 ) ;
#8681 = AXIS2_PLACEMENT_3D ( 'NONE', #7257, #4437, #11145 ) ;
#8682 = EDGE_LOOP ( 'NONE', ( #320, #11369, #1918, #2964 ) ) ;
#8683 = ORIENTED_EDGE ( 'NONE', *, *, #49, .T. ) ;
#8684 = DIRECTION ( 'NONE',  ( 0.0000000000000000000, 0.0000000000000000000, -1.000000000000000000 ) ) ;
#8685 = PLANE ( 'NONE',  #7812 ) ;
#8686 = VERTEX_POINT ( 'NONE', #12240 ) ;
#8687 = VERTEX_POINT ( 'NONE', #12027 ) ;
#8688 = DIRECTION ( 'NONE',  ( -0.0000000000000000000, -1.000000000000000000, -0.0000000000000000000 ) ) ;
#8689 = EDGE_CURVE ( 'NONE', #3382, #3716, #10200, .T. ) ;
#8690 = DIRECTION ( 'NONE',  ( 0.0000000000000000000, 1.000000000000000000, -0.0000000000000000000 ) ) ;
#8691 = ORIENTED_EDGE ( 'NONE', *, *, #7573, .T. ) ;
#8692 = FACE_OUTER_BOUND ( 'NONE', #8822, .T. ) ;
#8693 = LINE ( 'NONE', #8248, #10665 ) ;
#8694 = ORIENTED_EDGE ( 'NONE', *, *, #8870, .F. ) ;
#8695 = VERTEX_POINT ( 'NONE', #10331 ) ;
#8696 = DIRECTION ( 'NONE',  ( -0.0000000000000000000, 0.0000000000000000000, -1.000000000000000000 ) ) ;
#8697 = CARTESIAN_POINT ( 'NONE',  ( 1.725000000000000800, 0.2030000000000001000, -0.3350000000000004600 ) ) ;
#8698 = EDGE_CURVE ( 'NONE', #11473, #2728, #2529, .T. ) ;
#8699 = LINE ( 'NONE', #3673, #8393 ) ;
#8700 = ADVANCED_FACE ( 'NONE', ( #8060 ), #7445, .F. ) ;
#8701 = EDGE_CURVE ( 'NONE', #2834, #10486, #9286, .T. ) ;
#8702 = VECTOR ( 'NONE', #12003, 1000.000000000000000 ) ;
#8703 = CARTESIAN_POINT ( 'NONE',  ( -1.725000000000000800, 0.6218078318274388200, 0.7849999999999999200 ) ) ;
#8704 = FILL_AREA_STYLE_COLOUR ( '', #7622 ) ;
#8705 = DIRECTION ( 'NONE',  ( -0.0000000000000000000, -1.000000000000000000, -0.0000000000000000000 ) ) ;
#8706 = ORIENTED_EDGE ( 'NONE', *, *, #6198, .F. ) ;
#8707 = DIRECTION ( 'NONE',  ( -1.000000000000000000, 0.0000000000000000000, 0.0000000000000000000 ) ) ;
#8708 = CARTESIAN_POINT ( 'NONE',  ( -1.650000000000000800, 0.2030000000000001000, 0.9399999999999998400 ) ) ;
#8709 = DIRECTION ( 'NONE',  ( 0.0000000000000000000, 0.0000000000000000000, -1.000000000000000000 ) ) ;
#8710 = CARTESIAN_POINT ( 'NONE',  ( -1.650000000000000800, 0.05000000000000023900, 0.8599999999999998800 ) ) ;
#8711 = CIRCLE ( 'NONE', #6386, 0.07499999999999998300 ) ;
#8712 = FACE_OUTER_BOUND ( 'NONE', #10204, .T. ) ;
#8713 = AXIS2_PLACEMENT_3D ( 'NONE', #508, #7058, #10036 ) ;
#8714 = CARTESIAN_POINT ( 'NONE',  ( -1.725000000000000800, 0.6218078318274387100, -0.9399999999999999500 ) ) ;
#8715 = AXIS2_PLACEMENT_3D ( 'NONE', #1642, #4615, #2598 ) ;
#8716 = CARTESIAN_POINT ( 'NONE',  ( -1.725000000000000800, 0.6218078318274388200, 1.310000000000000300 ) ) ;
#8717 = DIRECTION ( 'NONE',  ( -0.0000000000000000000, -1.000000000000000000, -0.0000000000000000000 ) ) ;
#8718 = ORIENTED_EDGE ( 'NONE', *, *, #7468, .F. ) ;
#8719 = EDGE_CURVE ( 'NONE', #11058, #5471, #5076, .T. ) ;
#8720 = VECTOR ( 'NONE', #10040, 1000.000000000000000 ) ;
#8721 = DIRECTION ( 'NONE',  ( 0.0000000000000000000, -1.000000000000000000, 0.0000000000000000000 ) ) ;
#8722 = CARTESIAN_POINT ( 'NONE',  ( -1.300000000000000300, 3.879955262170047700, -0.9499999999999990700 ) ) ;
#8723 = FACE_OUTER_BOUND ( 'NONE', #10196, .T. ) ;
#8724 = PLANE ( 'NONE',  #11989 ) ;
#8725 = CARTESIAN_POINT ( 'NONE',  ( 0.03999999999999989000, 0.0000000000000000000, -1.650000000000000100 ) ) ;
#8726 = ADVANCED_FACE ( 'NONE', ( #3734 ), #4346, .F. ) ;
#8727 = CARTESIAN_POINT ( 'NONE',  ( 0.04000000000000053500, 0.6218078318274392600, 1.725000000000000800 ) ) ;
#8728 = ORIENTED_EDGE ( 'NONE', *, *, #10863, .F. ) ;
#8729 = ORIENTED_EDGE ( 'NONE', *, *, #11708, .T. ) ;
#8730 = AXIS2_PLACEMENT_3D ( 'NONE', #2220, #3180, #9928 ) ;
#8731 = CARTESIAN_POINT ( 'NONE',  ( 1.725000000000000800, 0.6218078318274388200, 0.1149999999999996600 ) ) ;
#8732 = VECTOR ( 'NONE', #6136, 1000.000000000000000 ) ;
#8733 = COLOUR_RGB ( '',0.7921568627450980000, 0.8196078431372548800, 0.9333333333333333500 ) ;
#8734 = CARTESIAN_POINT ( 'NONE',  ( -1.725000000000000800, 0.2030000000000001000, 1.235000000000000100 ) ) ;
#8735 = EDGE_CURVE ( 'NONE', #10007, #10564, #4934, .T. ) ;
#8736 = DIRECTION ( 'NONE',  ( 0.0000000000000000000, -1.000000000000000000, 0.0000000000000000000 ) ) ;
#8737 = DIRECTION ( 'NONE',  ( -0.0000000000000000000, 0.0000000000000000000, -1.000000000000000000 ) ) ;
#8738 = ORIENTED_EDGE ( 'NONE', *, *, #354, .F. ) ;
#8739 = VERTEX_POINT ( 'NONE', #3651 ) ;
#8740 = LINE ( 'NONE', #10374, #1571 ) ;
#8741 = CARTESIAN_POINT ( 'NONE',  ( 1.235000000000000300, 0.2030000000000000100, 1.725000000000001200 ) ) ;
#8742 = DIRECTION ( 'NONE',  ( 0.0000000000000000000, 0.0000000000000000000, -1.000000000000000000 ) ) ;
#8743 = CIRCLE ( 'NONE', #576, 0.07499999999999998300 ) ;
#8744 = CARTESIAN_POINT ( 'NONE',  ( -0.7849999999999995900, 0.0000000000000000000, -2.000000000000000400 ) ) ;
#8745 = EDGE_CURVE ( 'NONE', #4724, #6665, #156, .T. ) ;
#8746 = VECTOR ( 'NONE', #2453, 1000.000000000000000 ) ;
#8747 = CARTESIAN_POINT ( 'NONE',  ( 1.310000000000000100, 0.2030000000000000100, -1.725000000000000300 ) ) ;
#8748 = CARTESIAN_POINT ( 'NONE',  ( -1.517503272058749800, 0.05000000000000000300, -1.857503272058750300 ) ) ;
#8749 = DIRECTION ( 'NONE',  ( 0.0000000000000000000, 0.0000000000000000000, -1.000000000000000000 ) ) ;
#8750 = ORIENTED_EDGE ( 'NONE', *, *, #3892, .T. ) ;
#8751 = ORIENTED_EDGE ( 'NONE', *, *, #7375, .F. ) ;
#8752 = EDGE_CURVE ( 'NONE', #1913, #2834, #2375, .T. ) ;
#8753 = VERTEX_POINT ( 'NONE', #9355 ) ;
#8754 = DIRECTION ( 'NONE',  ( 0.0000000000000000000, -0.0000000000000000000, 1.000000000000000000 ) ) ;
#8755 = CARTESIAN_POINT ( 'NONE',  ( -1.600000000000000800, 0.6999999999999999600, -1.600000000000000300 ) ) ;
#8756 = LINE ( 'NONE', #11422, #3968 ) ;
#8757 = EDGE_LOOP ( 'NONE', ( #1065, #7568, #11479, #11222 ) ) ;
#8758 = DIRECTION ( 'NONE',  ( 0.0000000000000000000, 1.000000000000000000, -0.0000000000000000000 ) ) ;
#8759 = VECTOR ( 'NONE', #6322, 1000.000000000000000 ) ;
#8760 = ADVANCED_FACE ( 'NONE', ( #11977 ), #5478, .T. ) ;
#8761 = ORIENTED_EDGE ( 'NONE', *, *, #9518, .F. ) ;
#8762 = PLANE ( 'NONE',  #10688 ) ;
#8763 = CARTESIAN_POINT ( 'NONE',  ( 1.725000000000000800, 0.2030000000000000100, 0.1149999999999996600 ) ) ;
#8764 = CARTESIAN_POINT ( 'NONE',  ( -1.725000000000000800, 0.6218078318274387100, -0.7850000000000000300 ) ) ;
#8765 = ORIENTED_EDGE ( 'NONE', *, *, #4020, .T. ) ;
#8766 = ORIENTED_EDGE ( 'NONE', *, *, #6314, .F. ) ;
#8767 = FACE_OUTER_BOUND ( 'NONE', #4188, .T. ) ;
#8768 = VERTEX_POINT ( 'NONE', #8445 ) ;
#8769 = AXIS2_PLACEMENT_3D ( 'NONE', #8874, #9859, #4100 ) ;
#8770 = ORIENTED_EDGE ( 'NONE', *, *, #5359, .F. ) ;
#8771 = VECTOR ( 'NONE', #7009, 1000.000000000000000 ) ;
#8772 = ORIENTED_EDGE ( 'NONE', *, *, #11787, .F. ) ;
#8773 = EDGE_CURVE ( 'NONE', #628, #10486, #4040, .T. ) ;
#8774 = LINE ( 'NONE', #281, #5321 ) ;
#8775 = EDGE_CURVE ( 'NONE', #9541, #4784, #2072, .T. ) ;
#8776 = VECTOR ( 'NONE', #9975, 1000.000000000000000 ) ;
#8777 = ORIENTED_EDGE ( 'NONE', *, *, #2912, .T. ) ;
#8778 = DIRECTION ( 'NONE',  ( -0.0000000000000000000, -1.000000000000000000, -0.0000000000000000000 ) ) ;
#8779 = ORIENTED_EDGE ( 'NONE', *, *, #8586, .T. ) ;
#8780 = ORIENTED_EDGE ( 'NONE', *, *, #9060, .T. ) ;
#8781 = CARTESIAN_POINT ( 'NONE',  ( -1.650000000000000800, 0.2030000000000000100, -0.9399999999999999500 ) ) ;
#8782 = FACE_OUTER_BOUND ( 'NONE', #1131, .T. ) ;
#8783 = CARTESIAN_POINT ( 'NONE',  ( 1.999999999999999100, 7.256854249492381100, -2.000000000000000400 ) ) ;
#8784 = EDGE_LOOP ( 'NONE', ( #2468, #10643, #1971, #5329, #2945, #10645 ) ) ;
#8785 = LINE ( 'NONE', #11499, #5330 ) ;
#8786 = DIRECTION ( 'NONE',  ( -0.0000000000000000000, 0.0000000000000000000, -1.000000000000000000 ) ) ;
#8787 = ORIENTED_EDGE ( 'NONE', *, *, #2218, .F. ) ;
#8788 = CYLINDRICAL_SURFACE ( 'NONE', #1403, 0.07499999999999998300 ) ;
#8789 = AXIS2_PLACEMENT_3D ( 'NONE', #6703, #112, #4707 ) ;
#8790 = ORIENTED_EDGE ( 'NONE', *, *, #11175, .F. ) ;
#8791 = CARTESIAN_POINT ( 'NONE',  ( 1.310000000000000500, 0.2030000000000000100, -1.650000000000000800 ) ) ;
#8792 = ORIENTED_EDGE ( 'NONE', *, *, #1859, .F. ) ;
#8793 = DIRECTION ( 'NONE',  ( 1.000000000000000000, -0.0000000000000000000, 1.577021341797097400E-015 ) ) ;
#8794 = AXIS2_PLACEMENT_3D ( 'NONE', #9145, #7189, #7146 ) ;
#8795 = CLOSED_SHELL ( 'NONE', ( #11966, #7218, #7987, #6173, #6556, #11712, #10467 ) ) ;
#8796 = CARTESIAN_POINT ( 'NONE',  ( 1.725000000000000800, 0.6218078318274388200, 0.7849999999999994800 ) ) ;
#8797 = EDGE_CURVE ( 'NONE', #5161, #3172, #898, .T. ) ;
#8798 = CARTESIAN_POINT ( 'NONE',  ( 0.4900000000000004400, 0.2030000000000000100, 1.725000000000000800 ) ) ;
#8799 = ADVANCED_FACE ( 'NONE', ( #12428 ), #6575, .T. ) ;
#8800 = CARTESIAN_POINT ( 'NONE',  ( -2.000000000000000900, 0.6218078318274388200, -1.234999999999999900 ) ) ;
#8801 = EDGE_CURVE ( 'NONE', #2834, #11540, #11386, .T. ) ;
#8802 = LINE ( 'NONE', #12356, #5644 ) ;
#8803 = CIRCLE ( 'NONE', #9686, 0.07499999999999998300 ) ;
#8804 = CLOSED_SHELL ( 'NONE', ( #8602, #9617, #4514, #1101, #6305, #12087, #9019, #9205 ) ) ;
#8805 = PLANE ( 'NONE',  #573 ) ;
#8806 = ORIENTED_EDGE ( 'NONE', *, *, #3026, .F. ) ;
#8807 = ORIENTED_EDGE ( 'NONE', *, *, #5795, .F. ) ;
#8808 = DIRECTION ( 'NONE',  ( -0.0000000000000000000, -1.000000000000000000, -0.0000000000000000000 ) ) ;
#8809 = DIRECTION ( 'NONE',  ( 0.0000000000000000000, 1.000000000000000000, -0.0000000000000000000 ) ) ;
#8810 = CARTESIAN_POINT ( 'NONE',  ( -0.5650000000000003900, 0.2030000000000000700, -2.000000000000000400 ) ) ;
#8811 = CARTESIAN_POINT ( 'NONE',  ( 2.000000000000000900, 0.6218078318274388200, -0.3350000000000000200 ) ) ;
#8812 = FILL_AREA_STYLE ('',( #6874 ) ) ;
#8813 = AXIS2_PLACEMENT_3D ( 'NONE', #11085, #9105, #7229 ) ;
#8814 = CIRCLE ( 'NONE', #2555, 0.07499999999999998300 ) ;
#8815 = LINE ( 'NONE', #11676, #1482 ) ;
#8816 = ORIENTED_EDGE ( 'NONE', *, *, #8829, .T. ) ;
#8817 = DIRECTION ( 'NONE',  ( -0.0000000000000000000, -1.000000000000000000, -0.0000000000000000000 ) ) ;
#8818 = EDGE_CURVE ( 'NONE', #1075, #10961, #9896, .T. ) ;
#8819 = VERTEX_POINT ( 'NONE', #9219 ) ;
#8820 = VERTEX_POINT ( 'NONE', #3554 ) ;
#8821 = CARTESIAN_POINT ( 'NONE',  ( 2.000000000000000900, 0.04999999999999991300, -1.234999999999999900 ) ) ;
#8822 = EDGE_LOOP ( 'NONE', ( #8349, #9109, #11551, #8772 ) ) ;
#8823 = UNCERTAINTY_MEASURE_WITH_UNIT (LENGTH_MEASURE( 1.000000000000000100E-005 ), #12231, 'distance_accuracy_value', 'NONE');
#8824 = VECTOR ( 'NONE', #7488, 1000.000000000000000 ) ;
#8825 = DIRECTION ( 'NONE',  ( -1.000000000000000000, 0.0000000000000000000, 0.0000000000000000000 ) ) ;
#8826 = LINE ( 'NONE', #7219, #3276 ) ;
#8827 = CARTESIAN_POINT ( 'NONE',  ( 1.725000000000000800, 0.0000000000000000000, -0.7850000000000004800 ) ) ;
#8828 = LINE ( 'NONE', #9788, #10507 ) ;
#8829 = EDGE_CURVE ( 'NONE', #10569, #4906, #2970, .T. ) ;
#8830 = ADVANCED_FACE ( 'NONE', ( #3118 ), #8222, .T. ) ;
#8831 = ORIENTED_EDGE ( 'NONE', *, *, #4480, .T. ) ;
#8832 = CARTESIAN_POINT ( 'NONE',  ( -0.9399999999999997200, 0.2030000000000000100, 1.725000000000000800 ) ) ;
#8833 = ORIENTED_EDGE ( 'NONE', *, *, #6561, .F. ) ;
#8834 = AXIS2_PLACEMENT_3D ( 'NONE', #5525, #2642, #12241 ) ;
#8835 = ORIENTED_EDGE ( 'NONE', *, *, #10295, .F. ) ;
#8836 = DIRECTION ( 'NONE',  ( 0.0000000000000000000, -1.000000000000000000, 0.0000000000000000000 ) ) ;
#8837 = ORIENTED_EDGE ( 'NONE', *, *, #2029, .F. ) ;
#8838 = PRODUCT ( 'ES8388S', 'ES8388S', '', ( #1761 ) ) ;
#8839 = DIRECTION ( 'NONE',  ( 0.0000000000000000000, 0.0000000000000000000, -1.000000000000000000 ) ) ;
#8840 =( LENGTH_UNIT ( ) NAMED_UNIT ( * ) SI_UNIT ( .MILLI., .METRE. ) );
#8841 = EDGE_CURVE ( 'NONE', #1547, #7628, #600, .T. ) ;
#8842 = LINE ( 'NONE', #8105, #1506 ) ;
#8843 = CARTESIAN_POINT ( 'NONE',  ( -1.725000000000000800, 0.6218078318274388200, -0.1149999999999998700 ) ) ;
#8844 = LINE ( 'NONE', #6805, #3441 ) ;
#8845 = CARTESIAN_POINT ( 'NONE',  ( -2.000000000000000900, 0.2030000000000000100, 0.5649999999999999500 ) ) ;
#8846 = DIRECTION ( 'NONE',  ( 0.0000000000000000000, -1.000000000000000000, 0.0000000000000000000 ) ) ;
#8847 = CARTESIAN_POINT ( 'NONE',  ( 1.650000000000000800, 0.6218078318274388200, 0.4899999999999995500 ) ) ;
#8848 = ORIENTED_EDGE ( 'NONE', *, *, #5599, .T. ) ;
#8849 = VERTEX_POINT ( 'NONE', #6515 ) ;
#8850 = CARTESIAN_POINT ( 'NONE',  ( 0.4899999999999997700, 0.6218078318274392600, -1.650000000000000100 ) ) ;
#8851 = DIRECTION ( 'NONE',  ( -1.000000000000000000, 0.0000000000000000000, -2.365532012695645800E-015 ) ) ;
#8852 = AXIS2_PLACEMENT_3D ( 'NONE', #3433, #10087, #4448 ) ;
#8853 = DIRECTION ( 'NONE',  ( -0.0000000000000000000, -1.000000000000000000, -0.0000000000000000000 ) ) ;
#8854 = LINE ( 'NONE', #6730, #6445 ) ;
#8855 = VECTOR ( 'NONE', #1453, 1000.000000000000000 ) ;
#8856 = DIRECTION ( 'NONE',  ( 0.0000000000000000000, 1.000000000000000000, 0.0000000000000000000 ) ) ;
#8857 = DIRECTION ( 'NONE',  ( 1.000000000000000000, 0.0000000000000000000, -0.0000000000000000000 ) ) ;
#8858 = EDGE_CURVE ( 'NONE', #5420, #7136, #9452, .T. ) ;
#8859 = EDGE_CURVE ( 'NONE', #3572, #3957, #2684, .T. ) ;
#8860 = EDGE_LOOP ( 'NONE', ( #9589, #2487, #6978, #7600, #8194, #1880 ) ) ;
#8861 = ORIENTED_EDGE ( 'NONE', *, *, #5414, .T. ) ;
#8862 = DIRECTION ( 'NONE',  ( -0.0000000000000000000, -1.000000000000000000, -0.0000000000000000000 ) ) ;
#8863 = VECTOR ( 'NONE', #10907, 1000.000000000000000 ) ;
#8864 = ADVANCED_FACE ( 'NONE', ( #7902 ), #3422, .T. ) ;
#8865 = DIRECTION ( 'NONE',  ( -0.0000000000000000000, -1.000000000000000000, -0.0000000000000000000 ) ) ;
#8866 = CIRCLE ( 'NONE', #9380, 0.07500000000000019200 ) ;
#8867 = VECTOR ( 'NONE', #793, 1000.000000000000000 ) ;
#8868 = DIRECTION ( 'NONE',  ( 0.0000000000000000000, -1.000000000000000000, 0.0000000000000000000 ) ) ;
#8869 = CARTESIAN_POINT ( 'NONE',  ( 1.650000000000000800, 0.0000000000000000000, -1.310000000000000500 ) ) ;
#8870 = EDGE_CURVE ( 'NONE', #1472, #7819, #5526, .T. ) ;
#8871 = ORIENTED_EDGE ( 'NONE', *, *, #6277, .F. ) ;
#8872 = EDGE_CURVE ( 'NONE', #5626, #11026, #10503, .T. ) ;
#8873 = FACE_OUTER_BOUND ( 'NONE', #5473, .T. ) ;
#8874 = CARTESIAN_POINT ( 'NONE',  ( -1.309999999999999600, 0.6218078318274392600, 1.725000000000000800 ) ) ;
#8875 = VECTOR ( 'NONE', #10076, 1000.000000000000000 ) ;
#8876 = CARTESIAN_POINT ( 'NONE',  ( 1.999999999999999100, 0.05000000000000000300, -2.000000000000000400 ) ) ;
#8877 = DIRECTION ( 'NONE',  ( 1.000000000000000000, 0.0000000000000000000, -0.0000000000000000000 ) ) ;
#8878 = CARTESIAN_POINT ( 'NONE',  ( -0.9400000000000001700, 0.2030000000000000100, -1.725000000000000300 ) ) ;
#8879 = CARTESIAN_POINT ( 'NONE',  ( -1.650000000000000800, 0.2030000000000000100, 0.9399999999999998400 ) ) ;
#8880 = FILL_AREA_STYLE_COLOUR ( '', #3642 ) ;
#8881 = ORIENTED_EDGE ( 'NONE', *, *, #8829, .F. ) ;
#8882 = CARTESIAN_POINT ( 'NONE',  ( -0.1150000000000000900, 0.2030000000000000100, -2.000000000000000400 ) ) ;
#8883 = EDGE_LOOP ( 'NONE', ( #7594, #10400, #10365, #11167 ) ) ;
#8884 = CARTESIAN_POINT ( 'NONE',  ( 0.5650000000000003900, 0.04999999999999969700, -2.000000000000000400 ) ) ;
#8885 = VECTOR ( 'NONE', #4923, 1000.000000000000000 ) ;
#8886 = CARTESIAN_POINT ( 'NONE',  ( -0.3349999999999993500, 0.2030000000000000700, 2.000000000000000000 ) ) ;
#8887 = AXIS2_PLACEMENT_3D ( 'NONE', #4072, #9791, #2200 ) ;
#8888 = CARTESIAN_POINT ( 'NONE',  ( 1.015000000000000300, 0.2030000000000000100, -2.000000000000000400 ) ) ;
#8889 = FACE_OUTER_BOUND ( 'NONE', #11639, .T. ) ;
#8890 = CARTESIAN_POINT ( 'NONE',  ( -2.000000000000000900, 0.04999999999999991300, 1.014999999999999900 ) ) ;
#8891 = ADVANCED_FACE ( 'NONE', ( #1496 ), #6343, .F. ) ;
#8892 = EDGE_CURVE ( 'NONE', #630, #6049, #12122, .T. ) ;
#8893 = DIRECTION ( 'NONE',  ( 0.0000000000000000000, -0.0000000000000000000, 1.000000000000000000 ) ) ;
#8894 = VERTEX_POINT ( 'NONE', #9027 ) ;
#8895 = DIRECTION ( 'NONE',  ( 1.000000000000000000, 0.0000000000000000000, 1.577021341797097000E-015 ) ) ;
#8896 = VERTEX_POINT ( 'NONE', #12379 ) ;
#8897 = FACE_OUTER_BOUND ( 'NONE', #6385, .T. ) ;
#8898 = VECTOR ( 'NONE', #68, 1000.000000000000000 ) ;
#8899 = LINE ( 'NONE', #8200, #5003 ) ;
#8900 = DIRECTION ( 'NONE',  ( -0.0000000000000000000, 0.0000000000000000000, 1.000000000000000000 ) ) ;
#8901 = CARTESIAN_POINT ( 'NONE',  ( -0.1149999999999996600, 0.6218078318274392600, 1.725000000000001200 ) ) ;
#8902 = ORIENTED_EDGE ( 'NONE', *, *, #11599, .T. ) ;
#8903 =( GEOMETRIC_REPRESENTATION_CONTEXT ( 3 ) GLOBAL_UNCERTAINTY_ASSIGNED_CONTEXT ( ( #10912 ) ) GLOBAL_UNIT_ASSIGNED_CONTEXT ( ( #6968, #253, #9939 ) ) REPRESENTATION_CONTEXT ( 'NONE', 'WORKASPACE' ) );
#8904 = ORIENTED_EDGE ( 'NONE', *, *, #8158, .F. ) ;
#8905 = ORIENTED_EDGE ( 'NONE', *, *, #7297, .T. ) ;
#8906 = DIRECTION ( 'NONE',  ( 1.445602896647339500E-015, 0.0000000000000000000, 1.000000000000000000 ) ) ;
#8907 = VECTOR ( 'NONE', #11896, 1000.000000000000000 ) ;
#8908 = EDGE_CURVE ( 'NONE', #8113, #5662, #4776, .T. ) ;
#8909 = CIRCLE ( 'NONE', #6870, 0.1999999999999998700 ) ;
#8910 = ORIENTED_EDGE ( 'NONE', *, *, #1543, .F. ) ;
#8911 = SURFACE_STYLE_USAGE ( .BOTH. , #3375 ) ;
#8912 = PLANE ( 'NONE',  #9181 ) ;
#8913 = ORIENTED_EDGE ( 'NONE', *, *, #3969, .T. ) ;
#8914 = ORIENTED_EDGE ( 'NONE', *, *, #2657, .F. ) ;
#8915 = CARTESIAN_POINT ( 'NONE',  ( 1.014999999999999700, 0.04999999999999999600, -1.725000000000000300 ) ) ;
#8916 = ORIENTED_EDGE ( 'NONE', *, *, #1301, .F. ) ;
#8917 = CARTESIAN_POINT ( 'NONE',  ( -0.9400000000000001700, 0.0000000000000000000, -1.650000000000000100 ) ) ;
#8918 = EDGE_CURVE ( 'NONE', #2505, #9955, #7008, .T. ) ;
#8919 = CARTESIAN_POINT ( 'NONE',  ( -1.650000000000000800, 0.2030000000000001000, -0.03999999999999989000 ) ) ;
#8920 = CARTESIAN_POINT ( 'NONE',  ( 0.8600000000000001000, 0.04999999999999999600, 1.725000000000000800 ) ) ;
#8921 = ADVANCED_FACE ( 'NONE', ( #7760 ), #2936, .F. ) ;
#8922 = EDGE_LOOP ( 'NONE', ( #5197, #7674, #5890, #4608, #10368, #3898, #6591, #8333, #3406, #2012, #12408, #214, #1276, #989, #5385, #4889, #137, #1471, #2340, #7098, #3009, #4845, #8374, #9261, #7333, #4428, #10617, #6239, #7773, #389, #11990, #8956 ) ) ;
#8923 = CARTESIAN_POINT ( 'NONE',  ( -2.000000000000000900, 7.256854249492381100, -2.000000000000000400 ) ) ;
#8924 = FACE_OUTER_BOUND ( 'NONE', #6724, .T. ) ;
#8925 = DIRECTION ( 'NONE',  ( 1.000000000000000000, 0.0000000000000000000, -0.0000000000000000000 ) ) ;
#8926 = VECTOR ( 'NONE', #2698, 1000.000000000000000 ) ;
#8927 = EDGE_CURVE ( 'NONE', #3532, #4131, #2828, .T. ) ;
#8928 = ORIENTED_EDGE ( 'NONE', *, *, #8044, .F. ) ;
#8929 = VECTOR ( 'NONE', #9995, 1000.000000000000000 ) ;
#8930 = CARTESIAN_POINT ( 'NONE',  ( -1.300000000000000300, 3.879955262170047700, -0.9499999999999990700 ) ) ;
#8931 = PLANE ( 'NONE',  #5407 ) ;
#8932 = ORIENTED_EDGE ( 'NONE', *, *, #12383, .T. ) ;
#8933 = VECTOR ( 'NONE', #8530, 1000.000000000000000 ) ;
#8934 = CARTESIAN_POINT ( 'NONE',  ( 0.3375000000000010200, 0.2030000000000000100, -0.002499999999999898100 ) ) ;
#8935 = ORIENTED_EDGE ( 'NONE', *, *, #5919, .T. ) ;
#8936 = FACE_OUTER_BOUND ( 'NONE', #10459, .T. ) ;
#8937 = DIRECTION ( 'NONE',  ( -1.000000000000000000, 0.0000000000000000000, -0.0000000000000000000 ) ) ;
#8938 = LINE ( 'NONE', #10023, #6381 ) ;
#8939 = EDGE_LOOP ( 'NONE', ( #9756, #5521, #12316, #6444 ) ) ;
#8940 = VERTEX_POINT ( 'NONE', #8638 ) ;
#8941 = AXIS2_PLACEMENT_3D ( 'NONE', #6164, #11833, #414 ) ;
#8942 = EDGE_LOOP ( 'NONE', ( #1304, #10055, #9559, #9379 ) ) ;
#8943 = VERTEX_POINT ( 'NONE', #70 ) ;
#8944 = CARTESIAN_POINT ( 'NONE',  ( -1.235000000000000100, 0.2030000000000000100, -1.725000000000000300 ) ) ;
#8945 = EDGE_CURVE ( 'NONE', #9294, #7197, #1478, .T. ) ;
#8946 = EDGE_CURVE ( 'NONE', #7002, #7704, #4628, .T. ) ;
#8947 =( NAMED_UNIT ( * ) SI_UNIT ( $, .STERADIAN. ) SOLID_ANGLE_UNIT ( ) );
#8948 = EDGE_CURVE ( 'NONE', #4976, #1216, #10491, .T. ) ;
#8949 = FACE_OUTER_BOUND ( 'NONE', #3049, .T. ) ;
#8950 = LINE ( 'NONE', #8888, #346 ) ;
#8951 = VECTOR ( 'NONE', #3151, 1000.000000000000000 ) ;
#8952 = DIRECTION ( 'NONE',  ( 0.0000000000000000000, 0.0000000000000000000, 1.000000000000000000 ) ) ;
#8953 = VERTEX_POINT ( 'NONE', #10634 ) ;
#8954 = DIRECTION ( 'NONE',  ( 0.0000000000000000000, 0.0000000000000000000, -1.000000000000000000 ) ) ;
#8955 = ORIENTED_EDGE ( 'NONE', *, *, #9273, .F. ) ;
#8956 = ORIENTED_EDGE ( 'NONE', *, *, #9255, .T. ) ;
#8957 = ADVANCED_FACE ( 'NONE', ( #10047 ), #8554, .F. ) ;
#8958 = CARTESIAN_POINT ( 'NONE',  ( -1.389999999999999700, 0.2030000000000000100, 1.725000000000000800 ) ) ;
#8959 = CARTESIAN_POINT ( 'NONE',  ( 0.7849999999999994800, 0.0000000000000000000, -1.725000000000000300 ) ) ;
#8960 = VECTOR ( 'NONE', #12245, 1000.000000000000000 ) ;
#8961 = AXIS2_PLACEMENT_3D ( 'NONE', #1711, #10371, #4607 ) ;
#8962 = CARTESIAN_POINT ( 'NONE',  ( 1.650000000000000800, 0.2030000000000000100, -0.8600000000000004300 ) ) ;
#8963 = FACE_OUTER_BOUND ( 'NONE', #8502, .T. ) ;
#8964 = CARTESIAN_POINT ( 'NONE',  ( -1.464999999999999600, 0.6218078318274392600, 1.725000000000001200 ) ) ;
#8965 = ORIENTED_EDGE ( 'NONE', *, *, #8449, .T. ) ;
#8966 = PLANE ( 'NONE',  #5816 ) ;
#8967 = ORIENTED_EDGE ( 'NONE', *, *, #7665, .F. ) ;
#8968 = CARTESIAN_POINT ( 'NONE',  ( 0.7849999999999994800, 0.2030000000000000100, -1.725000000000000300 ) ) ;
#8969 = ORIENTED_EDGE ( 'NONE', *, *, #1874, .F. ) ;
#8970 = ORIENTED_EDGE ( 'NONE', *, *, #2405, .T. ) ;
#8971 = EDGE_CURVE ( 'NONE', #4305, #12131, #3724, .T. ) ;
#8972 = LINE ( 'NONE', #2173, #5658 ) ;
#8973 = CARTESIAN_POINT ( 'NONE',  ( -0.4099999999999995300, 0.2030000000000000100, 1.725000000000000800 ) ) ;
#8974 = DIRECTION ( 'NONE',  ( 0.0000000000000000000, -0.0000000000000000000, -1.000000000000000000 ) ) ;
#8975 = LINE ( 'NONE', #4792, #9898 ) ;
#8976 = PRESENTATION_STYLE_ASSIGNMENT (( #4492 ) ) ;
#8977 = ORIENTED_EDGE ( 'NONE', *, *, #7335, .F. ) ;
#8978 = DIRECTION ( 'NONE',  ( -0.0000000000000000000, -1.000000000000000000, -0.0000000000000000000 ) ) ;
#8979 = ORIENTED_EDGE ( 'NONE', *, *, #9618, .T. ) ;
#8980 = AXIS2_PLACEMENT_3D ( 'NONE', #7142, #10855, #5148 ) ;
#8981 = DIRECTION ( 'NONE',  ( 0.0000000000000000000, -0.0000000000000000000, 1.000000000000000000 ) ) ;
#8982 = ORIENTED_EDGE ( 'NONE', *, *, #2657, .T. ) ;
#8983 = ORIENTED_EDGE ( 'NONE', *, *, #5464, .F. ) ;
#8984 = CARTESIAN_POINT ( 'NONE',  ( 2.000000000000000900, 0.0000000000000000000, 1.235000000000000100 ) ) ;
#8985 = CARTESIAN_POINT ( 'NONE',  ( -1.300000000000000300, -0.0000000000000000000, -0.9499999999999990700 ) ) ;
#8986 = AXIS2_PLACEMENT_3D ( 'NONE', #8641, #5624, #7585 ) ;
#8987 = LINE ( 'NONE', #9055, #8678 ) ;
#8988 = CARTESIAN_POINT ( 'NONE',  ( 2.000000000000000900, 0.6218078318274388200, -0.1149999999999998700 ) ) ;
#8989 = LINE ( 'NONE', #507, #4499 ) ;
#8990 = EDGE_CURVE ( 'NONE', #4652, #6792, #8186, .T. ) ;
#8991 = ADVANCED_FACE ( 'NONE', ( #2360 ), #5786, .T. ) ;
#8992 = VECTOR ( 'NONE', #5432, 1000.000000000000000 ) ;
#8993 = ORIENTED_EDGE ( 'NONE', *, *, #5981, .F. ) ;
#8994 = ORIENTED_EDGE ( 'NONE', *, *, #4728, .T. ) ;
#8995 = ORIENTED_EDGE ( 'NONE', *, *, #501, .T. ) ;
#8996 = CARTESIAN_POINT ( 'NONE',  ( 0.0000000000000000000, 0.05000000000000000300, -1.234999999999999900 ) ) ;
#8997 = DIRECTION ( 'NONE',  ( 0.0000000000000000000, 0.0000000000000000000, -1.000000000000000000 ) ) ;
#8998 = ORIENTED_EDGE ( 'NONE', *, *, #2692, .T. ) ;
#9000 = EDGE_CURVE ( 'NONE', #8210, #2489, #10934, .T. ) ;
#8999 = LINE ( 'NONE', #12067, #9477 ) ;
#9001 = DIRECTION ( 'NONE',  ( -2.365532012695645400E-015, 0.0000000000000000000, 1.000000000000000000 ) ) ;
#9002 = MECHANICAL_DESIGN_GEOMETRIC_PRESENTATION_REPRESENTATION (  '', ( #8340 ), #5544 ) ;
#9003 = CARTESIAN_POINT ( 'NONE',  ( 1.725000000000000800, 0.05000000000000023900, -0.3350000000000004600 ) ) ;
#9004 = CARTESIAN_POINT ( 'NONE',  ( -2.000000000000000900, 0.6218078318274388200, 1.235000000000000100 ) ) ;
#9005 = ORIENTED_EDGE ( 'NONE', *, *, #12101, .F. ) ;
#9006 = EDGE_CURVE ( 'NONE', #8224, #3544, #11660, .T. ) ;
#9007 = DIRECTION ( 'NONE',  ( 0.0000000000000000000, 0.0000000000000000000, 1.000000000000000000 ) ) ;
#9008 = CYLINDRICAL_SURFACE ( 'NONE', #5977, 0.07499999999999998300 ) ;
#9009 = SURFACE_SIDE_STYLE ('',( #36 ) ) ;
#9010 = DIRECTION ( 'NONE',  ( 0.0000000000000000000, -1.000000000000000000, 0.0000000000000000000 ) ) ;
#9011 = VECTOR ( 'NONE', #6418, 1000.000000000000000 ) ;
#9012 = DIRECTION ( 'NONE',  ( -1.577021341797097400E-015, 0.0000000000000000000, 1.000000000000000000 ) ) ;
#9013 = VECTOR ( 'NONE', #5869, 1000.000000000000100 ) ;
#9014 = CARTESIAN_POINT ( 'NONE',  ( -0.7850000000000002500, 0.0000000000000000000, -1.725000000000000300 ) ) ;
#9015 = PLANE ( 'NONE',  #11614 ) ;
#9016 = PLANE ( 'NONE',  #12117 ) ;
#9017 = EDGE_LOOP ( 'NONE', ( #2495, #3977, #10928, #9700 ) ) ;
#9018 = DIRECTION ( 'NONE',  ( -1.000000000000000000, 0.0000000000000000000, 0.0000000000000000000 ) ) ;
#9019 = ADVANCED_FACE ( 'NONE', ( #885 ), #10521, .F. ) ;
#9020 = DIRECTION ( 'NONE',  ( 0.0000000000000000000, 1.000000000000000000, 0.0000000000000000000 ) ) ;
#9021 = EDGE_CURVE ( 'NONE', #7534, #11826, #7748, .T. ) ;
#9022 = CYLINDRICAL_SURFACE ( 'NONE', #6854, 0.07499999999999998300 ) ;
#9023 = EDGE_CURVE ( 'NONE', #342, #11795, #5218, .T. ) ;
#9024 =( NAMED_UNIT ( * ) PLANE_ANGLE_UNIT ( ) SI_UNIT ( $, .RADIAN. ) );
#9025 = SURFACE_STYLE_FILL_AREA ( #1296 ) ;
#9026 = DIRECTION ( 'NONE',  ( 0.0000000000000000000, 1.000000000000000000, 0.0000000000000000000 ) ) ;
#9027 = CARTESIAN_POINT ( 'NONE',  ( 1.725000000000000800, 0.2030000000000001000, 0.1149999999999996600 ) ) ;
#9028 = EDGE_LOOP ( 'NONE', ( #7430, #11390, #1715, #11305, #7835 ) ) ;
#9029 = CARTESIAN_POINT ( 'NONE',  ( -0.1149999999999996600, 0.04999999999999999600, 1.725000000000001200 ) ) ;
#9030 = VERTEX_POINT ( 'NONE', #1898 ) ;
#9031 = VECTOR ( 'NONE', #7807, 1000.000000000000000 ) ;
#9032 = LINE ( 'NONE', #897, #9346 ) ;
#9033 = AXIS2_PLACEMENT_3D ( 'NONE', #2080, #10736, #4980 ) ;
#9034 = DIRECTION ( 'NONE',  ( 0.0000000000000000000, 0.0000000000000000000, -1.000000000000000000 ) ) ;
#9035 = AXIS2_PLACEMENT_3D ( 'NONE', #8722, #7865, #4877 ) ;
#9036 = EDGE_CURVE ( 'NONE', #6187, #11971, #7887, .T. ) ;
#9037 = ORIENTED_EDGE ( 'NONE', *, *, #100, .T. ) ;
#9038 = DIRECTION ( 'NONE',  ( -0.0000000000000000000, 0.0000000000000000000, -1.000000000000000000 ) ) ;
#9039 = ORIENTED_EDGE ( 'NONE', *, *, #3398, .F. ) ;
#9040 = LINE ( 'NONE', #5102, #6043 ) ;
#9041 = DIRECTION ( 'NONE',  ( 0.0000000000000000000, 0.0000000000000000000, -1.000000000000000000 ) ) ;
#9042 = CARTESIAN_POINT ( 'NONE',  ( -1.725000000000000800, 0.6218078318274388200, 0.04000000000000010500 ) ) ;
#9043 = DIRECTION ( 'NONE',  ( 0.0000000000000000000, -1.000000000000000000, 0.0000000000000000000 ) ) ;
#9044 = LINE ( 'NONE', #4077, #3656 ) ;
#9045 = DIRECTION ( 'NONE',  ( 1.000000000000000000, -0.0000000000000000000, 7.885106708985486100E-016 ) ) ;
#9046 = CARTESIAN_POINT ( 'NONE',  ( 1.014999999999999700, 0.6218078318274392600, -1.725000000000000300 ) ) ;
#9047 = ADVANCED_FACE ( 'NONE', ( #11373 ), #1229, .T. ) ;
#9048 = CARTESIAN_POINT ( 'NONE',  ( -0.7849999999999991400, 0.2030000000000000100, 2.000000000000000400 ) ) ;
#9049 = AXIS2_PLACEMENT_3D ( 'NONE', #12037, #692, #4462 ) ;
#9050 = ORIENTED_EDGE ( 'NONE', *, *, #8719, .T. ) ;
#9051 = EDGE_LOOP ( 'NONE', ( #10809, #10070, #1196, #10287 ) ) ;
#9052 = CARTESIAN_POINT ( 'NONE',  ( -1.725000000000000800, 0.6218078318274388200, 0.8599999999999998800 ) ) ;
#9053 = DIRECTION ( 'NONE',  ( -0.7071067811865474600, 0.0000000000000000000, 0.7071067811865474600 ) ) ;
#9054 = AXIS2_PLACEMENT_3D ( 'NONE', #7858, #10790, #8231 ) ;
#9055 = CARTESIAN_POINT ( 'NONE',  ( 1.014999999999999700, 0.2030000000000000100, -1.725000000000000300 ) ) ;
#9056 = LINE ( 'NONE', #11813, #2900 ) ;
#9057 = CYLINDRICAL_SURFACE ( 'NONE', #1605, 0.07499999999999998300 ) ;
#9058 = CARTESIAN_POINT ( 'NONE',  ( -1.725000000000000800, 0.2030000000000000100, -0.5649999999999999500 ) ) ;
#9059 = VECTOR ( 'NONE', #1368, 1000.000000000000100 ) ;
#9060 = EDGE_CURVE ( 'NONE', #10977, #11032, #6708, .T. ) ;
#9061 = DIRECTION ( 'NONE',  ( 7.885106708985485100E-016, 0.0000000000000000000, -1.000000000000000000 ) ) ;
#9062 = CARTESIAN_POINT ( 'NONE',  ( 0.5650000000000008300, 0.2030000000000000100, 2.000000000000000400 ) ) ;
#9063 = DIRECTION ( 'NONE',  ( 0.0000000000000000000, -1.000000000000000000, 0.0000000000000000000 ) ) ;
#9064 = ORIENTED_EDGE ( 'NONE', *, *, #9618, .F. ) ;
#9065 = ORIENTED_EDGE ( 'NONE', *, *, #8511, .T. ) ;
#9066 = CARTESIAN_POINT ( 'NONE',  ( -1.235000000000000100, 0.2030000000000000100, -1.725000000000000300 ) ) ;
#9067 = ORIENTED_EDGE ( 'NONE', *, *, #5239, .T. ) ;
#9068 = DIRECTION ( 'NONE',  ( 0.0000000000000000000, 0.0000000000000000000, -1.000000000000000000 ) ) ;
#9069 = LINE ( 'NONE', #6662, #6509 ) ;
#9070 = CARTESIAN_POINT ( 'NONE',  ( 0.7850000000000001400, 0.2030000000000000100, 2.000000000000000400 ) ) ;
#9071 = VERTEX_POINT ( 'NONE', #6866 ) ;
#9072 = AXIS2_PLACEMENT_3D ( 'NONE', #9465, #5540, #8337 ) ;
#9073 = FACE_OUTER_BOUND ( 'NONE', #1410, .T. ) ;
#9074 = AXIS2_PLACEMENT_3D ( 'NONE', #3174, #1264, #5030 ) ;
#9075 = VERTEX_POINT ( 'NONE', #6903 ) ;
#9076 = LINE ( 'NONE', #8242, #7705 ) ;
#9077 = CARTESIAN_POINT ( 'NONE',  ( -0.9500000000000002900, 0.2030000000000000700, -1.299999999999999200 ) ) ;
#9078 = EDGE_CURVE ( 'NONE', #7464, #2087, #8972, .T. ) ;
#9079 = CARTESIAN_POINT ( 'NONE',  ( -1.725000000000000800, 0.0000000000000000000, 0.7849999999999999200 ) ) ;
#9080 = VERTEX_POINT ( 'NONE', #5989 ) ;
#9081 = VERTEX_POINT ( 'NONE', #8890 ) ;
#9082 = ADVANCED_FACE ( 'NONE', ( #6848 ), #7784, .F. ) ;
#9083 = FACE_OUTER_BOUND ( 'NONE', #12328, .T. ) ;
#9084 = CARTESIAN_POINT ( 'NONE',  ( 1.465000000000001000, 0.2030000000000000100, 2.000000000000000400 ) ) ;
#9085 = ORIENTED_EDGE ( 'NONE', *, *, #1013, .F. ) ;
#9086 = VECTOR ( 'NONE', #7862, 1000.000000000000000 ) ;
#9087 = DIRECTION ( 'NONE',  ( 0.0000000000000000000, 0.0000000000000000000, 1.000000000000000000 ) ) ;
#9088 = LINE ( 'NONE', #10972, #12239 ) ;
#9089 = DIRECTION ( 'NONE',  ( 1.000000000000000000, -0.0000000000000000000, -2.168404344971008900E-016 ) ) ;
#9090 = CARTESIAN_POINT ( 'NONE',  ( 1.015000000000000800, 0.2030000000000000100, 2.000000000000000400 ) ) ;
#9091 = ORIENTED_EDGE ( 'NONE', *, *, #1168, .F. ) ;
#9092 = DIRECTION ( 'NONE',  ( -1.000000000000000000, 0.0000000000000000000, -1.577021341797097400E-015 ) ) ;
#9093 = EDGE_LOOP ( 'NONE', ( #8051, #10517, #2122, #853 ) ) ;
#9094 = ORIENTED_EDGE ( 'NONE', *, *, #2734, .T. ) ;
#9095 = PLANE ( 'NONE',  #699 ) ;
#9096 = CARTESIAN_POINT ( 'NONE',  ( -1.015000000000000300, 0.2030000000000000100, -2.000000000000000400 ) ) ;
#9097 = STYLED_ITEM ( 'NONE', ( #8976 ), #6593 ) ;
#9098 = CARTESIAN_POINT ( 'NONE',  ( 0.1150000000000009500, 0.6218078318274392600, 2.000000000000000400 ) ) ;
#9099 = FACE_OUTER_BOUND ( 'NONE', #12385, .T. ) ;
#9100 = EDGE_LOOP ( 'NONE', ( #10531, #6483, #149, #9669 ) ) ;
#9101 = FACE_OUTER_BOUND ( 'NONE', #2975, .T. ) ;
#9102 = EDGE_CURVE ( 'NONE', #10172, #6056, #1037, .T. ) ;
#9103 = DIRECTION ( 'NONE',  ( 0.0000000000000000000, -1.000000000000000000, 0.0000000000000000000 ) ) ;
#9104 = LINE ( 'NONE', #8565, #11780 ) ;
#9105 = DIRECTION ( 'NONE',  ( -1.000000000000000000, 0.0000000000000000000, 0.0000000000000000000 ) ) ;
#9106 = ORIENTED_EDGE ( 'NONE', *, *, #10002, .F. ) ;
#9107 = DIRECTION ( 'NONE',  ( -0.7071067811865475700, 0.0000000000000000000, -0.7071067811865475700 ) ) ;
#9108 = DIRECTION ( 'NONE',  ( 1.000000000000000000, 0.0000000000000000000, 0.0000000000000000000 ) ) ;
#9109 = ORIENTED_EDGE ( 'NONE', *, *, #1794, .T. ) ;
#9110 = ORIENTED_EDGE ( 'NONE', *, *, #7335, .T. ) ;
#9111 = VERTEX_POINT ( 'NONE', #7745 ) ;
#9112 = CARTESIAN_POINT ( 'NONE',  ( -1.464999999999999600, 0.0000000000000000000, 2.000000000000000400 ) ) ;
#9113 = DIRECTION ( 'NONE',  ( 0.0000000000000000000, -1.000000000000000000, 0.0000000000000000000 ) ) ;
#9114 = CARTESIAN_POINT ( 'NONE',  ( 1.725000000000000800, 0.6218078318274388200, 1.464999999999999600 ) ) ;
#9115 = DIRECTION ( 'NONE',  ( -1.000000000000000000, 0.0000000000000000000, 0.0000000000000000000 ) ) ;
#9116 = LINE ( 'NONE', #8327, #4469 ) ;
#9117 = LINE ( 'NONE', #9808, #6550 ) ;
#9118 = VECTOR ( 'NONE', #9339, 1000.000000000000000 ) ;
#9119 = ORIENTED_EDGE ( 'NONE', *, *, #449, .T. ) ;
#9120 = VERTEX_POINT ( 'NONE', #2056 ) ;
#9121 = PLANE ( 'NONE',  #2831 ) ;
#9122 = ORIENTED_EDGE ( 'NONE', *, *, #12144, .T. ) ;
#9123 = EDGE_CURVE ( 'NONE', #792, #3140, #4327, .T. ) ;
#9124 = ORIENTED_EDGE ( 'NONE', *, *, #7279, .F. ) ;
#9125 = AXIS2_PLACEMENT_3D ( 'NONE', #3822, #4860, #4782 ) ;
#9126 = DIRECTION ( 'NONE',  ( 7.885106708985485100E-016, 0.0000000000000000000, -1.000000000000000000 ) ) ;
#9127 = ORIENTED_EDGE ( 'NONE', *, *, #4602, .F. ) ;
#9128 = EDGE_CURVE ( 'NONE', #11700, #3790, #10779, .T. ) ;
#9129 = FACE_OUTER_BOUND ( 'NONE', #9729, .T. ) ;
#9130 = CARTESIAN_POINT ( 'NONE',  ( -0.1150000000000003000, 0.2030000000000000100, -1.725000000000000300 ) ) ;
#9131 = DIRECTION ( 'NONE',  ( 0.0000000000000000000, 0.0000000000000000000, 1.000000000000000000 ) ) ;
#9132 = LINE ( 'NONE', #3975, #6564 ) ;
#9133 = EDGE_LOOP ( 'NONE', ( #3997, #4478, #9743, #4761, #1367, #8301 ) ) ;
#9134 = ORIENTED_EDGE ( 'NONE', *, *, #8872, .F. ) ;
#9135 = DIRECTION ( 'NONE',  ( 0.0000000000000000000, 0.0000000000000000000, -1.000000000000000000 ) ) ;
#9136 = ORIENTED_EDGE ( 'NONE', *, *, #9890, .T. ) ;
#9137 = EDGE_LOOP ( 'NONE', ( #4865, #1721, #10142, #3611 ) ) ;
#9138 = AXIS2_PLACEMENT_3D ( 'NONE', #2739, #3713, #10433 ) ;
#9139 = CARTESIAN_POINT ( 'NONE',  ( -0.5650000000000001700, 0.6218078318274392600, -2.000000000000000400 ) ) ;
#9140 = VECTOR ( 'NONE', #8263, 1000.000000000000000 ) ;
#9141 = CARTESIAN_POINT ( 'NONE',  ( -1.310000000000000300, 0.2030000000000000100, -1.725000000000000300 ) ) ;
#9142 = MECHANICAL_DESIGN_GEOMETRIC_PRESENTATION_REPRESENTATION (  '', ( #11934 ), #10436 ) ;
#9143 = FACE_OUTER_BOUND ( 'NONE', #7629, .T. ) ;
#9144 = CARTESIAN_POINT ( 'NONE',  ( -0.4100000000000002000, 0.2030000000000000100, -1.725000000000000300 ) ) ;
#9145 = CARTESIAN_POINT ( 'NONE',  ( 2.000000000000000900, 0.6218078318274387100, -0.7850000000000000300 ) ) ;
#9146 = VECTOR ( 'NONE', #1803, 1000.000000000000000 ) ;
#9147 = SURFACE_SIDE_STYLE ('',( #7071 ) ) ;
#9148 = VERTEX_POINT ( 'NONE', #6944 ) ;
#9149 = EDGE_CURVE ( 'NONE', #8618, #10552, #1777, .T. ) ;
#9150 = DIRECTION ( 'NONE',  ( -0.0000000000000000000, -1.000000000000000000, -0.0000000000000000000 ) ) ;
#9151 = VERTEX_POINT ( 'NONE', #10794 ) ;
#9152 = ORIENTED_EDGE ( 'NONE', *, *, #5716, .F. ) ;
#9153 = EDGE_LOOP ( 'NONE', ( #7489, #1697, #1873, #9050 ) ) ;
#9154 = DIRECTION ( 'NONE',  ( 0.0000000000000000000, -1.000000000000000000, 0.0000000000000000000 ) ) ;
#9155 = CARTESIAN_POINT ( 'NONE',  ( -0.4900000000000002100, 0.0000000000000000000, -1.650000000000000100 ) ) ;
#9156 =( NAMED_UNIT ( * ) SI_UNIT ( $, .STERADIAN. ) SOLID_ANGLE_UNIT ( ) );
#9157 = CARTESIAN_POINT ( 'NONE',  ( -2.000000000000000900, 0.2030000000000000100, 1.014999999999999900 ) ) ;
#9158 = ORIENTED_EDGE ( 'NONE', *, *, #11196, .F. ) ;
#9159 = DIRECTION ( 'NONE',  ( 0.0000000000000000000, -1.000000000000000000, 0.0000000000000000000 ) ) ;
#9160 = CARTESIAN_POINT ( 'NONE',  ( -0.5649999999999997200, 0.2030000000000000100, 1.725000000000001200 ) ) ;
#9161 = CYLINDRICAL_SURFACE ( 'NONE', #12096, 0.07499999999999998300 ) ;
#9162 = ADVANCED_FACE ( 'NONE', ( #5808 ), #5511, .T. ) ;
#9163 = LINE ( 'NONE', #8189, #6447 ) ;
#9164 = CARTESIAN_POINT ( 'NONE',  ( -1.650000000000000800, 0.2030000000000001000, 1.310000000000000300 ) ) ;
#9165 = CARTESIAN_POINT ( 'NONE',  ( 0.4899999999999997700, 0.2030000000000000100, -1.725000000000000300 ) ) ;
#9166 = CARTESIAN_POINT ( 'NONE',  ( 1.465000000000000500, 0.6218078318274392600, -2.000000000000000400 ) ) ;
#9167 = VERTEX_POINT ( 'NONE', #4991 ) ;
#9168 = CARTESIAN_POINT ( 'NONE',  ( 1.299999999999998700, 0.2030000000000000700, 1.300000000000000700 ) ) ;
#9169 = ORIENTED_EDGE ( 'NONE', *, *, #3646, .F. ) ;
#9170 = DIRECTION ( 'NONE',  ( -1.668003342285392000E-016, 0.0000000000000000000, 1.000000000000000000 ) ) ;
#9171 = EDGE_CURVE ( 'NONE', #7543, #4475, #11083, .T. ) ;
#9172 = DIRECTION ( 'NONE',  ( 0.0000000000000000000, 0.0000000000000000000, -1.000000000000000000 ) ) ;
#9173 = LINE ( 'NONE', #3736, #8545 ) ;
#9174 = CIRCLE ( 'NONE', #7849, 0.07499999999999998300 ) ;
#9175 = ORIENTED_EDGE ( 'NONE', *, *, #10227, .T. ) ;
#9176 = DIRECTION ( 'NONE',  ( -0.0000000000000000000, -1.000000000000000000, -0.0000000000000000000 ) ) ;
#9177 = ORIENTED_EDGE ( 'NONE', *, *, #6128, .F. ) ;
#9178 = CARTESIAN_POINT ( 'NONE',  ( 1.725000000000000800, 0.05000000000000023900, 0.3349999999999995800 ) ) ;
#9179 = EDGE_CURVE ( 'NONE', #4614, #7579, #1170, .T. ) ;
#9180 = DIRECTION ( 'NONE',  ( 0.0000000000000000000, 1.000000000000000000, -0.0000000000000000000 ) ) ;
#9181 = AXIS2_PLACEMENT_3D ( 'NONE', #3164, #4142, #10852 ) ;
#9182 = LINE ( 'NONE', #860, #4382 ) ;
#9183 = CARTESIAN_POINT ( 'NONE',  ( -2.000000000000000900, 0.2030000000000000100, -1.014999999999999900 ) ) ;
#9184 = LINE ( 'NONE', #2833, #2867 ) ;
#9185 = CARTESIAN_POINT ( 'NONE',  ( 1.725000000000000800, 0.2030000000000000100, -0.5650000000000003900 ) ) ;
#9186 = EDGE_CURVE ( 'NONE', #11726, #9867, #8048, .T. ) ;
#9187 = CARTESIAN_POINT ( 'NONE',  ( -1.015000000000000300, 0.0000000000000000000, -1.725000000000000300 ) ) ;
#9188 = DIRECTION ( 'NONE',  ( 0.0000000000000000000, -0.0000000000000000000, -1.000000000000000000 ) ) ;
#9189 = CARTESIAN_POINT ( 'NONE',  ( 1.650000000000000800, 0.05000000000000023900, 0.03999999999999967500 ) ) ;
#9190 = ORIENTED_EDGE ( 'NONE', *, *, #5370, .T. ) ;
#9191 = FACE_OUTER_BOUND ( 'NONE', #7244, .T. ) ;
#9192 = CARTESIAN_POINT ( 'NONE',  ( -1.725000000000000800, 0.6218078318274388200, 0.5649999999999999500 ) ) ;
#9193 = FACE_OUTER_BOUND ( 'NONE', #5971, .T. ) ;
#9194 = CARTESIAN_POINT ( 'NONE',  ( 1.015000000000000300, 0.0000000000000000000, -2.000000000000000400 ) ) ;
#9195 = DIRECTION ( 'NONE',  ( 0.0000000000000000000, -1.000000000000000000, 0.0000000000000000000 ) ) ;
#9196 = MECHANICAL_DESIGN_GEOMETRIC_PRESENTATION_REPRESENTATION (  '', ( #1483 ), #4526 ) ;
#9197 = DIRECTION ( 'NONE',  ( 0.0000000000000000000, 0.0000000000000000000, 1.000000000000000000 ) ) ;
#9198 = CARTESIAN_POINT ( 'NONE',  ( 1.650000000000000800, 0.6218078318274388200, -0.04000000000000032000 ) ) ;
#9199 = DIRECTION ( 'NONE',  ( -0.0000000000000000000, -1.000000000000000000, -0.0000000000000000000 ) ) ;
#9200 = EDGE_CURVE ( 'NONE', #6904, #4666, #9749, .T. ) ;
#9201 = ORIENTED_EDGE ( 'NONE', *, *, #2813, .T. ) ;
#9202 = DIRECTION ( 'NONE',  ( -0.0000000000000000000, 0.0000000000000000000, -1.000000000000000000 ) ) ;
#9203 = EDGE_CURVE ( 'NONE', #8894, #7979, #3106, .T. ) ;
#9204 = EDGE_LOOP ( 'NONE', ( #74, #6939, #4524, #6081, #3577 ) ) ;
#9205 = ADVANCED_FACE ( 'NONE', ( #6417 ), #8931, .F. ) ;
#9206 = CARTESIAN_POINT ( 'NONE',  ( 2.000000000000000900, 0.0000000000000000000, 1.014999999999999900 ) ) ;
#9207 = LINE ( 'NONE', #8800, #8106 ) ;
#9208 = DIRECTION ( 'NONE',  ( -0.0000000000000000000, -1.000000000000000000, -0.0000000000000000000 ) ) ;
#9209 = ORIENTED_EDGE ( 'NONE', *, *, #9179, .T. ) ;
#9210 = EDGE_LOOP ( 'NONE', ( #10630, #290, #2748, #8143, #2786, #8424 ) ) ;
#9211 = AXIS2_PLACEMENT_3D ( 'NONE', #6002, #299, #3119 ) ;
#9212 = DIRECTION ( 'NONE',  ( 0.0000000000000000000, 0.0000000000000000000, -1.000000000000000000 ) ) ;
#9213 = LINE ( 'NONE', #1553, #5731 ) ;
#9214 = COLOUR_RGB ( '',0.7921568627450980000, 0.8196078431372548800, 0.9333333333333333500 ) ;
#9215 = FACE_OUTER_BOUND ( 'NONE', #12349, .T. ) ;
#9216 = DIRECTION ( 'NONE',  ( 0.0000000000000000000, -1.000000000000000000, 0.0000000000000000000 ) ) ;
#9217 = CARTESIAN_POINT ( 'NONE',  ( -2.000000000000000900, 0.04999999999999969700, -0.7850000000000000300 ) ) ;
#9218 = EDGE_CURVE ( 'NONE', #3591, #7744, #3884, .T. ) ;
#9219 = CARTESIAN_POINT ( 'NONE',  ( -0.3350000000000002400, 0.2030000000000000100, -1.725000000000000300 ) ) ;
#9220 = ORIENTED_EDGE ( 'NONE', *, *, #10995, .T. ) ;
#9221 = UNCERTAINTY_MEASURE_WITH_UNIT (LENGTH_MEASURE( 1.000000000000000100E-005 ), #11143, 'distance_accuracy_value', 'NONE');
#9222 = ORIENTED_EDGE ( 'NONE', *, *, #6366, .T. ) ;
#9223 = LINE ( 'NONE', #8183, #1862 ) ;
#9224 = CARTESIAN_POINT ( 'NONE',  ( 1.650000000000000800, 0.0000000000000000000, -0.9400000000000003900 ) ) ;
#9225 = DIRECTION ( 'NONE',  ( -1.000000000000000000, 0.0000000000000000000, 0.0000000000000000000 ) ) ;
#9226 = LINE ( 'NONE', #5933, #81 ) ;
#9227 = AXIS2_PLACEMENT_3D ( 'NONE', #9285, #7284, #12201 ) ;
#9228 = ORIENTED_EDGE ( 'NONE', *, *, #10656, .T. ) ;
#9229 = DIRECTION ( 'NONE',  ( 0.0000000000000000000, -1.000000000000000000, 0.0000000000000000000 ) ) ;
#9231 = ORIENTED_EDGE ( 'NONE', *, *, #5768, .T. ) ;
#9230 = PLANE ( 'NONE',  #3436 ) ;
#9232 = AXIS2_PLACEMENT_3D ( 'NONE', #8411, #1844, #3778 ) ;
#9233 = DIRECTION ( 'NONE',  ( 0.0000000000000000000, 0.0000000000000000000, 1.000000000000000000 ) ) ;
#9234 = DIRECTION ( 'NONE',  ( 1.000000000000000000, 0.0000000000000000000, 0.0000000000000000000 ) ) ;
#9235 = ORIENTED_EDGE ( 'NONE', *, *, #136, .F. ) ;
#9236 = DIRECTION ( 'NONE',  ( 0.0000000000000000000, 0.0000000000000000000, 1.000000000000000000 ) ) ;
#9237 = EDGE_CURVE ( 'NONE', #9877, #1176, #141, .T. ) ;
#9238 = DIRECTION ( 'NONE',  ( -1.000000000000000000, 0.0000000000000000000, 0.0000000000000000000 ) ) ;
#9239 = ORIENTED_EDGE ( 'NONE', *, *, #6946, .T. ) ;
#9240 = CIRCLE ( 'NONE', #6937, 0.1999999999999998700 ) ;
#9241 = LINE ( 'NONE', #1817, #11604 ) ;
#9242 = CARTESIAN_POINT ( 'NONE',  ( -0.4900000000000002100, 0.2030000000000000100, -1.725000000000000300 ) ) ;
#9243 = ORIENTED_EDGE ( 'NONE', *, *, #1469, .T. ) ;
#9244 = EDGE_LOOP ( 'NONE', ( #7461, #5821, #8861, #11343 ) ) ;
#9245 = VECTOR ( 'NONE', #7848, 1000.000000000000000 ) ;
#9246 = DIRECTION ( 'NONE',  ( 0.0000000000000000000, 0.0000000000000000000, -1.000000000000000000 ) ) ;
#9247 = DIRECTION ( 'NONE',  ( 0.0000000000000000000, 0.0000000000000000000, -1.000000000000000000 ) ) ;
#9248 = VERTEX_POINT ( 'NONE', #10994 ) ;
#9249 = EDGE_CURVE ( 'NONE', #165, #5460, #6109, .T. ) ;
#9250 = AXIS2_PLACEMENT_3D ( 'NONE', #7490, #11317, #3569 ) ;
#9251 = ORIENTED_EDGE ( 'NONE', *, *, #5756, .T. ) ;
#9252 = CIRCLE ( 'NONE', #12155, 0.07499999999999998300 ) ;
#9253 = CARTESIAN_POINT ( 'NONE',  ( -0.3349999999999991300, 0.04999999999999969700, 2.000000000000000400 ) ) ;
#9254 = ORIENTED_EDGE ( 'NONE', *, *, #1149, .F. ) ;
#9255 = EDGE_CURVE ( 'NONE', #266, #8460, #2958, .T. ) ;
#9256 = PLANE ( 'NONE',  #10777 ) ;
#9257 = EDGE_LOOP ( 'NONE', ( #1019, #10523, #4734, #1952 ) ) ;
#9258 = ORIENTED_EDGE ( 'NONE', *, *, #9818, .F. ) ;
#9259 = ORIENTED_EDGE ( 'NONE', *, *, #5464, .T. ) ;
#9260 = CARTESIAN_POINT ( 'NONE',  ( 2.000000000000000900, 0.2030000000000000100, 0.5649999999999999500 ) ) ;
#9261 = ORIENTED_EDGE ( 'NONE', *, *, #2988, .T. ) ;
#9262 = ADVANCED_FACE ( 'NONE', ( #9436 ), #7986, .F. ) ;
#9263 = DIRECTION ( 'NONE',  ( 0.7071067811865474600, 0.0000000000000000000, -0.7071067811865474600 ) ) ;
#9264 = LINE ( 'NONE', #11948, #4159 ) ;
#9265 = VECTOR ( 'NONE', #922, 1000.000000000000000 ) ;
#9266 = ORIENTED_EDGE ( 'NONE', *, *, #8841, .T. ) ;
#9267 = VERTEX_POINT ( 'NONE', #2216 ) ;
#9268 = CARTESIAN_POINT ( 'NONE',  ( -2.000000000000000900, 0.05000000000000000300, 2.000000000000000400 ) ) ;
#9269 = AXIS2_PLACEMENT_3D ( 'NONE', #11312, #7319, #5474 ) ;
#9270 = CARTESIAN_POINT ( 'NONE',  ( 0.3350000000000002400, 0.05000000000000000300, 0.0000000000000000000 ) ) ;
#9271 = VERTEX_POINT ( 'NONE', #10919 ) ;
#9272 = DIRECTION ( 'NONE',  ( 0.0000000000000000000, 1.000000000000000000, 0.0000000000000000000 ) ) ;
#9273 = EDGE_CURVE ( 'NONE', #8660, #6663, #3582, .T. ) ;
#9274 = EDGE_CURVE ( 'NONE', #5429, #1424, #3409, .T. ) ;
#9275 = VECTOR ( 'NONE', #5649, 1000.000000000000000 ) ;
#9276 = CARTESIAN_POINT ( 'NONE',  ( -1.725000000000000800, 0.6218078318274388200, 1.235000000000000100 ) ) ;
#9277 = VECTOR ( 'NONE', #7345, 1000.000000000000000 ) ;
#9278 = ORIENTED_EDGE ( 'NONE', *, *, #9734, .T. ) ;
#9279 = CARTESIAN_POINT ( 'NONE',  ( -0.3350000000000002400, 0.2030000000000000100, -1.725000000000000300 ) ) ;
#9280 = ADVANCED_FACE ( 'NONE', ( #9129 ), #1396, .F. ) ;
#9281 = EDGE_LOOP ( 'NONE', ( #4686, #9350, #2521, #11518 ) ) ;
#9282 = DIRECTION ( 'NONE',  ( 0.0000000000000000000, 1.000000000000000000, 0.0000000000000000000 ) ) ;
#9283 = ORIENTED_EDGE ( 'NONE', *, *, #7485, .F. ) ;
#9284 = ORIENTED_EDGE ( 'NONE', *, *, #2160, .F. ) ;
#9285 = CARTESIAN_POINT ( 'NONE',  ( 1.725000000000000800, 0.6218078318274388200, -0.5650000000000003900 ) ) ;
#9286 = LINE ( 'NONE', #3692, #9599 ) ;
#9287 = DIRECTION ( 'NONE',  ( 0.0000000000000000000, 0.0000000000000000000, -1.000000000000000000 ) ) ;
#9288 = VECTOR ( 'NONE', #9719, 1000.000000000000000 ) ;
#9289 = ORIENTED_EDGE ( 'NONE', *, *, #5705, .F. ) ;
#9290 = AXIS2_PLACEMENT_3D ( 'NONE', #4949, #9795, #3084 ) ;
#9291 = EDGE_CURVE ( 'NONE', #3627, #3094, #6548, .T. ) ;
#9292 = ORIENTED_EDGE ( 'NONE', *, *, #8698, .F. ) ;
#9293 = ORIENTED_EDGE ( 'NONE', *, *, #343, .T. ) ;
#9294 = VERTEX_POINT ( 'NONE', #7160 ) ;
#9295 = ADVANCED_FACE ( 'NONE', ( #5349 ), #3222, .T. ) ;
#9296 = CARTESIAN_POINT ( 'NONE',  ( -1.650000000000000800, 0.6218078318274388200, 0.04000000000000010500 ) ) ;
#9297 = DIRECTION ( 'NONE',  ( 1.668003342285390600E-016, 0.0000000000000000000, -1.000000000000000000 ) ) ;
#9298 = COLOUR_RGB ( '',0.7921568627450980000, 0.8196078431372548800, 0.9333333333333333500 ) ;
#9299 = LINE ( 'NONE', #3523, #5231 ) ;
#9300 = CARTESIAN_POINT ( 'NONE',  ( 1.650000000000000800, 0.2030000000000001000, -0.04000000000000032000 ) ) ;
#9301 = VECTOR ( 'NONE', #8023, 1000.000000000000000 ) ;
#9302 = DIRECTION ( 'NONE',  ( 1.000000000000000000, 0.0000000000000000000, 0.0000000000000000000 ) ) ;
#9303 = ORIENTED_EDGE ( 'NONE', *, *, #7060, .T. ) ;
#9304 = ORIENTED_EDGE ( 'NONE', *, *, #10112, .T. ) ;
#9305 = CARTESIAN_POINT ( 'NONE',  ( -1.234999999999999700, 0.2030000000000000100, 1.725000000000001200 ) ) ;
#9306 = VERTEX_POINT ( 'NONE', #3267 ) ;
#9307 = AXIS2_PLACEMENT_3D ( 'NONE', #7260, #6266, #553 ) ;
#9308 = DIRECTION ( 'NONE',  ( -0.0000000000000000000, -1.000000000000000000, -0.0000000000000000000 ) ) ;
#9309 = CARTESIAN_POINT ( 'NONE',  ( 2.000000000000000900, 0.2030000000000000100, 1.014999999999999900 ) ) ;
#9310 = APPLICATION_PROTOCOL_DEFINITION ( 'draft international standard', 'automotive_design', 1998, #5468 ) ;
#9311 = VECTOR ( 'NONE', #10128, 1000.000000000000000 ) ;
#9312 = EDGE_CURVE ( 'NONE', #4246, #2184, #11951, .T. ) ;
#9313 = VECTOR ( 'NONE', #10226, 1000.000000000000000 ) ;
#9314 = ORIENTED_EDGE ( 'NONE', *, *, #11415, .F. ) ;
#9315 = CARTESIAN_POINT ( 'NONE',  ( -2.000000000000000900, 0.2030000000000000100, -0.7850000000000000300 ) ) ;
#9316 = PLANE ( 'NONE',  #4891 ) ;
#9317 = VERTEX_POINT ( 'NONE', #8031 ) ;
#9318 = CARTESIAN_POINT ( 'NONE',  ( 1.725000000000000800, 0.6218078318274388200, -1.465000000000000300 ) ) ;
#9319 = DIRECTION ( 'NONE',  ( -0.0000000000000000000, -1.000000000000000000, -0.0000000000000000000 ) ) ;
#9320 = DIRECTION ( 'NONE',  ( 0.0000000000000000000, 1.000000000000000000, -0.0000000000000000000 ) ) ;
#9321 = LINE ( 'NONE', #3253, #932 ) ;
#9322 = CARTESIAN_POINT ( 'NONE',  ( 1.650000000000000800, 0.05000000000000023900, -0.04000000000000032000 ) ) ;
#9323 = ORIENTED_EDGE ( 'NONE', *, *, #9981, .F. ) ;
#9324 = DIRECTION ( 'NONE',  ( 0.0000000000000000000, -1.000000000000000000, 0.0000000000000000000 ) ) ;
#9326 = VECTOR ( 'NONE', #3014, 1000.000000000000000 ) ;
#9325 = AXIS2_PLACEMENT_3D ( 'NONE', #1525, #5433, #3567 ) ;
#9327 = LINE ( 'NONE', #10364, #6609 ) ;
#9328 = AXIS2_PLACEMENT_3D ( 'NONE', #4280, #5235, #11937 ) ;
#9329 = DIRECTION ( 'NONE',  ( 0.0000000000000000000, -1.000000000000000000, 0.0000000000000000000 ) ) ;
#9330 = DIRECTION ( 'NONE',  ( -0.0000000000000000000, -1.000000000000000000, 0.0000000000000000000 ) ) ;
#9331 = EDGE_LOOP ( 'NONE', ( #5957, #5356, #10309, #5120 ) ) ;
#9332 = CARTESIAN_POINT ( 'NONE',  ( 0.04000000000000010500, 0.0000000000000000000, 1.650000000000000800 ) ) ;
#9333 = EDGE_CURVE ( 'NONE', #6178, #353, #10329, .T. ) ;
#9334 = CARTESIAN_POINT ( 'NONE',  ( -1.650000000000000800, 0.6218078318274388200, 0.9399999999999998400 ) ) ;
#9335 = FACE_OUTER_BOUND ( 'NONE', #4870, .T. ) ;
#9336 = PLANE ( 'NONE',  #4637 ) ;
#9337 = FACE_OUTER_BOUND ( 'NONE', #6820, .T. ) ;
#9338 = ADVANCED_FACE ( 'NONE', ( #12262 ), #10093, .F. ) ;
#9339 = DIRECTION ( 'NONE',  ( 0.0000000000000000000, -1.000000000000000000, 0.0000000000000000000 ) ) ;
#9340 = ORIENTED_EDGE ( 'NONE', *, *, #5391, .F. ) ;
#9341 = AXIS2_PLACEMENT_3D ( 'NONE', #10778, #140, #5016 ) ;
#9342 = ORIENTED_EDGE ( 'NONE', *, *, #10549, .T. ) ;
#9343 = DIRECTION ( 'NONE',  ( -0.0000000000000000000, -1.000000000000000000, -0.0000000000000000000 ) ) ;
#9344 = ORIENTED_EDGE ( 'NONE', *, *, #6625, .F. ) ;
#9345 = EDGE_CURVE ( 'NONE', #3140, #11255, #8341, .T. ) ;
#9346 = VECTOR ( 'NONE', #11521, 1000.000000000000000 ) ;
#9347 = FACE_OUTER_BOUND ( 'NONE', #8390, .T. ) ;
#9348 = DIRECTION ( 'NONE',  ( 0.0000000000000000000, 0.0000000000000000000, -1.000000000000000000 ) ) ;
#9349 = DIRECTION ( 'NONE',  ( -1.000000000000000000, 0.0000000000000000000, 0.0000000000000000000 ) ) ;
#9350 = ORIENTED_EDGE ( 'NONE', *, *, #11765, .T. ) ;
#9351 = ADVANCED_FACE ( 'NONE', ( #1765 ), #7736, .F. ) ;
#9352 = ORIENTED_EDGE ( 'NONE', *, *, #10707, .T. ) ;
#9353 = CARTESIAN_POINT ( 'NONE',  ( 0.03999999999999989000, 0.2030000000000000100, -1.650000000000000400 ) ) ;
#9354 = DIRECTION ( 'NONE',  ( -1.445602896647339500E-015, 0.0000000000000000000, 1.000000000000000000 ) ) ;
#9355 = CARTESIAN_POINT ( 'NONE',  ( 1.725000000000000800, 0.05000000000000023900, -1.235000000000000300 ) ) ;
#9356 = LINE ( 'NONE', #4183, #3949 ) ;
#9357 = PLANE ( 'NONE',  #257 ) ;
#9358 = FACE_OUTER_BOUND ( 'NONE', #6037, .T. ) ;
#9359 = CARTESIAN_POINT ( 'NONE',  ( -1.014999999999999900, 0.2030000000000000100, 2.000000000000000400 ) ) ;
#9360 = CARTESIAN_POINT ( 'NONE',  ( 0.1150000000000005200, 0.2030000000000000100, -2.000000000000000400 ) ) ;
#9361 = EDGE_CURVE ( 'NONE', #7979, #944, #4912, .T. ) ;
#9362 = DIRECTION ( 'NONE',  ( 1.000000000000000000, 0.0000000000000000000, 0.0000000000000000000 ) ) ;
#9363 = CARTESIAN_POINT ( 'NONE',  ( -1.725000000000000800, 0.2030000000000000100, 1.310000000000000300 ) ) ;
#9364 = EDGE_CURVE ( 'NONE', #10942, #3757, #10923, .T. ) ;
#9365 = EDGE_CURVE ( 'NONE', #2535, #2342, #9116, .T. ) ;
#9366 = DIRECTION ( 'NONE',  ( -1.000000000000000000, 0.0000000000000000000, 0.0000000000000000000 ) ) ;
#9367 = CARTESIAN_POINT ( 'NONE',  ( -1.725000000000000800, 0.0000000000000000000, -1.464999999999999900 ) ) ;
#9368 = ORIENTED_EDGE ( 'NONE', *, *, #3070, .F. ) ;
#9369 = VERTEX_POINT ( 'NONE', #7277 ) ;
#9370 = COLOUR_RGB ( '',0.7921568627450980000, 0.8196078431372548800, 0.9333333333333333500 ) ;
#9371 = CARTESIAN_POINT ( 'NONE',  ( 0.1149999999999998700, 0.2030000000000000100, -1.725000000000000300 ) ) ;
#9372 = CIRCLE ( 'NONE', #3201, 0.07499999999999998300 ) ;
#9373 = LINE ( 'NONE', #8153, #1258 ) ;
#9374 = ORIENTED_EDGE ( 'NONE', *, *, #11673, .F. ) ;
#9375 = AXIS2_PLACEMENT_3D ( 'NONE', #388, #7391, #4269 ) ;
#9376 = VERTEX_POINT ( 'NONE', #8193 ) ;
#9377 = UNCERTAINTY_MEASURE_WITH_UNIT (LENGTH_MEASURE( 1.000000000000000100E-005 ), #8840, 'distance_accuracy_value', 'NONE');
#9378 = CARTESIAN_POINT ( 'NONE',  ( -0.9399999999999997200, 0.0000000000000000000, 1.650000000000000800 ) ) ;
#9379 = ORIENTED_EDGE ( 'NONE', *, *, #8115, .T. ) ;
#9380 = AXIS2_PLACEMENT_3D ( 'NONE', #10759, #7164, #364 ) ;
#9381 = CIRCLE ( 'NONE', #4015, 0.07499999999999998300 ) ;
#9382 = DIRECTION ( 'NONE',  ( 0.0000000000000000000, 0.0000000000000000000, -1.000000000000000000 ) ) ;
#9383 = ORIENTED_EDGE ( 'NONE', *, *, #4059, .T. ) ;
#9384 = VECTOR ( 'NONE', #858, 1000.000000000000000 ) ;
#9385 = DIRECTION ( 'NONE',  ( 0.0000000000000000000, 1.000000000000000000, 0.0000000000000000000 ) ) ;
#9386 = EDGE_CURVE ( 'NONE', #1547, #4173, #9423, .T. ) ;
#9387 = CARTESIAN_POINT ( 'NONE',  ( 1.725000000000000800, 0.6218078318274388200, 0.5649999999999995000 ) ) ;
#9388 = VERTEX_POINT ( 'NONE', #12111 ) ;
#9389 = ORIENTED_EDGE ( 'NONE', *, *, #1951, .T. ) ;
#9390 = VECTOR ( 'NONE', #4235, 1000.000000000000000 ) ;
#9391 = ORIENTED_EDGE ( 'NONE', *, *, #11554, .T. ) ;
#9392 = CARTESIAN_POINT ( 'NONE',  ( -1.947621357119410500E-015, 0.05000000000000000300, 1.234999999999997000 ) ) ;
#9393 = ORIENTED_EDGE ( 'NONE', *, *, #11914, .F. ) ;
#9394 = CARTESIAN_POINT ( 'NONE',  ( -1.725000000000000800, 0.0000000000000000000, 0.7849999999999999200 ) ) ;
#9395 = AXIS2_PLACEMENT_3D ( 'NONE', #5980, #9758, #11643 ) ;
#9396 = ORIENTED_EDGE ( 'NONE', *, *, #7520, .T. ) ;
#9397 = FACE_OUTER_BOUND ( 'NONE', #5169, .T. ) ;
#9398 = CARTESIAN_POINT ( 'NONE',  ( 1.465000000000000500, 0.6218078318274392600, 1.725000000000001200 ) ) ;
#9399 = VECTOR ( 'NONE', #1656, 1000.000000000000000 ) ;
#9400 = DIRECTION ( 'NONE',  ( -0.7071067811865474600, 0.0000000000000000000, -0.7071067811865474600 ) ) ;
#9401 = AXIS2_PLACEMENT_3D ( 'NONE', #11824, #10996, #8893 ) ;
#9402 = CARTESIAN_POINT ( 'NONE',  ( 0.5650000000000008300, 0.0000000000000000000, 2.000000000000000400 ) ) ;
#9403 = ORIENTED_EDGE ( 'NONE', *, *, #2439, .T. ) ;
#9404 = VERTEX_POINT ( 'NONE', #11245 ) ;
#9405 = DIRECTION ( 'NONE',  ( 0.0000000000000000000, -1.000000000000000000, 0.0000000000000000000 ) ) ;
#9406 = DIRECTION ( 'NONE',  ( -0.0000000000000000000, -0.0000000000000000000, 1.000000000000000000 ) ) ;
#9407 = EDGE_LOOP ( 'NONE', ( #4930, #12166, #12419, #4491 ) ) ;
#9408 = ADVANCED_FACE ( 'NONE', ( #5205 ), #3440, .T. ) ;
#9409 = EDGE_CURVE ( 'NONE', #4164, #8539, #2510, .T. ) ;
#9410 = LINE ( 'NONE', #7557, #10465 ) ;
#9411 = CARTESIAN_POINT ( 'NONE',  ( -1.650000000000000800, 0.05000000000000023900, 0.4099999999999999800 ) ) ;
#9412 = ORIENTED_EDGE ( 'NONE', *, *, #10206, .F. ) ;
#9413 = DIRECTION ( 'NONE',  ( -0.0000000000000000000, -1.000000000000000000, -0.0000000000000000000 ) ) ;
#9414 = VECTOR ( 'NONE', #7210, 1000.000000000000000 ) ;
#9415 = CIRCLE ( 'NONE', #533, 0.07499999999999998300 ) ;
#9416 = VERTEX_POINT ( 'NONE', #3481 ) ;
#9417 = ORIENTED_EDGE ( 'NONE', *, *, #3892, .F. ) ;
#9418 = CARTESIAN_POINT ( 'NONE',  ( -0.3349999999999991300, 0.2030000000000000100, 2.000000000000000400 ) ) ;
#9419 = VERTEX_POINT ( 'NONE', #1562 ) ;
#9420 = EDGE_CURVE ( 'NONE', #9030, #5067, #2661, .T. ) ;
#9421 = AXIS2_PLACEMENT_3D ( 'NONE', #5093, #7921, #2188 ) ;
#9422 = ADVANCED_FACE ( 'NONE', ( #2349 ), #3574, .F. ) ;
#9423 = CIRCLE ( 'NONE', #11592, 0.07499999999999998300 ) ;
#9424 = CARTESIAN_POINT ( 'NONE',  ( -1.725000000000000800, 0.2030000000000000100, -0.5649999999999999500 ) ) ;
#9425 = EDGE_CURVE ( 'NONE', #2794, #4976, #9736, .T. ) ;
#9426 = CARTESIAN_POINT ( 'NONE',  ( -2.000000000000000900, 0.6218078318274388200, 0.5649999999999999500 ) ) ;
#9427 = LINE ( 'NONE', #3675, #9118 ) ;
#9428 = VERTEX_POINT ( 'NONE', #4538 ) ;
#9429 = DIRECTION ( 'NONE',  ( -1.000000000000000000, 0.0000000000000000000, 0.0000000000000000000 ) ) ;
#9430 = ORIENTED_EDGE ( 'NONE', *, *, #4643, .T. ) ;
#9431 = CARTESIAN_POINT ( 'NONE',  ( 1.999999999999999100, 0.05000000000000000300, 1.999999999999999600 ) ) ;
#9432 = ORIENTED_EDGE ( 'NONE', *, *, #9237, .T. ) ;
#9433 = ORIENTED_EDGE ( 'NONE', *, *, #7623, .T. ) ;
#9434 = DIRECTION ( 'NONE',  ( 0.0000000000000000000, 1.000000000000000000, 0.0000000000000000000 ) ) ;
#9435 = CARTESIAN_POINT ( 'NONE',  ( -1.725000000000000800, 0.0000000000000000000, -0.1149999999999998700 ) ) ;
#9436 = FACE_OUTER_BOUND ( 'NONE', #9153, .T. ) ;
#9437 = LINE ( 'NONE', #9490, #5951 ) ;
#9438 = VECTOR ( 'NONE', #7930, 1000.000000000000000 ) ;
#9439 = DIRECTION ( 'NONE',  ( 1.000000000000000000, -0.0000000000000000000, -2.168404344971008900E-016 ) ) ;
#9440 = ORIENTED_EDGE ( 'NONE', *, *, #8775, .F. ) ;
#9441 = FILL_AREA_STYLE ('',( #7149 ) ) ;
#9442 = CARTESIAN_POINT ( 'NONE',  ( -1.389999999999999700, 0.2030000000000000100, 1.725000000000000800 ) ) ;
#9443 = ORIENTED_EDGE ( 'NONE', *, *, #12125, .F. ) ;
#9444 = ORIENTED_EDGE ( 'NONE', *, *, #8083, .F. ) ;
#9445 = EDGE_CURVE ( 'NONE', #4654, #4225, #5063, .T. ) ;
#9446 = EDGE_LOOP ( 'NONE', ( #1897, #8336, #5684, #10724 ) ) ;
#9447 = EDGE_CURVE ( 'NONE', #10545, #4572, #6839, .T. ) ;
#9448 = FILL_AREA_STYLE ('',( #804 ) ) ;
#9449 = DIRECTION ( 'NONE',  ( -0.0000000000000000000, -0.0000000000000000000, 1.000000000000000000 ) ) ;
#9450 = DIRECTION ( 'NONE',  ( 1.000000000000000000, 0.0000000000000000000, -0.0000000000000000000 ) ) ;
#9451 = DIRECTION ( 'NONE',  ( 0.0000000000000000000, 0.0000000000000000000, -1.000000000000000000 ) ) ;
#9452 = CIRCLE ( 'NONE', #3933, 0.07499999999999998300 ) ;
#9453 = PLANE ( 'NONE',  #11298 ) ;
#9454 = CARTESIAN_POINT ( 'NONE',  ( 1.464999999999999900, 0.6218078318274392600, -1.725000000000000300 ) ) ;
#9455 = CIRCLE ( 'NONE', #8529, 0.07499999999999998300 ) ;
#9456 = DIRECTION ( 'NONE',  ( -2.365532012695645400E-015, 0.0000000000000000000, 1.000000000000000000 ) ) ;
#9457 = ORIENTED_EDGE ( 'NONE', *, *, #8971, .F. ) ;
#9458 = ORIENTED_EDGE ( 'NONE', *, *, #657, .T. ) ;
#9459 = ADVANCED_FACE ( 'NONE', ( #128 ), #11162, .T. ) ;
#9460 = ORIENTED_EDGE ( 'NONE', *, *, #7292, .T. ) ;
#9461 = ORIENTED_EDGE ( 'NONE', *, *, #12101, .T. ) ;
#9462 = VECTOR ( 'NONE', #7155, 1000.000000000000000 ) ;
#9463 = ORIENTED_EDGE ( 'NONE', *, *, #10537, .T. ) ;
#9464 = STYLED_ITEM ( 'NONE', ( #11262 ), #851 ) ;
#9465 = CARTESIAN_POINT ( 'NONE',  ( 1.999999999999999100, 7.256854249492381100, 1.999999999999999600 ) ) ;
#9466 = LINE ( 'NONE', #12193, #8531 ) ;
#9467 = EDGE_CURVE ( 'NONE', #10584, #9317, #10035, .T. ) ;
#9468 = VECTOR ( 'NONE', #1655, 1000.000000000000000 ) ;
#9469 = EDGE_CURVE ( 'NONE', #7032, #7031, #11799, .T. ) ;
#9470 = PLANE ( 'NONE',  #1910 ) ;
#9471 = CARTESIAN_POINT ( 'NONE',  ( 0.1150000000000005200, 0.6218078318274392600, 1.725000000000001200 ) ) ;
#9472 = ORIENTED_EDGE ( 'NONE', *, *, #7387, .T. ) ;
#9473 = ORIENTED_EDGE ( 'NONE', *, *, #1301, .T. ) ;
#9474 = CARTESIAN_POINT ( 'NONE',  ( 0.8600000000000001000, 0.6218078318274392600, 1.725000000000000800 ) ) ;
#9475 = ADVANCED_FACE ( 'NONE', ( #4169 ), #12323, .F. ) ;
#9476 = CARTESIAN_POINT ( 'NONE',  ( 0.4899999999999997700, 0.0000000000000000000, -1.650000000000000100 ) ) ;
#9477 = VECTOR ( 'NONE', #9159, 1000.000000000000000 ) ;
#9478 = DIRECTION ( 'NONE',  ( 7.885106708985486100E-016, 0.0000000000000000000, -1.000000000000000000 ) ) ;
#9479 = VECTOR ( 'NONE', #292, 1000.000000000000000 ) ;
#9480 = AXIS2_PLACEMENT_3D ( 'NONE', #11287, #2604, #10264 ) ;
#9481 = DIRECTION ( 'NONE',  ( 1.000000000000000000, -0.0000000000000000000, 0.0000000000000000000 ) ) ;
#9482 = AXIS2_PLACEMENT_3D ( 'NONE', #4542, #10223, #11254 ) ;
#9483 = ORIENTED_EDGE ( 'NONE', *, *, #6067, .F. ) ;
#9484 = DIRECTION ( 'NONE',  ( -0.0000000000000000000, -1.000000000000000000, -0.0000000000000000000 ) ) ;
#9485 = EDGE_CURVE ( 'NONE', #2342, #8539, #12414, .T. ) ;
#9486 = DIRECTION ( 'NONE',  ( 0.0000000000000000000, -0.0000000000000000000, -1.000000000000000000 ) ) ;
#9487 = LINE ( 'NONE', #8456, #1674 ) ;
#9488 = ADVANCED_FACE ( 'NONE', ( #1616 ), #11441, .F. ) ;
#9489 = CIRCLE ( 'NONE', #1221, 0.07499999999999998300 ) ;
#9490 = CARTESIAN_POINT ( 'NONE',  ( -0.8599999999999999900, 0.2030000000000000100, 1.650000000000000800 ) ) ;
#9491 = DIRECTION ( 'NONE',  ( -2.365532012695645800E-015, 0.0000000000000000000, 1.000000000000000000 ) ) ;
#9492 = CARTESIAN_POINT ( 'NONE',  ( 1.725000000000000800, 0.6218078318274388200, -0.3350000000000004600 ) ) ;
#9493 = CARTESIAN_POINT ( 'NONE',  ( -2.000000000000000900, 0.2030000000000000700, 1.014999999999999900 ) ) ;
#9494 = EDGE_CURVE ( 'NONE', #9317, #242, #7294, .T. ) ;
#9495 = ORIENTED_EDGE ( 'NONE', *, *, #6451, .T. ) ;
#9496 = DIRECTION ( 'NONE',  ( 0.0000000000000000000, 0.0000000000000000000, -1.000000000000000000 ) ) ;
#9497 = CIRCLE ( 'NONE', #12077, 0.07499999999999998300 ) ;
#9498 = CARTESIAN_POINT ( 'NONE',  ( 0.1150000000000005200, 0.0000000000000000000, 1.725000000000001200 ) ) ;
#9499 = AXIS2_PLACEMENT_3D ( 'NONE', #7361, #3615, #9451 ) ;
#9500 = CARTESIAN_POINT ( 'NONE',  ( -1.725000000000000800, 0.05000000000000023900, 1.235000000000000100 ) ) ;
#9501 = FACE_OUTER_BOUND ( 'NONE', #10527, .T. ) ;
#9502 = EDGE_CURVE ( 'NONE', #10569, #4102, #5798, .T. ) ;
#9503 = CARTESIAN_POINT ( 'NONE',  ( 1.857503272058750300, 0.2030000000000000100, -1.517503272058749800 ) ) ;
#9504 = DIRECTION ( 'NONE',  ( 0.0000000000000000000, -0.0000000000000000000, -1.000000000000000000 ) ) ;
#9505 = ORIENTED_EDGE ( 'NONE', *, *, #2348, .T. ) ;
#9506 = EDGE_LOOP ( 'NONE', ( #11852, #5185, #6422, #12395 ) ) ;
#9507 = CARTESIAN_POINT ( 'NONE',  ( 1.014999999999999700, 0.2030000000000000100, -1.725000000000000300 ) ) ;
#9508 = DIRECTION ( 'NONE',  ( -0.0000000000000000000, -1.000000000000000000, -0.0000000000000000000 ) ) ;
#9509 = PLANE ( 'NONE',  #11566 ) ;
#9510 = FACE_OUTER_BOUND ( 'NONE', #1327, .T. ) ;
#9511 = VECTOR ( 'NONE', #30, 1000.000000000000000 ) ;
#9512 =( LENGTH_UNIT ( ) NAMED_UNIT ( * ) SI_UNIT ( .MILLI., .METRE. ) );
#9513 = AXIS2_PLACEMENT_3D ( 'NONE', #6283, #11159, #2388 ) ;
#9514 = ADVANCED_FACE ( 'NONE', ( #4610 ), #4657, .F. ) ;
#9515 = EDGE_CURVE ( 'NONE', #3494, #5905, #11511, .T. ) ;
#9516 = DIRECTION ( 'NONE',  ( -1.000000000000000000, 0.0000000000000000000, 0.0000000000000000000 ) ) ;
#9517 = ORIENTED_EDGE ( 'NONE', *, *, #11031, .T. ) ;
#9518 = EDGE_CURVE ( 'NONE', #1424, #6003, #6998, .T. ) ;
#9519 = VERTEX_POINT ( 'NONE', #4695 ) ;
#9520 = VECTOR ( 'NONE', #7356, 1000.000000000000000 ) ;
#9521 = LINE ( 'NONE', #826, #5002 ) ;
#9522 = DIRECTION ( 'NONE',  ( -0.0000000000000000000, -1.000000000000000000, -0.0000000000000000000 ) ) ;
#9523 = LINE ( 'NONE', #11168, #969 ) ;
#9524 = DIRECTION ( 'NONE',  ( 0.0000000000000000000, 1.000000000000000000, -0.0000000000000000000 ) ) ;
#9525 = DIRECTION ( 'NONE',  ( 0.0000000000000000000, 0.0000000000000000000, 1.000000000000000000 ) ) ;
#9526 = CARTESIAN_POINT ( 'NONE',  ( 0.3350000000000002400, 0.2030000000000000100, 1.725000000000001200 ) ) ;
#9527 = ORIENTED_EDGE ( 'NONE', *, *, #1191, .F. ) ;
#9528 = PLANE ( 'NONE',  #5459 ) ;
#9529 = ORIENTED_EDGE ( 'NONE', *, *, #11936, .F. ) ;
#9530 = VECTOR ( 'NONE', #9150, 1000.000000000000000 ) ;
#9531 = DIRECTION ( 'NONE',  ( 0.0000000000000000000, 0.0000000000000000000, -1.000000000000000000 ) ) ;
#9532 = DIRECTION ( 'NONE',  ( 1.000000000000000000, 0.0000000000000000000, 0.0000000000000000000 ) ) ;
#9533 = EDGE_CURVE ( 'NONE', #3111, #6094, #724, .T. ) ;
#9534 = DIRECTION ( 'NONE',  ( 0.0000000000000000000, 0.0000000000000000000, -1.000000000000000000 ) ) ;
#9535 = DIRECTION ( 'NONE',  ( 0.0000000000000000000, 1.000000000000000000, 0.0000000000000000000 ) ) ;
#9536 = EDGE_CURVE ( 'NONE', #5344, #10932, #10624, .T. ) ;
#9537 = FACE_OUTER_BOUND ( 'NONE', #11919, .T. ) ;
#9538 = CARTESIAN_POINT ( 'NONE',  ( -1.725000000000000800, 0.2030000000000000100, -0.8599999999999999900 ) ) ;
#9539 = EDGE_CURVE ( 'NONE', #4947, #32, #7441, .T. ) ;
#9540 = SURFACE_STYLE_USAGE ( .BOTH. , #982 ) ;
#9541 = VERTEX_POINT ( 'NONE', #10505 ) ;
#9542 = VERTEX_POINT ( 'NONE', #10460 ) ;
#9543 = ORIENTED_EDGE ( 'NONE', *, *, #7428, .T. ) ;
#9544 = CARTESIAN_POINT ( 'NONE',  ( 0.04000000000000010500, 0.2030000000000000100, 1.650000000000000800 ) ) ;
#9545 = ORIENTED_EDGE ( 'NONE', *, *, #4099, .T. ) ;
#9546 = DIRECTION ( 'NONE',  ( 0.0000000000000000000, -1.000000000000000000, 0.0000000000000000000 ) ) ;
#9547 = ADVANCED_FACE ( 'NONE', ( #5499 ), #5528, .F. ) ;
#9548 = VECTOR ( 'NONE', #5412, 1000.000000000000000 ) ;
#9549 = AXIS2_PLACEMENT_3D ( 'NONE', #5724, #942, #3780 ) ;
#9550 = CARTESIAN_POINT ( 'NONE',  ( -0.1149999999999996600, 0.2030000000000000100, 2.000000000000000400 ) ) ;
#9551 = DIRECTION ( 'NONE',  ( 0.0000000000000000000, 0.0000000000000000000, 1.000000000000000000 ) ) ;
#9552 = ORIENTED_EDGE ( 'NONE', *, *, #776, .F. ) ;
#9553 = LINE ( 'NONE', #11046, #98 ) ;
#9554 = PRESENTATION_LAYER_ASSIGNMENT (  '', '', ( #8062 ) ) ;
#9555 = CARTESIAN_POINT ( 'NONE',  ( 0.5650000000000008300, 0.2030000000000000100, 2.000000000000000400 ) ) ;
#9556 = DIRECTION ( 'NONE',  ( 0.0000000000000000000, -1.000000000000000000, 0.0000000000000000000 ) ) ;
#9557 = EDGE_CURVE ( 'NONE', #242, #9867, #8034, .T. ) ;
#9558 = FACE_OUTER_BOUND ( 'NONE', #3269, .T. ) ;
#9559 = ORIENTED_EDGE ( 'NONE', *, *, #10741, .T. ) ;
#9560 = LINE ( 'NONE', #3285, #11349 ) ;
#9561 = ORIENTED_EDGE ( 'NONE', *, *, #10392, .F. ) ;
#9562 = FACE_OUTER_BOUND ( 'NONE', #12373, .T. ) ;
#9563 = ORIENTED_EDGE ( 'NONE', *, *, #7134, .T. ) ;
#9564 = ORIENTED_EDGE ( 'NONE', *, *, #4433, .T. ) ;
#9565 = DIRECTION ( 'NONE',  ( 1.000000000000000000, -0.0000000000000000000, 1.577021341797097000E-015 ) ) ;
#9566 = ORIENTED_EDGE ( 'NONE', *, *, #812, .F. ) ;
#9567 = ORIENTED_EDGE ( 'NONE', *, *, #1667, .F. ) ;
#9568 = PRESENTATION_STYLE_ASSIGNMENT (( #6891 ) ) ;
#9569 = DIRECTION ( 'NONE',  ( 0.0000000000000000000, -1.000000000000000000, 0.0000000000000000000 ) ) ;
#9570 = VECTOR ( 'NONE', #3011, 1000.000000000000000 ) ;
#9571 = DIRECTION ( 'NONE',  ( -0.7071067811865474600, 0.0000000000000000000, -0.7071067811865474600 ) ) ;
#9572 = CYLINDRICAL_SURFACE ( 'NONE', #11668, 0.07499999999999998300 ) ;
#9573 = ORIENTED_EDGE ( 'NONE', *, *, #5164, .F. ) ;
#9574 = ORIENTED_EDGE ( 'NONE', *, *, #677, .F. ) ;
#9575 = CARTESIAN_POINT ( 'NONE',  ( 0.03999999999999989000, 0.0000000000000000000, -1.650000000000000400 ) ) ;
#9576 = DIRECTION ( 'NONE',  ( 0.0000000000000000000, -1.000000000000000000, 0.0000000000000000000 ) ) ;
#9577 = EDGE_CURVE ( 'NONE', #8819, #2697, #6694, .T. ) ;
#9578 = ORIENTED_EDGE ( 'NONE', *, *, #10241, .T. ) ;
#9579 = CARTESIAN_POINT ( 'NONE',  ( 2.000000000000000900, 0.04999999999999991300, 0.5649999999999999500 ) ) ;
#9580 = CARTESIAN_POINT ( 'NONE',  ( 1.725000000000000800, 0.2030000000000000100, -1.465000000000000300 ) ) ;
#9581 = EDGE_LOOP ( 'NONE', ( #1166, #8561, #12366, #7289 ) ) ;
#9582 = CARTESIAN_POINT ( 'NONE',  ( 2.000000000000000900, 0.04999999999999991300, -0.1149999999999998700 ) ) ;
#9583 = ADVANCED_FACE ( 'NONE', ( #10189 ), #7450, .T. ) ;
#9584 = CARTESIAN_POINT ( 'NONE',  ( 1.465000000000001000, 0.2030000000000000100, 2.000000000000000400 ) ) ;
#9585 = VECTOR ( 'NONE', #5690, 1000.000000000000000 ) ;
#9586 = VECTOR ( 'NONE', #1185, 1000.000000000000000 ) ;
#9587 = LINE ( 'NONE', #10109, #8039 ) ;
#9588 = DIRECTION ( 'NONE',  ( 0.0000000000000000000, -1.000000000000000000, 0.0000000000000000000 ) ) ;
#9589 = ORIENTED_EDGE ( 'NONE', *, *, #7406, .F. ) ;
#9590 = EDGE_CURVE ( 'NONE', #3591, #9151, #11644, .T. ) ;
#9591 = ORIENTED_EDGE ( 'NONE', *, *, #9200, .T. ) ;
#9592 = ORIENTED_EDGE ( 'NONE', *, *, #6254, .F. ) ;
#9593 = MECHANICAL_DESIGN_GEOMETRIC_PRESENTATION_REPRESENTATION (  '', ( #5699 ), #10237 ) ;
#9594 = ORIENTED_EDGE ( 'NONE', *, *, #7952, .T. ) ;
#9595 = CARTESIAN_POINT ( 'NONE',  ( -0.7849999999999995900, 0.2030000000000000100, 1.725000000000001200 ) ) ;
#9596 = CARTESIAN_POINT ( 'NONE',  ( 0.7849999999999997000, 0.2030000000000000100, -2.000000000000000400 ) ) ;
#9597 = EDGE_CURVE ( 'NONE', #668, #4466, #286, .T. ) ;
#9598 = CARTESIAN_POINT ( 'NONE',  ( 0.4100000000000002000, 0.2030000000000000100, 1.725000000000000800 ) ) ;
#9599 = VECTOR ( 'NONE', #807, 1000.000000000000000 ) ;
#9600 = FACE_OUTER_BOUND ( 'NONE', #5794, .T. ) ;
#9601 = CARTESIAN_POINT ( 'NONE',  ( -1.310000000000000300, 0.04999999999999999600, -1.725000000000000300 ) ) ;
#9602 = LINE ( 'NONE', #5601, #3887 ) ;
#9603 = VERTEX_POINT ( 'NONE', #2921 ) ;
#9604 = DIRECTION ( 'NONE',  ( 0.0000000000000000000, -0.0000000000000000000, 1.000000000000000000 ) ) ;
#9605 = ORIENTED_EDGE ( 'NONE', *, *, #1047, .F. ) ;
#9606 = EDGE_LOOP ( 'NONE', ( #6754, #10475, #4101, #6427 ) ) ;
#9607 = EDGE_LOOP ( 'NONE', ( #6881, #9739, #11327, #4703 ) ) ;
#9608 = EDGE_LOOP ( 'NONE', ( #1903, #6517, #585, #7114, #12002, #2878 ) ) ;
#9609 = ORIENTED_EDGE ( 'NONE', *, *, #11165, .T. ) ;
#9610 = CYLINDRICAL_SURFACE ( 'NONE', #971, 0.07499999999999998300 ) ;
#9611 = AXIS2_PLACEMENT_3D ( 'NONE', #4310, #10398, #10597 ) ;
#9612 = FILL_AREA_STYLE_COLOUR ( '', #10451 ) ;
#9613 = CARTESIAN_POINT ( 'NONE',  ( -1.725000000000000800, 0.6218078318274388200, 0.7849999999999999200 ) ) ;
#9614 = CYLINDRICAL_SURFACE ( 'NONE', #7783, 0.07500000000000019200 ) ;
#9615 = EDGE_CURVE ( 'NONE', #8132, #6766, #1323, .T. ) ;
#9616 = EDGE_CURVE ( 'NONE', #10774, #7757, #8653, .T. ) ;
#9617 = ADVANCED_FACE ( 'NONE', ( #8172 ), #8576, .F. ) ;
#9618 = EDGE_CURVE ( 'NONE', #717, #2328, #5051, .T. ) ;
#9619 = ORIENTED_EDGE ( 'NONE', *, *, #7634, .F. ) ;
#9620 = PLANE ( 'NONE',  #1871 ) ;
#9621 = ORIENTED_EDGE ( 'NONE', *, *, #4668, .F. ) ;
#9622 = VERTEX_POINT ( 'NONE', #3818 ) ;
#9623 = MANIFOLD_SOLID_BREP ( 'LPattern4[7]', #12109 ) ;
#9624 = DIRECTION ( 'NONE',  ( -0.0000000000000000000, -1.000000000000000000, -0.0000000000000000000 ) ) ;
#9625 = DIRECTION ( 'NONE',  ( 0.0000000000000000000, 1.000000000000000000, 0.0000000000000000000 ) ) ;
#9626 = DIRECTION ( 'NONE',  ( -1.668003342285390300E-016, 0.0000000000000000000, 1.000000000000000000 ) ) ;
#9627 = DIRECTION ( 'NONE',  ( -0.0000000000000000000, -1.000000000000000000, -0.0000000000000000000 ) ) ;
#9628 = CARTESIAN_POINT ( 'NONE',  ( -1.600000000000000800, 0.6999999999999999600, -1.600000000000000300 ) ) ;
#9629 = ORIENTED_EDGE ( 'NONE', *, *, #9365, .T. ) ;
#9630 = VECTOR ( 'NONE', #809, 1000.000000000000000 ) ;
#9631 = DIRECTION ( 'NONE',  ( 0.0000000000000000000, 0.0000000000000000000, 1.000000000000000000 ) ) ;
#9632 = CARTESIAN_POINT ( 'NONE',  ( -0.7849999999999995900, 0.2030000000000000100, -2.000000000000000400 ) ) ;
#9633 = LINE ( 'NONE', #10183, #5105 ) ;
#9634 = MECHANICAL_DESIGN_GEOMETRIC_PRESENTATION_REPRESENTATION (  '', ( #7019 ), #1658 ) ;
#9635 = ORIENTED_EDGE ( 'NONE', *, *, #328, .T. ) ;
#9636 = DIRECTION ( 'NONE',  ( 1.000000000000000000, -0.0000000000000000000, -0.0000000000000000000 ) ) ;
#9637 = AXIS2_PLACEMENT_3D ( 'NONE', #5025, #8846, #1220 ) ;
#9638 = CARTESIAN_POINT ( 'NONE',  ( -1.725000000000000800, 0.6218078318274388200, 1.014999999999999900 ) ) ;
#9639 = LINE ( 'NONE', #3334, #8863 ) ;
#9640 = ORIENTED_EDGE ( 'NONE', *, *, #9539, .T. ) ;
#9641 = CARTESIAN_POINT ( 'NONE',  ( 1.299999999999998700, 3.879955262170047700, 1.300000000000001200 ) ) ;
#9642 = VECTOR ( 'NONE', #6161, 1000.000000000000000 ) ;
#9643 = EDGE_CURVE ( 'NONE', #11848, #2535, #7584, .T. ) ;
#9644 = VECTOR ( 'NONE', #9302, 1000.000000000000000 ) ;
#9645 = CARTESIAN_POINT ( 'NONE',  ( -1.650000000000000800, 0.2030000000000000100, 0.04000000000000010500 ) ) ;
#9646 = CARTESIAN_POINT ( 'NONE',  ( -2.000000000000000900, 0.05000000000000000300, -2.000000000000000400 ) ) ;
#9647 = EDGE_LOOP ( 'NONE', ( #11831, #9403, #6017, #11933 ) ) ;
#9648 = CARTESIAN_POINT ( 'NONE',  ( 1.464999999999999900, 0.2030000000000000100, -1.725000000000000300 ) ) ;
#9649 = ADVANCED_FACE ( 'NONE', ( #7719 ), #3399, .F. ) ;
#9650 = DIRECTION ( 'NONE',  ( 0.0000000000000000000, 0.0000000000000000000, -1.000000000000000000 ) ) ;
#9651 = LINE ( 'NONE', #743, #1966 ) ;
#9652 = AXIS2_PLACEMENT_3D ( 'NONE', #9966, #447, #405 ) ;
#9653 = PRESENTATION_STYLE_ASSIGNMENT (( #841 ) ) ;
#9654 = CARTESIAN_POINT ( 'NONE',  ( -2.000000000000000900, 0.6218078318274388200, 1.235000000000000100 ) ) ;
#9655 = EDGE_CURVE ( 'NONE', #5929, #11865, #5193, .T. ) ;
#9656 = ORIENTED_EDGE ( 'NONE', *, *, #23, .T. ) ;
#9657 = ORIENTED_EDGE ( 'NONE', *, *, #11554, .F. ) ;
#9658 = CARTESIAN_POINT ( 'NONE',  ( 1.725000000000000800, 0.05000000000000002400, -0.8600000000000004300 ) ) ;
#9659 = CARTESIAN_POINT ( 'NONE',  ( 1.725000000000000800, 0.6218078318274388200, -1.235000000000000300 ) ) ;
#9660 = LINE ( 'NONE', #12403, #1090 ) ;
#9661 = CARTESIAN_POINT ( 'NONE',  ( -1.725000000000000800, 0.0000000000000000000, -0.3350000000000000200 ) ) ;
#9662 = DIRECTION ( 'NONE',  ( 1.000000000000000000, 0.0000000000000000000, -0.0000000000000000000 ) ) ;
#9663 = VECTOR ( 'NONE', #4199, 1000.000000000000000 ) ;
#9664 = DIRECTION ( 'NONE',  ( 7.885106708985485100E-016, 0.0000000000000000000, -1.000000000000000000 ) ) ;
#9665 = EDGE_CURVE ( 'NONE', #8819, #10380, #7878, .T. ) ;
#9666 = DIRECTION ( 'NONE',  ( 0.0000000000000000000, 0.0000000000000000000, -1.000000000000000000 ) ) ;
#9667 = AXIS2_PLACEMENT_3D ( 'NONE', #4123, #11830, #7992 ) ;
#9668 = DIRECTION ( 'NONE',  ( 0.0000000000000000000, 1.000000000000000000, 0.0000000000000000000 ) ) ;
#9669 = ORIENTED_EDGE ( 'NONE', *, *, #7508, .F. ) ;
#9670 = EDGE_LOOP ( 'NONE', ( #9706, #1706, #5413, #4957 ) ) ;
#9671 = VECTOR ( 'NONE', #10538, 1000.000000000000000 ) ;
#9672 = EDGE_CURVE ( 'NONE', #4306, #2944, #419, .T. ) ;
#9673 = FACE_OUTER_BOUND ( 'NONE', #8583, .T. ) ;
#9674 = DIRECTION ( 'NONE',  ( 1.000000000000000000, 0.0000000000000000000, -0.0000000000000000000 ) ) ;
#9675 = CARTESIAN_POINT ( 'NONE',  ( -2.000000000000000900, 0.05000000000000000300, 2.000000000000000400 ) ) ;
#9676 = VECTOR ( 'NONE', #3086, 1000.000000000000000 ) ;
#9677 = ADVANCED_FACE ( 'NONE', ( #5642 ), #5765, .T. ) ;
#9678 = DIRECTION ( 'NONE',  ( 0.0000000000000000000, -0.0000000000000000000, 1.000000000000000000 ) ) ;
#9679 = CARTESIAN_POINT ( 'NONE',  ( -0.3349999999999995800, 0.2030000000000001000, -2.000000000000000400 ) ) ;
#9680 = ORIENTED_EDGE ( 'NONE', *, *, #4039, .F. ) ;
#9681 = DIRECTION ( 'NONE',  ( -1.000000000000000000, 0.0000000000000000000, -2.365532012695645400E-015 ) ) ;
#9682 = ORIENTED_EDGE ( 'NONE', *, *, #11581, .F. ) ;
#9683 = FACE_OUTER_BOUND ( 'NONE', #1021, .T. ) ;
#9684 = DIRECTION ( 'NONE',  ( 0.0000000000000000000, 0.0000000000000000000, -1.000000000000000000 ) ) ;
#9685 = LINE ( 'NONE', #8869, #1710 ) ;
#9686 = AXIS2_PLACEMENT_3D ( 'NONE', #79, #4881, #2830 ) ;
#9687 = LINE ( 'NONE', #5066, #981 ) ;
#9688 =( LENGTH_UNIT ( ) NAMED_UNIT ( * ) SI_UNIT ( .MILLI., .METRE. ) );
#9689 = EDGE_CURVE ( 'NONE', #5362, #3111, #3088, .T. ) ;
#9690 = CARTESIAN_POINT ( 'NONE',  ( 1.725000000000000800, 0.6218078318274388200, 0.4899999999999995500 ) ) ;
#9691 = EDGE_CURVE ( 'NONE', #4401, #8415, #4014, .T. ) ;
#9692 = ORIENTED_EDGE ( 'NONE', *, *, #188, .T. ) ;
#9693 = ORIENTED_EDGE ( 'NONE', *, *, #3320, .F. ) ;
#9694 = EDGE_LOOP ( 'NONE', ( #3030, #8670, #11292, #8969 ) ) ;
#9695 = LINE ( 'NONE', #570, #4869 ) ;
#9696 = DIRECTION ( 'NONE',  ( 0.7071067811865474600, 0.0000000000000000000, 0.7071067811865474600 ) ) ;
#9697 = ORIENTED_EDGE ( 'NONE', *, *, #7537, .T. ) ;
#9698 = LINE ( 'NONE', #3865, #690 ) ;
#9699 = CARTESIAN_POINT ( 'NONE',  ( -0.03999999999999967500, 0.2030000000000000100, 1.650000000000000800 ) ) ;
#9700 = ORIENTED_EDGE ( 'NONE', *, *, #10392, .T. ) ;
#9701 = AXIS2_PLACEMENT_3D ( 'NONE', #10662, #4903, #59 ) ;
#9702 = ORIENTED_EDGE ( 'NONE', *, *, #2669, .F. ) ;
#9703 = VECTOR ( 'NONE', #12035, 1000.000000000000000 ) ;
#9704 = SURFACE_STYLE_USAGE ( .BOTH. , #7649 ) ;
#9705 =( NAMED_UNIT ( * ) PLANE_ANGLE_UNIT ( ) SI_UNIT ( $, .RADIAN. ) );
#9706 = ORIENTED_EDGE ( 'NONE', *, *, #11674, .T. ) ;
#9707 = CARTESIAN_POINT ( 'NONE',  ( 1.465000000000001000, 0.0000000000000000000, 2.000000000000000400 ) ) ;
#9708 = AXIS2_PLACEMENT_3D ( 'NONE', #4997, #4922, #1234 ) ;
#9709 = VERTEX_POINT ( 'NONE', #8962 ) ;
#9710 = CARTESIAN_POINT ( 'NONE',  ( -0.4099999999999999800, 0.2030000000000000100, 1.650000000000000800 ) ) ;
#9711 = EDGE_CURVE ( 'NONE', #11923, #10977, #8021, .T. ) ;
#9712 = DIRECTION ( 'NONE',  ( 7.885106708985485100E-016, 0.0000000000000000000, -1.000000000000000000 ) ) ;
#9713 = ADVANCED_FACE ( 'NONE', ( #272 ), #6849, .T. ) ;
#9714 = VERTEX_POINT ( 'NONE', #7971 ) ;
#9715 = CARTESIAN_POINT ( 'NONE',  ( -0.5650000000000003900, 0.6218078318274392600, -1.725000000000000300 ) ) ;
#9716 = LINE ( 'NONE', #6120, #10895 ) ;
#9717 = VECTOR ( 'NONE', #819, 1000.000000000000000 ) ;
#9718 = VERTEX_POINT ( 'NONE', #2241 ) ;
#9719 = DIRECTION ( 'NONE',  ( -0.0000000000000000000, -1.000000000000000000, -0.0000000000000000000 ) ) ;
#9720 = DIRECTION ( 'NONE',  ( 0.0000000000000000000, -1.000000000000000000, 0.0000000000000000000 ) ) ;
#9721 = ORIENTED_EDGE ( 'NONE', *, *, #3722, .F. ) ;
#9722 = DIRECTION ( 'NONE',  ( 0.0000000000000000000, 0.0000000000000000000, -1.000000000000000000 ) ) ;
#9723 = CARTESIAN_POINT ( 'NONE',  ( 0.7850000000000001400, 0.0000000000000000000, 1.725000000000001200 ) ) ;
#9724 = AXIS2_PLACEMENT_3D ( 'NONE', #2042, #9794, #1175 ) ;
#9725 = ORIENTED_EDGE ( 'NONE', *, *, #4658, .F. ) ;
#9726 = FACE_OUTER_BOUND ( 'NONE', #11224, .T. ) ;
#9727 = CARTESIAN_POINT ( 'NONE',  ( 1.725000000000000800, 0.6218078318274388200, -1.235000000000000300 ) ) ;
#9728 = LINE ( 'NONE', #6710, #9265 ) ;
#9729 = EDGE_LOOP ( 'NONE', ( #11210, #4624, #659, #8993 ) ) ;
#9730 = VERTEX_POINT ( 'NONE', #2159 ) ;
#9731 = VERTEX_POINT ( 'NONE', #4192 ) ;
#9732 = EDGE_LOOP ( 'NONE', ( #1298, #5008, #3679, #3846 ) ) ;
#9733 = DIRECTION ( 'NONE',  ( 0.0000000000000000000, 0.0000000000000000000, -1.000000000000000000 ) ) ;
#9734 = EDGE_CURVE ( 'NONE', #7743, #5800, #1467, .T. ) ;
#9735 = DIRECTION ( 'NONE',  ( -0.0000000000000000000, -1.000000000000000000, -0.0000000000000000000 ) ) ;
#9736 = CIRCLE ( 'NONE', #10812, 0.07499999999999998300 ) ;
#9737 = LINE ( 'NONE', #8934, #6248 ) ;
#9738 = SURFACE_SIDE_STYLE ('',( #246 ) ) ;
#9739 = ORIENTED_EDGE ( 'NONE', *, *, #5542, .F. ) ;
#9740 = ORIENTED_EDGE ( 'NONE', *, *, #1512, .F. ) ;
#9741 = CARTESIAN_POINT ( 'NONE',  ( -1.725000000000000800, 0.2030000000000000100, -0.4899999999999999900 ) ) ;
#9742 = EDGE_LOOP ( 'NONE', ( #10280, #9977, #9804, #10246, #6690, #7555, #7207, #9917, #6560, #12141, #6872, #8286, #8590, #5495, #5947, #7394, #2978, #9190, #5237, #6958, #8379, #830, #6798, #10595, #1649, #6334, #9903, #8523, #2157, #4567, #4063, #6394 ) ) ;
#9743 = ORIENTED_EDGE ( 'NONE', *, *, #6576, .F. ) ;
#9744 = ORIENTED_EDGE ( 'NONE', *, *, #12144, .F. ) ;
#9745 = ADVANCED_FACE ( 'NONE', ( #5490 ), #1300, .F. ) ;
#9746 =( LENGTH_UNIT ( ) NAMED_UNIT ( * ) SI_UNIT ( .MILLI., .METRE. ) );
#9747 = STYLED_ITEM ( 'NONE', ( #2294 ), #4223 ) ;
#9748 = DIRECTION ( 'NONE',  ( 0.0000000000000000000, -1.000000000000000000, 0.0000000000000000000 ) ) ;
#9749 = CIRCLE ( 'NONE', #11440, 0.07499999999999998300 ) ;
#9750 = CARTESIAN_POINT ( 'NONE',  ( 1.234999999999999900, 0.0000000000000000000, -2.000000000000000400 ) ) ;
#9751 = LINE ( 'NONE', #2129, #4181 ) ;
#9752 = EDGE_CURVE ( 'NONE', #7694, #3392, #12090, .T. ) ;
#9753 = CYLINDRICAL_SURFACE ( 'NONE', #8769, 0.07499999999999998300 ) ;
#9754 = CARTESIAN_POINT ( 'NONE',  ( 1.725000000000000800, 0.2030000000000000100, 1.464999999999999600 ) ) ;
#9755 = ORIENTED_EDGE ( 'NONE', *, *, #11056, .F. ) ;
#9756 = ORIENTED_EDGE ( 'NONE', *, *, #7665, .T. ) ;
#9757 = ORIENTED_EDGE ( 'NONE', *, *, #8841, .F. ) ;
#9758 = DIRECTION ( 'NONE',  ( 0.0000000000000000000, 1.000000000000000000, 0.0000000000000000000 ) ) ;
#9759 = EDGE_LOOP ( 'NONE', ( #6066, #11192, #9412, #4291 ) ) ;
#9760 = VECTOR ( 'NONE', #6319, 1000.000000000000000 ) ;
#9761 = CARTESIAN_POINT ( 'NONE',  ( 2.000000000000000900, 0.0000000000000000000, 1.465000000000000100 ) ) ;
#9762 = CIRCLE ( 'NONE', #3299, 0.07499999999999998300 ) ;
#9763 = PRESENTATION_LAYER_ASSIGNMENT (  '', '', ( #9097 ) ) ;
#9764 = ORIENTED_EDGE ( 'NONE', *, *, #12215, .T. ) ;
#9765 = CARTESIAN_POINT ( 'NONE',  ( 1.805000000000000400, 0.6218078318274388200, 1.464999999999999900 ) ) ;
#9766 = DIRECTION ( 'NONE',  ( 0.0000000000000000000, -1.000000000000000000, 0.0000000000000000000 ) ) ;
#9767 = VERTEX_POINT ( 'NONE', #11717 ) ;
#9768 = ORIENTED_EDGE ( 'NONE', *, *, #12400, .F. ) ;
#9769 = DIRECTION ( 'NONE',  ( 1.000000000000000000, 0.0000000000000000000, 1.577021341797097400E-015 ) ) ;
#9770 = EDGE_CURVE ( 'NONE', #9167, #703, #2501, .T. ) ;
#9771 = DIRECTION ( 'NONE',  ( 1.000000000000000000, -0.0000000000000000000, -0.0000000000000000000 ) ) ;
#9772 = DIRECTION ( 'NONE',  ( 0.0000000000000000000, -1.000000000000000000, 0.0000000000000000000 ) ) ;
#9773 = LINE ( 'NONE', #5848, #1800 ) ;
#9774 = DIRECTION ( 'NONE',  ( 0.0000000000000000000, -1.000000000000000000, 0.0000000000000000000 ) ) ;
#9775 = ADVANCED_FACE ( 'NONE', ( #8949 ), #3206, .F. ) ;
#9776 = FACE_OUTER_BOUND ( 'NONE', #12277, .T. ) ;
#9777 = DIRECTION ( 'NONE',  ( 1.000000000000000000, -0.0000000000000000000, -0.0000000000000000000 ) ) ;
#9778 = ORIENTED_EDGE ( 'NONE', *, *, #10355, .T. ) ;
#9779 = ORIENTED_EDGE ( 'NONE', *, *, #10066, .T. ) ;
#9780 = MANIFOLD_SOLID_BREP ( 'LPattern3[1]', #6584 ) ;
#9781 = AXIS2_PLACEMENT_3D ( 'NONE', #1908, #5592, #6719 ) ;
#9782 = SURFACE_STYLE_USAGE ( .BOTH. , #9738 ) ;
#9783 = CARTESIAN_POINT ( 'NONE',  ( -2.000000000000000900, 0.2030000000000000100, -0.1149999999999998700 ) ) ;
#9784 = EDGE_CURVE ( 'NONE', #7147, #8675, #3858, .T. ) ;
#9785 = AXIS2_PLACEMENT_3D ( 'NONE', #5264, #8016, #2286 ) ;
#9786 = LINE ( 'NONE', #2516, #6735 ) ;
#9787 = EDGE_CURVE ( 'NONE', #4475, #5481, #8640, .T. ) ;
#9788 = CARTESIAN_POINT ( 'NONE',  ( -7.517135062566166700E-016, 0.05000000000000000300, -1.299999999999999800 ) ) ;
#9789 = LINE ( 'NONE', #416, #1070 ) ;
#9790 = CARTESIAN_POINT ( 'NONE',  ( 0.9399999999999996100, 0.0000000000000000000, -1.650000000000000400 ) ) ;
#9791 = DIRECTION ( 'NONE',  ( 0.0000000000000000000, 1.000000000000000000, 0.0000000000000000000 ) ) ;
#9792 = CARTESIAN_POINT ( 'NONE',  ( -0.03999999999999967500, 0.2030000000000000100, 1.650000000000000800 ) ) ;
#9793 = ORIENTED_EDGE ( 'NONE', *, *, #9171, .F. ) ;
#9794 = DIRECTION ( 'NONE',  ( 1.000000000000000000, -0.0000000000000000000, 0.0000000000000000000 ) ) ;
#9795 = DIRECTION ( 'NONE',  ( -0.0000000000000000000, -1.000000000000000000, -0.0000000000000000000 ) ) ;
#9796 = DIRECTION ( 'NONE',  ( 0.0000000000000000000, -0.0000000000000000000, -1.000000000000000000 ) ) ;
#9797 = LINE ( 'NONE', #12098, #5854 ) ;
#9798 = LINE ( 'NONE', #1947, #4222 ) ;
#9799 = AXIS2_PLACEMENT_3D ( 'NONE', #5788, #2009, #10756 ) ;
#9800 = CARTESIAN_POINT ( 'NONE',  ( -1.725000000000000800, 0.0000000000000000000, 0.3350000000000000200 ) ) ;
#9801 = AXIS2_PLACEMENT_3D ( 'NONE', #4656, #11244, #11406 ) ;
#9802 = CARTESIAN_POINT ( 'NONE',  ( 1.725000000000000800, 0.0000000000000000000, 0.7849999999999994800 ) ) ;
#9803 = DIRECTION ( 'NONE',  ( 0.0000000000000000000, -1.000000000000000000, 0.0000000000000000000 ) ) ;
#9804 = ORIENTED_EDGE ( 'NONE', *, *, #6946, .F. ) ;
#9805 = ADVANCED_FACE ( 'NONE', ( #6680 ), #714, .T. ) ;
#9806 = EDGE_CURVE ( 'NONE', #6652, #7368, #11358, .T. ) ;
#9807 = VECTOR ( 'NONE', #3133, 1000.000000000000000 ) ;
#9808 = CARTESIAN_POINT ( 'NONE',  ( -1.725000000000000800, 0.2030000000000000100, -0.3350000000000000200 ) ) ;
#9809 = CARTESIAN_POINT ( 'NONE',  ( 1.725000000000000800, 0.6218078318274388200, 1.014999999999999500 ) ) ;
#9810 = CARTESIAN_POINT ( 'NONE',  ( 0.0000000000000000000, 0.05000000000000000300, 1.650000000000000800 ) ) ;
#9811 = LINE ( 'NONE', #7399, #11880 ) ;
#9812 = DIRECTION ( 'NONE',  ( -0.0000000000000000000, -1.000000000000000000, -0.0000000000000000000 ) ) ;
#9813 = ORIENTED_EDGE ( 'NONE', *, *, #1950, .T. ) ;
#9814 = ORIENTED_EDGE ( 'NONE', *, *, #9203, .T. ) ;
#9815 = VECTOR ( 'NONE', #4168, 1000.000000000000000 ) ;
#9816 = DIRECTION ( 'NONE',  ( 1.000000000000000000, 0.0000000000000000000, -0.0000000000000000000 ) ) ;
#9817 = FACE_OUTER_BOUND ( 'NONE', #1847, .T. ) ;
#9818 = EDGE_CURVE ( 'NONE', #1595, #3747, #3235, .T. ) ;
#9819 = DIRECTION ( 'NONE',  ( 0.0000000000000000000, 0.0000000000000000000, 1.000000000000000000 ) ) ;
#9820 = ORIENTED_EDGE ( 'NONE', *, *, #675, .T. ) ;
#9821 = PLANE ( 'NONE',  #9341 ) ;
#9822 = ORIENTED_EDGE ( 'NONE', *, *, #2460, .F. ) ;
#9823 = CARTESIAN_POINT ( 'NONE',  ( 0.3349999999999995800, 0.0000000000000000000, -1.725000000000000300 ) ) ;
#9824 = DIRECTION ( 'NONE',  ( 0.7071067811865474600, 0.0000000000000000000, -0.7071067811865474600 ) ) ;
#9825 = EDGE_CURVE ( 'NONE', #4504, #6414, #10160, .T. ) ;
#9826 = LINE ( 'NONE', #6163, #7235 ) ;
#9827 = CARTESIAN_POINT ( 'NONE',  ( -1.725000000000000800, 0.6218078318274388200, 1.235000000000000100 ) ) ;
#9828 = DIRECTION ( 'NONE',  ( -1.445602896647339500E-015, 0.0000000000000000000, 1.000000000000000000 ) ) ;
#9829 = ADVANCED_FACE ( 'NONE', ( #8782 ), #4147, .F. ) ;
#9830 = DIRECTION ( 'NONE',  ( 0.0000000000000000000, -1.000000000000000000, 0.0000000000000000000 ) ) ;
#9831 = PLANE ( 'NONE',  #7533 ) ;
#9832 = EDGE_LOOP ( 'NONE', ( #8425, #5408, #11922, #8683 ) ) ;
#9833 = ORIENTED_EDGE ( 'NONE', *, *, #7171, .T. ) ;
#9834 = EDGE_CURVE ( 'NONE', #10181, #7276, #11773, .T. ) ;
#9835 = ORIENTED_EDGE ( 'NONE', *, *, #8578, .T. ) ;
#9836 = CARTESIAN_POINT ( 'NONE',  ( -0.4899999999999997700, 0.2030000000000000100, 1.650000000000000800 ) ) ;
#9837 = VECTOR ( 'NONE', #11247, 1000.000000000000000 ) ;
#9838 = ORIENTED_EDGE ( 'NONE', *, *, #2755, .T. ) ;
#9839 = CARTESIAN_POINT ( 'NONE',  ( -1.725000000000000800, 0.2030000000000000100, 1.235000000000000100 ) ) ;
#9840 = LINE ( 'NONE', #7844, #4118 ) ;
#9841 = ORIENTED_EDGE ( 'NONE', *, *, #6391, .T. ) ;
#9842 = CARTESIAN_POINT ( 'NONE',  ( 1.725000000000000800, 0.2030000000000000100, 0.9399999999999993900 ) ) ;
#9843 = DIRECTION ( 'NONE',  ( 1.000000000000000000, -0.0000000000000000000, -0.0000000000000000000 ) ) ;
#9844 = DIRECTION ( 'NONE',  ( 0.0000000000000000000, 0.0000000000000000000, -1.000000000000000000 ) ) ;
#9845 = ORIENTED_EDGE ( 'NONE', *, *, #7206, .T. ) ;
#9846 = ORIENTED_EDGE ( 'NONE', *, *, #10815, .T. ) ;
#9847 = ORIENTED_EDGE ( 'NONE', *, *, #9502, .F. ) ;
#9848 = DIRECTION ( 'NONE',  ( -0.7071067811865475700, 0.0000000000000000000, -0.7071067811865475700 ) ) ;
#9849 = MECHANICAL_DESIGN_GEOMETRIC_PRESENTATION_REPRESENTATION (  '', ( #7872 ), #5091 ) ;
#9850 = ORIENTED_EDGE ( 'NONE', *, *, #1321, .T. ) ;
#9851 = EDGE_CURVE ( 'NONE', #3750, #12051, #11628, .T. ) ;
#9852 = LINE ( 'NONE', #6579, #9384 ) ;
#9853 = EDGE_CURVE ( 'NONE', #11923, #10168, #7128, .T. ) ;
#9854 = ORIENTED_EDGE ( 'NONE', *, *, #6165, .T. ) ;
#9855 = LINE ( 'NONE', #5819, #2014 ) ;
#9856 = PLANE ( 'NONE',  #8550 ) ;
#9857 = CARTESIAN_POINT ( 'NONE',  ( -1.310000000000000300, 0.2030000000000000100, -1.650000000000000100 ) ) ;
#9858 = ADVANCED_FACE ( 'NONE', ( #12249 ), #7099, .T. ) ;
#9859 = DIRECTION ( 'NONE',  ( -0.0000000000000000000, -1.000000000000000000, -0.0000000000000000000 ) ) ;
#9860 = VERTEX_POINT ( 'NONE', #3561 ) ;
#9861 = VECTOR ( 'NONE', #7175, 1000.000000000000000 ) ;
#9862 = LINE ( 'NONE', #12314, #11491 ) ;
#9863 = AXIS2_PLACEMENT_3D ( 'NONE', #10823, #9911, #185 ) ;
#9864 = ORIENTED_EDGE ( 'NONE', *, *, #7712, .F. ) ;
#9865 = DIRECTION ( 'NONE',  ( -1.000000000000000000, 0.0000000000000000000, 0.0000000000000000000 ) ) ;
#9866 = DIRECTION ( 'NONE',  ( 0.0000000000000000000, -1.000000000000000000, 0.0000000000000000000 ) ) ;
#9867 = VERTEX_POINT ( 'NONE', #2326 ) ;
#9868 = AXIS2_PLACEMENT_3D ( 'NONE', #5575, #5535, #8375 ) ;
#9869 = ORIENTED_EDGE ( 'NONE', *, *, #1826, .F. ) ;
#9870 = CARTESIAN_POINT ( 'NONE',  ( 0.3350000000000002400, 0.2030000000000000100, 1.725000000000001200 ) ) ;
#9871 = CARTESIAN_POINT ( 'NONE',  ( -0.7850000000000002500, 0.2030000000000000100, -1.725000000000000300 ) ) ;
#9872 = EDGE_CURVE ( 'NONE', #7911, #3866, #4599, .T. ) ;
#9873 = CIRCLE ( 'NONE', #7675, 0.07499999999999998300 ) ;
#9874 = FACE_OUTER_BOUND ( 'NONE', #11561, .T. ) ;
#9875 = ORIENTED_EDGE ( 'NONE', *, *, #2011, .F. ) ;
#9876 = DIRECTION ( 'NONE',  ( 0.0000000000000000000, 0.0000000000000000000, 1.000000000000000000 ) ) ;
#9877 = VERTEX_POINT ( 'NONE', #9309 ) ;
#9878 = VERTEX_POINT ( 'NONE', #6222 ) ;
#9879 = DIRECTION ( 'NONE',  ( -0.0000000000000000000, -1.000000000000000000, -0.0000000000000000000 ) ) ;
#9880 = DIRECTION ( 'NONE',  ( -0.0000000000000000000, -1.000000000000000000, -0.0000000000000000000 ) ) ;
#9881 = CARTESIAN_POINT ( 'NONE',  ( 1.725000000000000800, 0.6218078318274388200, 0.9399999999999993900 ) ) ;
#9882 = DIRECTION ( 'NONE',  ( 1.000000000000000000, -0.0000000000000000000, 1.577021341797097000E-015 ) ) ;
#9883 = VECTOR ( 'NONE', #3393, 1000.000000000000000 ) ;
#9884 = AXIS2_PLACEMENT_3D ( 'NONE', #10678, #2296, #10009 ) ;
#9885 = LINE ( 'NONE', #726, #7296 ) ;
#9886 = CARTESIAN_POINT ( 'NONE',  ( -1.650000000000000800, 0.6218078318274388200, 0.9399999999999998400 ) ) ;
#9887 = LINE ( 'NONE', #11629, #6260 ) ;
#9888 = ORIENTED_EDGE ( 'NONE', *, *, #2460, .T. ) ;
#9889 = CARTESIAN_POINT ( 'NONE',  ( 1.650000000000000800, 0.6218078318274388200, 0.8599999999999994300 ) ) ;
#9890 = EDGE_CURVE ( 'NONE', #6518, #9978, #255, .T. ) ;
#9891 = ORIENTED_EDGE ( 'NONE', *, *, #10741, .F. ) ;
#9892 = ADVANCED_FACE ( 'NONE', ( #6667 ), #5467, .F. ) ;
#9893 = ORIENTED_EDGE ( 'NONE', *, *, #10909, .F. ) ;
#9894 = DIRECTION ( 'NONE',  ( -1.000000000000000000, 0.0000000000000000000, -0.0000000000000000000 ) ) ;
#9895 = ORIENTED_EDGE ( 'NONE', *, *, #2348, .F. ) ;
#9896 = LINE ( 'NONE', #7431, #1184 ) ;
#9897 = DIRECTION ( 'NONE',  ( 0.0000000000000000000, 1.000000000000000000, 0.0000000000000000000 ) ) ;
#9898 = VECTOR ( 'NONE', #6371, 1000.000000000000000 ) ;
#9899 = DIRECTION ( 'NONE',  ( 0.0000000000000000000, 0.0000000000000000000, -1.000000000000000000 ) ) ;
#9900 = COLOUR_RGB ( '',0.7921568627450980000, 0.8196078431372548800, 0.9333333333333333500 ) ;
#9901 = ORIENTED_EDGE ( 'NONE', *, *, #2708, .T. ) ;
#9902 = EDGE_CURVE ( 'NONE', #2328, #11652, #3073, .T. ) ;
#9903 = ORIENTED_EDGE ( 'NONE', *, *, #7238, .F. ) ;
#9904 = DIRECTION ( 'NONE',  ( 0.0000000000000000000, -1.000000000000000000, 0.0000000000000000000 ) ) ;
#9905 = VERTEX_POINT ( 'NONE', #11019 ) ;
#9906 = PRESENTATION_LAYER_ASSIGNMENT (  '', '', ( #1063 ) ) ;
#9907 = ORIENTED_EDGE ( 'NONE', *, *, #6482, .T. ) ;
#9908 = CARTESIAN_POINT ( 'NONE',  ( 0.1149999999999998700, 0.0000000000000000000, -1.725000000000000300 ) ) ;
#9909 = ORIENTED_EDGE ( 'NONE', *, *, #10072, .T. ) ;
#9910 = CARTESIAN_POINT ( 'NONE',  ( 0.03999999999999989000, 0.2030000000000000100, -1.650000000000000100 ) ) ;
#9911 = DIRECTION ( 'NONE',  ( 0.0000000000000000000, 1.000000000000000000, 0.0000000000000000000 ) ) ;
#9912 = EDGE_CURVE ( 'NONE', #1580, #4410, #2032, .T. ) ;
#9913 = CYLINDRICAL_SURFACE ( 'NONE', #93, 0.07499999999999998300 ) ;
#9914 = DIRECTION ( 'NONE',  ( 1.668003342285390600E-016, 0.0000000000000000000, -1.000000000000000000 ) ) ;
#9915 = VECTOR ( 'NONE', #310, 1000.000000000000000 ) ;
#9916 = CARTESIAN_POINT ( 'NONE',  ( 1.725000000000000800, 0.2030000000000001000, -1.235000000000000300 ) ) ;
#9917 = ORIENTED_EDGE ( 'NONE', *, *, #7050, .T. ) ;
#9918 = VERTEX_POINT ( 'NONE', #11271 ) ;
#9919 = ORIENTED_EDGE ( 'NONE', *, *, #9752, .T. ) ;
#9920 = DIRECTION ( 'NONE',  ( 0.0000000000000000000, 0.0000000000000000000, -1.000000000000000000 ) ) ;
#9921 = DIRECTION ( 'NONE',  ( 0.0000000000000000000, 0.0000000000000000000, -1.000000000000000000 ) ) ;
#9922 = DIRECTION ( 'NONE',  ( 0.0000000000000000000, 1.000000000000000000, 0.0000000000000000000 ) ) ;
#9923 = AXIS2_PLACEMENT_3D ( 'NONE', #4282, #5240, #1434 ) ;
#9924 = DIRECTION ( 'NONE',  ( 0.0000000000000000000, -0.0000000000000000000, 1.000000000000000000 ) ) ;
#9925 = FACE_OUTER_BOUND ( 'NONE', #7378, .T. ) ;
#9926 = ADVANCED_FACE ( 'NONE', ( #9099 ), #859, .T. ) ;
#9927 = COLOUR_RGB ( '',0.7921568627450980000, 0.8196078431372548800, 0.9333333333333333500 ) ;
#9928 = DIRECTION ( 'NONE',  ( 0.0000000000000000000, 0.0000000000000000000, 1.000000000000000000 ) ) ;
#9929 = EDGE_CURVE ( 'NONE', #8637, #9111, #1456, .T. ) ;
#9930 = EDGE_CURVE ( 'NONE', #12338, #8940, #11486, .T. ) ;
#9931 = CARTESIAN_POINT ( 'NONE',  ( 1.465000000000000500, 0.2030000000000000100, -2.000000000000000400 ) ) ;
#9932 = ORIENTED_EDGE ( 'NONE', *, *, #1951, .F. ) ;
#9933 = DIRECTION ( 'NONE',  ( -0.0000000000000000000, -1.000000000000000000, -0.0000000000000000000 ) ) ;
#9934 = CARTESIAN_POINT ( 'NONE',  ( 1.725000000000000800, 0.0000000000000000000, 0.7849999999999994800 ) ) ;
#9935 = VECTOR ( 'NONE', #5539, 1000.000000000000000 ) ;
#9936 = AXIS2_PLACEMENT_3D ( 'NONE', #5243, #2295, #1316 ) ;
#9937 = CARTESIAN_POINT ( 'NONE',  ( 1.725000000000000800, 0.0000000000000000000, -0.9400000000000003900 ) ) ;
#9938 = ORIENTED_EDGE ( 'NONE', *, *, #9485, .F. ) ;
#9939 =( NAMED_UNIT ( * ) SI_UNIT ( $, .STERADIAN. ) SOLID_ANGLE_UNIT ( ) );
#9940 = EDGE_LOOP ( 'NONE', ( #4343, #11749, #2537, #10485 ) ) ;
#9941 = ORIENTED_EDGE ( 'NONE', *, *, #776, .T. ) ;
#9942 = EDGE_CURVE ( 'NONE', #7897, #7685, #8159, .T. ) ;
#9943 = FACE_OUTER_BOUND ( 'NONE', #11843, .T. ) ;
#9944 = DIRECTION ( 'NONE',  ( -1.000000000000000000, 0.0000000000000000000, 0.0000000000000000000 ) ) ;
#9945 = CYLINDRICAL_SURFACE ( 'NONE', #1449, 0.07499999999999998300 ) ;
#9946 = CARTESIAN_POINT ( 'NONE',  ( -1.725000000000000800, 0.05000000000000023900, 0.1150000000000000900 ) ) ;
#9947 = LINE ( 'NONE', #4941, #6759 ) ;
#9948 = DIRECTION ( 'NONE',  ( 0.0000000000000000000, 0.0000000000000000000, -1.000000000000000000 ) ) ;
#9949 = CARTESIAN_POINT ( 'NONE',  ( 1.805000000000000600, 0.6218078318274388200, -1.465000000000000100 ) ) ;
#9950 = SHAPE_DEFINITION_REPRESENTATION ( #2368, #167 ) ;
#9951 = DIRECTION ( 'NONE',  ( -0.0000000000000000000, -1.000000000000000000, -0.0000000000000000000 ) ) ;
#9952 = CARTESIAN_POINT ( 'NONE',  ( -1.725000000000000800, 0.2030000000000001000, -1.234999999999999900 ) ) ;
#9953 = CARTESIAN_POINT ( 'NONE',  ( 1.650000000000000800, 0.2030000000000001000, -1.310000000000000500 ) ) ;
#9954 = ADVANCED_FACE ( 'NONE', ( #1885 ), #4769, .F. ) ;
#9955 = VERTEX_POINT ( 'NONE', #3644 ) ;
#9956 = EDGE_LOOP ( 'NONE', ( #7695, #9483, #9067, #4140 ) ) ;
#9957 = AXIS2_PLACEMENT_3D ( 'NONE', #752, #1617, #1698 ) ;
#9958 = CARTESIAN_POINT ( 'NONE',  ( -1.517503272058749800, 0.2030000000000000100, -1.857503272058750300 ) ) ;
#9959 = VECTOR ( 'NONE', #1921, 1000.000000000000100 ) ;
#9960 = CARTESIAN_POINT ( 'NONE',  ( 1.299999999999999200, 3.879955262170047700, -1.300000000000000300 ) ) ;
#9961 = AXIS2_PLACEMENT_3D ( 'NONE', #109, #2931, #6779 ) ;
#9962 = DIRECTION ( 'NONE',  ( -1.927470528863119300E-016, 0.0000000000000000000, 1.000000000000000000 ) ) ;
#9963 = LINE ( 'NONE', #1306, #3491 ) ;
#9964 = DIRECTION ( 'NONE',  ( 0.0000000000000000000, -1.000000000000000000, 0.0000000000000000000 ) ) ;
#9965 = EDGE_CURVE ( 'NONE', #9075, #11865, #9410, .T. ) ;
#9966 = CARTESIAN_POINT ( 'NONE',  ( -1.725000000000000800, 0.2030000000000000100, -0.4099999999999999800 ) ) ;
#9967 = EDGE_LOOP ( 'NONE', ( #8910, #8436, #10298, #10571 ) ) ;
#9968 = CARTESIAN_POINT ( 'NONE',  ( 1.725000000000000800, 0.2030000000000001000, -0.5650000000000003900 ) ) ;
#9969 = CARTESIAN_POINT ( 'NONE',  ( -1.015000000000000300, 0.04999999999999999600, -1.725000000000000300 ) ) ;
#9970 = ORIENTED_EDGE ( 'NONE', *, *, #4092, .F. ) ;
#9971 = VECTOR ( 'NONE', #843, 1000.000000000000000 ) ;
#9972 = FACE_OUTER_BOUND ( 'NONE', #8784, .T. ) ;
#9973 = SURFACE_STYLE_FILL_AREA ( #12333 ) ;
#9974 = DIRECTION ( 'NONE',  ( -1.577021341797101900E-015, -0.0000000000000000000, -1.000000000000000000 ) ) ;
#9975 = DIRECTION ( 'NONE',  ( 7.885106708985486100E-016, 0.0000000000000000000, -1.000000000000000000 ) ) ;
#9976 = AXIS2_PLACEMENT_3D ( 'NONE', #12021, #2332, #7265 ) ;
#9977 = ORIENTED_EDGE ( 'NONE', *, *, #2799, .T. ) ;
#9978 = VERTEX_POINT ( 'NONE', #6565 ) ;
#9979 = CARTESIAN_POINT ( 'NONE',  ( 0.3349999999999995800, 0.2030000000000000100, -1.725000000000000300 ) ) ;
#9980 = VECTOR ( 'NONE', #514, 1000.000000000000000 ) ;
#9981 = EDGE_CURVE ( 'NONE', #4299, #11964, #2486, .T. ) ;
#9982 = CARTESIAN_POINT ( 'NONE',  ( 0.7849999999999997000, 0.04999999999999969700, -2.000000000000000400 ) ) ;
#9983 = VECTOR ( 'NONE', #2243, 1000.000000000000000 ) ;
#9984 = ADVANCED_FACE ( 'NONE', ( #11938 ), #5630, .T. ) ;
#9985 = CARTESIAN_POINT ( 'NONE',  ( -1.725000000000000800, 0.6218078318274388200, 1.465000000000000100 ) ) ;
#9986 = SURFACE_SIDE_STYLE ('',( #9025 ) ) ;
#9987 = ORIENTED_EDGE ( 'NONE', *, *, #11054, .F. ) ;
#9988 = ORIENTED_EDGE ( 'NONE', *, *, #6221, .F. ) ;
#9989 = ORIENTED_EDGE ( 'NONE', *, *, #5285, .T. ) ;
#9990 = DIRECTION ( 'NONE',  ( -0.0000000000000000000, -1.000000000000000000, -0.0000000000000000000 ) ) ;
#9991 = DIRECTION ( 'NONE',  ( 1.577021341797101900E-015, -0.0000000000000000000, 1.000000000000000000 ) ) ;
#9992 = ORIENTED_EDGE ( 'NONE', *, *, #9445, .T. ) ;
#9993 = DIRECTION ( 'NONE',  ( 1.000000000000000000, 0.0000000000000000000, 1.668003342285390600E-016 ) ) ;
#9994 = LINE ( 'NONE', #11280, #10136 ) ;
#9995 = DIRECTION ( 'NONE',  ( -0.0000000000000000000, -1.000000000000000000, -0.0000000000000000000 ) ) ;
#9996 = DIRECTION ( 'NONE',  ( 0.0000000000000000000, 0.0000000000000000000, -1.000000000000000000 ) ) ;
#9997 = AXIS2_PLACEMENT_3D ( 'NONE', #10401, #1704, #1791 ) ;
#9998 = ORIENTED_EDGE ( 'NONE', *, *, #7505, .T. ) ;
#9999 = LINE ( 'NONE', #7404, #1875 ) ;
#10000 = CARTESIAN_POINT ( 'NONE',  ( -2.000000000000000900, 0.2030000000000000100, 1.235000000000000100 ) ) ;
#10001 = MANIFOLD_SOLID_BREP ( 'Cut-Extrude5[8]', #1893 ) ;
#10002 = EDGE_CURVE ( 'NONE', #7031, #681, #560, .T. ) ;
#10003 = ORIENTED_EDGE ( 'NONE', *, *, #3155, .T. ) ;
#10005 = CIRCLE ( 'NONE', #11760, 0.07499999999999998300 ) ;
#10004 = DIRECTION ( 'NONE',  ( 0.0000000000000000000, 0.0000000000000000000, 1.000000000000000000 ) ) ;
#10006 = CARTESIAN_POINT ( 'NONE',  ( 1.650000000000000800, 0.6218078318274388200, -0.4100000000000004200 ) ) ;
#10007 = VERTEX_POINT ( 'NONE', #8439 ) ;
#10008 = FACE_OUTER_BOUND ( 'NONE', #11545, .T. ) ;
#10009 = DIRECTION ( 'NONE',  ( 7.885106708985485100E-016, 0.0000000000000000000, -1.000000000000000000 ) ) ;
#10010 = CARTESIAN_POINT ( 'NONE',  ( -1.310000000000000500, 0.2030000000000000100, 1.650000000000000800 ) ) ;
#10011 = ORIENTED_EDGE ( 'NONE', *, *, #12012, .F. ) ;
#10012 = LINE ( 'NONE', #7913, #12235 ) ;
#10013 = VERTEX_POINT ( 'NONE', #7436 ) ;
#10014 = CIRCLE ( 'NONE', #2265, 0.07499999999999998300 ) ;
#10015 = PLANE ( 'NONE',  #10366 ) ;
#10016 = VERTEX_POINT ( 'NONE', #5558 ) ;
#10017 = PLANE ( 'NONE',  #8941 ) ;
#10018 = AXIS2_PLACEMENT_3D ( 'NONE', #6959, #10841, #11915 ) ;
#10019 = ORIENTED_EDGE ( 'NONE', *, *, #1469, .F. ) ;
#10020 = DIRECTION ( 'NONE',  ( 1.000000000000000000, 0.0000000000000000000, -0.0000000000000000000 ) ) ;
#10021 = ADVANCED_FACE ( 'NONE', ( #6231 ), #7480, .F. ) ;
#10022 = EDGE_CURVE ( 'NONE', #8894, #7118, #6822, .T. ) ;
#10023 = CARTESIAN_POINT ( 'NONE',  ( 1.235000000000000300, 0.2030000000000000100, 1.725000000000001200 ) ) ;
#10024 = EDGE_CURVE ( 'NONE', #9120, #5753, #12080, .T. ) ;
#10025 = PRESENTATION_STYLE_ASSIGNMENT (( #765 ) ) ;
#10026 = VERTEX_POINT ( 'NONE', #10494 ) ;
#10027 = LINE ( 'NONE', #3458, #10163 ) ;
#10028 = FACE_OUTER_BOUND ( 'NONE', #9017, .T. ) ;
#10029 = PLANE ( 'NONE',  #7660 ) ;
#10030 = CLOSED_SHELL ( 'NONE', ( #11179, #3785, #10376, #10311, #1886, #2736, #12389 ) ) ;
#10031 = DIRECTION ( 'NONE',  ( -0.7071067811865475700, 0.0000000000000000000, 0.7071067811865475700 ) ) ;
#10032 = ORIENTED_EDGE ( 'NONE', *, *, #10599, .F. ) ;
#10033 = ORIENTED_EDGE ( 'NONE', *, *, #1363, .F. ) ;
#10034 = CARTESIAN_POINT ( 'NONE',  ( 0.0000000000000000000, 0.05000000000000000300, -1.650000000000000100 ) ) ;
#10035 = CIRCLE ( 'NONE', #4942, 0.07499999999999998300 ) ;
#10036 = DIRECTION ( 'NONE',  ( 0.0000000000000000000, 0.0000000000000000000, 1.000000000000000000 ) ) ;
#10037 = CYLINDRICAL_SURFACE ( 'NONE', #806, 0.07499999999999998300 ) ;
#10038 = ORIENTED_EDGE ( 'NONE', *, *, #1978, .F. ) ;
#10039 = AXIS2_PLACEMENT_3D ( 'NONE', #8575, #7687, #10504 ) ;
#10040 = DIRECTION ( 'NONE',  ( 0.0000000000000000000, 0.0000000000000000000, 1.000000000000000000 ) ) ;
#10041 = ORIENTED_EDGE ( 'NONE', *, *, #7042, .F. ) ;
#10042 = PLANE ( 'NONE',  #11377 ) ;
#10043 = ORIENTED_EDGE ( 'NONE', *, *, #2840, .F. ) ;
#10044 = DIRECTION ( 'NONE',  ( 0.0000000000000000000, 1.000000000000000000, 0.0000000000000000000 ) ) ;
#10045 = VERTEX_POINT ( 'NONE', #6521 ) ;
#10046 = EDGE_CURVE ( 'NONE', #6414, #3591, #5328, .T. ) ;
#10047 = FACE_OUTER_BOUND ( 'NONE', #1462, .T. ) ;
#10048 = CARTESIAN_POINT ( 'NONE',  ( -0.4099999999999999800, 0.2030000000000000100, 1.650000000000000800 ) ) ;
#10049 = PLANE ( 'NONE',  #6063 ) ;
#10050 = CARTESIAN_POINT ( 'NONE',  ( 1.650000000000000800, 0.0000000000000000000, -0.04000000000000032000 ) ) ;
#10051 = LINE ( 'NONE', #356, #6113 ) ;
#10052 = VECTOR ( 'NONE', #9904, 1000.000000000000000 ) ;
#10053 = EDGE_LOOP ( 'NONE', ( #11899, #11888, #5609, #2758, #4710, #3213 ) ) ;
#10054 = ADVANCED_FACE ( 'NONE', ( #9558 ), #10407, .T. ) ;
#10055 = ORIENTED_EDGE ( 'NONE', *, *, #6108, .T. ) ;
#10056 = AXIS2_PLACEMENT_3D ( 'NONE', #9871, #5114, #3138 ) ;
#10057 = CARTESIAN_POINT ( 'NONE',  ( 1.650000000000000800, 0.0000000000000000000, -0.4900000000000004400 ) ) ;
#10058 = EDGE_LOOP ( 'NONE', ( #4191, #1917, #3579, #10998, #7040, #2666 ) ) ;
#10059 = VERTEX_POINT ( 'NONE', #3765 ) ;
#10060 = CARTESIAN_POINT ( 'NONE',  ( 0.7849999999999994800, 0.2030000000000000100, -1.725000000000000300 ) ) ;
#10061 = AXIS2_PLACEMENT_3D ( 'NONE', #2519, #648, #11092 ) ;
#10062 = VECTOR ( 'NONE', #4753, 1000.000000000000000 ) ;
#10063 = DIRECTION ( 'NONE',  ( -1.000000000000000000, 0.0000000000000000000, 0.0000000000000000000 ) ) ;
#10064 = VECTOR ( 'NONE', #12018, 1000.000000000000000 ) ;
#10065 = CARTESIAN_POINT ( 'NONE',  ( -0.4899999999999997700, 0.2030000000000000100, 1.725000000000000800 ) ) ;
#10066 = EDGE_CURVE ( 'NONE', #7899, #703, #8477, .T. ) ;
#10067 = VECTOR ( 'NONE', #10789, 1000.000000000000000 ) ;
#10068 = DIRECTION ( 'NONE',  ( -1.577021341797101900E-015, -0.0000000000000000000, -1.000000000000000000 ) ) ;
#10069 = ORIENTED_EDGE ( 'NONE', *, *, #4995, .T. ) ;
#10070 = ORIENTED_EDGE ( 'NONE', *, *, #10405, .T. ) ;
#10071 = ORIENTED_EDGE ( 'NONE', *, *, #9691, .F. ) ;
#10072 = EDGE_CURVE ( 'NONE', #7891, #4236, #2789, .T. ) ;
#10073 = DIRECTION ( 'NONE',  ( 0.0000000000000000000, -1.000000000000000000, 0.0000000000000000000 ) ) ;
#10074 = LINE ( 'NONE', #7374, #9468 ) ;
#10075 = AXIS2_PLACEMENT_3D ( 'NONE', #8562, #6473, #11302 ) ;
#10076 = DIRECTION ( 'NONE',  ( 2.365532012695645400E-015, 0.0000000000000000000, -1.000000000000000000 ) ) ;
#10077 = ORIENTED_EDGE ( 'NONE', *, *, #7646, .F. ) ;
#10078 = DIRECTION ( 'NONE',  ( 1.577021341797097000E-015, 0.0000000000000000000, -1.000000000000000000 ) ) ;
#10079 = ORIENTED_EDGE ( 'NONE', *, *, #2103, .T. ) ;
#10080 = EDGE_CURVE ( 'NONE', #11738, #3728, #5922, .T. ) ;
#10081 = CARTESIAN_POINT ( 'NONE',  ( -1.310000000000000300, 0.2030000000000000100, -1.725000000000000300 ) ) ;
#10082 = FACE_OUTER_BOUND ( 'NONE', #11039, .T. ) ;
#10083 = DIRECTION ( 'NONE',  ( -1.000000000000000000, 0.0000000000000000000, 0.0000000000000000000 ) ) ;
#10084 = VECTOR ( 'NONE', #2932, 1000.000000000000000 ) ;
#10085 = CARTESIAN_POINT ( 'NONE',  ( 1.725000000000000800, 0.6218078318274388200, -0.1150000000000003000 ) ) ;
#10086 = VECTOR ( 'NONE', #5956, 1000.000000000000000 ) ;
#10087 = DIRECTION ( 'NONE',  ( 0.0000000000000000000, 1.000000000000000000, 0.0000000000000000000 ) ) ;
#10088 = CARTESIAN_POINT ( 'NONE',  ( 1.310000000000000500, 0.2030000000000000100, -1.650000000000000800 ) ) ;
#10089 = CARTESIAN_POINT ( 'NONE',  ( -1.725000000000000800, 0.6218078318274388200, -0.4099999999999999800 ) ) ;
#10090 = ORIENTED_EDGE ( 'NONE', *, *, #11108, .T. ) ;
#10091 = CARTESIAN_POINT ( 'NONE',  ( -2.000000000000000900, 0.2030000000000000100, -0.7850000000000000300 ) ) ;
#10092 = AXIS2_PLACEMENT_3D ( 'NONE', #9601, #4840, #7593 ) ;
#10093 = PLANE ( 'NONE',  #7087 ) ;
#10094 = CARTESIAN_POINT ( 'NONE',  ( -2.000000000000000900, 0.6218078318274387100, -0.7850000000000000300 ) ) ;
#10095 = EDGE_CURVE ( 'NONE', #3695, #1792, #547, .T. ) ;
#10096 = LINE ( 'NONE', #11286, #12319 ) ;
#10097 = CARTESIAN_POINT ( 'NONE',  ( -1.725000000000000800, 0.2030000000000001000, -1.234999999999999900 ) ) ;
#10098 = EDGE_CURVE ( 'NONE', #9404, #749, #3367, .T. ) ;
#10099 = LINE ( 'NONE', #10489, #1957 ) ;
#10100 = CARTESIAN_POINT ( 'NONE',  ( 1.725000000000000800, 0.6218078318274387100, -0.8600000000000004300 ) ) ;
#10101 = ORIENTED_EDGE ( 'NONE', *, *, #4851, .F. ) ;
#10102 = LINE ( 'NONE', #11598, #7515 ) ;
#10103 = LINE ( 'NONE', #2262, #499 ) ;
#10104 = DIRECTION ( 'NONE',  ( 0.0000000000000000000, 0.0000000000000000000, -1.000000000000000000 ) ) ;
#10105 = CARTESIAN_POINT ( 'NONE',  ( 0.4899999999999997700, 0.2030000000000000100, -1.650000000000000100 ) ) ;
#10106 = AXIS2_PLACEMENT_3D ( 'NONE', #7024, #1386, #10985 ) ;
#10107 = ADVANCED_FACE ( 'NONE', ( #4897 ), #3931, .F. ) ;
#10108 = EDGE_CURVE ( 'NONE', #1353, #10750, #5316, .T. ) ;
#10109 = CARTESIAN_POINT ( 'NONE',  ( 1.650000000000000800, 0.6218078318274388200, 0.8599999999999994300 ) ) ;
#10110 = ORIENTED_EDGE ( 'NONE', *, *, #7875, .F. ) ;
#10111 = DIRECTION ( 'NONE',  ( 1.000000000000000000, 0.0000000000000000000, 0.0000000000000000000 ) ) ;
#10112 = EDGE_CURVE ( 'NONE', #681, #3682, #11924, .T. ) ;
#10113 = EDGE_LOOP ( 'NONE', ( #6776, #5618, #9697, #196 ) ) ;
#10114 = DIRECTION ( 'NONE',  ( 0.0000000000000000000, 0.0000000000000000000, -1.000000000000000000 ) ) ;
#10115 = VECTOR ( 'NONE', #5625, 1000.000000000000000 ) ;
#10116 = DIRECTION ( 'NONE',  ( 0.0000000000000000000, 0.0000000000000000000, -1.000000000000000000 ) ) ;
#10117 = PLANE ( 'NONE',  #571 ) ;
#10118 = DIRECTION ( 'NONE',  ( -1.000000000000000000, 0.0000000000000000000, -0.0000000000000000000 ) ) ;
#10119 = VERTEX_POINT ( 'NONE', #50 ) ;
#10120 = ORIENTED_EDGE ( 'NONE', *, *, #11695, .T. ) ;
#10121 =( NAMED_UNIT ( * ) SI_UNIT ( $, .STERADIAN. ) SOLID_ANGLE_UNIT ( ) );
#10122 = PRESENTATION_LAYER_ASSIGNMENT (  '', '', ( #3016 ) ) ;
#10123 = DIRECTION ( 'NONE',  ( 0.0000000000000000000, 1.000000000000000000, 0.0000000000000000000 ) ) ;
#10124 = LINE ( 'NONE', #2106, #2443 ) ;
#10125 = DIRECTION ( 'NONE',  ( -0.0000000000000000000, 0.0000000000000000000, 1.000000000000000000 ) ) ;
#10126 = LINE ( 'NONE', #75, #2445 ) ;
#10127 = CARTESIAN_POINT ( 'NONE',  ( 1.650000000000000800, 0.6218078318274387100, -0.8600000000000004300 ) ) ;
#10128 = DIRECTION ( 'NONE',  ( -7.885106708985485100E-016, -0.0000000000000000000, 1.000000000000000000 ) ) ;
#10129 = DIRECTION ( 'NONE',  ( -1.000000000000000000, 0.0000000000000000000, -1.577021341797097400E-015 ) ) ;
#10130 = FACE_OUTER_BOUND ( 'NONE', #7016, .T. ) ;
#10131 = EDGE_CURVE ( 'NONE', #6213, #2546, #3687, .T. ) ;
#10132 = DIRECTION ( 'NONE',  ( -1.000000000000000000, 0.0000000000000000000, -1.577021341797097400E-015 ) ) ;
#10133 = DIRECTION ( 'NONE',  ( 0.0000000000000000000, 0.0000000000000000000, 1.000000000000000000 ) ) ;
#10134 = EDGE_LOOP ( 'NONE', ( #3720, #400, #4921, #10324, #2851, #3981 ) ) ;
#10135 = ORIENTED_EDGE ( 'NONE', *, *, #3628, .T. ) ;
#10136 = VECTOR ( 'NONE', #1645, 1000.000000000000000 ) ;
#10137 = DIRECTION ( 'NONE',  ( 1.000000000000000000, 0.0000000000000000000, 1.577021341797097000E-015 ) ) ;
#10138 = ORIENTED_EDGE ( 'NONE', *, *, #1746, .F. ) ;
#10139 = CARTESIAN_POINT ( 'NONE',  ( -1.725000000000000800, 0.0000000000000000000, -1.234999999999999900 ) ) ;
#10140 = EDGE_CURVE ( 'NONE', #2070, #470, #5024, .T. ) ;
#10141 = VERTEX_POINT ( 'NONE', #1008 ) ;
#10142 = ORIENTED_EDGE ( 'NONE', *, *, #9577, .T. ) ;
#10143 = CARTESIAN_POINT ( 'NONE',  ( -1.725000000000000800, 0.6218078318274388200, -0.1149999999999998700 ) ) ;
#10144 = EDGE_CURVE ( 'NONE', #11865, #9388, #10742, .T. ) ;
#10145 = DIRECTION ( 'NONE',  ( 0.0000000000000000000, 0.0000000000000000000, 1.000000000000000000 ) ) ;
#10146 = EDGE_LOOP ( 'NONE', ( #4752, #722, #5791, #10495 ) ) ;
#10147 = EDGE_LOOP ( 'NONE', ( #3815, #8014, #2429, #2726, #7226, #8770 ) ) ;
#10148 = VECTOR ( 'NONE', #3157, 1000.000000000000000 ) ;
#10149 = DIRECTION ( 'NONE',  ( -1.000000000000000000, 0.0000000000000000000, 0.0000000000000000000 ) ) ;
#10150 = ORIENTED_EDGE ( 'NONE', *, *, #5652, .T. ) ;
#10151 = FACE_OUTER_BOUND ( 'NONE', #166, .T. ) ;
#10152 = CARTESIAN_POINT ( 'NONE',  ( -0.1149999999999996600, 0.2030000000000000100, 1.725000000000001200 ) ) ;
#10153 = CARTESIAN_POINT ( 'NONE',  ( 0.4100000000000002000, 0.2030000000000000100, 1.725000000000000800 ) ) ;
#10154 = MANIFOLD_SOLID_BREP ( 'LPattern4[6]', #8560 ) ;
#10155 = ORIENTED_EDGE ( 'NONE', *, *, #1647, .T. ) ;
#10156 = CARTESIAN_POINT ( 'NONE',  ( -1.650000000000000800, 0.0000000000000000000, 0.04000000000000010500 ) ) ;
#10157 = CARTESIAN_POINT ( 'NONE',  ( -0.4100000000000002000, 0.2030000000000000100, -1.650000000000000400 ) ) ;
#10158 = DIRECTION ( 'NONE',  ( 0.0000000000000000000, 0.0000000000000000000, 1.000000000000000000 ) ) ;
#10159 = CARTESIAN_POINT ( 'NONE',  ( 1.725000000000000800, 0.2030000000000001000, 0.3349999999999995800 ) ) ;
#10160 = CIRCLE ( 'NONE', #8713, 0.07499999999999998300 ) ;
#10161 = VERTEX_POINT ( 'NONE', #11553 ) ;
#10162 = EDGE_CURVE ( 'NONE', #6056, #10728, #8311, .T. ) ;
#10163 = VECTOR ( 'NONE', #8123, 1000.000000000000000 ) ;
#10164 = EDGE_CURVE ( 'NONE', #1129, #8338, #1133, .T. ) ;
#10165 = SURFACE_SIDE_STYLE ('',( #1350 ) ) ;
#10166 = VECTOR ( 'NONE', #10404, 1000.000000000000000 ) ;
#10167 = DIRECTION ( 'NONE',  ( 0.0000000000000000000, 1.000000000000000000, 0.0000000000000000000 ) ) ;
#10168 = VERTEX_POINT ( 'NONE', #7796 ) ;
#10169 = CARTESIAN_POINT ( 'NONE',  ( -0.7849999999999995900, 0.2030000000000000100, -2.000000000000000400 ) ) ;
#10170 = ORIENTED_EDGE ( 'NONE', *, *, #11827, .T. ) ;
#10171 = VERTEX_POINT ( 'NONE', #4018 ) ;
#10172 = VERTEX_POINT ( 'NONE', #8734 ) ;
#10173 = CARTESIAN_POINT ( 'NONE',  ( 0.7849999999999994800, 0.2030000000000000100, -1.725000000000000300 ) ) ;
#10174 = DIRECTION ( 'NONE',  ( 0.0000000000000000000, 1.000000000000000000, 0.0000000000000000000 ) ) ;
#10175 = DIRECTION ( 'NONE',  ( 0.0000000000000000000, -1.000000000000000000, 0.0000000000000000000 ) ) ;
#10176 = CARTESIAN_POINT ( 'NONE',  ( -0.9500000000000002900, 3.879955262170047700, -1.299999999999999200 ) ) ;
#10177 = DIRECTION ( 'NONE',  ( -0.0000000000000000000, -1.000000000000000000, -0.0000000000000000000 ) ) ;
#10178 = FACE_OUTER_BOUND ( 'NONE', #1294, .T. ) ;
#10179 = VECTOR ( 'NONE', #1076, 1000.000000000000000 ) ;
#10180 = AXIS2_PLACEMENT_3D ( 'NONE', #4045, #5858, #4960 ) ;
#10181 = VERTEX_POINT ( 'NONE', #6840 ) ;
#10182 = EDGE_LOOP ( 'NONE', ( #2660, #445, #2020, #6734 ) ) ;
#10183 = CARTESIAN_POINT ( 'NONE',  ( -1.725000000000000800, 0.6218078318274388200, 0.5649999999999999500 ) ) ;
#10184 = ORIENTED_EDGE ( 'NONE', *, *, #3600, .F. ) ;
#10185 = EDGE_CURVE ( 'NONE', #11283, #9603, #7847, .T. ) ;
#10186 = CARTESIAN_POINT ( 'NONE',  ( -0.9399999999999997200, 0.6218078318274390400, 1.650000000000000800 ) ) ;
#10187 = EDGE_LOOP ( 'NONE', ( #705, #10260, #4344, #12116, #2888, #11336, #8028, #504, #1500, #9740, #4215, #11220, #10627, #6853, #712, #11103, #6157, #7577, #1636, #5069, #1342, #10891, #7619, #4844, #9592, #7601, #4892, #10319, #9289, #2760, #9091, #6794, #7424, #3545, #8465, #11810, #11354, #11939, #8446, #4879, #7894, #5906, #1858, #5519, #7717, #7582, #2841, #9813, #2026, #6622, #11376, #8871, #3307, #9283, #4541, #4749, #11089, #5100, #10970, #11233, #6817, #7769, #6821, #12254, #4823, #4833, #12007, #5132, #5396, #769, #9284, #8628, #383, #4211, #5663, #1569, #12266, #1732, #10077, #10821, #10717, #9124, #2806, #1369, #7074, #7255, #10041, #2918, #6843, #7994, #10631, #9085, #8287, #3227, #11515, #1277, #11144, #1491, #738, #11051, #594, #6039, #2086, #10824, #436, #7869, #9314, #4030, #8473, #3533, #4073, #2069, #7422, #11580, #4281, #4006, #8728, #8121, #5962, #8967, #5327, #1117, #10864, #10601, #11091, #10933, #2956, #10667, #1161, #1622, #10881, #11468, #9158, #8458, #929, #771, #11238, #8718, #1890, #2187, #984, #7711, #7614, #1782, #8837, #8191, #3661, #8176, #9258, #6700, #6916, #6844, #2186, #845, #2735, #6210, #7632, #6145, #11380, #10787, #8538, #11125, #9987, #2663 ) ) ;
#10188 = EDGE_CURVE ( 'NONE', #12374, #4866, #11334, .T. ) ;
#10189 = FACE_OUTER_BOUND ( 'NONE', #3058, .T. ) ;
#10190 = CARTESIAN_POINT ( 'NONE',  ( -1.725000000000000800, 0.6218078318274388200, 1.310000000000000300 ) ) ;
#10191 = VECTOR ( 'NONE', #8537, 1000.000000000000000 ) ;
#10192 = CARTESIAN_POINT ( 'NONE',  ( 0.9399999999999996100, 0.0000000000000000000, -1.650000000000000100 ) ) ;
#10193 = ORIENTED_EDGE ( 'NONE', *, *, #10140, .F. ) ;
#10194 = ORIENTED_EDGE ( 'NONE', *, *, #4392, .T. ) ;
#10195 = DIRECTION ( 'NONE',  ( 0.0000000000000000000, 0.0000000000000000000, -1.000000000000000000 ) ) ;
#10196 = EDGE_LOOP ( 'NONE', ( #4440, #2441, #8509, #976 ) ) ;
#10197 = ORIENTED_EDGE ( 'NONE', *, *, #11165, .F. ) ;
#10198 = DIRECTION ( 'NONE',  ( -0.0000000000000000000, -0.0000000000000000000, 1.000000000000000000 ) ) ;
#10199 = AXIS2_PLACEMENT_3D ( 'NONE', #2602, #11407, #6646 ) ;
#10200 = LINE ( 'NONE', #11316, #10788 ) ;
#10201 = CIRCLE ( 'NONE', #10061, 0.07499999999999998300 ) ;
#10202 = CARTESIAN_POINT ( 'NONE',  ( 1.725000000000000800, 0.6218078318274388200, -0.4100000000000004200 ) ) ;
#10203 = FACE_OUTER_BOUND ( 'NONE', #10510, .T. ) ;
#10204 = EDGE_LOOP ( 'NONE', ( #12184, #4457, #9389, #12421 ) ) ;
#10205 = CARTESIAN_POINT ( 'NONE',  ( 1.725000000000000800, 0.6218078318274388200, -0.4900000000000004400 ) ) ;
#10206 = EDGE_CURVE ( 'NONE', #621, #3671, #11041, .T. ) ;
#10207 = ORIENTED_EDGE ( 'NONE', *, *, #3072, .F. ) ;
#10208 = EDGE_LOOP ( 'NONE', ( #10410, #6927, #294, #6684, #2590, #11926 ) ) ;
#10209 = ORIENTED_EDGE ( 'NONE', *, *, #1852, .T. ) ;
#10210 = CARTESIAN_POINT ( 'NONE',  ( 0.1150000000000005200, 0.2030000000000000100, 1.725000000000001200 ) ) ;
#10211 = CARTESIAN_POINT ( 'NONE',  ( -0.9399999999999997200, 0.0000000000000000000, 1.725000000000000800 ) ) ;
#10212 = CARTESIAN_POINT ( 'NONE',  ( -2.000000000000000900, 0.04999999999999991300, 0.3350000000000000200 ) ) ;
#10213 = CYLINDRICAL_SURFACE ( 'NONE', #2477, 0.1999999999999998700 ) ;
#10214 = DIRECTION ( 'NONE',  ( 0.0000000000000000000, -0.0000000000000000000, 1.000000000000000000 ) ) ;
#10215 = CARTESIAN_POINT ( 'NONE',  ( 1.725000000000000800, 0.6218078318274387100, -1.015000000000000300 ) ) ;
#10216 = FACE_OUTER_BOUND ( 'NONE', #10182, .T. ) ;
#10217 = FACE_OUTER_BOUND ( 'NONE', #3964, .T. ) ;
#10218 = CARTESIAN_POINT ( 'NONE',  ( -1.725000000000000800, 0.2030000000000000100, -0.7850000000000000300 ) ) ;
#10219 = PLANE ( 'NONE',  #12340 ) ;
#10220 = DIRECTION ( 'NONE',  ( 0.0000000000000000000, -0.0000000000000000000, 1.000000000000000000 ) ) ;
#10221 = ORIENTED_EDGE ( 'NONE', *, *, #1012, .T. ) ;
#10222 = VERTEX_POINT ( 'NONE', #9979 ) ;
#10223 = DIRECTION ( 'NONE',  ( -0.0000000000000000000, -1.000000000000000000, -0.0000000000000000000 ) ) ;
#10224 = CARTESIAN_POINT ( 'NONE',  ( -2.000000000000000900, 0.0000000000000000000, -1.234999999999999900 ) ) ;
#10225 = EDGE_LOOP ( 'NONE', ( #8657, #7124, #7583, #3417 ) ) ;
#10226 = DIRECTION ( 'NONE',  ( 1.000000000000000000, -0.0000000000000000000, -0.0000000000000000000 ) ) ;
#10227 = EDGE_CURVE ( 'NONE', #6106, #9271, #6812, .T. ) ;
#10228 = VECTOR ( 'NONE', #9405, 1000.000000000000000 ) ;
#10229 = VECTOR ( 'NONE', #10137, 1000.000000000000000 ) ;
#10230 = CARTESIAN_POINT ( 'NONE',  ( -0.7849999999999995900, 0.0000000000000000000, -2.000000000000000400 ) ) ;
#10231 = ORIENTED_EDGE ( 'NONE', *, *, #9000, .T. ) ;
#10232 = CARTESIAN_POINT ( 'NONE',  ( 1.299999999999998700, 0.0000000000000000000, 1.300000000000001200 ) ) ;
#10233 = EDGE_CURVE ( 'NONE', #6570, #3386, #2019, .T. ) ;
#10234 = ADVANCED_FACE ( 'NONE', ( #6068 ), #10889, .F. ) ;
#10235 = FACE_OUTER_BOUND ( 'NONE', #11269, .T. ) ;
#10236 = PLANE ( 'NONE',  #4682 ) ;
#10237 =( GEOMETRIC_REPRESENTATION_CONTEXT ( 3 ) GLOBAL_UNCERTAINTY_ASSIGNED_CONTEXT ( ( #10690 ) ) GLOBAL_UNIT_ASSIGNED_CONTEXT ( ( #6047, #4311, #11972 ) ) REPRESENTATION_CONTEXT ( 'NONE', 'WORKASPACE' ) );
#10238 = LINE ( 'NONE', #1106, #2994 ) ;
#10239 = CARTESIAN_POINT ( 'NONE',  ( -0.4899999999999997700, 0.6218078318274392600, 1.650000000000000800 ) ) ;
#10240 = DIRECTION ( 'NONE',  ( 1.577021341797102100E-015, 0.0000000000000000000, 1.000000000000000000 ) ) ;
#10241 = EDGE_CURVE ( 'NONE', #1054, #342, #404, .T. ) ;
#10242 = EDGE_LOOP ( 'NONE', ( #8177, #5968, #10733, #4726 ) ) ;
#10243 = DIRECTION ( 'NONE',  ( -0.0000000000000000000, -0.0000000000000000000, 1.000000000000000000 ) ) ;
#10244 = ORIENTED_EDGE ( 'NONE', *, *, #599, .F. ) ;
#10245 =( NAMED_UNIT ( * ) PLANE_ANGLE_UNIT ( ) SI_UNIT ( $, .RADIAN. ) );
#10246 = ORIENTED_EDGE ( 'NONE', *, *, #3207, .T. ) ;
#10247 = CARTESIAN_POINT ( 'NONE',  ( -1.650000000000000800, 0.0000000000000000000, -0.8599999999999999900 ) ) ;
#10248 = LINE ( 'NONE', #7062, #2571 ) ;
#10249 = ADVANCED_FACE ( 'NONE', ( #12232 ), #9856, .F. ) ;
#10250 = SURFACE_SIDE_STYLE ('',( #6711 ) ) ;
#10251 = CYLINDRICAL_SURFACE ( 'NONE', #1465, 0.07499999999999998300 ) ;
#10252 = DIRECTION ( 'NONE',  ( -0.0000000000000000000, -1.000000000000000000, -0.0000000000000000000 ) ) ;
#10253 = CARTESIAN_POINT ( 'NONE',  ( 0.9399999999999998400, 0.2030000000000000100, 1.650000000000000800 ) ) ;
#10254 = DIRECTION ( 'NONE',  ( 0.0000000000000000000, 1.000000000000000000, 0.0000000000000000000 ) ) ;
#10255 = AXIS2_PLACEMENT_3D ( 'NONE', #5997, #5952, #7824 ) ;
#10256 = CARTESIAN_POINT ( 'NONE',  ( -1.310000000000000300, 0.2030000000000000100, -1.725000000000000300 ) ) ;
#10257 = CARTESIAN_POINT ( 'NONE',  ( 1.725000000000000800, 0.2030000000000000100, -0.4100000000000004200 ) ) ;
#10258 = DIRECTION ( 'NONE',  ( 0.0000000000000000000, -0.0000000000000000000, -1.000000000000000000 ) ) ;
#10259 = EDGE_CURVE ( 'NONE', #11261, #6665, #3225, .T. ) ;
#10260 = ORIENTED_EDGE ( 'NONE', *, *, #5691, .T. ) ;
#10261 = EDGE_CURVE ( 'NONE', #864, #1632, #3061, .T. ) ;
#10262 = ORIENTED_EDGE ( 'NONE', *, *, #8148, .F. ) ;
#10263 = CARTESIAN_POINT ( 'NONE',  ( -1.234999999999999200, 0.0000000000000000000, 2.000000000000000400 ) ) ;
#10264 = DIRECTION ( 'NONE',  ( 0.0000000000000000000, 0.0000000000000000000, 1.000000000000000000 ) ) ;
#10265 = FACE_OUTER_BOUND ( 'NONE', #8324, .T. ) ;
#10266 = DIRECTION ( 'NONE',  ( 0.0000000000000000000, -1.000000000000000000, 0.0000000000000000000 ) ) ;
#10267 = VECTOR ( 'NONE', #4323, 1000.000000000000000 ) ;
#10268 = EDGE_LOOP ( 'NONE', ( #12250, #44, #9106, #384, #11617, #7884 ) ) ;
#10269 = ORIENTED_EDGE ( 'NONE', *, *, #4501, .F. ) ;
#10270 = AXIS2_PLACEMENT_3D ( 'NONE', #5053, #3069, #8952 ) ;
#10271 = VECTOR ( 'NONE', #1832, 1000.000000000000000 ) ;
#10272 = DIRECTION ( 'NONE',  ( -1.000000000000000000, -0.0000000000000000000, -1.577021341797097000E-015 ) ) ;
#10273 = LINE ( 'NONE', #9426, #4106 ) ;
#10274 = AXIS2_PLACEMENT_3D ( 'NONE', #3085, #12255, #3626 ) ;
#10275 = LINE ( 'NONE', #1096, #5587 ) ;
#10276 = CARTESIAN_POINT ( 'NONE',  ( -2.000000000000000900, 0.2030000000000000100, 1.465000000000000100 ) ) ;
#10277 = DIRECTION ( 'NONE',  ( -1.000000000000000000, 0.0000000000000000000, -1.577021341797097400E-015 ) ) ;
#10278 = EDGE_CURVE ( 'NONE', #1216, #7934, #5183, .T. ) ;
#10279 = CARTESIAN_POINT ( 'NONE',  ( -1.725000000000000800, 0.2030000000000000100, -0.03999999999999989000 ) ) ;
#10280 = ORIENTED_EDGE ( 'NONE', *, *, #4460, .T. ) ;
#10281 = VERTEX_POINT ( 'NONE', #3194 ) ;
#10282 = VECTOR ( 'NONE', #10747, 1000.000000000000000 ) ;
#10283 = DIRECTION ( 'NONE',  ( 0.0000000000000000000, 1.000000000000000000, 0.0000000000000000000 ) ) ;
#10284 = FACE_OUTER_BOUND ( 'NONE', #4350, .T. ) ;
#10285 = VECTOR ( 'NONE', #350, 1000.000000000000000 ) ;
#10286 = AXIS2_PLACEMENT_3D ( 'NONE', #2732, #6583, #5775 ) ;
#10287 = ORIENTED_EDGE ( 'NONE', *, *, #6692, .F. ) ;
#10289 = CLOSED_SHELL ( 'NONE', ( #1078, #7826, #10107, #4481, #5430, #10795, #5214, #802 ) ) ;
#10288 = CARTESIAN_POINT ( 'NONE',  ( 0.03999999999999989000, 0.2030000000000000100, -1.725000000000000300 ) ) ;
#10290 = AXIS2_PLACEMENT_3D ( 'NONE', #9114, #2473, #10132 ) ;
#10291 = PLANE ( 'NONE',  #10611 ) ;
#10292 = ORIENTED_EDGE ( 'NONE', *, *, #12237, .F. ) ;
#10293 = VECTOR ( 'NONE', #11543, 1000.000000000000000 ) ;
#10294 = ADVANCED_FACE ( 'NONE', ( #1000 ), #4134, .F. ) ;
#10295 = EDGE_CURVE ( 'NONE', #11652, #11625, #5770, .T. ) ;
#10296 = DIRECTION ( 'NONE',  ( 0.0000000000000000000, 1.000000000000000000, 0.0000000000000000000 ) ) ;
#10297 = DIRECTION ( 'NONE',  ( 0.0000000000000000000, -1.000000000000000000, 0.0000000000000000000 ) ) ;
#10298 = ORIENTED_EDGE ( 'NONE', *, *, #10259, .T. ) ;
#10299 = LINE ( 'NONE', #4575, #11764 ) ;
#10300 = CARTESIAN_POINT ( 'NONE',  ( -1.650000000000000800, 0.6218078318274388200, 0.4099999999999999800 ) ) ;
#10301 = DIRECTION ( 'NONE',  ( 0.0000000000000000000, -0.0000000000000000000, 1.000000000000000000 ) ) ;
#10302 = EDGE_LOOP ( 'NONE', ( #5303, #9391, #5603, #11838, #7868 ) ) ;
#10303 = LINE ( 'NONE', #5322, #6373 ) ;
#10304 = CARTESIAN_POINT ( 'NONE',  ( -1.464999999999999600, 0.04999999999999999600, 1.805000000000000200 ) ) ;
#10305 = CARTESIAN_POINT ( 'NONE',  ( 0.5649999999999997200, 0.2030000000000000100, -1.725000000000000300 ) ) ;
#10306 = ORIENTED_EDGE ( 'NONE', *, *, #4339, .F. ) ;
#10307 = EDGE_CURVE ( 'NONE', #3824, #12271, #4288, .T. ) ;
#10308 =( GEOMETRIC_REPRESENTATION_CONTEXT ( 3 ) GLOBAL_UNCERTAINTY_ASSIGNED_CONTEXT ( ( #474 ) ) GLOBAL_UNIT_ASSIGNED_CONTEXT ( ( #12384, #8594, #10434 ) ) REPRESENTATION_CONTEXT ( 'NONE', 'WORKASPACE' ) );
#10309 = ORIENTED_EDGE ( 'NONE', *, *, #8701, .T. ) ;
#10310 = VECTOR ( 'NONE', #9843, 1000.000000000000000 ) ;
#10311 = ADVANCED_FACE ( 'NONE', ( #1742 ), #6040, .F. ) ;
#10312 = VERTEX_POINT ( 'NONE', #11669 ) ;
#10313 = FACE_OUTER_BOUND ( 'NONE', #6718, .T. ) ;
#10314 = PLANE ( 'NONE',  #3089 ) ;
#10315 = UNCERTAINTY_MEASURE_WITH_UNIT (LENGTH_MEASURE( 1.000000000000000100E-005 ), #10502, 'distance_accuracy_value', 'NONE');
#10316 = EDGE_CURVE ( 'NONE', #1250, #8434, #2635, .T. ) ;
#10317 = DIRECTION ( 'NONE',  ( 2.365532012695645400E-015, 0.0000000000000000000, -1.000000000000000000 ) ) ;
#10318 = ORIENTED_EDGE ( 'NONE', *, *, #4548, .T. ) ;
#10319 = ORIENTED_EDGE ( 'NONE', *, *, #5564, .F. ) ;
#10320 = CARTESIAN_POINT ( 'NONE',  ( 0.5650000000000008300, 0.0000000000000000000, 2.000000000000000400 ) ) ;
#10321 = CARTESIAN_POINT ( 'NONE',  ( -0.9400000000000001700, 0.6218078318274390400, -1.725000000000000300 ) ) ;
#10322 = VECTOR ( 'NONE', #6755, 1000.000000000000000 ) ;
#10323 = ORIENTED_EDGE ( 'NONE', *, *, #2503, .T. ) ;
#10324 = ORIENTED_EDGE ( 'NONE', *, *, #4371, .T. ) ;
#10325 = ORIENTED_EDGE ( 'NONE', *, *, #11867, .F. ) ;
#10326 = DIRECTION ( 'NONE',  ( 0.0000000000000000000, -1.000000000000000000, 0.0000000000000000000 ) ) ;
#10327 = EDGE_CURVE ( 'NONE', #5315, #7561, #5619, .T. ) ;
#10328 = EDGE_CURVE ( 'NONE', #11788, #4151, #7709, .T. ) ;
#10329 = LINE ( 'NONE', #359, #2817 ) ;
#10330 = DIRECTION ( 'NONE',  ( 0.7071067811865475700, 0.0000000000000000000, -0.7071067811865475700 ) ) ;
#10331 = CARTESIAN_POINT ( 'NONE',  ( 1.465000000000000700, 0.05000000000000000300, 1.805000000000001300 ) ) ;
#10332 = LINE ( 'NONE', #1193, #9570 ) ;
#10333 = DIRECTION ( 'NONE',  ( -0.0000000000000000000, 0.0000000000000000000, -1.000000000000000000 ) ) ;
#10334 = VECTOR ( 'NONE', #5293, 1000.000000000000100 ) ;
#10335 = ORIENTED_EDGE ( 'NONE', *, *, #5509, .F. ) ;
#10336 = CARTESIAN_POINT ( 'NONE',  ( 1.725000000000000800, 0.2030000000000000100, -0.4900000000000004400 ) ) ;
#10337 = DIRECTION ( 'NONE',  ( 0.0000000000000000000, -1.000000000000000000, 0.0000000000000000000 ) ) ;
#10338 = EDGE_LOOP ( 'NONE', ( #7158, #7100, #3233, #9635 ) ) ;
#10339 = DIRECTION ( 'NONE',  ( 0.0000000000000000000, 1.000000000000000000, -0.0000000000000000000 ) ) ;
#10340 = DIRECTION ( 'NONE',  ( 0.0000000000000000000, -0.0000000000000000000, -1.000000000000000000 ) ) ;
#10341 = ORIENTED_EDGE ( 'NONE', *, *, #6196, .F. ) ;
#10342 = ORIENTED_EDGE ( 'NONE', *, *, #9023, .F. ) ;
#10343 = CARTESIAN_POINT ( 'NONE',  ( 0.1150000000000005200, 0.6218078318274392600, 1.725000000000001200 ) ) ;
#10344 = CARTESIAN_POINT ( 'NONE',  ( 1.725000000000000800, 0.05000000000000002400, -1.310000000000000500 ) ) ;
#10345 = ADVANCED_FACE ( 'NONE', ( #10008 ), #1335, .F. ) ;
#10346 = DIRECTION ( 'NONE',  ( -0.0000000000000000000, -1.000000000000000000, -0.0000000000000000000 ) ) ;
#10347 = VECTOR ( 'NONE', #5081, 1000.000000000000000 ) ;
#10348 = AXIS2_PLACEMENT_3D ( 'NONE', #7663, #9546, #9504 ) ;
#10349 = CARTESIAN_POINT ( 'NONE',  ( 0.9399999999999996100, 0.2030000000000000100, -1.725000000000000300 ) ) ;
#10350 = FACE_OUTER_BOUND ( 'NONE', #8939, .T. ) ;
#10351 = COLOUR_RGB ( '',0.7921568627450980000, 0.8196078431372548800, 0.9333333333333333500 ) ;
#10352 = ORIENTED_EDGE ( 'NONE', *, *, #11570, .T. ) ;
#10353 = AXIS2_PLACEMENT_3D ( 'NONE', #237, #4052, #9769 ) ;
#10354 = DIRECTION ( 'NONE',  ( 0.0000000000000000000, -0.0000000000000000000, 1.000000000000000000 ) ) ;
#10355 = EDGE_CURVE ( 'NONE', #3094, #1244, #702, .T. ) ;
#10356 = ORIENTED_EDGE ( 'NONE', *, *, #7963, .F. ) ;
#10357 = EDGE_LOOP ( 'NONE', ( #6859, #9682, #7603, #2928 ) ) ;
#10358 = EDGE_LOOP ( 'NONE', ( #10443, #11812, #5156, #1806, #2005, #7287 ) ) ;
#10359 = DIRECTION ( 'NONE',  ( -0.0000000000000000000, -1.000000000000000000, -0.0000000000000000000 ) ) ;
#10360 = CARTESIAN_POINT ( 'NONE',  ( 1.725000000000000800, 0.05000000000000002400, -1.015000000000000300 ) ) ;
#10361 = ADVANCED_FACE ( 'NONE', ( #9083 ), #6257, .T. ) ;
#10362 = PLANE ( 'NONE',  #2586 ) ;
#10363 = LINE ( 'NONE', #2211, #7624 ) ;
#10364 = CARTESIAN_POINT ( 'NONE',  ( -2.000000000000000900, 0.6218078318274388200, -0.1149999999999998700 ) ) ;
#10365 = ORIENTED_EDGE ( 'NONE', *, *, #8165, .T. ) ;
#10366 = AXIS2_PLACEMENT_3D ( 'NONE', #10969, #11909, #7121 ) ;
#10367 = ORIENTED_EDGE ( 'NONE', *, *, #4219, .T. ) ;
#10368 = ORIENTED_EDGE ( 'NONE', *, *, #1556, .T. ) ;
#10369 =( GEOMETRIC_REPRESENTATION_CONTEXT ( 3 ) GLOBAL_UNCERTAINTY_ASSIGNED_CONTEXT ( ( #2528 ) ) GLOBAL_UNIT_ASSIGNED_CONTEXT ( ( #5394, #8187, #10121 ) ) REPRESENTATION_CONTEXT ( 'NONE', 'WORKASPACE' ) );
#10370 = DIRECTION ( 'NONE',  ( 0.0000000000000000000, 0.0000000000000000000, -1.000000000000000000 ) ) ;
#10371 = DIRECTION ( 'NONE',  ( -0.7071067811865475700, 0.0000000000000000000, -0.7071067811865475700 ) ) ;
#10372 = LINE ( 'NONE', #8876, #11993 ) ;
#10373 = EDGE_CURVE ( 'NONE', #5481, #1244, #9560, .T. ) ;
#10374 = CARTESIAN_POINT ( 'NONE',  ( 1.650000000000000800, 0.6218078318274388200, 0.9399999999999993900 ) ) ;
#10375 = VECTOR ( 'NONE', #10125, 1000.000000000000000 ) ;
#10376 = ADVANCED_FACE ( 'NONE', ( #2488 ), #1295, .T. ) ;
#10377 = CARTESIAN_POINT ( 'NONE',  ( -1.517503272058749800, 0.2030000000000000100, -1.857503272058750300 ) ) ;
#10378 = ORIENTED_EDGE ( 'NONE', *, *, #4874, .F. ) ;
#10379 = DIRECTION ( 'NONE',  ( 0.0000000000000000000, 0.0000000000000000000, 1.000000000000000000 ) ) ;
#10380 = VERTEX_POINT ( 'NONE', #1412 ) ;
#10381 = CARTESIAN_POINT ( 'NONE',  ( 1.857503272058750300, 0.05000000000000000300, -1.517503272058749800 ) ) ;
#10382 = PLANE ( 'NONE',  #8715 ) ;
#10383 = DIRECTION ( 'NONE',  ( 0.0000000000000000000, 0.0000000000000000000, -1.000000000000000000 ) ) ;
#10384 = LINE ( 'NONE', #5151, #178 ) ;
#10385 = DIRECTION ( 'NONE',  ( -0.0000000000000000000, -1.000000000000000000, -0.0000000000000000000 ) ) ;
#10386 = VECTOR ( 'NONE', #2010, 1000.000000000000000 ) ;
#10387 = DIRECTION ( 'NONE',  ( 0.0000000000000000000, 0.0000000000000000000, -1.000000000000000000 ) ) ;
#10388 = VECTOR ( 'NONE', #9208, 1000.000000000000000 ) ;
#10389 = PRESENTATION_LAYER_ASSIGNMENT (  '', '', ( #9747 ) ) ;
#10390 = CARTESIAN_POINT ( 'NONE',  ( 0.04000000000000010500, 0.6218078318274392600, 1.650000000000000800 ) ) ;
#10391 = VERTEX_POINT ( 'NONE', #12045 ) ;
#10392 = EDGE_CURVE ( 'NONE', #3627, #12009, #7131, .T. ) ;
#10393 = CARTESIAN_POINT ( 'NONE',  ( -1.725000000000000800, 0.0000000000000000000, 0.8599999999999998800 ) ) ;
#10394 = LINE ( 'NONE', #2426, #2715 ) ;
#10395 = FACE_OUTER_BOUND ( 'NONE', #2581, .T. ) ;
#10396 = CARTESIAN_POINT ( 'NONE',  ( -1.650000000000000800, 0.6218078318274388200, -0.4099999999999999800 ) ) ;
#10397 = DIRECTION ( 'NONE',  ( 0.0000000000000000000, 1.000000000000000000, -0.0000000000000000000 ) ) ;
#10398 = DIRECTION ( 'NONE',  ( -1.000000000000000000, 0.0000000000000000000, -2.365532012695645800E-015 ) ) ;
#10399 = MECHANICAL_DESIGN_GEOMETRIC_PRESENTATION_REPRESENTATION (  '', ( #9097 ), #3390 ) ;
#10400 = ORIENTED_EDGE ( 'NONE', *, *, #10723, .F. ) ;
#10401 = CARTESIAN_POINT ( 'NONE',  ( -1.725000000000000800, 0.2030000000000000100, 0.9399999999999998400 ) ) ;
#10402 = LINE ( 'NONE', #2886, #4087 ) ;
#10403 = ADVANCED_FACE ( 'NONE', ( #7268 ), #10029, .F. ) ;
#10404 = DIRECTION ( 'NONE',  ( -0.0000000000000000000, 1.000000000000000000, -0.0000000000000000000 ) ) ;
#10405 = EDGE_CURVE ( 'NONE', #6253, #5041, #2035, .T. ) ;
#10406 = VECTOR ( 'NONE', #3939, 1000.000000000000000 ) ;
#10407 = PLANE ( 'NONE',  #10666 ) ;
#10408 = CARTESIAN_POINT ( 'NONE',  ( -1.389999999999999700, 0.2030000000000000100, 1.725000000000000800 ) ) ;
#10409 = ORIENTED_EDGE ( 'NONE', *, *, #6862, .T. ) ;
#10410 = ORIENTED_EDGE ( 'NONE', *, *, #993, .F. ) ;
#10411 = DIRECTION ( 'NONE',  ( 0.0000000000000000000, 0.0000000000000000000, 1.000000000000000000 ) ) ;
#10412 = CARTESIAN_POINT ( 'NONE',  ( -0.8599999999999999900, 0.2030000000000000100, 1.650000000000000800 ) ) ;
#10413 = DIRECTION ( 'NONE',  ( -1.577021341797097400E-015, 0.0000000000000000000, 1.000000000000000000 ) ) ;
#10414 = AXIS2_PLACEMENT_3D ( 'NONE', #11466, #6670, #965 ) ;
#10415 = DIRECTION ( 'NONE',  ( -1.000000000000000000, 0.0000000000000000000, -2.365532012695645800E-015 ) ) ;
#10416 = LINE ( 'NONE', #9715, #5283 ) ;
#10417 = ADVANCED_FACE ( 'NONE', ( #9101 ), #6233, .F. ) ;
#10418 = EDGE_CURVE ( 'NONE', #6716, #8570, #3381, .T. ) ;
#10419 = CARTESIAN_POINT ( 'NONE',  ( -0.4900000000000002100, 0.2030000000000000100, -1.725000000000000300 ) ) ;
#10420 = PLANE ( 'NONE',  #3258 ) ;
#10421 = EDGE_CURVE ( 'NONE', #8849, #5661, #562, .T. ) ;
#10422 = DIRECTION ( 'NONE',  ( -1.000000000000000000, 0.0000000000000000000, -1.577021341797097400E-015 ) ) ;
#10423 = DIRECTION ( 'NONE',  ( 0.0000000000000000000, 0.0000000000000000000, -1.000000000000000000 ) ) ;
#10424 = EDGE_LOOP ( 'NONE', ( #10269, #8994, #7866, #10367 ) ) ;
#10425 = ORIENTED_EDGE ( 'NONE', *, *, #8945, .T. ) ;
#10426 = CIRCLE ( 'NONE', #11253, 0.07499999999999998300 ) ;
#10427 = PRESENTATION_STYLE_ASSIGNMENT (( #11502 ) ) ;
#10428 = CARTESIAN_POINT ( 'NONE',  ( -1.725000000000000800, 0.0000000000000000000, 0.4099999999999999800 ) ) ;
#10429 = ADVANCED_FACE ( 'NONE', ( #9726 ), #2179, .T. ) ;
#10430 = CARTESIAN_POINT ( 'NONE',  ( 0.7850000000000001400, 0.6218078318274392600, 1.725000000000001200 ) ) ;
#10431 = AXIS2_PLACEMENT_3D ( 'NONE', #10798, #11734, #1365 ) ;
#10432 = ORIENTED_EDGE ( 'NONE', *, *, #6838, .F. ) ;
#10433 = DIRECTION ( 'NONE',  ( -1.000000000000000000, 0.0000000000000000000, -0.0000000000000000000 ) ) ;
#10434 =( NAMED_UNIT ( * ) SI_UNIT ( $, .STERADIAN. ) SOLID_ANGLE_UNIT ( ) );
#10435 = EDGE_LOOP ( 'NONE', ( #11794, #4773, #3587, #2452 ) ) ;
#10436 =( GEOMETRIC_REPRESENTATION_CONTEXT ( 3 ) GLOBAL_UNCERTAINTY_ASSIGNED_CONTEXT ( ( #4913 ) ) GLOBAL_UNIT_ASSIGNED_CONTEXT ( ( #5689, #12406, #3941 ) ) REPRESENTATION_CONTEXT ( 'NONE', 'WORKASPACE' ) );
#10437 = VECTOR ( 'NONE', #876, 1000.000000000000000 ) ;
#10438 = ORIENTED_EDGE ( 'NONE', *, *, #9902, .T. ) ;
#10439 = FACE_OUTER_BOUND ( 'NONE', #5547, .T. ) ;
#10440 = DIRECTION ( 'NONE',  ( 1.000000000000000000, 0.0000000000000000000, 7.885106708985485100E-016 ) ) ;
#10441 = EDGE_CURVE ( 'NONE', #5335, #11294, #4900, .T. ) ;
#10442 = DIRECTION ( 'NONE',  ( 0.7071067811865474600, 0.0000000000000000000, 0.7071067811865474600 ) ) ;
#10443 = ORIENTED_EDGE ( 'NONE', *, *, #5055, .F. ) ;
#10444 = ORIENTED_EDGE ( 'NONE', *, *, #4914, .T. ) ;
#10445 = ORIENTED_EDGE ( 'NONE', *, *, #10657, .T. ) ;
#10446 = EDGE_LOOP ( 'NONE', ( #3702, #11426, #10513, #12378 ) ) ;
#10447 = DIRECTION ( 'NONE',  ( 0.0000000000000000000, 1.000000000000000000, 0.0000000000000000000 ) ) ;
#10448 = SURFACE_SIDE_STYLE ('',( #202 ) ) ;
#10449 = ORIENTED_EDGE ( 'NONE', *, *, #661, .F. ) ;
#10450 = DIRECTION ( 'NONE',  ( 0.0000000000000000000, -0.0000000000000000000, -1.000000000000000000 ) ) ;
#10451 = COLOUR_RGB ( '',0.7921568627450980000, 0.8196078431372548800, 0.9333333333333333500 ) ;
#10452 = ORIENTED_EDGE ( 'NONE', *, *, #9345, .T. ) ;
#10453 = LINE ( 'NONE', #6907, #5776 ) ;
#10454 = PLANE ( 'NONE',  #5557 ) ;
#10455 = LINE ( 'NONE', #7126, #6815 ) ;
#10456 = PLANE ( 'NONE',  #11098 ) ;
#10457 = AXIS2_PLACEMENT_3D ( 'NONE', #7861, #1145, #5828 ) ;
#10458 = DIRECTION ( 'NONE',  ( 0.0000000000000000000, 1.000000000000000000, 0.0000000000000000000 ) ) ;
#10459 = EDGE_LOOP ( 'NONE', ( #1502, #8444, #6653, #1399 ) ) ;
#10460 = CARTESIAN_POINT ( 'NONE',  ( 1.999999999999999100, 0.2030000000000000700, 0.7849999999999994800 ) ) ;
#10461 = EDGE_CURVE ( 'NONE', #3172, #5420, #6671, .T. ) ;
#10462 = DIRECTION ( 'NONE',  ( 1.445602896647339500E-015, 0.0000000000000000000, 1.000000000000000000 ) ) ;
#10463 = DIRECTION ( 'NONE',  ( 1.000000000000000000, -0.0000000000000000000, 1.577021341797097400E-015 ) ) ;
#10464 = DIRECTION ( 'NONE',  ( -1.000000000000000000, 0.0000000000000000000, 1.577021341797101900E-015 ) ) ;
#10465 = VECTOR ( 'NONE', #9439, 1000.000000000000000 ) ;
#10466 = DIRECTION ( 'NONE',  ( 0.0000000000000000000, 1.000000000000000000, -0.0000000000000000000 ) ) ;
#10467 = ADVANCED_FACE ( 'NONE', ( #10470 ), #1375, .F. ) ;
#10468 = EDGE_LOOP ( 'NONE', ( #4451, #89, #448, #86 ) ) ;
#10469 = CARTESIAN_POINT ( 'NONE',  ( 0.03999999999999989000, 0.2030000000000000100, -1.650000000000000100 ) ) ;
#10470 = FACE_OUTER_BOUND ( 'NONE', #7017, .T. ) ;
#10471 = VECTOR ( 'NONE', #2745, 1000.000000000000000 ) ;
#10472 = ORIENTED_EDGE ( 'NONE', *, *, #1454, .T. ) ;
#10473 = EDGE_LOOP ( 'NONE', ( #11793, #7822, #4285, #10811 ) ) ;
#10474 = CARTESIAN_POINT ( 'NONE',  ( 1.725000000000000800, 0.2030000000000000100, -1.235000000000000300 ) ) ;
#10475 = ORIENTED_EDGE ( 'NONE', *, *, #1843, .F. ) ;
#10476 = EDGE_CURVE ( 'NONE', #4488, #10059, #10027, .T. ) ;
#10477 = AXIS2_PLACEMENT_3D ( 'NONE', #1381, #8057, #1466 ) ;
#10478 = CARTESIAN_POINT ( 'NONE',  ( 1.650000000000000800, 0.2030000000000000100, 0.9399999999999993900 ) ) ;
#10479 = PRESENTATION_STYLE_ASSIGNMENT (( #10575 ) ) ;
#10480 = DIRECTION ( 'NONE',  ( 0.0000000000000000000, 0.0000000000000000000, 1.000000000000000000 ) ) ;
#10481 = CARTESIAN_POINT ( 'NONE',  ( 0.4899999999999999900, 0.2030000000000000100, 1.650000000000000800 ) ) ;
#10482 = VECTOR ( 'NONE', #280, 1000.000000000000000 ) ;
#10483 = EDGE_CURVE ( 'NONE', #2309, #10569, #10758, .T. ) ;
#10484 = VECTOR ( 'NONE', #5907, 1000.000000000000000 ) ;
#10485 = ORIENTED_EDGE ( 'NONE', *, *, #2270, .T. ) ;
#10486 = VERTEX_POINT ( 'NONE', #6170 ) ;
#10487 = ORIENTED_EDGE ( 'NONE', *, *, #6180, .T. ) ;
#10488 = ORIENTED_EDGE ( 'NONE', *, *, #7451, .F. ) ;
#10489 = CARTESIAN_POINT ( 'NONE',  ( 0.3349999999999995800, 0.2030000000000000100, -1.725000000000000300 ) ) ;
#10490 = CARTESIAN_POINT ( 'NONE',  ( 1.465000000000000100, 0.04999999999999969700, -1.805000000000000600 ) ) ;
#10491 = LINE ( 'NONE', #3880, #3259 ) ;
#10492 = LINE ( 'NONE', #9194, #12106 ) ;
#10493 = LINE ( 'NONE', #9084, #10052 ) ;
#10494 = CARTESIAN_POINT ( 'NONE',  ( 0.7849999999999994800, 0.0000000000000000000, -1.725000000000000300 ) ) ;
#10495 = ORIENTED_EDGE ( 'NONE', *, *, #10461, .T. ) ;
#10496 = ORIENTED_EDGE ( 'NONE', *, *, #6369, .T. ) ;
#10497 = VERTEX_POINT ( 'NONE', #5219 ) ;
#10498 = EDGE_CURVE ( 'NONE', #10750, #12085, #863, .T. ) ;
#10499 = ORIENTED_EDGE ( 'NONE', *, *, #10185, .T. ) ;
#10500 = ADVANCED_FACE ( 'NONE', ( #8936 ), #10314, .F. ) ;
#10501 = EDGE_CURVE ( 'NONE', #10391, #4125, #12377, .T. ) ;
#10502 =( LENGTH_UNIT ( ) NAMED_UNIT ( * ) SI_UNIT ( .MILLI., .METRE. ) );
#10503 = LINE ( 'NONE', #7306, #5365 ) ;
#10504 = DIRECTION ( 'NONE',  ( 0.0000000000000000000, 0.0000000000000000000, 1.000000000000000000 ) ) ;
#10505 = CARTESIAN_POINT ( 'NONE',  ( -1.015000000000000300, 0.2030000000000000100, -1.725000000000000300 ) ) ;
#10506 = CIRCLE ( 'NONE', #5425, 0.07499999999999998300 ) ;
#10507 = VECTOR ( 'NONE', #7720, 1000.000000000000000 ) ;
#10508 = CARTESIAN_POINT ( 'NONE',  ( -1.600000000000000800, 0.8000000000000000400, -1.400000000000000400 ) ) ;
#10509 = DIRECTION ( 'NONE',  ( -0.7071067811865474600, 0.0000000000000000000, -0.7071067811865474600 ) ) ;
#10510 = EDGE_LOOP ( 'NONE', ( #9891, #5508, #5088, #308, #5916 ) ) ;
#10511 = PLANE ( 'NONE',  #4781 ) ;
#10512 = VERTEX_POINT ( 'NONE', #11182 ) ;
#10513 = ORIENTED_EDGE ( 'NONE', *, *, #5718, .T. ) ;
#10514 = CARTESIAN_POINT ( 'NONE',  ( 1.310000000000000100, 0.2030000000000000100, -1.725000000000000300 ) ) ;
#10515 = ORIENTED_EDGE ( 'NONE', *, *, #1543, .T. ) ;
#10516 = CARTESIAN_POINT ( 'NONE',  ( -1.725000000000000800, 0.0000000000000000000, 0.1150000000000000900 ) ) ;
#10517 = ORIENTED_EDGE ( 'NONE', *, *, #5323, .T. ) ;
#10518 = LINE ( 'NONE', #10832, #3131 ) ;
#10519 = AXIS2_PLACEMENT_3D ( 'NONE', #2694, #11326, #1690 ) ;
#10520 = FACE_OUTER_BOUND ( 'NONE', #6762, .T. ) ;
#10521 = PLANE ( 'NONE',  #10732 ) ;
#10522 = EDGE_CURVE ( 'NONE', #4585, #1580, #4744, .T. ) ;
#10523 = ORIENTED_EDGE ( 'NONE', *, *, #5427, .T. ) ;
#10524 = DIRECTION ( 'NONE',  ( 1.577021341797101900E-015, 0.0000000000000000000, 1.000000000000000000 ) ) ;
#10525 = DIRECTION ( 'NONE',  ( 0.0000000000000000000, -1.000000000000000000, 0.0000000000000000000 ) ) ;
#10526 = ORIENTED_EDGE ( 'NONE', *, *, #1363, .T. ) ;
#10527 = EDGE_LOOP ( 'NONE', ( #9443, #5048, #363, #868, #8307, #2606 ) ) ;
#10528 = CARTESIAN_POINT ( 'NONE',  ( -0.1150000000000000900, 0.2030000000000000100, -2.000000000000000400 ) ) ;
#10529 = ADVANCED_FACE ( 'NONE', ( #8161 ), #9336, .F. ) ;
#10530 = VECTOR ( 'NONE', #4091, 1000.000000000000000 ) ;
#10531 = ORIENTED_EDGE ( 'NONE', *, *, #11355, .F. ) ;
#10532 = CARTESIAN_POINT ( 'NONE',  ( -1.600000000000000800, 0.6999999999999999600, -1.800000000000000300 ) ) ;
#10533 = ORIENTED_EDGE ( 'NONE', *, *, #9853, .T. ) ;
#10534 = AXIS2_PLACEMENT_3D ( 'NONE', #6704, #1972, #7702 ) ;
#10535 = ORIENTED_EDGE ( 'NONE', *, *, #12376, .F. ) ;
#10536 = CARTESIAN_POINT ( 'NONE',  ( 1.725000000000000800, 0.2030000000000000100, 0.1149999999999996600 ) ) ;
#10537 = EDGE_CURVE ( 'NONE', #4153, #9306, #12082, .T. ) ;
#10539 = LINE ( 'NONE', #393, #1219 ) ;
#10538 = DIRECTION ( 'NONE',  ( -1.000000000000000000, 0.0000000000000000000, 0.0000000000000000000 ) ) ;
#10540 = CYLINDRICAL_SURFACE ( 'NONE', #11722, 0.07499999999999998300 ) ;
#10541 = ORIENTED_EDGE ( 'NONE', *, *, #4105, .F. ) ;
#10542 = CARTESIAN_POINT ( 'NONE',  ( -1.600000000000000800, 0.6999999999999999600, -1.400000000000000400 ) ) ;
#10543 = DIRECTION ( 'NONE',  ( 1.000000000000000000, 0.0000000000000000000, -0.0000000000000000000 ) ) ;
#10544 = EDGE_CURVE ( 'NONE', #2153, #6652, #7432, .T. ) ;
#10545 = VERTEX_POINT ( 'NONE', #12263 ) ;
#10546 = CARTESIAN_POINT ( 'NONE',  ( 0.1149999999999998700, 0.2030000000000000100, -1.725000000000000300 ) ) ;
#10547 = LINE ( 'NONE', #8796, #7208 ) ;
#10548 = CYLINDRICAL_SURFACE ( 'NONE', #8019, 0.07499999999999998300 ) ;
#10549 = EDGE_CURVE ( 'NONE', #1783, #2546, #7578, .T. ) ;
#10550 = CARTESIAN_POINT ( 'NONE',  ( -1.725000000000000800, 0.2030000000000001000, -0.3350000000000000200 ) ) ;
#10551 = CARTESIAN_POINT ( 'NONE',  ( -1.725000000000000800, 0.2030000000000001000, 0.3350000000000000200 ) ) ;
#10552 = VERTEX_POINT ( 'NONE', #10230 ) ;
#10553 = EDGE_LOOP ( 'NONE', ( #9374, #8347, #639, #2000 ) ) ;
#10554 = ADVANCED_FACE ( 'NONE', ( #5042 ), #5374, .F. ) ;
#10555 = VERTEX_POINT ( 'NONE', #9253 ) ;
#10556 = CARTESIAN_POINT ( 'NONE',  ( 0.4899999999999999900, 0.0000000000000000000, 1.650000000000000800 ) ) ;
#10557 = CARTESIAN_POINT ( 'NONE',  ( -1.725000000000000800, 0.6218078318274387100, -0.8599999999999999900 ) ) ;
#10558 = LINE ( 'NONE', #5807, #5271 ) ;
#10559 = LINE ( 'NONE', #7105, #3799 ) ;
#10560 = EDGE_CURVE ( 'NONE', #2277, #7979, #4003, .T. ) ;
#10561 = DIRECTION ( 'NONE',  ( -1.000000000000000000, 0.0000000000000000000, 0.0000000000000000000 ) ) ;
#10562 = VERTEX_POINT ( 'NONE', #8388 ) ;
#10563 = EDGE_CURVE ( 'NONE', #3382, #8210, #6972, .T. ) ;
#10564 = VERTEX_POINT ( 'NONE', #7295 ) ;
#10565 = VECTOR ( 'NONE', #6638, 1000.000000000000000 ) ;
#10566 = LINE ( 'NONE', #1700, #369 ) ;
#10567 = PLANE ( 'NONE',  #739 ) ;
#10568 = CARTESIAN_POINT ( 'NONE',  ( -1.725000000000000800, 0.0000000000000000000, -0.4899999999999999900 ) ) ;
#10569 = VERTEX_POINT ( 'NONE', #5501 ) ;
#10570 = CARTESIAN_POINT ( 'NONE',  ( 1.015000000000000300, 0.0000000000000000000, -2.000000000000000400 ) ) ;
#10571 = ORIENTED_EDGE ( 'NONE', *, *, #8745, .F. ) ;
#10572 = AXIS2_PLACEMENT_3D ( 'NONE', #4944, #8705, #11560 ) ;
#10573 = FACE_OUTER_BOUND ( 'NONE', #10853, .T. ) ;
#10574 = DIRECTION ( 'NONE',  ( 0.0000000000000000000, 1.000000000000000000, 0.0000000000000000000 ) ) ;
#10575 = SURFACE_STYLE_USAGE ( .BOTH. , #143 ) ;
#10576 = VECTOR ( 'NONE', #51, 999.9999999999998900 ) ;
#10577 = DIRECTION ( 'NONE',  ( 0.0000000000000000000, 0.0000000000000000000, 1.000000000000000000 ) ) ;
#10578 = AXIS2_PLACEMENT_3D ( 'NONE', #11641, #2116, #1997 ) ;
#10579 = EDGE_CURVE ( 'NONE', #9714, #5278, #259, .T. ) ;
#10580 = ORIENTED_EDGE ( 'NONE', *, *, #5768, .F. ) ;
#10581 = ADVANCED_FACE ( 'NONE', ( #6542 ), #11940, .T. ) ;
#10582 = CARTESIAN_POINT ( 'NONE',  ( -1.725000000000000800, 0.2030000000000000100, -0.03999999999999989000 ) ) ;
#10583 = ORIENTED_EDGE ( 'NONE', *, *, #4995, .F. ) ;
#10584 = VERTEX_POINT ( 'NONE', #8255 ) ;
#10585 = ORIENTED_EDGE ( 'NONE', *, *, #9557, .F. ) ;
#10586 = CARTESIAN_POINT ( 'NONE',  ( -1.650000000000000800, 0.05000000000000000300, -1.310000000000000500 ) ) ;
#10587 = CARTESIAN_POINT ( 'NONE',  ( -0.4100000000000002000, 0.0000000000000000000, -1.650000000000000100 ) ) ;
#10588 = VECTOR ( 'NONE', #3882, 1000.000000000000000 ) ;
#10589 = ORIENTED_EDGE ( 'NONE', *, *, #3304, .T. ) ;
#10590 = DIRECTION ( 'NONE',  ( -0.0000000000000000000, -1.000000000000000000, -0.0000000000000000000 ) ) ;
#10591 = LINE ( 'NONE', #7991, #11916 ) ;
#10592 = AXIS2_PLACEMENT_3D ( 'NONE', #11776, #407, #6949 ) ;
#10593 = CARTESIAN_POINT ( 'NONE',  ( 1.725000000000000800, 0.0000000000000000000, 1.014999999999999500 ) ) ;
#10594 = CARTESIAN_POINT ( 'NONE',  ( 0.4899999999999999900, 0.6218078318274392600, 1.650000000000000800 ) ) ;
#10595 = ORIENTED_EDGE ( 'NONE', *, *, #1779, .T. ) ;
#10596 = LINE ( 'NONE', #2377, #7415 ) ;
#10597 = DIRECTION ( 'NONE',  ( -2.365532012695645800E-015, 0.0000000000000000000, 1.000000000000000000 ) ) ;
#10598 = ORIENTED_EDGE ( 'NONE', *, *, #8927, .T. ) ;
#10599 = EDGE_CURVE ( 'NONE', #2961, #32, #3076, .T. ) ;
#10600 = VECTOR ( 'NONE', #8778, 1000.000000000000000 ) ;
#10601 = ORIENTED_EDGE ( 'NONE', *, *, #7206, .F. ) ;
#10602 = CARTESIAN_POINT ( 'NONE',  ( -0.04000000000000010500, 0.04999999999999999600, -1.650000000000000100 ) ) ;
#10603 = LINE ( 'NONE', #10679, #8151 ) ;
#10604 = CYLINDRICAL_SURFACE ( 'NONE', #10018, 0.07499999999999998300 ) ;
#10605 = ORIENTED_EDGE ( 'NONE', *, *, #846, .T. ) ;
#10606 = DIRECTION ( 'NONE',  ( 1.000000000000000000, 0.0000000000000000000, 0.0000000000000000000 ) ) ;
#10607 = ORIENTED_EDGE ( 'NONE', *, *, #7463, .T. ) ;
#10608 = FILL_AREA_STYLE ('',( #9612 ) ) ;
#10609 = ORIENTED_EDGE ( 'NONE', *, *, #8435, .F. ) ;
#10610 = EDGE_LOOP ( 'NONE', ( #7172, #6699, #1452, #12127, #10682 ) ) ;
#10611 = AXIS2_PLACEMENT_3D ( 'NONE', #7196, #10123, #11086 ) ;
#10612 = ADVANCED_FACE ( 'NONE', ( #7864 ), #1900, .T. ) ;
#10613 = CARTESIAN_POINT ( 'NONE',  ( -0.3349999999999995800, 0.6218078318274392600, 1.725000000000001200 ) ) ;
#10614 = AXIS2_PLACEMENT_3D ( 'NONE', #8269, #5470, #5348 ) ;
#10615 = DIRECTION ( 'NONE',  ( 0.0000000000000000000, -1.000000000000000000, 0.0000000000000000000 ) ) ;
#10616 = FACE_OUTER_BOUND ( 'NONE', #6060, .T. ) ;
#10617 = ORIENTED_EDGE ( 'NONE', *, *, #11708, .F. ) ;
#10618 = DIRECTION ( 'NONE',  ( 0.0000000000000000000, -1.000000000000000000, 0.0000000000000000000 ) ) ;
#10619 = EDGE_CURVE ( 'NONE', #11540, #11530, #8785, .T. ) ;
#10620 = ORIENTED_EDGE ( 'NONE', *, *, #11030, .F. ) ;
#10621 = ORIENTED_EDGE ( 'NONE', *, *, #8359, .T. ) ;
#10622 = DIRECTION ( 'NONE',  ( -1.000000000000000000, 0.0000000000000000000, 0.0000000000000000000 ) ) ;
#10623 = DIRECTION ( 'NONE',  ( 0.0000000000000000000, 0.0000000000000000000, -1.000000000000000000 ) ) ;
#10624 = LINE ( 'NONE', #5570, #4313 ) ;
#10625 = VECTOR ( 'NONE', #4875, 1000.000000000000000 ) ;
#10626 = FACE_OUTER_BOUND ( 'NONE', #6992, .T. ) ;
#10627 = ORIENTED_EDGE ( 'NONE', *, *, #10549, .F. ) ;
#10628 = CARTESIAN_POINT ( 'NONE',  ( 2.000000000000000900, 0.6218078318274388200, -0.5649999999999999500 ) ) ;
#10629 = DIRECTION ( 'NONE',  ( -1.000000000000000000, 0.0000000000000000000, 0.0000000000000000000 ) ) ;
#10630 = ORIENTED_EDGE ( 'NONE', *, *, #1148, .F. ) ;
#10631 = ORIENTED_EDGE ( 'NONE', *, *, #2898, .F. ) ;
#10632 = AXIS2_PLACEMENT_3D ( 'NONE', #9398, #1676, #8362 ) ;
#10633 = ORIENTED_EDGE ( 'NONE', *, *, #3121, .T. ) ;
#10634 = CARTESIAN_POINT ( 'NONE',  ( 1.299999999999998700, 0.2030000000000000700, -1.300000000000000300 ) ) ;
#10635 = CARTESIAN_POINT ( 'NONE',  ( 1.299999999999998900, 0.05000000000000000300, 2.168404344971005700E-016 ) ) ;
#10636 = DIRECTION ( 'NONE',  ( 0.0000000000000000000, 0.0000000000000000000, -1.000000000000000000 ) ) ;
#10637 = EDGE_CURVE ( 'NONE', #6974, #4236, #2335, .T. ) ;
#10638 = DIRECTION ( 'NONE',  ( -1.577021341797097400E-015, 0.0000000000000000000, 1.000000000000000000 ) ) ;
#10639 = VECTOR ( 'NONE', #161, 1000.000000000000000 ) ;
#10640 = VECTOR ( 'NONE', #9636, 1000.000000000000000 ) ;
#10641 = DIRECTION ( 'NONE',  ( -1.000000000000000000, 0.0000000000000000000, 0.0000000000000000000 ) ) ;
#10642 = PRESENTATION_STYLE_ASSIGNMENT (( #593 ) ) ;
#10643 = ORIENTED_EDGE ( 'NONE', *, *, #9494, .F. ) ;
#10644 = CARTESIAN_POINT ( 'NONE',  ( -5.283021495020227100E-016, 0.05000000000000000300, 0.3349999999999968600 ) ) ;
#10645 = ORIENTED_EDGE ( 'NONE', *, *, #3019, .F. ) ;
#10646 = ADVANCED_FACE ( 'NONE', ( #2792 ), #5741, .T. ) ;
#10647 = ORIENTED_EDGE ( 'NONE', *, *, #2288, .T. ) ;
#10648 = CARTESIAN_POINT ( 'NONE',  ( 1.725000000000000800, 0.6218078318274388200, 0.03999999999999967500 ) ) ;
#10649 = VERTEX_POINT ( 'NONE', #5704 ) ;
#10650 = VECTOR ( 'NONE', #5988, 1000.000000000000000 ) ;
#10651 = AXIS2_PLACEMENT_3D ( 'NONE', #12078, #8207, #9172 ) ;
#10652 = DIRECTION ( 'NONE',  ( 1.000000000000000000, -0.0000000000000000000, 0.0000000000000000000 ) ) ;
#10653 = COLOUR_RGB ( '',0.7921568627450980000, 0.8196078431372548800, 0.9333333333333333500 ) ;
#10654 = CARTESIAN_POINT ( 'NONE',  ( 1.725000000000000800, 0.6218078318274388200, 0.5649999999999995000 ) ) ;
#10655 = VECTOR ( 'NONE', #6061, 1000.000000000000000 ) ;
#10656 = EDGE_CURVE ( 'NONE', #8070, #3414, #3704, .T. ) ;
#10657 = EDGE_CURVE ( 'NONE', #1178, #1599, #8481, .T. ) ;
#10658 = VERTEX_POINT ( 'NONE', #2784 ) ;
#10659 = EDGE_LOOP ( 'NONE', ( #9989, #8376, #4237, #52 ) ) ;
#10660 = ORIENTED_EDGE ( 'NONE', *, *, #3833, .T. ) ;
#10661 = CARTESIAN_POINT ( 'NONE',  ( -1.725000000000000800, 0.0000000000000000000, 1.310000000000000300 ) ) ;
#10662 = CARTESIAN_POINT ( 'NONE',  ( -1.015000000000000300, 0.2030000000000000100, -1.725000000000000300 ) ) ;
#10663 = FACE_OUTER_BOUND ( 'NONE', #10873, .T. ) ;
#10664 = CARTESIAN_POINT ( 'NONE',  ( 1.650000000000000800, 0.2030000000000001000, 0.8599999999999994300 ) ) ;
#10665 = VECTOR ( 'NONE', #2609, 1000.000000000000000 ) ;
#10666 = AXIS2_PLACEMENT_3D ( 'NONE', #11432, #2796, #4683 ) ;
#10667 = ORIENTED_EDGE ( 'NONE', *, *, #7463, .F. ) ;
#10668 = ORIENTED_EDGE ( 'NONE', *, *, #4852, .F. ) ;
#10669 = CARTESIAN_POINT ( 'NONE',  ( -0.4899999999999997700, 0.04999999999999999600, 1.650000000000000800 ) ) ;
#10670 = AXIS2_PLACEMENT_3D ( 'NONE', #5064, #4146, #1214 ) ;
#10671 = DIRECTION ( 'NONE',  ( 0.7071067811865474600, 0.0000000000000000000, -0.7071067811865474600 ) ) ;
#10672 = VECTOR ( 'NONE', #4076, 1000.000000000000000 ) ;
#10673 = CARTESIAN_POINT ( 'NONE',  ( 1.725000000000000800, 0.6218078318274388200, 0.1149999999999996600 ) ) ;
#10674 = SURFACE_STYLE_FILL_AREA ( #11250 ) ;
#10675 = ADVANCED_FACE ( 'NONE', ( #11778 ), #6706, .F. ) ;
#10676 = EDGE_CURVE ( 'NONE', #3115, #3790, #1458, .T. ) ;
#10677 = VECTOR ( 'NONE', #5284, 1000.000000000000000 ) ;
#10678 = CARTESIAN_POINT ( 'NONE',  ( 0.7849999999999994800, 0.2030000000000000100, -1.725000000000000300 ) ) ;
#10679 = CARTESIAN_POINT ( 'NONE',  ( -1.725000000000000800, 0.6218078318274388200, 0.1150000000000000900 ) ) ;
#10680 = DIRECTION ( 'NONE',  ( 0.0000000000000000000, 0.0000000000000000000, 1.000000000000000000 ) ) ;
#10681 = CARTESIAN_POINT ( 'NONE',  ( 1.299999999999998700, 0.05000000000000100200, 1.300000000000001200 ) ) ;
#10682 = ORIENTED_EDGE ( 'NONE', *, *, #9597, .T. ) ;
#10683 = DIRECTION ( 'NONE',  ( 0.0000000000000000000, 0.0000000000000000000, -1.000000000000000000 ) ) ;
#10684 = PRESENTATION_LAYER_ASSIGNMENT (  '', '', ( #170 ) ) ;
#10685 = CARTESIAN_POINT ( 'NONE',  ( -0.3349999999999995800, 0.0000000000000000000, -2.000000000000000400 ) ) ;
#10686 = FACE_OUTER_BOUND ( 'NONE', #4863, .T. ) ;
#10687 = VECTOR ( 'NONE', #10111, 1000.000000000000000 ) ;
#10688 = AXIS2_PLACEMENT_3D ( 'NONE', #5899, #3102, #9678 ) ;
#10689 = DIRECTION ( 'NONE',  ( 1.577021341797097400E-015, 0.0000000000000000000, -1.000000000000000000 ) ) ;
#10690 = UNCERTAINTY_MEASURE_WITH_UNIT (LENGTH_MEASURE( 1.000000000000000100E-005 ), #6047, 'distance_accuracy_value', 'NONE');
#10691 = EDGE_CURVE ( 'NONE', #470, #11923, #11490, .T. ) ;
#10692 = CARTESIAN_POINT ( 'NONE',  ( 1.725000000000000800, 0.2030000000000000100, -0.04000000000000032000 ) ) ;
#10693 = ORIENTED_EDGE ( 'NONE', *, *, #11581, .T. ) ;
#10694 = VECTOR ( 'NONE', #5023, 1000.000000000000000 ) ;
#10695 = CARTESIAN_POINT ( 'NONE',  ( -2.000000000000000900, 0.0000000000000000000, 0.7849999999999999200 ) ) ;
#10696 = VECTOR ( 'NONE', #7525, 1000.000000000000000 ) ;
#10697 = CARTESIAN_POINT ( 'NONE',  ( -1.725000000000000800, 0.2030000000000000100, 1.235000000000000100 ) ) ;
#10698 = DIRECTION ( 'NONE',  ( 1.000000000000000000, 0.0000000000000000000, -0.0000000000000000000 ) ) ;
#10699 = VECTOR ( 'NONE', #2331, 1000.000000000000000 ) ;
#10700 = PLANE ( 'NONE',  #9724 ) ;
#10701 = EDGE_CURVE ( 'NONE', #11631, #12084, #5925, .T. ) ;
#10702 = DIRECTION ( 'NONE',  ( 1.000000000000000000, 0.0000000000000000000, 1.577021341797097400E-015 ) ) ;
#10703 = ADVANCED_FACE ( 'NONE', ( #249 ), #11927, .F. ) ;
#10704 = DIRECTION ( 'NONE',  ( -7.885106708985485100E-016, -0.0000000000000000000, 1.000000000000000000 ) ) ;
#10705 = ORIENTED_EDGE ( 'NONE', *, *, #5448, .F. ) ;
#10706 = VERTEX_POINT ( 'NONE', #1941 ) ;
#10707 = EDGE_CURVE ( 'NONE', #2492, #6807, #2782, .T. ) ;
#10708 = VECTOR ( 'NONE', #7789, 1000.000000000000000 ) ;
#10709 = CARTESIAN_POINT ( 'NONE',  ( -1.464999999999999600, 0.2030000000000000100, 1.725000000000001200 ) ) ;
#10710 = LINE ( 'NONE', #4788, #1702 ) ;
#10711 = DIRECTION ( 'NONE',  ( 0.0000000000000000000, -1.000000000000000000, 0.0000000000000000000 ) ) ;
#10712 = CARTESIAN_POINT ( 'NONE',  ( -2.000000000000000900, 0.6218078318274388200, 0.5649999999999999500 ) ) ;
#10713 = CARTESIAN_POINT ( 'NONE',  ( 1.015000000000000800, 0.0000000000000000000, 2.000000000000000400 ) ) ;
#10714 = EDGE_LOOP ( 'NONE', ( #6631, #2204, #5373, #4096 ) ) ;
#10715 = DIRECTION ( 'NONE',  ( -0.0000000000000000000, 1.000000000000000000, -0.0000000000000000000 ) ) ;
#10716 = CARTESIAN_POINT ( 'NONE',  ( -0.03999999999999967500, 0.6218078318274392600, 1.725000000000000800 ) ) ;
#10717 = ORIENTED_EDGE ( 'NONE', *, *, #8227, .F. ) ;
#10718 = VECTOR ( 'NONE', #7797, 1000.000000000000000 ) ;
#10719 = DIRECTION ( 'NONE',  ( 0.0000000000000000000, 0.0000000000000000000, -1.000000000000000000 ) ) ;
#10720 = AXIS2_PLACEMENT_3D ( 'NONE', #1544, #4356, #8170 ) ;
#10721 = CARTESIAN_POINT ( 'NONE',  ( -1.600000000000000800, 0.8000000000000000400, -1.800000000000000300 ) ) ;
#10722 = EDGE_CURVE ( 'NONE', #7535, #11080, #2321, .T. ) ;
#10723 = EDGE_CURVE ( 'NONE', #11837, #1545, #12380, .T. ) ;
#10724 = ORIENTED_EDGE ( 'NONE', *, *, #8206, .F. ) ;
#10725 = ORIENTED_EDGE ( 'NONE', *, *, #10327, .T. ) ;
#10726 = CYLINDRICAL_SURFACE ( 'NONE', #8492, 0.07499999999999998300 ) ;
#10727 = DIRECTION ( 'NONE',  ( 0.0000000000000000000, 0.0000000000000000000, 1.000000000000000000 ) ) ;
#10728 = VERTEX_POINT ( 'NONE', #2868 ) ;
#10729 = ADVANCED_FACE ( 'NONE', ( #847 ), #824, .F. ) ;
#10730 = FILL_AREA_STYLE ('',( #6886 ) ) ;
#10731 = ORIENTED_EDGE ( 'NONE', *, *, #11695, .F. ) ;
#10732 = AXIS2_PLACEMENT_3D ( 'NONE', #11572, #3752, #6659 ) ;
#10733 = ORIENTED_EDGE ( 'NONE', *, *, #3052, .F. ) ;
#10734 = EDGE_LOOP ( 'NONE', ( #279, #9854, #9122, #8902 ) ) ;
#10735 = CARTESIAN_POINT ( 'NONE',  ( 0.0000000000000000000, 0.05000000000000000300, 1.650000000000000800 ) ) ;
#10736 = DIRECTION ( 'NONE',  ( 0.0000000000000000000, 1.000000000000000000, -0.0000000000000000000 ) ) ;
#10737 = EDGE_LOOP ( 'NONE', ( #494, #11469, #4145, #11200 ) ) ;
#10738 = AXIS2_PLACEMENT_3D ( 'NONE', #11447, #10466, #3784 ) ;
#10739 = ORIENTED_EDGE ( 'NONE', *, *, #1810, .T. ) ;
#10740 = DIRECTION ( 'NONE',  ( 0.7071067811865474600, 0.0000000000000000000, 0.7071067811865474600 ) ) ;
#10741 = EDGE_CURVE ( 'NONE', #4772, #4983, #2637, .T. ) ;
#10742 = LINE ( 'NONE', #8656, #2472 ) ;
#10743 = PLANE ( 'NONE',  #12011 ) ;
#10744 = ORIENTED_EDGE ( 'NONE', *, *, #2734, .F. ) ;
#10745 = LINE ( 'NONE', #7787, #550 ) ;
#10746 = EDGE_CURVE ( 'NONE', #4689, #11542, #8010, .T. ) ;
#10747 = DIRECTION ( 'NONE',  ( 0.0000000000000000000, -1.000000000000000000, 0.0000000000000000000 ) ) ;
#10748 = CIRCLE ( 'NONE', #5714, 0.07499999999999998300 ) ;
#10749 = ORIENTED_EDGE ( 'NONE', *, *, #6013, .F. ) ;
#10750 = VERTEX_POINT ( 'NONE', #236 ) ;
#10751 = CARTESIAN_POINT ( 'NONE',  ( 1.725000000000000800, 0.0000000000000000000, -0.3350000000000004600 ) ) ;
#10752 = CARTESIAN_POINT ( 'NONE',  ( 1.234999999999999900, 0.2030000000000000100, -1.725000000000000300 ) ) ;
#10753 = CARTESIAN_POINT ( 'NONE',  ( -0.7849999999999991400, 0.6218078318274390400, 2.000000000000000400 ) ) ;
#10754 = CARTESIAN_POINT ( 'NONE',  ( 1.999999999999999100, 0.2030000000000000700, 1.234999999999999900 ) ) ;
#10755 = STYLED_ITEM ( 'NONE', ( #7382 ), #11975 ) ;
#10756 = DIRECTION ( 'NONE',  ( 0.0000000000000000000, 0.0000000000000000000, -1.000000000000000000 ) ) ;
#10757 = EDGE_LOOP ( 'NONE', ( #10647, #3888, #10090, #10843 ) ) ;
#10758 = LINE ( 'NONE', #11960, #9861 ) ;
#10759 = CARTESIAN_POINT ( 'NONE',  ( 0.8599999999999996500, 0.0000000000000000000, -1.725000000000000300 ) ) ;
#10760 = CARTESIAN_POINT ( 'NONE',  ( 1.725000000000000800, 0.0000000000000000000, -1.235000000000000300 ) ) ;
#10761 = VECTOR ( 'NONE', #4257, 1000.000000000000000 ) ;
#10762 = ORIENTED_EDGE ( 'NONE', *, *, #6980, .T. ) ;
#10763 = AXIS2_PLACEMENT_3D ( 'NONE', #4378, #12029, #569 ) ;
#10764 = ORIENTED_EDGE ( 'NONE', *, *, #1538, .T. ) ;
#10765 = ORIENTED_EDGE ( 'NONE', *, *, #7117, .F. ) ;
#10766 = CARTESIAN_POINT ( 'NONE',  ( -1.725000000000000800, 0.0000000000000000000, -0.4899999999999999900 ) ) ;
#10767 = EDGE_CURVE ( 'NONE', #1433, #10822, #10745, .T. ) ;
#10768 = ADVANCED_FACE ( 'NONE', ( #2478 ), #1744, .F. ) ;
#10769 = CARTESIAN_POINT ( 'NONE',  ( -2.000000000000000900, 0.2030000000000000100, 0.1150000000000000900 ) ) ;
#10770 = LINE ( 'NONE', #4171, #2192 ) ;
#10771 = CARTESIAN_POINT ( 'NONE',  ( -1.725000000000000800, 0.6218078318274388200, 0.3350000000000000200 ) ) ;
#10772 = VERTEX_POINT ( 'NONE', #8810 ) ;
#10773 = CARTESIAN_POINT ( 'NONE',  ( -0.5649999999999997200, 0.04999999999999999600, 1.725000000000001200 ) ) ;
#10774 = VERTEX_POINT ( 'NONE', #9679 ) ;
#10775 = ORIENTED_EDGE ( 'NONE', *, *, #10656, .F. ) ;
#10776 = EDGE_CURVE ( 'NONE', #4019, #4504, #10453, .T. ) ;
#10777 = AXIS2_PLACEMENT_3D ( 'NONE', #12047, #10145, #6337 ) ;
#10778 = CARTESIAN_POINT ( 'NONE',  ( 1.015000000000000300, 0.6218078318274392600, 1.725000000000001200 ) ) ;
#10779 = LINE ( 'NONE', #3099, #2670 ) ;
#10780 = DIRECTION ( 'NONE',  ( 0.0000000000000000000, -1.000000000000000000, 0.0000000000000000000 ) ) ;
#10781 = EDGE_CURVE ( 'NONE', #1625, #1054, #11623, .T. ) ;
#10782 = FACE_OUTER_BOUND ( 'NONE', #11682, .T. ) ;
#10783 = DIRECTION ( 'NONE',  ( 0.0000000000000000000, -0.0000000000000000000, 1.000000000000000000 ) ) ;
#10784 = ORIENTED_EDGE ( 'NONE', *, *, #11638, .F. ) ;
#10785 = ORIENTED_EDGE ( 'NONE', *, *, #1060, .F. ) ;
#10786 = ORIENTED_EDGE ( 'NONE', *, *, #7817, .F. ) ;
#10787 = ORIENTED_EDGE ( 'NONE', *, *, #3198, .F. ) ;
#10788 = VECTOR ( 'NONE', #5568, 1000.000000000000000 ) ;
#10789 = DIRECTION ( 'NONE',  ( -1.000000000000000000, 0.0000000000000000000, 0.0000000000000000000 ) ) ;
#10790 = DIRECTION ( 'NONE',  ( -0.0000000000000000000, -1.000000000000000000, -0.0000000000000000000 ) ) ;
#10791 = DIRECTION ( 'NONE',  ( -0.7071067811865474600, 0.0000000000000000000, 0.7071067811865474600 ) ) ;
#10792 = FACE_OUTER_BOUND ( 'NONE', #8645, .T. ) ;
#10793 = CIRCLE ( 'NONE', #8431, 0.07499999999999998300 ) ;
#10794 = CARTESIAN_POINT ( 'NONE',  ( 2.000000000000000900, 0.2030000000000000100, -1.014999999999999900 ) ) ;
#10795 = ADVANCED_FACE ( 'NONE', ( #8627 ), #11195, .T. ) ;
#10796 = ORIENTED_EDGE ( 'NONE', *, *, #10421, .T. ) ;
#10797 = CARTESIAN_POINT ( 'NONE',  ( 1.725000000000000800, 0.0000000000000000000, -0.4900000000000004400 ) ) ;
#10798 = CARTESIAN_POINT ( 'NONE',  ( 0.8599999999999996500, 0.2030000000000000100, -1.725000000000000300 ) ) ;
#10799 = VERTEX_POINT ( 'NONE', #3954 ) ;
#10800 = EDGE_CURVE ( 'NONE', #7002, #5362, #10603, .T. ) ;
#10801 = VERTEX_POINT ( 'NONE', #2977 ) ;
#10802 = CARTESIAN_POINT ( 'NONE',  ( 1.725000000000000800, 0.2030000000000000100, 0.9399999999999993900 ) ) ;
#10803 = EDGE_CURVE ( 'NONE', #1686, #7897, #5914, .T. ) ;
#10804 = CARTESIAN_POINT ( 'NONE',  ( -1.310000000000000300, 0.2030000000000000100, -1.725000000000000300 ) ) ;
#10805 = LINE ( 'NONE', #441, #9462 ) ;
#10806 = LINE ( 'NONE', #3080, #766 ) ;
#10807 = DIRECTION ( 'NONE',  ( -1.927470528863119300E-016, 0.0000000000000000000, 1.000000000000000000 ) ) ;
#10808 = LINE ( 'NONE', #9353, #8992 ) ;
#10809 = ORIENTED_EDGE ( 'NONE', *, *, #2860, .F. ) ;
#10810 = ORIENTED_EDGE ( 'NONE', *, *, #6338, .T. ) ;
#10811 = ORIENTED_EDGE ( 'NONE', *, *, #3555, .T. ) ;
#10812 = AXIS2_PLACEMENT_3D ( 'NONE', #12194, #9320, #8278 ) ;
#10813 = DIRECTION ( 'NONE',  ( -0.0000000000000000000, -1.000000000000000000, -0.0000000000000000000 ) ) ;
#10814 = DIRECTION ( 'NONE',  ( -0.0000000000000000000, -1.000000000000000000, 0.0000000000000000000 ) ) ;
#10815 = EDGE_CURVE ( 'NONE', #4572, #10545, #11337, .T. ) ;
#10816 = EDGE_CURVE ( 'NONE', #2153, #9111, #5029, .T. ) ;
#10817 = LINE ( 'NONE', #2427, #327 ) ;
#10818 = EDGE_CURVE ( 'NONE', #5429, #6294, #5621, .T. ) ;
#10819 = PLANE ( 'NONE',  #11127 ) ;
#10820 = LINE ( 'NONE', #7247, #8395 ) ;
#10821 = ORIENTED_EDGE ( 'NONE', *, *, #304, .F. ) ;
#10822 = VERTEX_POINT ( 'NONE', #10593 ) ;
#10823 = CARTESIAN_POINT ( 'NONE',  ( 1.389999999999999900, 0.2030000000000000100, -1.725000000000000300 ) ) ;
#10824 = ORIENTED_EDGE ( 'NONE', *, *, #9533, .F. ) ;
#10825 = PLANE ( 'NONE',  #61 ) ;
#10826 = ADVANCED_FACE ( 'NONE', ( #9397 ), #8685, .T. ) ;
#10827 = VECTOR ( 'NONE', #6555, 1000.000000000000000 ) ;
#10828 = CARTESIAN_POINT ( 'NONE',  ( -0.3349999999999995800, 0.6218078318274392600, -2.000000000000000400 ) ) ;
#10829 = FACE_OUTER_BOUND ( 'NONE', #11675, .T. ) ;
#10830 = AXIS2_PLACEMENT_3D ( 'NONE', #2259, #6026, #4245 ) ;
#10831 = AXIS2_PLACEMENT_3D ( 'NONE', #10336, #9625, #3862 ) ;
#10832 = CARTESIAN_POINT ( 'NONE',  ( -0.03999999999999967500, 0.6218078318274392600, 1.650000000000000800 ) ) ;
#10833 = VERTEX_POINT ( 'NONE', #3013 ) ;
#10834 = VERTEX_POINT ( 'NONE', #1146 ) ;
#10835 = EDGE_CURVE ( 'NONE', #9542, #2041, #8466, .T. ) ;
#10836 = LINE ( 'NONE', #8845, #9807 ) ;
#10837 = CARTESIAN_POINT ( 'NONE',  ( -1.600000000000000800, 0.8000000000000000400, -1.600000000000000300 ) ) ;
#10838 = CARTESIAN_POINT ( 'NONE',  ( -0.7850000000000022500, 0.05000000000000000300, 1.237961753310728500E-015 ) ) ;
#10839 = VECTOR ( 'NONE', #382, 1000.000000000000000 ) ;
#10840 = DIRECTION ( 'NONE',  ( 0.0000000000000000000, 1.000000000000000000, 0.0000000000000000000 ) ) ;
#10841 = DIRECTION ( 'NONE',  ( 0.0000000000000000000, -1.000000000000000000, 0.0000000000000000000 ) ) ;
#10842 = VERTEX_POINT ( 'NONE', #3103 ) ;
#10843 = ORIENTED_EDGE ( 'NONE', *, *, #282, .T. ) ;
#10844 = AXIS2_PLACEMENT_3D ( 'NONE', #2992, #4065, #9819 ) ;
#10845 = VECTOR ( 'NONE', #9882, 1000.000000000000000 ) ;
#10846 = VECTOR ( 'NONE', #6935, 1000.000000000000000 ) ;
#10847 = EDGE_CURVE ( 'NONE', #4654, #4488, #3689, .T. ) ;
#10848 = PLANE ( 'NONE',  #11706 ) ;
#10849 = ADVANCED_FACE ( 'NONE', ( #2927 ), #7818, .T. ) ;
#10850 = DIRECTION ( 'NONE',  ( -1.000000000000000000, 0.0000000000000000000, 0.0000000000000000000 ) ) ;
#10851 = ORIENTED_EDGE ( 'NONE', *, *, #2692, .F. ) ;
#10852 = DIRECTION ( 'NONE',  ( -1.000000000000000000, 0.0000000000000000000, -0.0000000000000000000 ) ) ;
#10853 = EDGE_LOOP ( 'NONE', ( #12064, #5573, #3434, #4399 ) ) ;
#10854 = LINE ( 'NONE', #6678, #10271 ) ;
#10855 = DIRECTION ( 'NONE',  ( 0.0000000000000000000, 1.000000000000000000, -0.0000000000000000000 ) ) ;
#10856 = CARTESIAN_POINT ( 'NONE',  ( -1.014999999999999900, 0.05000000000000000300, 0.0000000000000000000 ) ) ;
#10857 =( LENGTH_UNIT ( ) NAMED_UNIT ( * ) SI_UNIT ( .MILLI., .METRE. ) );
#10858 = AXIS2_PLACEMENT_3D ( 'NONE', #8522, #7473, #2788 ) ;
#10859 = ORIENTED_EDGE ( 'NONE', *, *, #11578, .T. ) ;
#10860 = DIRECTION ( 'NONE',  ( 9.035018104045872900E-016, 0.0000000000000000000, 1.000000000000000000 ) ) ;
#10861 = CARTESIAN_POINT ( 'NONE',  ( -1.234999999999999700, 0.2030000000000000100, -2.000000000000000400 ) ) ;
#10862 = ORIENTED_EDGE ( 'NONE', *, *, #10162, .F. ) ;
#10863 = EDGE_CURVE ( 'NONE', #5605, #5481, #1446, .T. ) ;
#10864 = ORIENTED_EDGE ( 'NONE', *, *, #10328, .F. ) ;
#10865 = CARTESIAN_POINT ( 'NONE',  ( 1.725000000000000800, 0.2030000000000000100, -0.7850000000000004800 ) ) ;
#10866 = CARTESIAN_POINT ( 'NONE',  ( 1.650000000000000800, 0.6218078318274388200, 0.4899999999999995500 ) ) ;
#10867 = CARTESIAN_POINT ( 'NONE',  ( -0.7849999999999991400, 0.0000000000000000000, 2.000000000000000400 ) ) ;
#10868 = VECTOR ( 'NONE', #6900, 1000.000000000000000 ) ;
#10869 = LINE ( 'NONE', #11671, #8291 ) ;
#10870 = LINE ( 'NONE', #1995, #5611 ) ;
#10871 = CARTESIAN_POINT ( 'NONE',  ( 2.000000000000000900, 0.2030000000000000100, 1.465000000000000100 ) ) ;
#10872 = PLANE ( 'NONE',  #10830 ) ;
#10873 = EDGE_LOOP ( 'NONE', ( #9278, #8916, #1979, #1835 ) ) ;
#10874 = ORIENTED_EDGE ( 'NONE', *, *, #1684, .F. ) ;
#10875 = EDGE_LOOP ( 'NONE', ( #1621, #7217, #3127, #888 ) ) ;
#10876 = DIRECTION ( 'NONE',  ( -2.365532012695645400E-015, 0.0000000000000000000, 1.000000000000000000 ) ) ;
#10877 = MECHANICAL_DESIGN_GEOMETRIC_PRESENTATION_REPRESENTATION (  '', ( #3571 ), #3966 ) ;
#10878 = FACE_OUTER_BOUND ( 'NONE', #1598, .T. ) ;
#10879 = CARTESIAN_POINT ( 'NONE',  ( 1.725000000000000800, 0.6218078318274388200, -1.235000000000000300 ) ) ;
#10880 = ADVANCED_FACE ( 'NONE', ( #1003 ), #10872, .T. ) ;
#10881 = ORIENTED_EDGE ( 'NONE', *, *, #7315, .F. ) ;
#10882 = EDGE_CURVE ( 'NONE', #4487, #11206, #9716, .T. ) ;
#10883 =( NAMED_UNIT ( * ) PLANE_ANGLE_UNIT ( ) SI_UNIT ( $, .RADIAN. ) );
#10884 = LINE ( 'NONE', #6246, #5759 ) ;
#10885 = EDGE_CURVE ( 'NONE', #7150, #3111, #7714, .T. ) ;
#10886 = FACE_OUTER_BOUND ( 'NONE', #9940, .T. ) ;
#10887 = CLOSED_SHELL ( 'NONE', ( #4186, #2119, #4566, #9488, #10951, #3911, #4218 ) ) ;
#10888 = VECTOR ( 'NONE', #1517, 1000.000000000000000 ) ;
#10889 = PLANE ( 'NONE',  #2536 ) ;
#10890 = DIRECTION ( 'NONE',  ( 0.0000000000000000000, 0.0000000000000000000, 1.000000000000000000 ) ) ;
#10891 = ORIENTED_EDGE ( 'NONE', *, *, #6516, .F. ) ;
#10892 = VECTOR ( 'NONE', #7678, 1000.000000000000000 ) ;
#10893 = DIRECTION ( 'NONE',  ( 0.0000000000000000000, -1.000000000000000000, 0.0000000000000000000 ) ) ;
#10894 = ORIENTED_EDGE ( 'NONE', *, *, #8990, .F. ) ;
#10895 = VECTOR ( 'NONE', #3182, 1000.000000000000000 ) ;
#10896 = CARTESIAN_POINT ( 'NONE',  ( -0.7850000000000002500, 0.0000000000000000000, -1.725000000000000300 ) ) ;
#10897 = ORIENTED_EDGE ( 'NONE', *, *, #11378, .T. ) ;
#10898 = FACE_OUTER_BOUND ( 'NONE', #3097, .T. ) ;
#10899 = AXIS2_PLACEMENT_3D ( 'NONE', #10935, #2105, #8906 ) ;
#10900 = EDGE_LOOP ( 'NONE', ( #3185, #3669, #7030, #3557 ) ) ;
#10901 = DIRECTION ( 'NONE',  ( 0.0000000000000000000, 1.000000000000000000, -0.0000000000000000000 ) ) ;
#10902 = DIRECTION ( 'NONE',  ( 0.0000000000000000000, 0.0000000000000000000, 1.000000000000000000 ) ) ;
#10903 = ORIENTED_EDGE ( 'NONE', *, *, #5615, .T. ) ;
#10904 = VERTEX_POINT ( 'NONE', #3310 ) ;
#10905 = ORIENTED_EDGE ( 'NONE', *, *, #911, .F. ) ;
#10906 = CARTESIAN_POINT ( 'NONE',  ( 0.7849999999999994800, 0.6218078318274392600, -1.725000000000000300 ) ) ;
#10907 = DIRECTION ( 'NONE',  ( -0.0000000000000000000, -0.0000000000000000000, 1.000000000000000000 ) ) ;
#10908 = DIRECTION ( 'NONE',  ( -0.0000000000000000000, -1.000000000000000000, -0.0000000000000000000 ) ) ;
#10909 = EDGE_CURVE ( 'NONE', #12140, #5792, #8774, .T. ) ;
#10910 = DIRECTION ( 'NONE',  ( 0.0000000000000000000, 1.000000000000000000, 0.0000000000000000000 ) ) ;
#10911 = VECTOR ( 'NONE', #939, 1000.000000000000000 ) ;
#10912 = UNCERTAINTY_MEASURE_WITH_UNIT (LENGTH_MEASURE( 1.000000000000000100E-005 ), #6968, 'distance_accuracy_value', 'NONE');
#10913 = DIRECTION ( 'NONE',  ( -1.000000000000000000, 0.0000000000000000000, -1.577021341797097000E-015 ) ) ;
#10914 = CIRCLE ( 'NONE', #2433, 0.07499999999999998300 ) ;
#10915 = DIRECTION ( 'NONE',  ( 0.0000000000000000000, 1.000000000000000000, 0.0000000000000000000 ) ) ;
#10916 = ORIENTED_EDGE ( 'NONE', *, *, #4459, .T. ) ;
#10917 = EDGE_LOOP ( 'NONE', ( #1278, #9988, #1438, #2290, #2075 ) ) ;
#10918 = VERTEX_POINT ( 'NONE', #3147 ) ;
#10919 = CARTESIAN_POINT ( 'NONE',  ( -1.650000000000000800, 0.05000000000000023900, -0.4099999999999999800 ) ) ;
#10920 = ADVANCED_FACE ( 'NONE', ( #4589 ), #4120, .F. ) ;
#10921 = AXIS2_PLACEMENT_3D ( 'NONE', #2302, #6293, #3274 ) ;
#10922 = DIRECTION ( 'NONE',  ( -0.7071067811865474600, 0.0000000000000000000, 0.7071067811865474600 ) ) ;
#10923 = LINE ( 'NONE', #2517, #7597 ) ;
#10924 = AXIS2_PLACEMENT_3D ( 'NONE', #9492, #775, #1772 ) ;
#10925 = LINE ( 'NONE', #3435, #2818 ) ;
#10926 = CARTESIAN_POINT ( 'NONE',  ( 0.4900000000000004400, 0.6218078318274392600, 1.725000000000000800 ) ) ;
#10927 = LINE ( 'NONE', #5258, #1159 ) ;
#10928 = ORIENTED_EDGE ( 'NONE', *, *, #4122, .T. ) ;
#10929 = CARTESIAN_POINT ( 'NONE',  ( 0.7849999999999997000, 0.6218078318274392600, -2.000000000000000400 ) ) ;
#10930 = EDGE_CURVE ( 'NONE', #7958, #6702, #10012, .T. ) ;
#10931 = ORIENTED_EDGE ( 'NONE', *, *, #11719, .F. ) ;
#10932 = VERTEX_POINT ( 'NONE', #5126 ) ;
#10933 = ORIENTED_EDGE ( 'NONE', *, *, #5290, .F. ) ;
#10934 = LINE ( 'NONE', #2825, #11522 ) ;
#10935 = CARTESIAN_POINT ( 'NONE',  ( 0.4900000000000004400, 0.04999999999999999600, 1.725000000000000800 ) ) ;
#10936 = LINE ( 'NONE', #4506, #7459 ) ;
#10937 = CARTESIAN_POINT ( 'NONE',  ( -2.000000000000000900, 0.6218078318274388200, -1.234999999999999900 ) ) ;
#10938 = ORIENTED_EDGE ( 'NONE', *, *, #3070, .T. ) ;
#10939 = EDGE_CURVE ( 'NONE', #4784, #5820, #6072, .T. ) ;
#10940 = EDGE_LOOP ( 'NONE', ( #607, #1493, #5984, #4588 ) ) ;
#10941 = DIRECTION ( 'NONE',  ( -1.000000000000000000, 0.0000000000000000000, 0.0000000000000000000 ) ) ;
#10942 = VERTEX_POINT ( 'NONE', #1397 ) ;
#10943 = AXIS2_PLACEMENT_3D ( 'NONE', #7821, #4005, #9844 ) ;
#10944 = VERTEX_POINT ( 'NONE', #4167 ) ;
#10945 = DIRECTION ( 'NONE',  ( -1.577021341797101900E-015, -0.0000000000000000000, -1.000000000000000000 ) ) ;
#10946 = EDGE_CURVE ( 'NONE', #6203, #10512, #704, .T. ) ;
#10947 = CIRCLE ( 'NONE', #8662, 0.07499999999999998300 ) ;
#10948 = CIRCLE ( 'NONE', #12275, 0.07499999999999998300 ) ;
#10949 = DIRECTION ( 'NONE',  ( 1.000000000000000000, 0.0000000000000000000, 1.577021341797097000E-015 ) ) ;
#10950 = DIRECTION ( 'NONE',  ( 0.7071067811865475700, -0.0000000000000000000, 0.7071067811865475700 ) ) ;
#10951 = ADVANCED_FACE ( 'NONE', ( #10151 ), #1318, .F. ) ;
#10952 = PLANE ( 'NONE',  #10056 ) ;
#10953 = DIRECTION ( 'NONE',  ( 2.365532012695645400E-015, 0.0000000000000000000, -1.000000000000000000 ) ) ;
#10954 = VERTEX_POINT ( 'NONE', #362 ) ;
#10955 = ORIENTED_EDGE ( 'NONE', *, *, #9711, .T. ) ;
#10956 = EDGE_LOOP ( 'NONE', ( #10499, #5613, #2989, #10693 ) ) ;
#10957 = DIRECTION ( 'NONE',  ( 0.0000000000000000000, 0.0000000000000000000, 1.000000000000000000 ) ) ;
#10958 = DIRECTION ( 'NONE',  ( 0.0000000000000000000, 0.0000000000000000000, 1.000000000000000000 ) ) ;
#10959 = DIRECTION ( 'NONE',  ( 0.0000000000000000000, 1.000000000000000000, 0.0000000000000000000 ) ) ;
#10960 = AXIS2_PLACEMENT_3D ( 'NONE', #7636, #7751, #2016 ) ;
#10961 = VERTEX_POINT ( 'NONE', #5084 ) ;
#10962 = DIRECTION ( 'NONE',  ( 0.0000000000000000000, -1.000000000000000000, 0.0000000000000000000 ) ) ;
#10963 = VECTOR ( 'NONE', #7201, 1000.000000000000000 ) ;
#10964 = CYLINDRICAL_SURFACE ( 'NONE', #758, 0.07499999999999998300 ) ;
#10965 = DIRECTION ( 'NONE',  ( 0.0000000000000000000, 1.000000000000000000, -0.0000000000000000000 ) ) ;
#10966 = EDGE_CURVE ( 'NONE', #11193, #4714, #8314, .T. ) ;
#10967 = EDGE_CURVE ( 'NONE', #9428, #3852, #4888, .T. ) ;
#10968 = ORIENTED_EDGE ( 'NONE', *, *, #7644, .F. ) ;
#10969 = CARTESIAN_POINT ( 'NONE',  ( -0.8600000000000002100, 0.0000000000000000000, -1.725000000000000300 ) ) ;
#10970 = ORIENTED_EDGE ( 'NONE', *, *, #10278, .F. ) ;
#10971 = DIRECTION ( 'NONE',  ( -0.0000000000000000000, -1.000000000000000000, -0.0000000000000000000 ) ) ;
#10972 = CARTESIAN_POINT ( 'NONE',  ( -1.725000000000000800, 0.2030000000000000100, 0.5649999999999999500 ) ) ;
#10973 = VECTOR ( 'NONE', #4004, 1000.000000000000000 ) ;
#10974 = FACE_OUTER_BOUND ( 'NONE', #2632, .T. ) ;
#10975 = AXIS2_PLACEMENT_3D ( 'NONE', #10215, #12068, #11205 ) ;
#10976 = CARTESIAN_POINT ( 'NONE',  ( -2.000000000000000900, 7.256854249492381100, 2.000000000000000400 ) ) ;
#10977 = VERTEX_POINT ( 'NONE', #8032 ) ;
#10978 = DIRECTION ( 'NONE',  ( -1.000000000000000000, 0.0000000000000000000, -1.577021341797097400E-015 ) ) ;
#10979 = ADVANCED_FACE ( 'NONE', ( #7119 ), #11607, .F. ) ;
#10980 = EDGE_CURVE ( 'NONE', #9120, #630, #5186, .T. ) ;
#10981 = VECTOR ( 'NONE', #5491, 1000.000000000000000 ) ;
#10982 = DIRECTION ( 'NONE',  ( 0.0000000000000000000, 1.000000000000000000, 0.0000000000000000000 ) ) ;
#10983 = CARTESIAN_POINT ( 'NONE',  ( -1.725000000000000800, 0.2030000000000000100, -1.014999999999999900 ) ) ;
#10984 = CARTESIAN_POINT ( 'NONE',  ( 2.000000000000000900, 0.2030000000000001000, 0.7849999999999999200 ) ) ;
#10985 = DIRECTION ( 'NONE',  ( 0.0000000000000000000, -0.0000000000000000000, 1.000000000000000000 ) ) ;
#10986 = DIRECTION ( 'NONE',  ( 0.0000000000000000000, 0.0000000000000000000, -1.000000000000000000 ) ) ;
#10987 = ORIENTED_EDGE ( 'NONE', *, *, #192, .T. ) ;
#10988 = FACE_OUTER_BOUND ( 'NONE', #12369, .T. ) ;
#10989 = AXIS2_PLACEMENT_3D ( 'NONE', #10081, #4317, #11021 ) ;
#10990 = DIRECTION ( 'NONE',  ( 1.577021341797102100E-015, 0.0000000000000000000, 1.000000000000000000 ) ) ;
#10991 = VECTOR ( 'NONE', #3774, 1000.000000000000000 ) ;
#10992 = DIRECTION ( 'NONE',  ( 1.000000000000000000, -0.0000000000000000000, 0.0000000000000000000 ) ) ;
#10993 = LINE ( 'NONE', #2508, #6023 ) ;
#10994 = CARTESIAN_POINT ( 'NONE',  ( -0.5650000000000003900, 0.0000000000000000000, -1.725000000000000300 ) ) ;
#10995 = EDGE_CURVE ( 'NONE', #1989, #8686, #10591, .T. ) ;
#10996 = DIRECTION ( 'NONE',  ( 0.0000000000000000000, 1.000000000000000000, 0.0000000000000000000 ) ) ;
#10997 = CARTESIAN_POINT ( 'NONE',  ( -2.000000000000000900, 0.6218078318274388200, -0.3350000000000000200 ) ) ;
#10998 = ORIENTED_EDGE ( 'NONE', *, *, #11321, .F. ) ;
#10999 = DIRECTION ( 'NONE',  ( 0.0000000000000000000, 1.000000000000000000, 0.0000000000000000000 ) ) ;
#11000 = DIRECTION ( 'NONE',  ( 0.0000000000000000000, 1.000000000000000000, 0.0000000000000000000 ) ) ;
#11001 = ORIENTED_EDGE ( 'NONE', *, *, #6589, .F. ) ;
#11002 = CARTESIAN_POINT ( 'NONE',  ( -2.000000000000000900, 0.6218078318274388200, -0.5649999999999999500 ) ) ;
#11003 = VECTOR ( 'NONE', #365, 1000.000000000000000 ) ;
#11004 = FACE_OUTER_BOUND ( 'NONE', #9028, .T. ) ;
#11005 = PLANE ( 'NONE',  #10651 ) ;
#11006 = AXIS2_PLACEMENT_3D ( 'NONE', #8306, #12179, #3505 ) ;
#11007 = AXIS2_PLACEMENT_3D ( 'NONE', #7049, #4226, #9899 ) ;
#11008 = ORIENTED_EDGE ( 'NONE', *, *, #1741, .F. ) ;
#11009 = ORIENTED_EDGE ( 'NONE', *, *, #23, .F. ) ;
#11010 = DIRECTION ( 'NONE',  ( 7.885106708985485100E-016, 0.0000000000000000000, -1.000000000000000000 ) ) ;
#11011 = VECTOR ( 'NONE', #6687, 1000.000000000000000 ) ;
#11012 = EDGE_CURVE ( 'NONE', #678, #10942, #1284, .T. ) ;
#11013 = DIRECTION ( 'NONE',  ( 0.0000000000000000000, 0.0000000000000000000, 1.000000000000000000 ) ) ;
#11014 = LINE ( 'NONE', #8166, #7091 ) ;
#11015 = VECTOR ( 'NONE', #6268, 1000.000000000000000 ) ;
#11016 = DIRECTION ( 'NONE',  ( 0.0000000000000000000, -1.000000000000000000, 0.0000000000000000000 ) ) ;
#11017 = EDGE_LOOP ( 'NONE', ( #6686, #6586, #11605, #8787, #8914, #5249 ) ) ;
#11018 = DIRECTION ( 'NONE',  ( 0.0000000000000000000, 1.000000000000000000, 0.0000000000000000000 ) ) ;
#11019 = CARTESIAN_POINT ( 'NONE',  ( 0.4899999999999999900, 0.0000000000000000000, 1.650000000000000800 ) ) ;
#11020 = ORIENTED_EDGE ( 'NONE', *, *, #118, .F. ) ;
#11021 = DIRECTION ( 'NONE',  ( 0.0000000000000000000, -0.0000000000000000000, 1.000000000000000000 ) ) ;
#11022 = VECTOR ( 'NONE', #6363, 1000.000000000000000 ) ;
#11023 = DIRECTION ( 'NONE',  ( 7.885106708985486100E-016, 0.0000000000000000000, -1.000000000000000000 ) ) ;
#11024 = SURFACE_STYLE_USAGE ( .BOTH. , #9009 ) ;
#11025 = AXIS2_PLACEMENT_3D ( 'NONE', #8203, #535, #4347 ) ;
#11026 = VERTEX_POINT ( 'NONE', #11906 ) ;
#11027 = DIRECTION ( 'NONE',  ( -0.7071067811865475700, 0.0000000000000000000, -0.7071067811865475700 ) ) ;
#11028 = FACE_OUTER_BOUND ( 'NONE', #11496, .T. ) ;
#11029 = CARTESIAN_POINT ( 'NONE',  ( 1.014999999999999700, 0.2030000000000000100, -1.725000000000000300 ) ) ;
#11030 = EDGE_CURVE ( 'NONE', #2328, #985, #8002, .T. ) ;
#11031 = EDGE_CURVE ( 'NONE', #7548, #11457, #10884, .T. ) ;
#11032 = VERTEX_POINT ( 'NONE', #12033 ) ;
#11033 = CARTESIAN_POINT ( 'NONE',  ( 0.04000000000000053500, 0.2030000000000000100, 1.725000000000000800 ) ) ;
#11034 = VERTEX_POINT ( 'NONE', #7281 ) ;
#11035 = DIRECTION ( 'NONE',  ( 0.0000000000000000000, 0.0000000000000000000, -1.000000000000000000 ) ) ;
#11036 = CARTESIAN_POINT ( 'NONE',  ( 1.725000000000000800, 0.0000000000000000000, -0.04000000000000032000 ) ) ;
#11037 = ORIENTED_EDGE ( 'NONE', *, *, #7073, .T. ) ;
#11038 = CARTESIAN_POINT ( 'NONE',  ( -1.725000000000000800, 0.6218078318274388200, 0.7849999999999999200 ) ) ;
#11039 = EDGE_LOOP ( 'NONE', ( #2476, #3877, #10488, #1445, #296 ) ) ;
#11040 = ADVANCED_FACE ( 'NONE', ( #2624 ), #4458, .F. ) ;
#11041 = LINE ( 'NONE', #3023, #1442 ) ;
#11042 = CARTESIAN_POINT ( 'NONE',  ( 1.725000000000000800, 0.6218078318274388200, 0.4899999999999995500 ) ) ;
#11043 = DIRECTION ( 'NONE',  ( 7.885106708985486100E-016, 0.0000000000000000000, -1.000000000000000000 ) ) ;
#11044 = VERTEX_POINT ( 'NONE', #527 ) ;
#11045 = VECTOR ( 'NONE', #2895, 1000.000000000000000 ) ;
#11046 = CARTESIAN_POINT ( 'NONE',  ( -2.000000000000000900, 0.2030000000000000100, -1.234999999999999900 ) ) ;
#11047 = LINE ( 'NONE', #538, #9548 ) ;
#11048 = CARTESIAN_POINT ( 'NONE',  ( 1.235000000000000300, 0.2030000000000000100, 1.725000000000001200 ) ) ;
#11049 = ORIENTED_EDGE ( 'NONE', *, *, #6027, .T. ) ;
#11050 = AXIS2_PLACEMENT_3D ( 'NONE', #10648, #4843, #127 ) ;
#11051 = ORIENTED_EDGE ( 'NONE', *, *, #3762, .F. ) ;
#11052 = ORIENTED_EDGE ( 'NONE', *, *, #6411, .T. ) ;
#11053 = DIRECTION ( 'NONE',  ( 1.000000000000000000, 0.0000000000000000000, 1.668003342285392000E-016 ) ) ;
#11054 = EDGE_CURVE ( 'NONE', #6813, #3032, #5461, .T. ) ;
#11055 = DIRECTION ( 'NONE',  ( -1.927470528863119300E-016, 0.0000000000000000000, 1.000000000000000000 ) ) ;
#11056 = EDGE_CURVE ( 'NONE', #1075, #5662, #6960, .T. ) ;
#11057 = VECTOR ( 'NONE', #5639, 1000.000000000000000 ) ;
#11058 = VERTEX_POINT ( 'NONE', #7327 ) ;
#11059 = VECTOR ( 'NONE', #11295, 1000.000000000000000 ) ;
#11060 = EDGE_LOOP ( 'NONE', ( #9169, #3649, #5685, #11678 ) ) ;
#11061 = VECTOR ( 'NONE', #6790, 1000.000000000000000 ) ;
#11062 = CARTESIAN_POINT ( 'NONE',  ( -0.8600000000000002100, 0.2030000000000000100, -1.725000000000000300 ) ) ;
#11063 = ORIENTED_EDGE ( 'NONE', *, *, #1034, .F. ) ;
#11064 = ORIENTED_EDGE ( 'NONE', *, *, #9149, .T. ) ;
#11065 = ORIENTED_EDGE ( 'NONE', *, *, #4895, .T. ) ;
#11066 = PLANE ( 'NONE',  #6832 ) ;
#11067 =( NAMED_UNIT ( * ) PLANE_ANGLE_UNIT ( ) SI_UNIT ( $, .RADIAN. ) );
#11068 = CARTESIAN_POINT ( 'NONE',  ( 0.5650000000000003900, 0.2030000000000000100, -2.000000000000000400 ) ) ;
#11069 = VECTOR ( 'NONE', #6806, 1000.000000000000000 ) ;
#11070 = AXIS2_PLACEMENT_3D ( 'NONE', #10176, #4342, #3395 ) ;
#11071 = DIRECTION ( 'NONE',  ( 0.7071067811865475700, 0.0000000000000000000, -0.7071067811865475700 ) ) ;
#11072 = LINE ( 'NONE', #4088, #10482 ) ;
#11073 = UNCERTAINTY_MEASURE_WITH_UNIT (LENGTH_MEASURE( 1.000000000000000100E-005 ), #2407, 'distance_accuracy_value', 'NONE');
#11074 = LINE ( 'NONE', #9260, #9277 ) ;
#11075 = EDGE_LOOP ( 'NONE', ( #9822, #4485, #3373, #10541 ) ) ;
#11076 = DIRECTION ( 'NONE',  ( -1.927470528863119300E-016, 0.0000000000000000000, 1.000000000000000000 ) ) ;
#11077 = ORIENTED_EDGE ( 'NONE', *, *, #3867, .F. ) ;
#11078 = CARTESIAN_POINT ( 'NONE',  ( 1.725000000000000800, 0.2030000000000000100, 0.8599999999999994300 ) ) ;
#11079 = DIRECTION ( 'NONE',  ( 0.0000000000000000000, 0.0000000000000000000, 1.000000000000000000 ) ) ;
#11080 = VERTEX_POINT ( 'NONE', #6290 ) ;
#11081 = EDGE_CURVE ( 'NONE', #9151, #1861, #11187, .T. ) ;
#11082 = PLANE ( 'NONE',  #6087 ) ;
#11083 = LINE ( 'NONE', #195, #12274 ) ;
#11084 = CARTESIAN_POINT ( 'NONE',  ( -1.600000000000000800, 0.8000000000000000400, -1.600000000000000300 ) ) ;
#11085 = CARTESIAN_POINT ( 'NONE',  ( 2.000000000000000900, 0.6218078318274388200, 0.1150000000000000900 ) ) ;
#11086 = DIRECTION ( 'NONE',  ( 0.0000000000000000000, -0.0000000000000000000, 1.000000000000000000 ) ) ;
#11087 = CYLINDRICAL_SURFACE ( 'NONE', #77, 0.07499999999999998300 ) ;
#11088 = SURFACE_STYLE_FILL_AREA ( #3502 ) ;
#11089 = ORIENTED_EDGE ( 'NONE', *, *, #9965, .F. ) ;
#11090 = DIRECTION ( 'NONE',  ( 0.0000000000000000000, -0.0000000000000000000, 1.000000000000000000 ) ) ;
#11091 = ORIENTED_EDGE ( 'NONE', *, *, #1590, .T. ) ;
#11092 = DIRECTION ( 'NONE',  ( 0.0000000000000000000, 0.0000000000000000000, 1.000000000000000000 ) ) ;
#11093 = VERTEX_POINT ( 'NONE', #7237 ) ;
#11094 = VERTEX_POINT ( 'NONE', #10057 ) ;
#11095 = AXIS2_PLACEMENT_3D ( 'NONE', #8588, #11452, #8679 ) ;
#11096 = DIRECTION ( 'NONE',  ( -1.000000000000000000, 0.0000000000000000000, 0.0000000000000000000 ) ) ;
#11097 = ADVANCED_FACE ( 'NONE', ( #2311 ), #10219, .F. ) ;
#11098 = AXIS2_PLACEMENT_3D ( 'NONE', #896, #5602, #7566 ) ;
#11099 = DIRECTION ( 'NONE',  ( 0.0000000000000000000, -1.000000000000000000, 0.0000000000000000000 ) ) ;
#11100 = VECTOR ( 'NONE', #9089, 1000.000000000000000 ) ;
#11101 = EDGE_CURVE ( 'NONE', #4504, #1969, #7106, .T. ) ;
#11102 = EDGE_LOOP ( 'NONE', ( #9175, #12034, #11573, #408 ) ) ;
#11103 = ORIENTED_EDGE ( 'NONE', *, *, #3460, .F. ) ;
#11104 = ORIENTED_EDGE ( 'NONE', *, *, #1612, .F. ) ;
#11105 = CARTESIAN_POINT ( 'NONE',  ( -0.4099999999999999800, 0.04999999999999999600, 1.650000000000000800 ) ) ;
#11106 = VECTOR ( 'NONE', #11035, 1000.000000000000000 ) ;
#11108 = EDGE_CURVE ( 'NONE', #11026, #2303, #3972, .T. ) ;
#11107 = FACE_OUTER_BOUND ( 'NONE', #10553, .T. ) ;
#11109 = ADVANCED_FACE ( 'NONE', ( #9073 ), #3348, .F. ) ;
#11110 =( NAMED_UNIT ( * ) PLANE_ANGLE_UNIT ( ) SI_UNIT ( $, .RADIAN. ) );
#11111 = LINE ( 'NONE', #1558, #3443 ) ;
#11112 = AXIS2_PLACEMENT_3D ( 'NONE', #3678, #4678, #4598 ) ;
#11113 = DIRECTION ( 'NONE',  ( 0.0000000000000000000, 1.000000000000000000, -0.0000000000000000000 ) ) ;
#11114 = ORIENTED_EDGE ( 'NONE', *, *, #4623, .F. ) ;
#11115 = ORIENTED_EDGE ( 'NONE', *, *, #11303, .T. ) ;
#11116 =( NAMED_UNIT ( * ) SI_UNIT ( $, .STERADIAN. ) SOLID_ANGLE_UNIT ( ) );
#11117 = ORIENTED_EDGE ( 'NONE', *, *, #8384, .F. ) ;
#11118 = EDGE_CURVE ( 'NONE', #11677, #2440, #6513, .T. ) ;
#11119 = PLANE ( 'NONE',  #5579 ) ;
#11120 = CARTESIAN_POINT ( 'NONE',  ( -0.1150000000000000900, 0.6218078318274392600, -2.000000000000000400 ) ) ;
#11121 = LINE ( 'NONE', #7159, #4208 ) ;
#11122 = LINE ( 'NONE', #1405, #10677 ) ;
#11123 = DIRECTION ( 'NONE',  ( 0.0000000000000000000, 0.0000000000000000000, -1.000000000000000000 ) ) ;
#11124 = DIRECTION ( 'NONE',  ( 0.0000000000000000000, 0.0000000000000000000, 1.000000000000000000 ) ) ;
#11125 = ORIENTED_EDGE ( 'NONE', *, *, #6878, .F. ) ;
#11126 = DIRECTION ( 'NONE',  ( 0.0000000000000000000, -1.000000000000000000, 0.0000000000000000000 ) ) ;
#11127 = AXIS2_PLACEMENT_3D ( 'NONE', #8832, #5923, #4978 ) ;
#11128 = PLANE ( 'NONE',  #4640 ) ;
#11129 = DIRECTION ( 'NONE',  ( 0.0000000000000000000, 1.000000000000000000, 0.0000000000000000000 ) ) ;
#11130 = LINE ( 'NONE', #3298, #5999 ) ;
#11131 = DIRECTION ( 'NONE',  ( 1.000000000000000000, -0.0000000000000000000, 1.577021341797097400E-015 ) ) ;
#11132 = CARTESIAN_POINT ( 'NONE',  ( 2.000000000000000900, 0.6218078318274388200, -0.3350000000000000200 ) ) ;
#11133 = EDGE_CURVE ( 'NONE', #8224, #5626, #4436, .T. ) ;
#11134 = VECTOR ( 'NONE', #6909, 1000.000000000000000 ) ;
#11135 = EDGE_CURVE ( 'NONE', #967, #11261, #3832, .T. ) ;
#11136 = FACE_OUTER_BOUND ( 'NONE', #2848, .T. ) ;
#11137 = DIRECTION ( 'NONE',  ( 0.0000000000000000000, 0.0000000000000000000, 1.000000000000000000 ) ) ;
#11138 = VERTEX_POINT ( 'NONE', #1531 ) ;
#11139 = CYLINDRICAL_SURFACE ( 'NONE', #9290, 0.07500000000000019200 ) ;
#11140 = CIRCLE ( 'NONE', #6104, 0.07499999999999998300 ) ;
#11141 = AXIS2_PLACEMENT_3D ( 'NONE', #9042, #1383, #1344 ) ;
#11142 = DIRECTION ( 'NONE',  ( 1.000000000000000000, 0.0000000000000000000, -0.0000000000000000000 ) ) ;
#11143 =( LENGTH_UNIT ( ) NAMED_UNIT ( * ) SI_UNIT ( .MILLI., .METRE. ) );
#11144 = ORIENTED_EDGE ( 'NONE', *, *, #6715, .F. ) ;
#11145 = DIRECTION ( 'NONE',  ( 0.0000000000000000000, 0.0000000000000000000, -1.000000000000000000 ) ) ;
#11146 = EDGE_CURVE ( 'NONE', #8609, #9955, #6799, .T. ) ;
#11147 = EDGE_LOOP ( 'NONE', ( #5831, #8998, #5334, #10862 ) ) ;
#11148 = VECTOR ( 'NONE', #9771, 1000.000000000000000 ) ;
#11149 = DIRECTION ( 'NONE',  ( 0.0000000000000000000, -1.000000000000000000, 0.0000000000000000000 ) ) ;
#11150 = DIRECTION ( 'NONE',  ( -0.0000000000000000000, -1.000000000000000000, -0.0000000000000000000 ) ) ;
#11151 = CARTESIAN_POINT ( 'NONE',  ( -1.650000000000000800, 0.6218078318274388200, 0.4899999999999999900 ) ) ;
#11152 = STYLED_ITEM ( 'NONE', ( #8589 ), #11814 ) ;
#11153 = ORIENTED_EDGE ( 'NONE', *, *, #7798, .T. ) ;
#11154 = ORIENTED_EDGE ( 'NONE', *, *, #11501, .T. ) ;
#11155 = DIRECTION ( 'NONE',  ( 0.0000000000000000000, -1.000000000000000000, 0.0000000000000000000 ) ) ;
#11156 = CARTESIAN_POINT ( 'NONE',  ( 0.5650000000000010600, 0.2030000000000000700, 2.000000000000000000 ) ) ;
#11157 = MECHANICAL_DESIGN_GEOMETRIC_PRESENTATION_REPRESENTATION (  '', ( #12188 ), #8320 ) ;
#11158 = CYLINDRICAL_SURFACE ( 'NONE', #1988, 0.07499999999999998300 ) ;
#11159 = DIRECTION ( 'NONE',  ( -1.000000000000000000, 0.0000000000000000000, 1.577021341797102100E-015 ) ) ;
#11160 = FACE_OUTER_BOUND ( 'NONE', #5224, .T. ) ;
#11161 = DIRECTION ( 'NONE',  ( 1.927470528863119000E-016, -0.0000000000000000000, -1.000000000000000000 ) ) ;
#11162 = PLANE ( 'NONE',  #57 ) ;
#11163 = COLOUR_RGB ( '',0.7921568627450980000, 0.8196078431372548800, 0.9333333333333333500 ) ;
#11164 = ADVANCED_FACE ( 'NONE', ( #12222 ), #4730, .F. ) ;
#11165 = EDGE_CURVE ( 'NONE', #11044, #1740, #94, .T. ) ;
#11166 = DIRECTION ( 'NONE',  ( -0.0000000000000000000, -1.000000000000000000, -0.0000000000000000000 ) ) ;
#11167 = ORIENTED_EDGE ( 'NONE', *, *, #10131, .T. ) ;
#11168 = CARTESIAN_POINT ( 'NONE',  ( 1.725000000000000800, 0.2030000000000000100, -1.015000000000000300 ) ) ;
#11169 = ORIENTED_EDGE ( 'NONE', *, *, #3789, .T. ) ;
#11170 = ORIENTED_EDGE ( 'NONE', *, *, #7833, .T. ) ;
#11171 = LINE ( 'NONE', #4565, #4856 ) ;
#11172 = PLANE ( 'NONE',  #278 ) ;
#11173 = LINE ( 'NONE', #10654, #3819 ) ;
#11174 = DIRECTION ( 'NONE',  ( 1.000000000000000000, 0.0000000000000000000, 0.0000000000000000000 ) ) ;
#11175 = EDGE_CURVE ( 'NONE', #9709, #6264, #2913, .T. ) ;
#11176 = VECTOR ( 'NONE', #5110, 1000.000000000000000 ) ;
#11177 = VERTEX_POINT ( 'NONE', #5532 ) ;
#11178 = MECHANICAL_DESIGN_GEOMETRIC_PRESENTATION_REPRESENTATION (  '', ( #1063 ), #429 ) ;
#11179 = ADVANCED_FACE ( 'NONE', ( #11325 ), #10420, .F. ) ;
#11180 = EDGE_LOOP ( 'NONE', ( #12212, #6737, #4109, #5694 ) ) ;
#11181 = EDGE_LOOP ( 'NONE', ( #7502, #6971, #12300, #12432 ) ) ;
#11182 = CARTESIAN_POINT ( 'NONE',  ( 2.000000000000000900, 0.0000000000000000000, -1.234999999999999900 ) ) ;
#11183 = EDGE_CURVE ( 'NONE', #2614, #10555, #990, .T. ) ;
#11184 = DIRECTION ( 'NONE',  ( 0.0000000000000000000, 0.0000000000000000000, -1.000000000000000000 ) ) ;
#11185 = ORIENTED_EDGE ( 'NONE', *, *, #10882, .T. ) ;
#11186 = ORIENTED_EDGE ( 'NONE', *, *, #5530, .T. ) ;
#11187 = LINE ( 'NONE', #1444, #3526 ) ;
#11188 = LINE ( 'NONE', #12168, #992 ) ;
#11189 = ORIENTED_EDGE ( 'NONE', *, *, #8859, .F. ) ;
#11190 = CIRCLE ( 'NONE', #7731, 0.07499999999999998300 ) ;
#11191 = AXIS2_PLACEMENT_3D ( 'NONE', #11197, #5523, #8442 ) ;
#11192 = ORIENTED_EDGE ( 'NONE', *, *, #3943, .T. ) ;
#11193 = VERTEX_POINT ( 'NONE', #3658 ) ;
#11194 = EDGE_CURVE ( 'NONE', #3192, #10172, #3215, .T. ) ;
#11195 = CYLINDRICAL_SURFACE ( 'NONE', #6705, 0.07499999999999998300 ) ;
#11196 = EDGE_CURVE ( 'NONE', #5820, #9369, #9999, .T. ) ;
#11197 = CARTESIAN_POINT ( 'NONE',  ( -1.725000000000000800, 0.6218078318274388200, 0.8599999999999998800 ) ) ;
#11198 = LINE ( 'NONE', #7672, #8629 ) ;
#11199 = CARTESIAN_POINT ( 'NONE',  ( -1.725000000000000800, 0.2030000000000001000, -0.3350000000000000200 ) ) ;
#11200 = ORIENTED_EDGE ( 'NONE', *, *, #4668, .T. ) ;
#11201 = DIRECTION ( 'NONE',  ( 0.0000000000000000000, 1.000000000000000000, 0.0000000000000000000 ) ) ;
#11202 = VERTEX_POINT ( 'NONE', #7365 ) ;
#11203 = EDGE_LOOP ( 'NONE', ( #2795, #7697, #1754, #12280 ) ) ;
#11204 = CARTESIAN_POINT ( 'NONE',  ( 0.9399999999999996100, 0.2030000000000000100, -1.725000000000000300 ) ) ;
#11205 = DIRECTION ( 'NONE',  ( 1.000000000000000000, 0.0000000000000000000, 1.577021341797097000E-015 ) ) ;
#11206 = VERTEX_POINT ( 'NONE', #8371 ) ;
#11207 = CARTESIAN_POINT ( 'NONE',  ( -1.805000000000000400, 0.2030000000000000100, -1.464999999999999900 ) ) ;
#11208 = CARTESIAN_POINT ( 'NONE',  ( -1.650000000000000800, 0.2030000000000000100, 0.4899999999999999900 ) ) ;
#11209 = VECTOR ( 'NONE', #9772, 1000.000000000000000 ) ;
#11210 = ORIENTED_EDGE ( 'NONE', *, *, #1576, .F. ) ;
#11211 = CARTESIAN_POINT ( 'NONE',  ( -2.000000000000000900, 0.2030000000000000100, 1.235000000000000100 ) ) ;
#11212 = ORIENTED_EDGE ( 'NONE', *, *, #11284, .F. ) ;
#11213 = AXIS2_PLACEMENT_3D ( 'NONE', #6855, #5936, #2044 ) ;
#11214 = ORIENTED_EDGE ( 'NONE', *, *, #943, .T. ) ;
#11215 = EDGE_CURVE ( 'NONE', #10141, #2277, #10299, .T. ) ;
#11216 = VECTOR ( 'NONE', #9626, 1000.000000000000000 ) ;
#11217 = CIRCLE ( 'NONE', #7982, 0.07499999999999998300 ) ;
#11218 = CARTESIAN_POINT ( 'NONE',  ( 1.465000000000000700, 0.2030000000000000100, 1.805000000000001300 ) ) ;
#11219 = VECTOR ( 'NONE', #5551, 1000.000000000000000 ) ;
#11220 = ORIENTED_EDGE ( 'NONE', *, *, #3537, .F. ) ;
#11221 = ADVANCED_FACE ( 'NONE', ( #11028 ), #11368, .F. ) ;
#11222 = ORIENTED_EDGE ( 'NONE', *, *, #11357, .T. ) ;
#11223 = CARTESIAN_POINT ( 'NONE',  ( 1.805000000000000600, 0.0000000000000000000, -1.465000000000000100 ) ) ;
#11224 = EDGE_LOOP ( 'NONE', ( #6353, #9629, #228, #3404 ) ) ;
#11225 = ORIENTED_EDGE ( 'NONE', *, *, #820, .F. ) ;
#11226 = CARTESIAN_POINT ( 'NONE',  ( 1.725000000000000800, 0.0000000000000000000, -0.3350000000000004600 ) ) ;
#11227 = AXIS2_PLACEMENT_3D ( 'NONE', #3445, #11996, #10133 ) ;
#11228 = CARTESIAN_POINT ( 'NONE',  ( -1.725000000000000800, 0.6218078318274388200, 0.9399999999999998400 ) ) ;
#11229 = AXIS2_PLACEMENT_3D ( 'NONE', #9960, #5119, #11817 ) ;
#11230 = FACE_OUTER_BOUND ( 'NONE', #6132, .T. ) ;
#11231 = CARTESIAN_POINT ( 'NONE',  ( 1.725000000000000800, 0.0000000000000000000, 1.234999999999999900 ) ) ;
#11232 = CARTESIAN_POINT ( 'NONE',  ( 0.1149999999999978000, 0.05000000000000000300, -1.813574543066632400E-016 ) ) ;
#11233 = ORIENTED_EDGE ( 'NONE', *, *, #943, .F. ) ;
#11234 = EDGE_CURVE ( 'NONE', #10904, #2665, #8302, .T. ) ;
#11235 = PLANE ( 'NONE',  #5443 ) ;
#11236 = EDGE_LOOP ( 'NONE', ( #518, #2821, #8043, #9239 ) ) ;
#11237 = EDGE_LOOP ( 'NONE', ( #1356, #4248, #4398, #9693 ) ) ;
#11238 = ORIENTED_EDGE ( 'NONE', *, *, #469, .F. ) ;
#11239 = ADVANCED_FACE ( 'NONE', ( #5175 ), #6413, .T. ) ;
#11240 = CARTESIAN_POINT ( 'NONE',  ( 1.015000000000000800, 0.2030000000000000100, 2.000000000000000400 ) ) ;
#11241 = CARTESIAN_POINT ( 'NONE',  ( -1.725000000000000800, 0.6218078318274388200, -1.464999999999999900 ) ) ;
#11242 = CARTESIAN_POINT ( 'NONE',  ( -2.000000000000000900, 0.0000000000000000000, 1.465000000000000100 ) ) ;
#11243 = FACE_OUTER_BOUND ( 'NONE', #5648, .T. ) ;
#11244 = DIRECTION ( 'NONE',  ( 1.000000000000000000, 0.0000000000000000000, -0.0000000000000000000 ) ) ;
#11245 = CARTESIAN_POINT ( 'NONE',  ( 0.5649999999999997200, 0.04999999999999999600, -1.725000000000000300 ) ) ;
#11246 = PRESENTATION_STYLE_ASSIGNMENT (( #7109 ) ) ;
#11247 = DIRECTION ( 'NONE',  ( 0.0000000000000000000, 1.000000000000000000, 0.0000000000000000000 ) ) ;
#11248 = DIRECTION ( 'NONE',  ( 0.0000000000000000000, 1.000000000000000000, 0.0000000000000000000 ) ) ;
#11249 = AXIS2_PLACEMENT_3D ( 'NONE', #3640, #4439, #1548 ) ;
#11250 = FILL_AREA_STYLE ('',( #1447 ) ) ;
#11251 = ORIENTED_EDGE ( 'NONE', *, *, #7531, .T. ) ;
#11252 = ORIENTED_EDGE ( 'NONE', *, *, #5941, .F. ) ;
#11253 = AXIS2_PLACEMENT_3D ( 'NONE', #1085, #1162, #11514 ) ;
#11254 = DIRECTION ( 'NONE',  ( 0.0000000000000000000, 0.0000000000000000000, 1.000000000000000000 ) ) ;
#11255 = VERTEX_POINT ( 'NONE', #6493 ) ;
#11256 = EDGE_CURVE ( 'NONE', #5277, #8451, #4578, .T. ) ;
#11257 = CARTESIAN_POINT ( 'NONE',  ( -2.000000000000000900, 0.0000000000000000000, 1.014999999999999900 ) ) ;
#11258 = VECTOR ( 'NONE', #11161, 1000.000000000000000 ) ;
#11259 = CARTESIAN_POINT ( 'NONE',  ( -1.650000000000000800, 0.2030000000000000100, -0.8599999999999999900 ) ) ;
#11260 = ORIENTED_EDGE ( 'NONE', *, *, #1148, .T. ) ;
#11261 = VERTEX_POINT ( 'NONE', #2727 ) ;
#11262 = PRESENTATION_STYLE_ASSIGNMENT (( #11024 ) ) ;
#11263 = CARTESIAN_POINT ( 'NONE',  ( 0.4899999999999997700, 0.2030000000000000100, -1.725000000000000300 ) ) ;
#11264 = CIRCLE ( 'NONE', #787, 0.07499999999999998300 ) ;
#11265 = CARTESIAN_POINT ( 'NONE',  ( 2.000000000000000900, 0.6218078318274387100, -1.014999999999999900 ) ) ;
#11266 = ADVANCED_FACE ( 'NONE', ( #397 ), #12292, .T. ) ;
#11267 = LINE ( 'NONE', #3188, #5693 ) ;
#11268 = EDGE_CURVE ( 'NONE', #9878, #10171, #9852, .T. ) ;
#11269 = EDGE_LOOP ( 'NONE', ( #2863, #6453, #6557, #5176, #3507, #5774 ) ) ;
#11270 = DIRECTION ( 'NONE',  ( 0.0000000000000000000, 1.000000000000000000, -0.0000000000000000000 ) ) ;
#11271 = CARTESIAN_POINT ( 'NONE',  ( -1.300000000000000700, 0.0000000000000000000, 1.300000000000000700 ) ) ;
#11272 = FILL_AREA_STYLE_COLOUR ( '', #9370 ) ;
#11273 = VECTOR ( 'NONE', #8399, 1000.000000000000000 ) ;
#11274 = CARTESIAN_POINT ( 'NONE',  ( 1.999999999999999100, 0.05000000000000000300, 1.999999999999999600 ) ) ;
#11275 = VECTOR ( 'NONE', #7838, 1000.000000000000000 ) ;
#11276 = CARTESIAN_POINT ( 'NONE',  ( 1.235000000000000300, 0.2030000000000001000, 2.000000000000000400 ) ) ;
#11277 = DIRECTION ( 'NONE',  ( 0.0000000000000000000, 0.0000000000000000000, -1.000000000000000000 ) ) ;
#11278 = AXIS2_PLACEMENT_3D ( 'NONE', #6546, #4586, #7504 ) ;
#11279 = ADVANCED_FACE ( 'NONE', ( #7256 ), #8621, .F. ) ;
#11280 = CARTESIAN_POINT ( 'NONE',  ( 1.725000000000000800, 0.2030000000000000100, -0.3350000000000004600 ) ) ;
#11281 = DIRECTION ( 'NONE',  ( 0.0000000000000000000, 0.0000000000000000000, 1.000000000000000000 ) ) ;
#11282 = EDGE_CURVE ( 'NONE', #1557, #1515, #9240, .T. ) ;
#11283 = VERTEX_POINT ( 'NONE', #3524 ) ;
#11284 = EDGE_CURVE ( 'NONE', #8768, #5429, #9698, .T. ) ;
#11285 = LINE ( 'NONE', #6691, #1827 ) ;
#11286 = CARTESIAN_POINT ( 'NONE',  ( 0.0000000000000000000, 0.05000000000000000300, 0.5649999999999999500 ) ) ;
#11287 = CARTESIAN_POINT ( 'NONE',  ( 2.000000000000000900, 0.6218078318274388200, 1.014999999999999900 ) ) ;
#11288 = UNCERTAINTY_MEASURE_WITH_UNIT (LENGTH_MEASURE( 1.000000000000000100E-005 ), #4743, 'distance_accuracy_value', 'NONE');
#11289 = VECTOR ( 'NONE', #8322, 1000.000000000000100 ) ;
#11290 = CARTESIAN_POINT ( 'NONE',  ( -0.1150000000000003000, 0.2030000000000000100, -1.725000000000000300 ) ) ;
#11291 = CARTESIAN_POINT ( 'NONE',  ( 2.000000000000000900, 0.2030000000000000100, -0.7850000000000000300 ) ) ;
#11292 = ORIENTED_EDGE ( 'NONE', *, *, #963, .T. ) ;
#11293 = ADVANCED_FACE ( 'NONE', ( #7701 ), #1583, .F. ) ;
#11294 = VERTEX_POINT ( 'NONE', #6688 ) ;
#11295 = DIRECTION ( 'NONE',  ( -1.577021341797101900E-015, -0.0000000000000000000, -1.000000000000000000 ) ) ;
#11296 = CIRCLE ( 'NONE', #8244, 0.07500000000000019200 ) ;
#11297 = CYLINDRICAL_SURFACE ( 'NONE', #12211, 0.07499999999999998300 ) ;
#11298 = AXIS2_PLACEMENT_3D ( 'NONE', #854, #773, #12287 ) ;
#11299 = VECTOR ( 'NONE', #4953, 1000.000000000000000 ) ;
#11300 = DIRECTION ( 'NONE',  ( -1.000000000000000000, 0.0000000000000000000, 0.0000000000000000000 ) ) ;
#11301 = CARTESIAN_POINT ( 'NONE',  ( 0.9399999999999996100, 0.6218078318274392600, -1.650000000000000400 ) ) ;
#11302 = DIRECTION ( 'NONE',  ( 0.0000000000000000000, 0.0000000000000000000, 1.000000000000000000 ) ) ;
#11303 = EDGE_CURVE ( 'NONE', #2930, #1686, #4129, .T. ) ;
#11304 = CARTESIAN_POINT ( 'NONE',  ( -1.725000000000000800, 0.05000000000000002400, -0.03999999999999989000 ) ) ;
#11305 = ORIENTED_EDGE ( 'NONE', *, *, #8304, .F. ) ;
#11306 = ORIENTED_EDGE ( 'NONE', *, *, #3894, .F. ) ;
#11307 = LINE ( 'NONE', #3428, #11902 ) ;
#11308 = APPLICATION_PROTOCOL_DEFINITION ( 'draft international standard', 'automotive_design', 1998, #6522 ) ;
#11309 = LINE ( 'NONE', #8097, #5598 ) ;
#11310 = AXIS2_PLACEMENT_3D ( 'NONE', #1475, #6350, #6184 ) ;
#11311 = ORIENTED_EDGE ( 'NONE', *, *, #6130, .T. ) ;
#11312 = CARTESIAN_POINT ( 'NONE',  ( 1.725000000000000800, 0.05000000000000002400, 1.309999999999999800 ) ) ;
#11314 = VERTEX_POINT ( 'NONE', #11483 ) ;
#11313 = DIRECTION ( 'NONE',  ( 0.0000000000000000000, 0.0000000000000000000, 1.000000000000000000 ) ) ;
#11315 = PRESENTATION_LAYER_ASSIGNMENT (  '', '', ( #12188 ) ) ;
#11316 = CARTESIAN_POINT ( 'NONE',  ( -1.650000000000000800, 0.6218078318274388200, 0.4099999999999999800 ) ) ;
#11317 = DIRECTION ( 'NONE',  ( 0.0000000000000000000, 0.0000000000000000000, -1.000000000000000000 ) ) ;
#11318 = ORIENTED_EDGE ( 'NONE', *, *, #10261, .F. ) ;
#11319 = LINE ( 'NONE', #11257, #4117 ) ;
#11320 = CARTESIAN_POINT ( 'NONE',  ( -0.3350000000000002400, 0.6218078318274392600, -1.725000000000000300 ) ) ;
#11321 = EDGE_CURVE ( 'NONE', #2822, #10944, #4279, .T. ) ;
#11322 = CARTESIAN_POINT ( 'NONE',  ( -0.1149999999999996600, 0.2030000000000000100, 1.725000000000001200 ) ) ;
#11323 = CARTESIAN_POINT ( 'NONE',  ( -1.234999999999999700, 0.0000000000000000000, -2.000000000000000400 ) ) ;
#11324 = VERTEX_POINT ( 'NONE', #7613 ) ;
#11325 = FACE_OUTER_BOUND ( 'NONE', #4287, .T. ) ;
#11326 = DIRECTION ( 'NONE',  ( 0.0000000000000000000, 1.000000000000000000, 0.0000000000000000000 ) ) ;
#11327 = ORIENTED_EDGE ( 'NONE', *, *, #11829, .T. ) ;
#11328 = ORIENTED_EDGE ( 'NONE', *, *, #8908, .T. ) ;
#11329 = LINE ( 'NONE', #11564, #3978 ) ;
#11330 = ORIENTED_EDGE ( 'NONE', *, *, #11408, .F. ) ;
#11331 = PLANE ( 'NONE',  #11911 ) ;
#11332 = ORIENTED_EDGE ( 'NONE', *, *, #12400, .T. ) ;
#11333 = EDGE_CURVE ( 'NONE', #1623, #864, #12070, .T. ) ;
#11334 = LINE ( 'NONE', #4893, #7417 ) ;
#11335 = MECHANICAL_DESIGN_GEOMETRIC_PRESENTATION_REPRESENTATION (  '', ( #3137 ), #12137 ) ;
#11336 = ORIENTED_EDGE ( 'NONE', *, *, #11382, .F. ) ;
#11337 = CIRCLE ( 'NONE', #4402, 0.1999999999999998700 ) ;
#11338 = VECTOR ( 'NONE', #10068, 1000.000000000000000 ) ;
#11339 = CARTESIAN_POINT ( 'NONE',  ( -1.650000000000000800, 0.6218078318274387100, -0.9399999999999999500 ) ) ;
#11340 = EDGE_CURVE ( 'NONE', #4505, #8675, #6367, .T. ) ;
#11341 = ORIENTED_EDGE ( 'NONE', *, *, #7238, .T. ) ;
#11342 = ORIENTED_EDGE ( 'NONE', *, *, #3855, .T. ) ;
#11343 = ORIENTED_EDGE ( 'NONE', *, *, #3810, .F. ) ;
#11344 = DIRECTION ( 'NONE',  ( 1.000000000000000000, 0.0000000000000000000, 0.0000000000000000000 ) ) ;
#11345 = ADVANCED_FACE ( 'NONE', ( #2007 ), #3820, .F. ) ;
#11346 = DIRECTION ( 'NONE',  ( 0.0000000000000000000, 0.0000000000000000000, 1.000000000000000000 ) ) ;
#11347 = EDGE_LOOP ( 'NONE', ( #5744, #8765, #12044, #1582 ) ) ;
#11348 = DIRECTION ( 'NONE',  ( -5.782411586589359600E-016, 0.0000000000000000000, -1.000000000000000000 ) ) ;
#11349 = VECTOR ( 'NONE', #3323, 1000.000000000000000 ) ;
#11350 = LINE ( 'NONE', #2948, #1297 ) ;
#11351 = ORIENTED_EDGE ( 'NONE', *, *, #9930, .F. ) ;
#11352 = VERTEX_POINT ( 'NONE', #1845 ) ;
#11353 = AXIS2_PLACEMENT_3D ( 'NONE', #1249, #4139, #10941 ) ;
#11354 = ORIENTED_EDGE ( 'NONE', *, *, #7531, .F. ) ;
#11355 = EDGE_CURVE ( 'NONE', #11552, #5477, #12367, .T. ) ;
#11356 = ADVANCED_FACE ( 'NONE', ( #8924 ), #7652, .T. ) ;
#11357 = EDGE_CURVE ( 'NONE', #610, #3032, #5450, .T. ) ;
#11358 = CIRCLE ( 'NONE', #7888, 0.07499999999999998300 ) ;
#11359 = DIRECTION ( 'NONE',  ( 0.0000000000000000000, 1.000000000000000000, 0.0000000000000000000 ) ) ;
#11360 = CARTESIAN_POINT ( 'NONE',  ( -2.000000000000000900, 0.05000000000000000300, 2.000000000000000400 ) ) ;
#11361 = COLOUR_RGB ( '',0.7921568627450980000, 0.8196078431372548800, 0.9333333333333333500 ) ;
#11362 = DIRECTION ( 'NONE',  ( 0.0000000000000000000, -1.000000000000000000, 0.0000000000000000000 ) ) ;
#11363 = VECTOR ( 'NONE', #7546, 1000.000000000000000 ) ;
#11364 = CLOSED_SHELL ( 'NONE', ( #11097, #5181, #8516, #10529, #151, #1776, #6679, #3549 ) ) ;
#11365 = CARTESIAN_POINT ( 'NONE',  ( -1.464999999999999600, 0.6218078318274392600, 1.805000000000000200 ) ) ;
#11366 = DIRECTION ( 'NONE',  ( -0.0000000000000000000, -0.0000000000000000000, 1.000000000000000000 ) ) ;
#11367 = ORIENTED_EDGE ( 'NONE', *, *, #12125, .T. ) ;
#11368 = PLANE ( 'NONE',  #12091 ) ;
#11369 = ORIENTED_EDGE ( 'NONE', *, *, #11183, .F. ) ;
#11370 = ORIENTED_EDGE ( 'NONE', *, *, #10767, .F. ) ;
#11371 = CARTESIAN_POINT ( 'NONE',  ( -0.4899999999999997700, 0.0000000000000000000, 1.725000000000000800 ) ) ;
#11372 = CARTESIAN_POINT ( 'NONE',  ( 2.000000000000000900, 0.2030000000000000100, -0.3350000000000000200 ) ) ;
#11373 = FACE_OUTER_BOUND ( 'NONE', #5307, .T. ) ;
#11374 = LINE ( 'NONE', #3477, #1324 ) ;
#11375 = VECTOR ( 'NONE', #1292, 1000.000000000000000 ) ;
#11376 = ORIENTED_EDGE ( 'NONE', *, *, #2267, .F. ) ;
#11377 = AXIS2_PLACEMENT_3D ( 'NONE', #4197, #10950, #6102 ) ;
#11378 = EDGE_CURVE ( 'NONE', #9709, #1783, #6648, .T. ) ;
#11379 = VERTEX_POINT ( 'NONE', #9493 ) ;
#11380 = ORIENTED_EDGE ( 'NONE', *, *, #1763, .F. ) ;
#11381 = ORIENTED_EDGE ( 'NONE', *, *, #10233, .T. ) ;
#11382 = EDGE_CURVE ( 'NONE', #3, #8609, #10870, .T. ) ;
#11383 = DIRECTION ( 'NONE',  ( 0.0000000000000000000, 0.0000000000000000000, -1.000000000000000000 ) ) ;
#11384 = DIRECTION ( 'NONE',  ( 0.0000000000000000000, -1.000000000000000000, 0.0000000000000000000 ) ) ;
#11385 = DIRECTION ( 'NONE',  ( -0.0000000000000000000, -1.000000000000000000, -0.0000000000000000000 ) ) ;
#11386 = LINE ( 'NONE', #9305, #5964 ) ;
#11387 = FACE_OUTER_BOUND ( 'NONE', #1195, .T. ) ;
#11388 = DIRECTION ( 'NONE',  ( 1.000000000000000000, 0.0000000000000000000, 1.577021341797097000E-015 ) ) ;
#11389 = DIRECTION ( 'NONE',  ( 0.0000000000000000000, -1.000000000000000000, 0.0000000000000000000 ) ) ;
#11390 = ORIENTED_EDGE ( 'NONE', *, *, #11517, .F. ) ;
#11391 = ADVANCED_FACE ( 'NONE', ( #3199 ), #5814, .F. ) ;
#11392 = STYLED_ITEM ( 'NONE', ( #6945 ), #11437 ) ;
#11393 = ORIENTED_EDGE ( 'NONE', *, *, #8096, .T. ) ;
#11394 = CARTESIAN_POINT ( 'NONE',  ( -1.725000000000000800, 0.2030000000000000100, 0.3350000000000000200 ) ) ;
#11395 = ORIENTED_EDGE ( 'NONE', *, *, #11408, .T. ) ;
#11396 = STYLED_ITEM ( 'NONE', ( #6722 ), #2283 ) ;
#11397 = VECTOR ( 'NONE', #9962, 1000.000000000000000 ) ;
#11398 = ORIENTED_EDGE ( 'NONE', *, *, #1409, .F. ) ;
#11399 = FACE_OUTER_BOUND ( 'NONE', #5830, .T. ) ;
#11400 = EDGE_CURVE ( 'NONE', #893, #6106, #11462, .T. ) ;
#11401 = DIRECTION ( 'NONE',  ( 0.0000000000000000000, 0.0000000000000000000, 1.000000000000000000 ) ) ;
#11402 = ORIENTED_EDGE ( 'NONE', *, *, #5851, .F. ) ;
#11403 = VERTEX_POINT ( 'NONE', #9707 ) ;
#11404 = ORIENTED_EDGE ( 'NONE', *, *, #10316, .T. ) ;
#11405 = DIRECTION ( 'NONE',  ( -0.0000000000000000000, -1.000000000000000000, -0.0000000000000000000 ) ) ;
#11406 = DIRECTION ( 'NONE',  ( -0.0000000000000000000, 0.0000000000000000000, -1.000000000000000000 ) ) ;
#11407 = DIRECTION ( 'NONE',  ( 0.0000000000000000000, -1.000000000000000000, 0.0000000000000000000 ) ) ;
#11408 = EDGE_CURVE ( 'NONE', #6580, #11034, #8909, .T. ) ;
#11409 = DIRECTION ( 'NONE',  ( 0.0000000000000000000, -1.000000000000000000, 0.0000000000000000000 ) ) ;
#11410 = LINE ( 'NONE', #9889, #12312 ) ;
#11411 = AXIS2_PLACEMENT_3D ( 'NONE', #7747, #10638, #5949 ) ;
#11412 = DIRECTION ( 'NONE',  ( -0.0000000000000000000, -1.000000000000000000, 0.0000000000000000000 ) ) ;
#11413 = ORIENTED_EDGE ( 'NONE', *, *, #8067, .F. ) ;
#11414 = ORIENTED_EDGE ( 'NONE', *, *, #4349, .T. ) ;
#11415 = EDGE_CURVE ( 'NONE', #7136, #5779, #5896, .T. ) ;
#11416 = DIRECTION ( 'NONE',  ( 0.0000000000000000000, -1.000000000000000000, 0.0000000000000000000 ) ) ;
#11417 = FACE_OUTER_BOUND ( 'NONE', #3520, .T. ) ;
#11418 = DIRECTION ( 'NONE',  ( -0.0000000000000000000, -1.000000000000000000, -0.0000000000000000000 ) ) ;
#11419 = FACE_OUTER_BOUND ( 'NONE', #12348, .T. ) ;
#11420 = ADVANCED_FACE ( 'NONE', ( #4859 ), #10700, .F. ) ;
#11421 = LINE ( 'NONE', #11265, #4972 ) ;
#11422 = CARTESIAN_POINT ( 'NONE',  ( -1.650000000000000800, 0.0000000000000000000, -0.4099999999999999800 ) ) ;
#11423 = CARTESIAN_POINT ( 'NONE',  ( 0.5649999999999997200, 0.0000000000000000000, -1.725000000000000300 ) ) ;
#11424 = CARTESIAN_POINT ( 'NONE',  ( -0.8599999999999995400, 0.2030000000000000100, 1.725000000000000800 ) ) ;
#11425 = AXIS2_PLACEMENT_3D ( 'NONE', #6320, #4332, #7322 ) ;
#11426 = ORIENTED_EDGE ( 'NONE', *, *, #12079, .T. ) ;
#11427 = CYLINDRICAL_SURFACE ( 'NONE', #5411, 0.07499999999999998300 ) ;
#11428 = EDGE_CURVE ( 'NONE', #4453, #11093, #831, .T. ) ;
#11429 = PLANE ( 'NONE',  #9781 ) ;
#11430 = EDGE_CURVE ( 'NONE', #10013, #4401, #9226, .T. ) ;
#11431 = VECTOR ( 'NONE', #9087, 1000.000000000000000 ) ;
#11432 = CARTESIAN_POINT ( 'NONE',  ( -1.600000000000000800, 0.6999999999999999600, -1.600000000000000300 ) ) ;
#11433 = DIRECTION ( 'NONE',  ( -0.0000000000000000000, -1.000000000000000000, -0.0000000000000000000 ) ) ;
#11434 = ORIENTED_EDGE ( 'NONE', *, *, #10637, .T. ) ;
#11435 = VECTOR ( 'NONE', #2562, 1000.000000000000000 ) ;
#11436 = CARTESIAN_POINT ( 'NONE',  ( -1.389999999999999700, 0.2030000000000000100, 1.725000000000000800 ) ) ;
#11437 = MANIFOLD_SOLID_BREP ( 'LPattern3[6]', #8099 ) ;
#11438 = CARTESIAN_POINT ( 'NONE',  ( -1.725000000000000800, 0.0000000000000000000, -0.7850000000000000300 ) ) ;
#11439 = VECTOR ( 'NONE', #5866, 1000.000000000000000 ) ;
#11440 = AXIS2_PLACEMENT_3D ( 'NONE', #232, #326, #3179 ) ;
#11441 = PLANE ( 'NONE',  #4777 ) ;
#11442 = LINE ( 'NONE', #6898, #2584 ) ;
#11443 = CARTESIAN_POINT ( 'NONE',  ( -1.650000000000000800, 0.2030000000000001000, 0.4099999999999999800 ) ) ;
#11444 = DIRECTION ( 'NONE',  ( -1.000000000000000000, 0.0000000000000000000, -2.365532012695645400E-015 ) ) ;
#11445 = EDGE_CURVE ( 'NONE', #2312, #1075, #9687, .T. ) ;
#11446 = EDGE_CURVE ( 'NONE', #5168, #6702, #9840, .T. ) ;
#11447 = CARTESIAN_POINT ( 'NONE',  ( 0.4900000000000004400, 0.0000000000000000000, 1.725000000000000800 ) ) ;
#11448 = ADVANCED_FACE ( 'NONE', ( #10439 ), #3944, .F. ) ;
#11449 = EDGE_LOOP ( 'NONE', ( #2077, #4751, #9820, #6397 ) ) ;
#11450 = ORIENTED_EDGE ( 'NONE', *, *, #4295, .F. ) ;
#11451 = DIRECTION ( 'NONE',  ( 0.0000000000000000000, -0.0000000000000000000, -1.000000000000000000 ) ) ;
#11452 = DIRECTION ( 'NONE',  ( 0.0000000000000000000, 1.000000000000000000, 0.0000000000000000000 ) ) ;
#11453 = FACE_OUTER_BOUND ( 'NONE', #1884, .T. ) ;
#11454 = DIRECTION ( 'NONE',  ( 0.7071067811865474600, 0.0000000000000000000, -0.7071067811865474600 ) ) ;
#11455 = AXIS2_PLACEMENT_3D ( 'NONE', #490, #9282, #617 ) ;
#11456 = DIRECTION ( 'NONE',  ( 0.0000000000000000000, -1.000000000000000000, 0.0000000000000000000 ) ) ;
#11457 = VERTEX_POINT ( 'NONE', #2203 ) ;
#11458 = DIRECTION ( 'NONE',  ( 1.000000000000000000, 0.0000000000000000000, -0.0000000000000000000 ) ) ;
#11459 = ORIENTED_EDGE ( 'NONE', *, *, #10701, .T. ) ;
#11460 = AXIS2_PLACEMENT_3D ( 'NONE', #12110, #11991, #9197 ) ;
#11461 = FACE_OUTER_BOUND ( 'NONE', #8251, .T. ) ;
#11462 = LINE ( 'NONE', #1961, #3512 ) ;
#11463 = DIRECTION ( 'NONE',  ( 1.000000000000000000, -0.0000000000000000000, 1.577021341797097400E-015 ) ) ;
#11464 = EDGE_CURVE ( 'NONE', #9541, #1338, #6351, .T. ) ;
#11465 = EDGE_LOOP ( 'NONE', ( #5211, #3830, #10444, #3459 ) ) ;
#11466 = CARTESIAN_POINT ( 'NONE',  ( 1.725000000000000800, 0.05000000000000002400, 0.4899999999999995500 ) ) ;
#11467 = ORIENTED_EDGE ( 'NONE', *, *, #11657, .F. ) ;
#11468 = ORIENTED_EDGE ( 'NONE', *, *, #4981, .F. ) ;
#11469 = ORIENTED_EDGE ( 'NONE', *, *, #9787, .F. ) ;
#11470 = DIRECTION ( 'NONE',  ( 0.0000000000000000000, 0.0000000000000000000, -1.000000000000000000 ) ) ;
#11471 = DIRECTION ( 'NONE',  ( 1.000000000000000000, 0.0000000000000000000, 0.0000000000000000000 ) ) ;
#11472 = AXIS2_PLACEMENT_3D ( 'NONE', #7026, #10908, #10860 ) ;
#11473 = VERTEX_POINT ( 'NONE', #220 ) ;
#11474 = AXIS2_PLACEMENT_3D ( 'NONE', #5945, #7859, #2052 ) ;
#11475 = VECTOR ( 'NONE', #10577, 1000.000000000000000 ) ;
#11476 = ADVANCED_FACE ( 'NONE', ( #9537 ), #6014, .F. ) ;
#11477 = LINE ( 'NONE', #8423, #8926 ) ;
#11478 = CARTESIAN_POINT ( 'NONE',  ( -0.4100000000000002000, 0.0000000000000000000, -1.725000000000000300 ) ) ;
#11479 = ORIENTED_EDGE ( 'NONE', *, *, #3708, .T. ) ;
#11480 = VECTOR ( 'NONE', #7975, 1000.000000000000000 ) ;
#11481 = PLANE ( 'NONE',  #960 ) ;
#11482 = EDGE_CURVE ( 'NONE', #1338, #8357, #1575, .T. ) ;
#11483 = CARTESIAN_POINT ( 'NONE',  ( -1.650000000000000800, 0.2030000000000001000, 0.8599999999999998800 ) ) ;
#11484 = ORIENTED_EDGE ( 'NONE', *, *, #5096, .F. ) ;
#11485 = DIRECTION ( 'NONE',  ( 0.0000000000000000000, 0.0000000000000000000, 1.000000000000000000 ) ) ;
#11486 = LINE ( 'NONE', #11891, #5038 ) ;
#11487 = CARTESIAN_POINT ( 'NONE',  ( -0.03999999999999967500, 0.04999999999999999600, 1.650000000000000800 ) ) ;
#11488 = ORIENTED_EDGE ( 'NONE', *, *, #5164, .T. ) ;
#11489 = DIRECTION ( 'NONE',  ( 0.0000000000000000000, -1.000000000000000000, 0.0000000000000000000 ) ) ;
#11490 = CIRCLE ( 'NONE', #1354, 0.07499999999999998300 ) ;
#11491 = VECTOR ( 'NONE', #8604, 1000.000000000000000 ) ;
#11492 = EDGE_LOOP ( 'NONE', ( #1190, #12372, #5007, #3804 ) ) ;
#11493 = ORIENTED_EDGE ( 'NONE', *, *, #2860, .T. ) ;
#11494 = PLANE ( 'NONE',  #2385 ) ;
#11495 = PLANE ( 'NONE',  #11095 ) ;
#11496 = EDGE_LOOP ( 'NONE', ( #3060, #9564, #152, #6979, #9251 ) ) ;
#11497 = DIRECTION ( 'NONE',  ( 0.0000000000000000000, -1.000000000000000000, 0.0000000000000000000 ) ) ;
#11498 = CARTESIAN_POINT ( 'NONE',  ( 1.999999999999999100, 0.05000000000000000300, 1.999999999999999600 ) ) ;
#11499 = CARTESIAN_POINT ( 'NONE',  ( -1.234999999999999200, 0.2030000000000000100, 2.000000000000000400 ) ) ;
#11500 = VECTOR ( 'NONE', #1272, 1000.000000000000000 ) ;
#11501 = EDGE_CURVE ( 'NONE', #10552, #10954, #11752, .T. ) ;
#11502 = SURFACE_STYLE_USAGE ( .BOTH. , #8559 ) ;
#11503 = FACE_OUTER_BOUND ( 'NONE', #8649, .T. ) ;
#11504 = ORIENTED_EDGE ( 'NONE', *, *, #10095, .F. ) ;
#11505 = ORIENTED_EDGE ( 'NONE', *, *, #7004, .F. ) ;
#11506 = CARTESIAN_POINT ( 'NONE',  ( 1.650000000000000800, 0.05000000000000023900, -0.4900000000000004400 ) ) ;
#11507 = ORIENTED_EDGE ( 'NONE', *, *, #5375, .T. ) ;
#11508 = FILL_AREA_STYLE_COLOUR ( '', #936 ) ;
#11509 = ADVANCED_FACE ( 'NONE', ( #379 ), #11759, .T. ) ;
#11510 = UNCERTAINTY_MEASURE_WITH_UNIT (LENGTH_MEASURE( 1.000000000000000100E-005 ), #3335, 'distance_accuracy_value', 'NONE');
#11511 = LINE ( 'NONE', #1723, #4767 ) ;
#11512 = FACE_OUTER_BOUND ( 'NONE', #2082, .T. ) ;
#11513 = EDGE_LOOP ( 'NONE', ( #5944, #9065, #4582, #3359 ) ) ;
#11514 = DIRECTION ( 'NONE',  ( 0.0000000000000000000, 0.0000000000000000000, 1.000000000000000000 ) ) ;
#11515 = ORIENTED_EDGE ( 'NONE', *, *, #426, .F. ) ;
#11516 = ORIENTED_EDGE ( 'NONE', *, *, #11803, .F. ) ;
#11517 = EDGE_CURVE ( 'NONE', #11403, #7227, #7690, .T. ) ;
#11518 = ORIENTED_EDGE ( 'NONE', *, *, #9539, .F. ) ;
#11519 = EDGE_CURVE ( 'NONE', #734, #125, #8600, .T. ) ;
#11520 = CARTESIAN_POINT ( 'NONE',  ( 1.725000000000000800, 0.0000000000000000000, -0.9400000000000003900 ) ) ;
#11521 = DIRECTION ( 'NONE',  ( -1.000000000000000000, 0.0000000000000000000, 0.0000000000000000000 ) ) ;
#11522 = VECTOR ( 'NONE', #3792, 1000.000000000000000 ) ;
#11523 = DIRECTION ( 'NONE',  ( 0.0000000000000000000, -0.0000000000000000000, 1.000000000000000000 ) ) ;
#11524 = CYLINDRICAL_SURFACE ( 'NONE', #3924, 0.07499999999999998300 ) ;
#11525 = PRESENTATION_STYLE_ASSIGNMENT (( #4898 ) ) ;
#11526 = ORIENTED_EDGE ( 'NONE', *, *, #10676, .T. ) ;
#11527 = DIRECTION ( 'NONE',  ( -1.577021341797101900E-015, -0.0000000000000000000, -1.000000000000000000 ) ) ;
#11528 = ORIENTED_EDGE ( 'NONE', *, *, #10803, .F. ) ;
#11529 = EDGE_LOOP ( 'NONE', ( #5777, #4176, #8484, #11115 ) ) ;
#11530 = VERTEX_POINT ( 'NONE', #1346 ) ;
#11531 = VERTEX_POINT ( 'NONE', #4149 ) ;
#11532 = AXIS2_PLACEMENT_3D ( 'NONE', #4304, #6212, #7088 ) ;
#11533 = VECTOR ( 'NONE', #3177, 1000.000000000000000 ) ;
#11534 = DIRECTION ( 'NONE',  ( 0.0000000000000000000, 1.000000000000000000, -0.0000000000000000000 ) ) ;
#11535 = AXIS2_PLACEMENT_3D ( 'NONE', #1693, #12206, #6464 ) ;
#11536 = DIRECTION ( 'NONE',  ( 0.0000000000000000000, -0.0000000000000000000, 1.000000000000000000 ) ) ;
#11537 = VECTOR ( 'NONE', #1530, 1000.000000000000000 ) ;
#11538 = COLOUR_RGB ( '',0.7921568627450980000, 0.8196078431372548800, 0.9333333333333333500 ) ;
#11539 = ADVANCED_FACE ( 'NONE', ( #233 ), #4272, .F. ) ;
#11540 = VERTEX_POINT ( 'NONE', #509 ) ;
#11541 = EDGE_CURVE ( 'NONE', #1147, #8009, #4427, .T. ) ;
#11542 = VERTEX_POINT ( 'NONE', #11853 ) ;
#11543 = DIRECTION ( 'NONE',  ( 0.0000000000000000000, 0.0000000000000000000, -1.000000000000000000 ) ) ;
#11544 = ORIENTED_EDGE ( 'NONE', *, *, #3493, .T. ) ;
#11545 = EDGE_LOOP ( 'NONE', ( #12130, #4645, #8479, #2383 ) ) ;
#11546 = DIRECTION ( 'NONE',  ( 0.0000000000000000000, 0.0000000000000000000, -1.000000000000000000 ) ) ;
#11547 = CARTESIAN_POINT ( 'NONE',  ( 1.725000000000000800, 0.6218078318274388200, 0.5649999999999995000 ) ) ;
#11548 = CIRCLE ( 'NONE', #158, 0.07500000000000019200 ) ;
#11549 = DIRECTION ( 'NONE',  ( 7.885106708985486100E-016, 0.0000000000000000000, -1.000000000000000000 ) ) ;
#11550 = VECTOR ( 'NONE', #1611, 1000.000000000000000 ) ;
#11551 = ORIENTED_EDGE ( 'NONE', *, *, #12364, .T. ) ;
#11552 = VERTEX_POINT ( 'NONE', #10983 ) ;
#11553 = CARTESIAN_POINT ( 'NONE',  ( -1.464999999999999600, 0.2030000000000000100, 1.805000000000000200 ) ) ;
#11554 = EDGE_CURVE ( 'NONE', #1242, #4689, #2612, .T. ) ;
#11556 = LINE ( 'NONE', #8748, #3297 ) ;
#11555 = CARTESIAN_POINT ( 'NONE',  ( 1.999999999999999100, 0.8000000000000003800, -2.000000000000000400 ) ) ;
#11557 = VECTOR ( 'NONE', #9287, 1000.000000000000000 ) ;
#11558 = FACE_OUTER_BOUND ( 'NONE', #10113, .T. ) ;
#11559 = PLANE ( 'NONE',  #4434 ) ;
#11560 = DIRECTION ( 'NONE',  ( -7.228014483236697500E-016, 0.0000000000000000000, 1.000000000000000000 ) ) ;
#11561 = EDGE_LOOP ( 'NONE', ( #1539, #1115, #8965, #5637 ) ) ;
#11562 = CARTESIAN_POINT ( 'NONE',  ( -0.9399999999999997200, 0.2030000000000000100, 1.725000000000000800 ) ) ;
#11563 = EDGE_CURVE ( 'NONE', #2771, #10834, #1864, .T. ) ;
#11564 = CARTESIAN_POINT ( 'NONE',  ( 0.03999999999999989000, 0.6218078318274392600, -1.650000000000000400 ) ) ;
#11565 = ADVANCED_FACE ( 'NONE', ( #8293 ), #6146, .T. ) ;
#11566 = AXIS2_PLACEMENT_3D ( 'NONE', #6707, #8643, #11458 ) ;
#11567 = DIRECTION ( 'NONE',  ( 0.7071067811865474600, 0.0000000000000000000, -0.7071067811865474600 ) ) ;
#11568 = VECTOR ( 'NONE', #4483, 1000.000000000000000 ) ;
#11569 = LINE ( 'NONE', #4026, #1083 ) ;
#11570 = EDGE_CURVE ( 'NONE', #473, #4784, #8139, .T. ) ;
#11571 = DIRECTION ( 'NONE',  ( -1.000000000000000000, 0.0000000000000000000, -1.577021341797097400E-015 ) ) ;
#11572 = CARTESIAN_POINT ( 'NONE',  ( 0.3349999999999995800, 0.6218078318274392600, -1.725000000000000300 ) ) ;
#11573 = ORIENTED_EDGE ( 'NONE', *, *, #12327, .T. ) ;
#11574 = VECTOR ( 'NONE', #148, 1000.000000000000000 ) ;
#11575 = LINE ( 'NONE', #11242, #3641 ) ;
#11576 = CARTESIAN_POINT ( 'NONE',  ( -1.235000000000002300, 0.05000000000000000300, 1.947621357119424700E-015 ) ) ;
#11577 = PLANE ( 'NONE',  #2499 ) ;
#11578 = EDGE_CURVE ( 'NONE', #3386, #836, #3821, .T. ) ;
#11579 = CARTESIAN_POINT ( 'NONE',  ( 1.015000000000000300, 0.0000000000000000000, 1.725000000000001200 ) ) ;
#11580 = ORIENTED_EDGE ( 'NONE', *, *, #5011, .F. ) ;
#11581 = EDGE_CURVE ( 'NONE', #446, #11283, #4718, .T. ) ;
#11582 = ORIENTED_EDGE ( 'NONE', *, *, #1409, .T. ) ;
#11583 = COLOUR_RGB ( '',0.7921568627450980000, 0.8196078431372548800, 0.9333333333333333500 ) ;
#11584 = UNCERTAINTY_MEASURE_WITH_UNIT (LENGTH_MEASURE( 1.000000000000000100E-005 ), #2190, 'distance_accuracy_value', 'NONE');
#11585 = VECTOR ( 'NONE', #7542, 1000.000000000000000 ) ;
#11586 = CIRCLE ( 'NONE', #1103, 0.07499999999999998300 ) ;
#11587 = CARTESIAN_POINT ( 'NONE',  ( -2.000000000000000900, 0.04999999999999991300, -1.234999999999999900 ) ) ;
#11588 = ADVANCED_FACE ( 'NONE', ( #5747 ), #1303, .T. ) ;
#11589 = ORIENTED_EDGE ( 'NONE', *, *, #7922, .F. ) ;
#11590 = CARTESIAN_POINT ( 'NONE',  ( -2.000000000000000900, 0.0000000000000000000, 0.5649999999999999500 ) ) ;
#11591 = ORIENTED_EDGE ( 'NONE', *, *, #3372, .F. ) ;
#11592 = AXIS2_PLACEMENT_3D ( 'NONE', #10257, #10174, #9236 ) ;
#11593 = VECTOR ( 'NONE', #9627, 1000.000000000000000 ) ;
#11594 = DIRECTION ( 'NONE',  ( 0.0000000000000000000, -1.000000000000000000, 0.0000000000000000000 ) ) ;
#11595 = LINE ( 'NONE', #12010, #6192 ) ;
#11596 = DIRECTION ( 'NONE',  ( 2.365532012695645400E-015, 0.0000000000000000000, -1.000000000000000000 ) ) ;
#11597 = AXIS2_PLACEMENT_3D ( 'NONE', #5402, #7328, #8282 ) ;
#11598 = CARTESIAN_POINT ( 'NONE',  ( -2.000000000000000900, 0.2030000000000000100, -1.234999999999999900 ) ) ;
#11599 = EDGE_CURVE ( 'NONE', #9248, #2679, #7538, .T. ) ;
#11600 = ORIENTED_EDGE ( 'NONE', *, *, #3454, .T. ) ;
#11601 = ORIENTED_EDGE ( 'NONE', *, *, #10818, .T. ) ;
#11602 = ORIENTED_EDGE ( 'NONE', *, *, #4808, .F. ) ;
#11603 = DIRECTION ( 'NONE',  ( 0.0000000000000000000, -1.000000000000000000, 0.0000000000000000000 ) ) ;
#11604 = VECTOR ( 'NONE', #10629, 1000.000000000000000 ) ;
#11605 = ORIENTED_EDGE ( 'NONE', *, *, #226, .F. ) ;
#11606 = CARTESIAN_POINT ( 'NONE',  ( 0.8600000000000001000, 0.2030000000000000100, 1.650000000000000800 ) ) ;
#11607 = CYLINDRICAL_SURFACE ( 'NONE', #1585, 0.07499999999999998300 ) ;
#11608 = VERTEX_POINT ( 'NONE', #6224 ) ;
#11609 = DIRECTION ( 'NONE',  ( 0.0000000000000000000, 0.0000000000000000000, 1.000000000000000000 ) ) ;
#11610 = AXIS2_PLACEMENT_3D ( 'NONE', #12072, #3448, #4385 ) ;
#11611 = ORIENTED_EDGE ( 'NONE', *, *, #4263, .T. ) ;
#11612 = ORIENTED_EDGE ( 'NONE', *, *, #5297, .T. ) ;
#11613 = VECTOR ( 'NONE', #1565, 1000.000000000000000 ) ;
#11614 = AXIS2_PLACEMENT_3D ( 'NONE', #6111, #3219, #11769 ) ;
#11615 = ORIENTED_EDGE ( 'NONE', *, *, #9364, .T. ) ;
#11616 = DIRECTION ( 'NONE',  ( 0.0000000000000000000, 0.0000000000000000000, -1.000000000000000000 ) ) ;
#11617 = ORIENTED_EDGE ( 'NONE', *, *, #12329, .F. ) ;
#11618 = EDGE_CURVE ( 'NONE', #532, #1659, #11309, .T. ) ;
#11619 = VECTOR ( 'NONE', #500, 1000.000000000000000 ) ;
#11620 = ADVANCED_FACE ( 'NONE', ( #3345 ), #2376, .T. ) ;
#11621 = ORIENTED_EDGE ( 'NONE', *, *, #5960, .F. ) ;
#11622 = DIRECTION ( 'NONE',  ( -0.0000000000000000000, -1.000000000000000000, -0.0000000000000000000 ) ) ;
#11623 = LINE ( 'NONE', #11656, #9086 ) ;
#11624 = LINE ( 'NONE', #2611, #6527 ) ;
#11625 = VERTEX_POINT ( 'NONE', #8917 ) ;
#11626 = DIRECTION ( 'NONE',  ( 0.0000000000000000000, 0.0000000000000000000, -1.000000000000000000 ) ) ;
#11627 = CLOSED_SHELL ( 'NONE', ( #5622, #360, #529, #2866, #7657, #7236, #113, #10880 ) ) ;
#11628 = LINE ( 'NONE', #9004, #2649 ) ;
#11629 = CARTESIAN_POINT ( 'NONE',  ( 1.725000000000000800, 0.0000000000000000000, -1.015000000000000300 ) ) ;
#11630 = AXIS2_PLACEMENT_3D ( 'NONE', #10692, #6761, #10727 ) ;
#11631 = VERTEX_POINT ( 'NONE', #4405 ) ;
#11632 = VECTOR ( 'NONE', #3497, 1000.000000000000000 ) ;
#11633 = CARTESIAN_POINT ( 'NONE',  ( 1.464999999999999900, 0.0000000000000000000, -1.725000000000000300 ) ) ;
#11634 = FACE_OUTER_BOUND ( 'NONE', #9204, .T. ) ;
#11635 = ORIENTED_EDGE ( 'NONE', *, *, #5851, .T. ) ;
#11636 = DIRECTION ( 'NONE',  ( -1.000000000000000000, 0.0000000000000000000, 0.0000000000000000000 ) ) ;
#11637 = DIRECTION ( 'NONE',  ( 0.0000000000000000000, -0.0000000000000000000, 1.000000000000000000 ) ) ;
#11638 = EDGE_CURVE ( 'NONE', #8539, #2277, #1416, .T. ) ;
#11639 = EDGE_LOOP ( 'NONE', ( #8154, #8605, #8766, #8636, #8495, #1266 ) ) ;
#11640 = ORIENTED_EDGE ( 'NONE', *, *, #1098, .F. ) ;
#11641 = CARTESIAN_POINT ( 'NONE',  ( -0.7849999999999995900, 0.2030000000000000100, 1.725000000000001200 ) ) ;
#11642 = CARTESIAN_POINT ( 'NONE',  ( 0.4899999999999997700, 0.04999999999999999600, -1.650000000000000400 ) ) ;
#11643 = DIRECTION ( 'NONE',  ( 0.0000000000000000000, 0.0000000000000000000, 1.000000000000000000 ) ) ;
#11644 = LINE ( 'NONE', #1058, #2949 ) ;
#11645 = LINE ( 'NONE', #4993, #4016 ) ;
#11646 = VECTOR ( 'NONE', #12269, 1000.000000000000000 ) ;
#11647 = ORIENTED_EDGE ( 'NONE', *, *, #6411, .F. ) ;
#11648 = CARTESIAN_POINT ( 'NONE',  ( 1.725000000000000800, 0.6218078318274388200, 0.5649999999999995000 ) ) ;
#11649 = ORIENTED_EDGE ( 'NONE', *, *, #6655, .T. ) ;
#11650 = ORIENTED_EDGE ( 'NONE', *, *, #7508, .T. ) ;
#11651 = STYLED_ITEM ( 'NONE', ( #11246 ), #6440 ) ;
#11652 = VERTEX_POINT ( 'NONE', #9187 ) ;
#11653 = DIRECTION ( 'NONE',  ( -1.000000000000000000, 0.0000000000000000000, -0.0000000000000000000 ) ) ;
#11654 = ADVANCED_FACE ( 'NONE', ( #1113 ), #2412, .F. ) ;
#11655 = PLANE ( 'NONE',  #10457 ) ;
#11656 = CARTESIAN_POINT ( 'NONE',  ( 1.725000000000000800, 0.0000000000000000000, 1.234999999999999900 ) ) ;
#11657 = EDGE_CURVE ( 'NONE', #4723, #11403, #4706, .T. ) ;
#11658 = CARTESIAN_POINT ( 'NONE',  ( -0.9400000000000001700, 0.2030000000000000100, -1.650000000000000100 ) ) ;
#11659 = EDGE_CURVE ( 'NONE', #2041, #3408, #8279, .T. ) ;
#11660 = LINE ( 'NONE', #5738, #6562 ) ;
#11661 = VECTOR ( 'NONE', #9449, 1000.000000000000000 ) ;
#11662 = CARTESIAN_POINT ( 'NONE',  ( 2.000000000000000900, 0.6218078318274388200, 1.465000000000000100 ) ) ;
#11663 = VERTEX_POINT ( 'NONE', #10156 ) ;
#11664 = ORIENTED_EDGE ( 'NONE', *, *, #1149, .T. ) ;
#11665 = EDGE_LOOP ( 'NONE', ( #5706, #8140, #395, #2954, #1484, #6167 ) ) ;
#11666 = ORIENTED_EDGE ( 'NONE', *, *, #3474, .T. ) ;
#11667 = EDGE_LOOP ( 'NONE', ( #6791, #9640, #2269, #3403 ) ) ;
#11668 = AXIS2_PLACEMENT_3D ( 'NONE', #10926, #5128, #7996 ) ;
#11669 = CARTESIAN_POINT ( 'NONE',  ( -2.000000000000000900, 0.8000000000000003800, 2.000000000000000400 ) ) ;
#11670 = LINE ( 'NONE', #2282, #8520 ) ;
#11671 = CARTESIAN_POINT ( 'NONE',  ( -1.650000000000000800, 0.2030000000000000100, 0.04000000000000010500 ) ) ;
#11672 = VECTOR ( 'NONE', #4774, 1000.000000000000000 ) ;
#11673 = EDGE_CURVE ( 'NONE', #291, #1129, #821, .T. ) ;
#11674 = EDGE_CURVE ( 'NONE', #7934, #9075, #3809, .T. ) ;
#11675 = EDGE_LOOP ( 'NONE', ( #3826, #6982, #5859, #11615 ) ) ;
#11676 = CARTESIAN_POINT ( 'NONE',  ( 1.234999999999999900, 0.2030000000000000100, -2.000000000000000400 ) ) ;
#11677 = VERTEX_POINT ( 'NONE', #524 ) ;
#11678 = ORIENTED_EDGE ( 'NONE', *, *, #1321, .F. ) ;
#11679 = DIRECTION ( 'NONE',  ( 1.000000000000000000, 0.0000000000000000000, -0.0000000000000000000 ) ) ;
#11680 = DIRECTION ( 'NONE',  ( -0.0000000000000000000, -1.000000000000000000, -0.0000000000000000000 ) ) ;
#11681 = FACE_OUTER_BOUND ( 'NONE', #9967, .T. ) ;
#11682 = EDGE_LOOP ( 'NONE', ( #6861, #9702, #10449, #1153, #6668 ) ) ;
#11683 = CARTESIAN_POINT ( 'NONE',  ( -1.650000000000000800, 0.05000000000000000300, 0.0000000000000000000 ) ) ;
#11684 = LINE ( 'NONE', #6769, #12301 ) ;
#11685 = PLANE ( 'NONE',  #9637 ) ;
#11686 = ADVANCED_FACE ( 'NONE', ( #11453 ), #7047, .F. ) ;
#11687 = VECTOR ( 'NONE', #9195, 1000.000000000000000 ) ;
#11688 = DIRECTION ( 'NONE',  ( -0.0000000000000000000, -1.000000000000000000, -0.0000000000000000000 ) ) ;
#11689 = CARTESIAN_POINT ( 'NONE',  ( -2.000000000000000900, 0.04999999999999991300, 1.465000000000000100 ) ) ;
#11690 = EDGE_LOOP ( 'NONE', ( #920, #7330, #8026, #7910 ) ) ;
#11691 = EDGE_LOOP ( 'NONE', ( #9909, #3688, #7447, #5686 ) ) ;
#11692 = AXIS2_PLACEMENT_3D ( 'NONE', #142, #7806, #3129 ) ;
#11693 = CARTESIAN_POINT ( 'NONE',  ( 1.725000000000000800, 0.0000000000000000000, 0.4099999999999995300 ) ) ;
#11694 = VECTOR ( 'NONE', #7527, 1000.000000000000000 ) ;
#11695 = EDGE_CURVE ( 'NONE', #10168, #11032, #1563, .T. ) ;
#11696 = LINE ( 'NONE', #11743, #10530 ) ;
#11697 = DIRECTION ( 'NONE',  ( 0.0000000000000000000, 1.000000000000000000, 0.0000000000000000000 ) ) ;
#11698 = CARTESIAN_POINT ( 'NONE',  ( 0.1150000000000009500, 0.2030000000000000100, 2.000000000000000400 ) ) ;
#11699 = DIRECTION ( 'NONE',  ( 1.000000000000000000, 0.0000000000000000000, 0.0000000000000000000 ) ) ;
#11700 = VERTEX_POINT ( 'NONE', #8035 ) ;
#11701 = CARTESIAN_POINT ( 'NONE',  ( -0.4100000000000002000, 0.6218078318274392600, -1.725000000000000300 ) ) ;
#11702 = DIRECTION ( 'NONE',  ( -2.365532012695645400E-015, 0.0000000000000000000, 1.000000000000000000 ) ) ;
#11703 =( GEOMETRIC_REPRESENTATION_CONTEXT ( 3 ) GLOBAL_UNCERTAINTY_ASSIGNED_CONTEXT ( ( #11510 ) ) GLOBAL_UNIT_ASSIGNED_CONTEXT ( ( #3335, #1552, #7311 ) ) REPRESENTATION_CONTEXT ( 'NONE', 'WORKASPACE' ) );
#11705 = LINE ( 'NONE', #2768, #4078 ) ;
#11704 = AXIS2_PLACEMENT_3D ( 'NONE', #2719, #12189, #1767 ) ;
#11706 = AXIS2_PLACEMENT_3D ( 'NONE', #10937, #11709, #3240 ) ;
#11707 = DIRECTION ( 'NONE',  ( 1.000000000000000000, 0.0000000000000000000, -0.0000000000000000000 ) ) ;
#11708 = EDGE_CURVE ( 'NONE', #4585, #3408, #8899, .T. ) ;
#11709 = DIRECTION ( 'NONE',  ( 1.000000000000000000, -0.0000000000000000000, 0.0000000000000000000 ) ) ;
#11710 = EDGE_LOOP ( 'NONE', ( #731, #8197, #6408, #2824 ) ) ;
#11711 = ORIENTED_EDGE ( 'NONE', *, *, #4955, .T. ) ;
#11712 = ADVANCED_FACE ( 'NONE', ( #4264 ), #452, .F. ) ;
#11713 = VECTOR ( 'NONE', #6981, 1000.000000000000000 ) ;
#11714 = DIRECTION ( 'NONE',  ( 0.0000000000000000000, 0.0000000000000000000, 1.000000000000000000 ) ) ;
#11715 = VECTOR ( 'NONE', #6177, 1000.000000000000000 ) ;
#11716 = PLANE ( 'NONE',  #8887 ) ;
#11717 = CARTESIAN_POINT ( 'NONE',  ( -1.234999999999999700, 0.2030000000000001000, -2.000000000000000400 ) ) ;
#11718 = DIRECTION ( 'NONE',  ( 1.000000000000000000, 0.0000000000000000000, -0.0000000000000000000 ) ) ;
#11719 = EDGE_CURVE ( 'NONE', #7966, #10168, #3039, .T. ) ;
#11720 = PLANE ( 'NONE',  #11213 ) ;
#11721 = CARTESIAN_POINT ( 'NONE',  ( 1.725000000000000800, 0.05000000000000002400, 0.4099999999999995300 ) ) ;
#11722 = AXIS2_PLACEMENT_3D ( 'NONE', #3599, #3464, #6342 ) ;
#11723 = CARTESIAN_POINT ( 'NONE',  ( 1.725000000000000800, 0.6218078318274388200, 0.9399999999999993900 ) ) ;
#11724 = ORIENTED_EDGE ( 'NONE', *, *, #1079, .T. ) ;
#11725 = DIRECTION ( 'NONE',  ( 0.0000000000000000000, 0.0000000000000000000, -1.000000000000000000 ) ) ;
#11726 = VERTEX_POINT ( 'NONE', #2396 ) ;
#11727 = EDGE_CURVE ( 'NONE', #5751, #7966, #9826, .T. ) ;
#11728 = PLANE ( 'NONE',  #7946 ) ;
#11729 = VECTOR ( 'NONE', #6942, 1000.000000000000000 ) ;
#11730 = CARTESIAN_POINT ( 'NONE',  ( 0.9399999999999996100, 0.04999999999999999600, -1.725000000000000300 ) ) ;
#11731 = CARTESIAN_POINT ( 'NONE',  ( 1.650000000000000800, 0.2030000000000000100, 0.9399999999999993900 ) ) ;
#11732 = LINE ( 'NONE', #2926, #798 ) ;
#11733 = DIRECTION ( 'NONE',  ( -0.0000000000000000000, -1.000000000000000000, -0.0000000000000000000 ) ) ;
#11734 = DIRECTION ( 'NONE',  ( -0.0000000000000000000, -1.000000000000000000, 0.0000000000000000000 ) ) ;
#11735 = VERTEX_POINT ( 'NONE', #2350 ) ;
#11736 = DIRECTION ( 'NONE',  ( 0.0000000000000000000, -1.000000000000000000, 0.0000000000000000000 ) ) ;
#11737 = DIRECTION ( 'NONE',  ( 0.0000000000000000000, 1.000000000000000000, 0.0000000000000000000 ) ) ;
#11738 = VERTEX_POINT ( 'NONE', #9206 ) ;
#11739 = VECTOR ( 'NONE', #5518, 1000.000000000000000 ) ;
#11740 = DIRECTION ( 'NONE',  ( 0.0000000000000000000, -1.000000000000000000, 0.0000000000000000000 ) ) ;
#11741 = CIRCLE ( 'NONE', #2319, 0.07499999999999998300 ) ;
#11742 = VECTOR ( 'NONE', #9413, 1000.000000000000000 ) ;
#11743 = CARTESIAN_POINT ( 'NONE',  ( -0.8599999999999999900, 0.2030000000000000100, 1.650000000000000800 ) ) ;
#11744 = ADVANCED_FACE ( 'NONE', ( #10130 ), #6339, .F. ) ;
#11745 = EDGE_CURVE ( 'NONE', #12058, #5067, #4416, .T. ) ;
#11746 = PLANE ( 'NONE',  #6125 ) ;
#11747 = EDGE_CURVE ( 'NONE', #4940, #8768, #1853, .T. ) ;
#11748 = ORIENTED_EDGE ( 'NONE', *, *, #582, .T. ) ;
#11749 = ORIENTED_EDGE ( 'NONE', *, *, #7318, .F. ) ;
#11750 = DIRECTION ( 'NONE',  ( 0.0000000000000000000, 1.000000000000000000, 0.0000000000000000000 ) ) ;
#11751 = FACE_OUTER_BOUND ( 'NONE', #10146, .T. ) ;
#11752 = LINE ( 'NONE', #8744, #674 ) ;
#11753 = DIRECTION ( 'NONE',  ( -2.365532012695645400E-015, 0.0000000000000000000, 1.000000000000000000 ) ) ;
#11754 = VERTEX_POINT ( 'NONE', #9066 ) ;
#11755 = VERTEX_POINT ( 'NONE', #4297 ) ;
#11756 = DIRECTION ( 'NONE',  ( 0.0000000000000000000, -1.000000000000000000, 0.0000000000000000000 ) ) ;
#11757 = DIRECTION ( 'NONE',  ( 0.0000000000000000000, 0.0000000000000000000, -1.000000000000000000 ) ) ;
#11758 = VERTEX_POINT ( 'NONE', #8079 ) ;
#11759 = PLANE ( 'NONE',  #1753 ) ;
#11760 = AXIS2_PLACEMENT_3D ( 'NONE', #7656, #7616, #8709 ) ;
#11761 = DIRECTION ( 'NONE',  ( 0.0000000000000000000, 1.000000000000000000, -0.0000000000000000000 ) ) ;
#11762 = ORIENTED_EDGE ( 'NONE', *, *, #2198, .T. ) ;
#11763 = DIRECTION ( 'NONE',  ( 0.0000000000000000000, 1.000000000000000000, 0.0000000000000000000 ) ) ;
#11764 = VECTOR ( 'NONE', #1646, 1000.000000000000000 ) ;
#11765 = EDGE_CURVE ( 'NONE', #9148, #2961, #6636, .T. ) ;
#11766 = FACE_OUTER_BOUND ( 'NONE', #12434, .T. ) ;
#11767 = VERTEX_POINT ( 'NONE', #6327 ) ;
#11768 = CARTESIAN_POINT ( 'NONE',  ( 2.000000000000000900, 0.6218078318274388200, 0.1150000000000000900 ) ) ;
#11770 = VECTOR ( 'NONE', #948, 1000.000000000000000 ) ;
#11769 = DIRECTION ( 'NONE',  ( 0.0000000000000000000, -0.0000000000000000000, 1.000000000000000000 ) ) ;
#11771 = VERTEX_POINT ( 'NONE', #9168 ) ;
#11772 = ADVANCED_FACE ( 'NONE', ( #5291 ), #10015, .F. ) ;
#11773 = LINE ( 'NONE', #2631, #12388 ) ;
#11774 =( LENGTH_UNIT ( ) NAMED_UNIT ( * ) SI_UNIT ( .MILLI., .METRE. ) );
#11775 = AXIS2_PLACEMENT_3D ( 'NONE', #815, #8457, #862 ) ;
#11776 = CARTESIAN_POINT ( 'NONE',  ( -1.310000000000000300, 0.2030000000000000100, -1.725000000000000300 ) ) ;
#11777 = EDGE_LOOP ( 'NONE', ( #4, #6829 ) ) ;
#11778 = FACE_OUTER_BOUND ( 'NONE', #8524, .T. ) ;
#11779 = VERTEX_POINT ( 'NONE', #3352 ) ;
#11780 = VECTOR ( 'NONE', #10442, 1000.000000000000100 ) ;
#11781 = EDGE_LOOP ( 'NONE', ( #7104, #2356, #11611, #3637 ) ) ;
#11782 = AXIS2_PLACEMENT_3D ( 'NONE', #2601, #5531, #2764 ) ;
#11783 = ORIENTED_EDGE ( 'NONE', *, *, #1627, .F. ) ;
#11784 = DIRECTION ( 'NONE',  ( -0.0000000000000000000, -1.000000000000000000, -0.0000000000000000000 ) ) ;
#11785 = ORIENTED_EDGE ( 'NONE', *, *, #9361, .T. ) ;
#11786 = ORIENTED_EDGE ( 'NONE', *, *, #4408, .T. ) ;
#11787 = EDGE_CURVE ( 'NONE', #9306, #3758, #4563, .T. ) ;
#11788 = VERTEX_POINT ( 'NONE', #4345 ) ;
#11789 = DIRECTION ( 'NONE',  ( 0.0000000000000000000, 0.0000000000000000000, 1.000000000000000000 ) ) ;
#11790 = CIRCLE ( 'NONE', #8730, 0.07499999999999998300 ) ;
#11791 = CYLINDRICAL_SURFACE ( 'NONE', #5252, 0.07499999999999998300 ) ;
#11792 = CARTESIAN_POINT ( 'NONE',  ( -1.725000000000000800, 0.6218078318274388200, 1.014999999999999900 ) ) ;
#11793 = ORIENTED_EDGE ( 'NONE', *, *, #9929, .T. ) ;
#11794 = ORIENTED_EDGE ( 'NONE', *, *, #12261, .F. ) ;
#11795 = VERTEX_POINT ( 'NONE', #6201 ) ;
#11796 = ORIENTED_EDGE ( 'NONE', *, *, #10328, .T. ) ;
#11797 = EDGE_CURVE ( 'NONE', #2050, #11735, #11903, .T. ) ;
#11798 = DIRECTION ( 'NONE',  ( 0.0000000000000000000, -1.000000000000000000, 0.0000000000000000000 ) ) ;
#11799 = CIRCLE ( 'NONE', #12074, 0.07499999999999998300 ) ;
#11800 = DIRECTION ( 'NONE',  ( 0.0000000000000000000, 0.0000000000000000000, 1.000000000000000000 ) ) ;
#11801 = CARTESIAN_POINT ( 'NONE',  ( 0.4100000000000002000, 0.0000000000000000000, 1.725000000000000800 ) ) ;
#11802 = FACE_OUTER_BOUND ( 'NONE', #2470, .T. ) ;
#11803 = EDGE_CURVE ( 'NONE', #4037, #1945, #9373, .T. ) ;
#11804 = VECTOR ( 'NONE', #6340, 1000.000000000000000 ) ;
#11805 = ORIENTED_EDGE ( 'NONE', *, *, #1994, .F. ) ;
#11806 = DIRECTION ( 'NONE',  ( -0.7071067811865475700, 0.0000000000000000000, 0.7071067811865475700 ) ) ;
#11807 = ORIENTED_EDGE ( 'NONE', *, *, #6279, .F. ) ;
#11808 = DIRECTION ( 'NONE',  ( 0.0000000000000000000, 0.0000000000000000000, -1.000000000000000000 ) ) ;
#11809 = ADVANCED_FACE ( 'NONE', ( #2446 ), #5325, .F. ) ;
#11810 = ORIENTED_EDGE ( 'NONE', *, *, #7553, .F. ) ;
#11811 = CARTESIAN_POINT ( 'NONE',  ( -1.725000000000000800, 0.0000000000000000000, 1.014999999999999900 ) ) ;
#11812 = ORIENTED_EDGE ( 'NONE', *, *, #8476, .F. ) ;
#11813 = CARTESIAN_POINT ( 'NONE',  ( 0.04000000000000010500, 0.2030000000000000100, 1.650000000000000800 ) ) ;
#11814 = MANIFOLD_SOLID_BREP ( 'LPattern4[9]', #2693 ) ;
#11815 = VECTOR ( 'NONE', #2502, 1000.000000000000000 ) ;
#11816 = CARTESIAN_POINT ( 'NONE',  ( 1.999999999999999100, 0.05000000000000000300, 1.999999999999999600 ) ) ;
#11817 = DIRECTION ( 'NONE',  ( 1.668003342285390600E-016, 0.0000000000000000000, -1.000000000000000000 ) ) ;
#11818 = LINE ( 'NONE', #4829, #3885 ) ;
#11819 = LINE ( 'NONE', #7837, #3426 ) ;
#11820 = AXIS2_PLACEMENT_3D ( 'NONE', #11873, #3277, #10020 ) ;
#11821 = ORIENTED_EDGE ( 'NONE', *, *, #10261, .T. ) ;
#11822 = CARTESIAN_POINT ( 'NONE',  ( 2.000000000000000900, 0.6218078318274387100, -0.7850000000000000300 ) ) ;
#11823 = VERTEX_POINT ( 'NONE', #781 ) ;
#11824 = CARTESIAN_POINT ( 'NONE',  ( -1.600000000000000800, 0.8000000000000000400, -1.600000000000000300 ) ) ;
#11825 = DIRECTION ( 'NONE',  ( -0.0000000000000000000, -1.000000000000000000, -0.0000000000000000000 ) ) ;
#11826 = VERTEX_POINT ( 'NONE', #6541 ) ;
#11827 = EDGE_CURVE ( 'NONE', #2300, #10312, #6933, .T. ) ;
#11828 = ORIENTED_EDGE ( 'NONE', *, *, #4182, .T. ) ;
#11829 = EDGE_CURVE ( 'NONE', #12230, #11837, #9523, .T. ) ;
#11830 = DIRECTION ( 'NONE',  ( 0.0000000000000000000, 1.000000000000000000, -0.0000000000000000000 ) ) ;
#11831 = ORIENTED_EDGE ( 'NONE', *, *, #9036, .F. ) ;
#11832 = FACE_OUTER_BOUND ( 'NONE', #10659, .T. ) ;
#11833 = DIRECTION ( 'NONE',  ( 0.0000000000000000000, 1.000000000000000000, 0.0000000000000000000 ) ) ;
#11834 = LINE ( 'NONE', #3421, #755 ) ;
#11835 = CARTESIAN_POINT ( 'NONE',  ( 0.7850000000000001400, 0.2030000000000000100, 1.725000000000001200 ) ) ;
#11836 = LINE ( 'NONE', #10587, #1027 ) ;
#11837 = VERTEX_POINT ( 'NONE', #2696 ) ;
#11838 = ORIENTED_EDGE ( 'NONE', *, *, #6692, .T. ) ;
#11839 = EDGE_LOOP ( 'NONE', ( #3081, #11318, #9505, #6701 ) ) ;
#11840 = ORIENTED_EDGE ( 'NONE', *, *, #9942, .F. ) ;
#11841 = AXIS2_PLACEMENT_3D ( 'NONE', #11038, #2257, #6065 ) ;
#11842 = EDGE_CURVE ( 'NONE', #6518, #7897, #1996, .T. ) ;
#11843 = EDGE_LOOP ( 'NONE', ( #11724, #5073, #5173, #4175 ) ) ;
#11844 = LINE ( 'NONE', #9279, #626 ) ;
#11845 = ADVANCED_FACE ( 'NONE', ( #9215 ), #2527, .F. ) ;
#11846 = EDGE_CURVE ( 'NONE', #12086, #11779, #3665, .T. ) ;
#11847 = FACE_OUTER_BOUND ( 'NONE', #3098, .T. ) ;
#11848 = VERTEX_POINT ( 'NONE', #12121 ) ;
#11849 = DIRECTION ( 'NONE',  ( -0.0000000000000000000, -0.0000000000000000000, 1.000000000000000000 ) ) ;
#11850 = DIRECTION ( 'NONE',  ( 0.0000000000000000000, 0.0000000000000000000, -1.000000000000000000 ) ) ;
#11851 = DIRECTION ( 'NONE',  ( 0.0000000000000000000, -1.000000000000000000, 0.0000000000000000000 ) ) ;
#11852 = ORIENTED_EDGE ( 'NONE', *, *, #2915, .T. ) ;
#11853 = CARTESIAN_POINT ( 'NONE',  ( 1.299999999999999200, 0.05000000000000100200, -1.300000000000000300 ) ) ;
#11854 = CARTESIAN_POINT ( 'NONE',  ( 0.3349999999999995800, 0.6218078318274392600, -1.725000000000000300 ) ) ;
#11855 = LINE ( 'NONE', #9096, #3918 ) ;
#11856 = DIRECTION ( 'NONE',  ( 0.0000000000000000000, -1.000000000000000000, 0.0000000000000000000 ) ) ;
#11857 = CARTESIAN_POINT ( 'NONE',  ( -1.310000000000000300, 0.2030000000000000100, -1.725000000000000300 ) ) ;
#11858 = LINE ( 'NONE', #3635, #10827 ) ;
#11859 = DIRECTION ( 'NONE',  ( 0.0000000000000000000, -0.0000000000000000000, -1.000000000000000000 ) ) ;
#11860 = LINE ( 'NONE', #1825, #5702 ) ;
#11861 = AXIS2_PLACEMENT_3D ( 'NONE', #7530, #10297, #2647 ) ;
#11862 = CARTESIAN_POINT ( 'NONE',  ( -1.310000000000000300, 0.2030000000000000100, -1.725000000000000300 ) ) ;
#11863 = DIRECTION ( 'NONE',  ( -0.0000000000000000000, 0.0000000000000000000, 1.000000000000000000 ) ) ;
#11864 = CARTESIAN_POINT ( 'NONE',  ( 0.1149999999999998700, 0.2030000000000000100, -1.725000000000000300 ) ) ;
#11865 = VERTEX_POINT ( 'NONE', #3625 ) ;
#11866 = DIRECTION ( 'NONE',  ( 0.0000000000000000000, -0.0000000000000000000, 1.000000000000000000 ) ) ;
#11867 = EDGE_CURVE ( 'NONE', #6056, #10706, #6921, .T. ) ;
#11868 = FACE_OUTER_BOUND ( 'NONE', #5469, .T. ) ;
#11869 = DIRECTION ( 'NONE',  ( -0.0000000000000000000, -1.000000000000000000, -0.0000000000000000000 ) ) ;
#11870 =( LENGTH_UNIT ( ) NAMED_UNIT ( * ) SI_UNIT ( .MILLI., .METRE. ) );
#11871 = VECTOR ( 'NONE', #2997, 1000.000000000000000 ) ;
#11872 = VECTOR ( 'NONE', #3511, 1000.000000000000000 ) ;
#11873 = CARTESIAN_POINT ( 'NONE',  ( -1.725000000000000800, 0.6218078318274388200, 0.3350000000000000200 ) ) ;
#11874 = ADVANCED_FACE ( 'NONE', ( #221 ), #8285, .F. ) ;
#11875 = DIRECTION ( 'NONE',  ( 0.7071067811865474600, 0.0000000000000000000, -0.7071067811865474600 ) ) ;
#11876 = AXIS2_PLACEMENT_3D ( 'NONE', #7698, #2934, #5784 ) ;
#11877 = ORIENTED_EDGE ( 'NONE', *, *, #7075, .F. ) ;
#11878 = EDGE_LOOP ( 'NONE', ( #5032, #11459, #6623, #7418 ) ) ;
#11879 = AXIS2_PLACEMENT_3D ( 'NONE', #1519, #5306, #2418 ) ;
#11880 = VECTOR ( 'NONE', #6489, 1000.000000000000000 ) ;
#11881 = LINE ( 'NONE', #7063, #5723 ) ;
#11882 = EDGE_CURVE ( 'NONE', #10932, #4008, #5736, .T. ) ;
#11883 = SURFACE_SIDE_STYLE ('',( #3510 ) ) ;
#11884 = CARTESIAN_POINT ( 'NONE',  ( 1.725000000000000800, 0.05000000000000023900, 0.1149999999999996600 ) ) ;
#11885 = CARTESIAN_POINT ( 'NONE',  ( 1.999999999999999100, 0.2030000000000000700, 0.3349999999999995800 ) ) ;
#11886 = ORIENTED_EDGE ( 'NONE', *, *, #9128, .T. ) ;
#11887 = CARTESIAN_POINT ( 'NONE',  ( 0.0000000000000000000, 0.05000000000000000300, -1.464999999999999900 ) ) ;
#11888 = ORIENTED_EDGE ( 'NONE', *, *, #188, .F. ) ;
#11889 = CIRCLE ( 'NONE', #4418, 0.07499999999999998300 ) ;
#11890 = CARTESIAN_POINT ( 'NONE',  ( -1.310000000000000300, 0.6218078318274392600, -1.725000000000000300 ) ) ;
#11891 = CARTESIAN_POINT ( 'NONE',  ( 1.310000000000000500, 0.0000000000000000000, -1.650000000000000800 ) ) ;
#11892 = FACE_OUTER_BOUND ( 'NONE', #11060, .T. ) ;
#11893 = CARTESIAN_POINT ( 'NONE',  ( -0.04000000000000010500, 0.0000000000000000000, -1.725000000000000300 ) ) ;
#11894 = VECTOR ( 'NONE', #12371, 1000.000000000000100 ) ;
#11895 = DIRECTION ( 'NONE',  ( -2.365532012695645400E-015, 0.0000000000000000000, 1.000000000000000000 ) ) ;
#11896 = DIRECTION ( 'NONE',  ( -0.0000000000000000000, -1.000000000000000000, -0.0000000000000000000 ) ) ;
#11897 = EDGE_LOOP ( 'NONE', ( #5934, #4904, #5045, #8147 ) ) ;
#11898 = EDGE_CURVE ( 'NONE', #9730, #5751, #7081, .T. ) ;
#11899 = ORIENTED_EDGE ( 'NONE', *, *, #3132, .F. ) ;
#11900 = DIRECTION ( 'NONE',  ( 0.0000000000000000000, 1.000000000000000000, 0.0000000000000000000 ) ) ;
#11901 = CARTESIAN_POINT ( 'NONE',  ( 0.4899999999999999900, 0.2030000000000000100, 1.650000000000000800 ) ) ;
#11902 = VECTOR ( 'NONE', #6185, 1000.000000000000000 ) ;
#11903 = LINE ( 'NONE', #11048, #6194 ) ;
#11904 = ADVANCED_FACE ( 'NONE', ( #9817 ), #2564, .T. ) ;
#11905 = SURFACE_STYLE_USAGE ( .BOTH. , #8075 ) ;
#11906 = CARTESIAN_POINT ( 'NONE',  ( -1.650000000000000800, 0.2030000000000000100, 1.310000000000000500 ) ) ;
#11907 = ORIENTED_EDGE ( 'NONE', *, *, #11673, .T. ) ;
#11908 = ORIENTED_EDGE ( 'NONE', *, *, #3286, .T. ) ;
#11909 = DIRECTION ( 'NONE',  ( 0.0000000000000000000, 1.000000000000000000, 0.0000000000000000000 ) ) ;
#11910 = ORIENTED_EDGE ( 'NONE', *, *, #3173, .T. ) ;
#11911 = AXIS2_PLACEMENT_3D ( 'NONE', #10428, #7462, #10354 ) ;
#11912 = LINE ( 'NONE', #3394, #11022 ) ;
#11913 = ORIENTED_EDGE ( 'NONE', *, *, #5485, .T. ) ;
#11914 = EDGE_CURVE ( 'NONE', #11193, #2695, #6780, .T. ) ;
#11915 = DIRECTION ( 'NONE',  ( 0.0000000000000000000, 0.0000000000000000000, -1.000000000000000000 ) ) ;
#11916 = VECTOR ( 'NONE', #5163, 1000.000000000000000 ) ;
#11917 = EDGE_CURVE ( 'NONE', #11032, #9730, #7222, .T. ) ;
#11918 = ORIENTED_EDGE ( 'NONE', *, *, #10544, .F. ) ;
#11919 = EDGE_LOOP ( 'NONE', ( #803, #1939, #763, #3484 ) ) ;
#11920 = FACE_OUTER_BOUND ( 'NONE', #6383, .T. ) ;
#11921 =( NAMED_UNIT ( * ) SI_UNIT ( $, .STERADIAN. ) SOLID_ANGLE_UNIT ( ) );
#11922 = ORIENTED_EDGE ( 'NONE', *, *, #209, .T. ) ;
#11923 = VERTEX_POINT ( 'NONE', #3531 ) ;
#11924 = CIRCLE ( 'NONE', #3410, 0.07499999999999998300 ) ;
#11925 = CARTESIAN_POINT ( 'NONE',  ( 1.650000000000000800, 0.0000000000000000000, -1.310000000000000500 ) ) ;
#11926 = ORIENTED_EDGE ( 'NONE', *, *, #11563, .F. ) ;
#11927 = CYLINDRICAL_SURFACE ( 'NONE', #6549, 0.07499999999999998300 ) ;
#11928 = FILL_AREA_STYLE_COLOUR ( '', #1541 ) ;
#11929 = VECTOR ( 'NONE', #12128, 1000.000000000000000 ) ;
#11930 = AXIS2_PLACEMENT_3D ( 'NONE', #1084, #4848, #131 ) ;
#11931 = PLANE ( 'NONE',  #5892 ) ;
#11932 = CARTESIAN_POINT ( 'NONE',  ( -1.650000000000000800, 0.6218078318274388200, -1.310000000000000100 ) ) ;
#11933 = ORIENTED_EDGE ( 'NONE', *, *, #2545, .F. ) ;
#11934 = STYLED_ITEM ( 'NONE', ( #168 ), #1973 ) ;
#11935 = ORIENTED_EDGE ( 'NONE', *, *, #11464, .T. ) ;
#11936 = EDGE_CURVE ( 'NONE', #12085, #9416, #12195, .T. ) ;
#11937 = DIRECTION ( 'NONE',  ( 0.0000000000000000000, 0.0000000000000000000, -1.000000000000000000 ) ) ;
#11938 = FACE_OUTER_BOUND ( 'NONE', #12242, .T. ) ;
#11939 = ORIENTED_EDGE ( 'NONE', *, *, #11118, .F. ) ;
#11940 = CYLINDRICAL_SURFACE ( 'NONE', #9957, 0.07499999999999987200 ) ;
#11941 = PLANE ( 'NONE',  #7309 ) ;
#11942 = VECTOR ( 'NONE', #7552, 1000.000000000000000 ) ;
#11943 = PLANE ( 'NONE',  #8813 ) ;
#11944 = ORIENTED_EDGE ( 'NONE', *, *, #4528, .T. ) ;
#11945 = DIRECTION ( 'NONE',  ( -1.000000000000000000, 0.0000000000000000000, -2.365532012695645400E-015 ) ) ;
#11946 = ORIENTED_EDGE ( 'NONE', *, *, #8127, .F. ) ;
#11947 = EDGE_LOOP ( 'NONE', ( #8313, #7413, #580, #5996 ) ) ;
#11948 = CARTESIAN_POINT ( 'NONE',  ( 0.9399999999999998400, 0.0000000000000000000, 1.650000000000000800 ) ) ;
#11949 = DIRECTION ( 'NONE',  ( 0.0000000000000000000, 0.0000000000000000000, 1.000000000000000000 ) ) ;
#11950 = DIRECTION ( 'NONE',  ( 0.0000000000000000000, 0.0000000000000000000, 1.000000000000000000 ) ) ;
#11951 = LINE ( 'NONE', #1440, #6399 ) ;
#11952 = COLOUR_RGB ( '',0.7921568627450980000, 0.8196078431372548800, 0.9333333333333333500 ) ;
#11953 = ORIENTED_EDGE ( 'NONE', *, *, #9218, .F. ) ;
#11954 = CARTESIAN_POINT ( 'NONE',  ( 1.310000000000000100, 0.6218078318274392600, -1.650000000000000100 ) ) ;
#11955 = EDGE_CURVE ( 'NONE', #7143, #1868, #7679, .T. ) ;
#11956 = ORIENTED_EDGE ( 'NONE', *, *, #7339, .T. ) ;
#11957 = VERTEX_POINT ( 'NONE', #2816 ) ;
#11958 = ORIENTED_EDGE ( 'NONE', *, *, #12260, .T. ) ;
#11959 = VECTOR ( 'NONE', #12422, 1000.000000000000000 ) ;
#11960 = CARTESIAN_POINT ( 'NONE',  ( 0.1149999999999998700, 0.2030000000000000100, -1.725000000000000300 ) ) ;
#11961 = FACE_OUTER_BOUND ( 'NONE', #9647, .T. ) ;
#11962 = CARTESIAN_POINT ( 'NONE',  ( 1.465000000000000500, 0.0000000000000000000, -2.000000000000000400 ) ) ;
#11963 = VECTOR ( 'NONE', #428, 1000.000000000000000 ) ;
#11964 = VERTEX_POINT ( 'NONE', #1846 ) ;
#11965 = EDGE_CURVE ( 'NONE', #3660, #6048, #4254, .T. ) ;
#11966 = ADVANCED_FACE ( 'NONE', ( #11004 ), #1888, .T. ) ;
#11967 = VERTEX_POINT ( 'NONE', #9500 ) ;
#11968 = DIRECTION ( 'NONE',  ( -0.0000000000000000000, -0.0000000000000000000, 1.000000000000000000 ) ) ;
#11969 = ORIENTED_EDGE ( 'NONE', *, *, #4950, .T. ) ;
#11970 = AXIS2_PLACEMENT_3D ( 'NONE', #3889, #6713, #11549 ) ;
#11971 = VERTEX_POINT ( 'NONE', #4665 ) ;
#11972 =( NAMED_UNIT ( * ) SI_UNIT ( $, .STERADIAN. ) SOLID_ANGLE_UNIT ( ) );
#11973 = DIRECTION ( 'NONE',  ( -1.000000000000000000, 0.0000000000000000000, -0.0000000000000000000 ) ) ;
#11974 = CARTESIAN_POINT ( 'NONE',  ( 1.725000000000000800, 0.6218078318274388200, 1.464999999999999600 ) ) ;
#11975 = MANIFOLD_SOLID_BREP ( 'Boss-Extrude5', #5504 ) ;
#11976 = EDGE_CURVE ( 'NONE', #2107, #4136, #5874, .T. ) ;
#11977 = FACE_OUTER_BOUND ( 'NONE', #10737, .T. ) ;
#11978 = CARTESIAN_POINT ( 'NONE',  ( 1.999999999999999100, 0.05000000000000000300, 1.999999999999999600 ) ) ;
#11979 = CYLINDRICAL_SURFACE ( 'NONE', #1524, 0.07499999999999998300 ) ;
#11980 = DIRECTION ( 'NONE',  ( 1.000000000000000000, 0.0000000000000000000, 0.0000000000000000000 ) ) ;
#11981 = LINE ( 'NONE', #7564, #4184 ) ;
#11982 = ORIENTED_EDGE ( 'NONE', *, *, #2910, .F. ) ;
#11983 = ORIENTED_EDGE ( 'NONE', *, *, #8206, .T. ) ;
#11984 = VERTEX_POINT ( 'NONE', #10516 ) ;
#11985 = DIRECTION ( 'NONE',  ( 0.0000000000000000000, 1.000000000000000000, 0.0000000000000000000 ) ) ;
#11986 = CARTESIAN_POINT ( 'NONE',  ( -0.3350000000000002400, 0.2030000000000000100, -1.725000000000000300 ) ) ;
#11987 = PLANE ( 'NONE',  #3951 ) ;
#11988 = ORIENTED_EDGE ( 'NONE', *, *, #63, .F. ) ;
#11989 = AXIS2_PLACEMENT_3D ( 'NONE', #11547, #2901, #124 ) ;
#11990 = ORIENTED_EDGE ( 'NONE', *, *, #6259, .F. ) ;
#11991 = DIRECTION ( 'NONE',  ( -1.000000000000000000, 0.0000000000000000000, 0.0000000000000000000 ) ) ;
#11992 = DIRECTION ( 'NONE',  ( 0.0000000000000000000, 0.0000000000000000000, -1.000000000000000000 ) ) ;
#11993 = VECTOR ( 'NONE', #9865, 1000.000000000000000 ) ;
#11994 = LINE ( 'NONE', #7067, #4209 ) ;
#11995 = CARTESIAN_POINT ( 'NONE',  ( -1.389999999999999700, 0.0000000000000000000, 1.725000000000000800 ) ) ;
#11996 = DIRECTION ( 'NONE',  ( -0.0000000000000000000, -1.000000000000000000, -0.0000000000000000000 ) ) ;
#11997 = EDGE_CURVE ( 'NONE', #4723, #2870, #8428, .T. ) ;
#11998 = CARTESIAN_POINT ( 'NONE',  ( -0.9400000000000001700, 0.04999999999999999600, -1.650000000000000100 ) ) ;
#11999 = EDGE_CURVE ( 'NONE', #2081, #2256, #8118, .T. ) ;
#12000 = ORIENTED_EDGE ( 'NONE', *, *, #4783, .T. ) ;
#12001 = CARTESIAN_POINT ( 'NONE',  ( -2.000000000000000900, 0.8000000000000003800, 2.000000000000000400 ) ) ;
#12002 = ORIENTED_EDGE ( 'NONE', *, *, #4708, .F. ) ;
#12003 = DIRECTION ( 'NONE',  ( 0.0000000000000000000, -1.000000000000000000, 0.0000000000000000000 ) ) ;
#12004 = DIRECTION ( 'NONE',  ( -0.7071067811865474600, 0.0000000000000000000, 0.7071067811865474600 ) ) ;
#12005 = LINE ( 'NONE', #6490, #12147 ) ;
#12006 = FACE_OUTER_BOUND ( 'NONE', #7729, .T. ) ;
#12007 = ORIENTED_EDGE ( 'NONE', *, *, #10066, .F. ) ;
#12008 = AXIS2_PLACEMENT_3D ( 'NONE', #4796, #4871, #5664 ) ;
#12009 = VERTEX_POINT ( 'NONE', #4701 ) ;
#12010 = CARTESIAN_POINT ( 'NONE',  ( 1.299999999999999200, 3.879955262170047700, -1.300000000000000300 ) ) ;
#12011 = AXIS2_PLACEMENT_3D ( 'NONE', #1134, #2118, #4108 ) ;
#12012 = EDGE_CURVE ( 'NONE', #5661, #5898, #4989, .T. ) ;
#12013 = DIRECTION ( 'NONE',  ( 0.0000000000000000000, -1.000000000000000000, 0.0000000000000000000 ) ) ;
#12014 = LINE ( 'NONE', #9268, #1818 ) ;
#12015 = EDGE_CURVE ( 'NONE', #422, #3532, #2599, .T. ) ;
#12016 = ADVANCED_FACE ( 'NONE', ( #4554 ), #7658, .T. ) ;
#12017 = FACE_OUTER_BOUND ( 'NONE', #5785, .T. ) ;
#12018 = DIRECTION ( 'NONE',  ( -1.000000000000000000, 0.0000000000000000000, -1.577021341797097400E-015 ) ) ;
#12019 = CARTESIAN_POINT ( 'NONE',  ( 1.465000000000001000, 0.6218078318274392600, 2.000000000000000400 ) ) ;
#12020 = ORIENTED_EDGE ( 'NONE', *, *, #7953, .F. ) ;
#12021 = CARTESIAN_POINT ( 'NONE',  ( -1.725000000000000800, 0.6218078318274388200, -0.03999999999999989000 ) ) ;
#12022 = LINE ( 'NONE', #10300, #1232 ) ;
#12023 = AXIS2_PLACEMENT_3D ( 'NONE', #8878, #1092, #267 ) ;
#12024 = LINE ( 'NONE', #1681, #8419 ) ;
#12025 = DIRECTION ( 'NONE',  ( -0.7071067811865475700, 0.0000000000000000000, -0.7071067811865475700 ) ) ;
#12026 = AXIS2_PLACEMENT_3D ( 'NONE', #2717, #6528, #8443 ) ;
#12027 = CARTESIAN_POINT ( 'NONE',  ( -0.5650000000000001700, 0.2030000000000000100, -2.000000000000000400 ) ) ;
#12028 = CARTESIAN_POINT ( 'NONE',  ( 1.235000000000000300, 0.2030000000000000100, 1.725000000000001200 ) ) ;
#12029 = DIRECTION ( 'NONE',  ( -0.0000000000000000000, -1.000000000000000000, -0.0000000000000000000 ) ) ;
#12030 = CARTESIAN_POINT ( 'NONE',  ( 1.014999999999999700, 0.0000000000000000000, -1.725000000000000300 ) ) ;
#12031 = ADVANCED_FACE ( 'NONE', ( #1404 ), #5727, .T. ) ;
#12032 = EDGE_CURVE ( 'NONE', #6372, #2679, #3333, .T. ) ;
#12033 = CARTESIAN_POINT ( 'NONE',  ( -1.805000000000000400, 0.0000000000000000000, -1.464999999999999900 ) ) ;
#12034 = ORIENTED_EDGE ( 'NONE', *, *, #2405, .F. ) ;
#12035 = DIRECTION ( 'NONE',  ( -0.0000000000000000000, -1.000000000000000000, -0.0000000000000000000 ) ) ;
#12036 = ORIENTED_EDGE ( 'NONE', *, *, #10930, .T. ) ;
#12037 = CARTESIAN_POINT ( 'NONE',  ( -0.5650000000000003900, 0.6218078318274392600, -1.725000000000000300 ) ) ;
#12038 = VECTOR ( 'NONE', #11699, 1000.000000000000000 ) ;
#12039 = CYLINDRICAL_SURFACE ( 'NONE', #2228, 0.07500000000000019200 ) ;
#12040 = DIRECTION ( 'NONE',  ( 0.0000000000000000000, -1.000000000000000000, 0.0000000000000000000 ) ) ;
#12041 = EDGE_CURVE ( 'NONE', #12086, #8009, #10710, .T. ) ;
#12042 = AXIS2_PLACEMENT_3D ( 'NONE', #2576, #12133, #2619 ) ;
#12043 = EDGE_LOOP ( 'NONE', ( #8130, #11351, #12304, #3141, #10101 ) ) ;
#12044 = ORIENTED_EDGE ( 'NONE', *, *, #12376, .T. ) ;
#12045 = CARTESIAN_POINT ( 'NONE',  ( -1.650000000000000800, 0.2030000000000000100, -0.8599999999999999900 ) ) ;
#12046 = EDGE_CURVE ( 'NONE', #11663, #2181, #510, .T. ) ;
#12047 = CARTESIAN_POINT ( 'NONE',  ( -1.725000000000000800, 0.6218078318274388200, -0.5649999999999999500 ) ) ;
#12048 = LINE ( 'NONE', #10474, #8898 ) ;
#12049 = VECTOR ( 'NONE', #5406, 1000.000000000000000 ) ;
#12050 = PLANE ( 'NONE',  #9307 ) ;
#12051 = VERTEX_POINT ( 'NONE', #4826 ) ;
#12052 = EDGE_LOOP ( 'NONE', ( #12100, #6237, #6200, #7581, #530, #7766 ) ) ;
#12053 = CIRCLE ( 'NONE', #5, 0.07499999999999998300 ) ;
#12054 = CARTESIAN_POINT ( 'NONE',  ( -1.235000000000000100, 0.2030000000000000100, -1.725000000000000300 ) ) ;
#12055 = ORIENTED_EDGE ( 'NONE', *, *, #5297, .F. ) ;
#12056 = CARTESIAN_POINT ( 'NONE',  ( 1.725000000000000800, 0.6218078318274388200, 0.3349999999999995800 ) ) ;
#12057 = CARTESIAN_POINT ( 'NONE',  ( 1.465000000000001000, 0.2030000000000000700, 1.999999999999999600 ) ) ;
#12058 = VERTEX_POINT ( 'NONE', #3703 ) ;
#12059 = EDGE_CURVE ( 'NONE', #6654, #6209, #69, .T. ) ;
#12060 = EDGE_CURVE ( 'NONE', #2195, #403, #2434, .T. ) ;
#12061 = VERTEX_POINT ( 'NONE', #8710 ) ;
#12062 = CARTESIAN_POINT ( 'NONE',  ( 1.725000000000000800, 0.2030000000000000100, -0.7850000000000004800 ) ) ;
#12064 = ORIENTED_EDGE ( 'NONE', *, *, #2198, .F. ) ;
#12063 = CARTESIAN_POINT ( 'NONE',  ( -1.310000000000000300, 0.2030000000000000100, -1.725000000000000300 ) ) ;
#12065 = DIRECTION ( 'NONE',  ( 0.0000000000000000000, 0.0000000000000000000, -1.000000000000000000 ) ) ;
#12066 = ORIENTED_EDGE ( 'NONE', *, *, #4528, .F. ) ;
#12067 = CARTESIAN_POINT ( 'NONE',  ( 0.9399999999999998400, 0.2030000000000000100, 1.650000000000000800 ) ) ;
#12068 = DIRECTION ( 'NONE',  ( -1.577021341797097000E-015, 0.0000000000000000000, 1.000000000000000000 ) ) ;
#12069 = VERTEX_POINT ( 'NONE', #1181 ) ;
#12070 = CIRCLE ( 'NONE', #319, 0.07499999999999998300 ) ;
#12071 = LINE ( 'NONE', #2310, #1878 ) ;
#12072 = CARTESIAN_POINT ( 'NONE',  ( 0.4899999999999997700, 0.2030000000000000100, -1.725000000000000300 ) ) ;
#12073 = ORIENTED_EDGE ( 'NONE', *, *, #8249, .T. ) ;
#12074 = AXIS2_PLACEMENT_3D ( 'NONE', #7570, #3776, #7528 ) ;
#12075 = LINE ( 'NONE', #9166, #9703 ) ;
#12076 = CARTESIAN_POINT ( 'NONE',  ( -1.725000000000000800, 0.0000000000000000000, -0.5649999999999999500 ) ) ;
#12077 = AXIS2_PLACEMENT_3D ( 'NONE', #7733, #1061, #9496 ) ;
#12078 = CARTESIAN_POINT ( 'NONE',  ( 1.235000000000000300, 0.6218078318274392600, 1.725000000000001200 ) ) ;
#12079 = EDGE_CURVE ( 'NONE', #6178, #7664, #11586, .T. ) ;
#12080 = LINE ( 'NONE', #2713, #6376 ) ;
#12081 = EDGE_LOOP ( 'NONE', ( #12296, #882, #6075, #4919 ) ) ;
#12082 = LINE ( 'NONE', #9424, #11632 ) ;
#12083 = LINE ( 'NONE', #2987, #4144 ) ;
#12084 = VERTEX_POINT ( 'NONE', #153 ) ;
#12085 = VERTEX_POINT ( 'NONE', #7735 ) ;
#12086 = VERTEX_POINT ( 'NONE', #2121 ) ;
#12087 = ADVANCED_FACE ( 'NONE', ( #3024 ), #12039, .T. ) ;
#12088 = CARTESIAN_POINT ( 'NONE',  ( -2.000000000000000900, 0.0000000000000000000, 0.1150000000000000900 ) ) ;
#12089 = CARTESIAN_POINT ( 'NONE',  ( -0.8600000000000002100, 0.04999999999999999600, -1.650000000000000400 ) ) ;
#12090 = LINE ( 'NONE', #8791, #5940 ) ;
#12091 = AXIS2_PLACEMENT_3D ( 'NONE', #1726, #9324, #10340 ) ;
#12092 = DIRECTION ( 'NONE',  ( 1.000000000000000000, 0.0000000000000000000, -0.0000000000000000000 ) ) ;
#12093 = CIRCLE ( 'NONE', #5280, 0.07499999999999998300 ) ;
#12094 = FACE_OUTER_BOUND ( 'NONE', #10734, .T. ) ;
#12095 = ORIENTED_EDGE ( 'NONE', *, *, #7486, .T. ) ;
#12096 = AXIS2_PLACEMENT_3D ( 'NONE', #2807, #2853, #9531 ) ;
#12097 = ORIENTED_EDGE ( 'NONE', *, *, #6254, .T. ) ;
#12098 = CARTESIAN_POINT ( 'NONE',  ( -0.1150000000000003000, 0.0000000000000000000, -1.725000000000000300 ) ) ;
#12099 = DIRECTION ( 'NONE',  ( -1.000000000000000000, 0.0000000000000000000, 0.0000000000000000000 ) ) ;
#12100 = ORIENTED_EDGE ( 'NONE', *, *, #7537, .F. ) ;
#12101 = EDGE_CURVE ( 'NONE', #5446, #1749, #9044, .T. ) ;
#12102 = ADVANCED_FACE ( 'NONE', ( #5439 ), #3004, .F. ) ;
#12103 = VECTOR ( 'NONE', #1841, 1000.000000000000000 ) ;
#12104 = CARTESIAN_POINT ( 'NONE',  ( 1.650000000000000800, 0.05000000000000023900, 0.4099999999999995300 ) ) ;
#12105 = DIRECTION ( 'NONE',  ( 0.0000000000000000000, 1.000000000000000000, -0.0000000000000000000 ) ) ;
#12106 = VECTOR ( 'NONE', #6318, 1000.000000000000000 ) ;
#12107 = CARTESIAN_POINT ( 'NONE',  ( -0.4900000000000002100, 0.2030000000000000100, -1.725000000000000300 ) ) ;
#12108 = VECTOR ( 'NONE', #790, 1000.000000000000000 ) ;
#12109 = CLOSED_SHELL ( 'NONE', ( #2914, #6379, #2541, #4842, #4276, #5958, #8052, #6432 ) ) ;
#12110 = CARTESIAN_POINT ( 'NONE',  ( 1.999999999999999100, 7.256854249492381100, 1.999999999999999600 ) ) ;
#12111 = CARTESIAN_POINT ( 'NONE',  ( 0.7850000000000001400, 0.04999999999999999600, 1.725000000000001200 ) ) ;
#12112 = ORIENTED_EDGE ( 'NONE', *, *, #4933, .F. ) ;
#12113 = AXIS2_PLACEMENT_3D ( 'NONE', #558, #4407, #8138 ) ;
#12114 = CARTESIAN_POINT ( 'NONE',  ( 1.999999999999999100, 0.05000000000000000300, 1.999999999999999600 ) ) ;
#12115 = ORIENTED_EDGE ( 'NONE', *, *, #11081, .F. ) ;
#12116 = ORIENTED_EDGE ( 'NONE', *, *, #12196, .F. ) ;
#12117 = AXIS2_PLACEMENT_3D ( 'NONE', #8930, #9107, #484 ) ;
#12118 = PLANE ( 'NONE',  #8381 ) ;
#12119 = AXIS2_PLACEMENT_3D ( 'NONE', #8068, #3302, #10118 ) ;
#12120 = CARTESIAN_POINT ( 'NONE',  ( -1.014999999999999900, 0.2030000000000000100, 1.725000000000001200 ) ) ;
#12121 = CARTESIAN_POINT ( 'NONE',  ( 2.000000000000000900, 0.2030000000000001000, -0.1149999999999998700 ) ) ;
#12122 = LINE ( 'NONE', #3650, #297 ) ;
#12123 = LINE ( 'NONE', #5782, #7156 ) ;
#12124 = DIRECTION ( 'NONE',  ( 1.000000000000000000, 0.0000000000000000000, -0.0000000000000000000 ) ) ;
#12125 = EDGE_CURVE ( 'NONE', #8943, #9248, #10275, .T. ) ;
#12126 = LINE ( 'NONE', #7683, #4484 ) ;
#12127 = ORIENTED_EDGE ( 'NONE', *, *, #4270, .T. ) ;
#12128 = DIRECTION ( 'NONE',  ( -0.0000000000000000000, -1.000000000000000000, -0.0000000000000000000 ) ) ;
#12129 = ORIENTED_EDGE ( 'NONE', *, *, #49, .F. ) ;
#12130 = ORIENTED_EDGE ( 'NONE', *, *, #9902, .F. ) ;
#12131 = VERTEX_POINT ( 'NONE', #8676 ) ;
#12132 = CARTESIAN_POINT ( 'NONE',  ( 2.000000000000000900, 0.2030000000000000100, 0.5649999999999999500 ) ) ;
#12133 = DIRECTION ( 'NONE',  ( 0.0000000000000000000, -1.000000000000000000, 0.0000000000000000000 ) ) ;
#12134 = LINE ( 'NONE', #3387, #612 ) ;
#12135 = COLOUR_RGB ( '',0.7921568627450980000, 0.8196078431372548800, 0.9333333333333333500 ) ;
#12136 = VECTOR ( 'NONE', #7228, 1000.000000000000000 ) ;
#12137 =( GEOMETRIC_REPRESENTATION_CONTEXT ( 3 ) GLOBAL_UNCERTAINTY_ASSIGNED_CONTEXT ( ( #1226 ) ) GLOBAL_UNIT_ASSIGNED_CONTEXT ( ( #9688, #6666, #2018 ) ) REPRESENTATION_CONTEXT ( 'NONE', 'WORKASPACE' ) );
#12138 = DIRECTION ( 'NONE',  ( 0.0000000000000000000, -0.0000000000000000000, 1.000000000000000000 ) ) ;
#12139 = ORIENTED_EDGE ( 'NONE', *, *, #11194, .F. ) ;
#12140 = VERTEX_POINT ( 'NONE', #1137 ) ;
#12141 = ORIENTED_EDGE ( 'NONE', *, *, #7042, .T. ) ;
#12142 = CARTESIAN_POINT ( 'NONE',  ( -1.015000000000000300, 0.2030000000000000100, -1.725000000000000300 ) ) ;
#12143 = ORIENTED_EDGE ( 'NONE', *, *, #2497, .T. ) ;
#12144 = EDGE_CURVE ( 'NONE', #2395, #9248, #10416, .T. ) ;
#12145 = CARTESIAN_POINT ( 'NONE',  ( 1.235000000000000300, 0.2030000000000000100, 1.725000000000001200 ) ) ;
#12146 = VERTEX_POINT ( 'NONE', #2046 ) ;
#12147 = VECTOR ( 'NONE', #3654, 1000.000000000000000 ) ;
#12148 = CARTESIAN_POINT ( 'NONE',  ( -2.000000000000000900, 0.6218078318274388200, -0.3350000000000000200 ) ) ;
#12149 = LINE ( 'NONE', #5409, #11550 ) ;
#12150 = ORIENTED_EDGE ( 'NONE', *, *, #6165, .F. ) ;
#12151 = CARTESIAN_POINT ( 'NONE',  ( -1.650000000000000800, 0.6218078318274387100, -0.8599999999999999900 ) ) ;
#12152 =( NAMED_UNIT ( * ) PLANE_ANGLE_UNIT ( ) SI_UNIT ( $, .RADIAN. ) );
#12153 = CARTESIAN_POINT ( 'NONE',  ( 2.000000000000000900, 0.04999999999999991300, -1.464999999999999900 ) ) ;
#12154 = ORIENTED_EDGE ( 'NONE', *, *, #2307, .T. ) ;
#12155 = AXIS2_PLACEMENT_3D ( 'NONE', #2101, #5796, #7792 ) ;
#12156 = DIRECTION ( 'NONE',  ( 0.0000000000000000000, -0.0000000000000000000, 1.000000000000000000 ) ) ;
#12157 = ADVANCED_FACE ( 'NONE', ( #7974 ), #6479, .T. ) ;
#12158 = LINE ( 'NONE', #8136, #4518 ) ;
#12159 = CARTESIAN_POINT ( 'NONE',  ( 1.650000000000000800, 0.0000000000000000000, 0.8599999999999994300 ) ) ;
#12160 = EDGE_CURVE ( 'NONE', #1659, #4046, #5137, .T. ) ;
#12161 = LINE ( 'NONE', #9062, #5115 ) ;
#12162 = EDGE_CURVE ( 'NONE', #7118, #944, #8421, .T. ) ;
#12163 = FACE_OUTER_BOUND ( 'NONE', #8346, .T. ) ;
#12164 = CARTESIAN_POINT ( 'NONE',  ( 0.8599999999999996500, 0.6218078318274392600, -1.650000000000000100 ) ) ;
#12165 = CARTESIAN_POINT ( 'NONE',  ( 2.000000000000000900, 0.6218078318274388200, 1.014999999999999900 ) ) ;
#12166 = ORIENTED_EDGE ( 'NONE', *, *, #2420, .F. ) ;
#12167 = CARTESIAN_POINT ( 'NONE',  ( -0.7849999999999995900, 0.6218078318274390400, -2.000000000000000400 ) ) ;
#12168 = CARTESIAN_POINT ( 'NONE',  ( -0.9500000000000002900, 3.879955262170047700, -1.299999999999999200 ) ) ;
#12169 = VECTOR ( 'NONE', #10266, 1000.000000000000000 ) ;
#12170 = ADVANCED_FACE ( 'NONE', ( #3942 ), #7373, .F. ) ;
#12171 =( GEOMETRIC_REPRESENTATION_CONTEXT ( 3 ) GLOBAL_UNCERTAINTY_ASSIGNED_CONTEXT ( ( #9377 ) ) GLOBAL_UNIT_ASSIGNED_CONTEXT ( ( #8840, #349, #1172 ) ) REPRESENTATION_CONTEXT ( 'NONE', 'WORKASPACE' ) );
#12172 = DIRECTION ( 'NONE',  ( 0.0000000000000000000, 0.0000000000000000000, -1.000000000000000000 ) ) ;
#12173 = SURFACE_STYLE_USAGE ( .BOTH. , #12345 ) ;
#12174 = ORIENTED_EDGE ( 'NONE', *, *, #372, .F. ) ;
#12175 = ORIENTED_EDGE ( 'NONE', *, *, #7734, .T. ) ;
#12176 = CARTESIAN_POINT ( 'NONE',  ( -2.000000000000000900, 0.2030000000000000100, 0.3350000000000000200 ) ) ;
#12177 = EDGE_CURVE ( 'NONE', #10918, #4932, #11732, .T. ) ;
#12178 = ORIENTED_EDGE ( 'NONE', *, *, #2885, .F. ) ;
#12179 = DIRECTION ( 'NONE',  ( -0.0000000000000000000, -1.000000000000000000, 0.0000000000000000000 ) ) ;
#12180 = LINE ( 'NONE', #6888, #7068 ) ;
#12181 = DIRECTION ( 'NONE',  ( -1.000000000000000000, 0.0000000000000000000, -1.577021341797097000E-015 ) ) ;
#12182 = DIRECTION ( 'NONE',  ( -0.0000000000000000000, -1.000000000000000000, -0.0000000000000000000 ) ) ;
#12183 = AXIS2_PLACEMENT_3D ( 'NONE', #1965, #5939, #8749 ) ;
#12184 = ORIENTED_EDGE ( 'NONE', *, *, #8184, .F. ) ;
#12185 = ORIENTED_EDGE ( 'NONE', *, *, #7877, .T. ) ;
#12186 = DIRECTION ( 'NONE',  ( -0.0000000000000000000, 0.0000000000000000000, -1.000000000000000000 ) ) ;
#12187 = CARTESIAN_POINT ( 'NONE',  ( 1.725000000000000800, 0.05000000000000002400, -0.7850000000000004800 ) ) ;
#12188 = STYLED_ITEM ( 'NONE', ( #4757 ), #3044 ) ;
#12189 = DIRECTION ( 'NONE',  ( 0.0000000000000000000, 0.0000000000000000000, -1.000000000000000000 ) ) ;
#12190 = LINE ( 'NONE', #5641, #10565 ) ;
#12191 = PLANE ( 'NONE',  #8834 ) ;
#12192 = VECTOR ( 'NONE', #10317, 1000.000000000000000 ) ;
#12193 = CARTESIAN_POINT ( 'NONE',  ( -1.805000000000000400, 0.6218078318274388200, -1.464999999999999900 ) ) ;
#12194 = CARTESIAN_POINT ( 'NONE',  ( 0.4900000000000004400, 0.2030000000000000100, 1.725000000000000800 ) ) ;
#12195 = LINE ( 'NONE', #4543, #4696 ) ;
#12196 = EDGE_CURVE ( 'NONE', #9955, #5315, #11442, .T. ) ;
#12197 = CARTESIAN_POINT ( 'NONE',  ( -1.014999999999999900, 0.0000000000000000000, 1.725000000000001200 ) ) ;
#12198 = DIRECTION ( 'NONE',  ( 0.0000000000000000000, -1.000000000000000000, 0.0000000000000000000 ) ) ;
#12199 = PLANE ( 'NONE',  #10274 ) ;
#12200 = CARTESIAN_POINT ( 'NONE',  ( 0.0000000000000000000, 0.05000000000000000300, 1.650000000000000800 ) ) ;
#12201 = DIRECTION ( 'NONE',  ( 1.000000000000000000, 0.0000000000000000000, 1.577021341797097400E-015 ) ) ;
#12202 = ORIENTED_EDGE ( 'NONE', *, *, #6589, .T. ) ;
#12203 = UNCERTAINTY_MEASURE_WITH_UNIT (LENGTH_MEASURE( 1.000000000000000100E-005 ), #10857, 'distance_accuracy_value', 'NONE');
#12204 = ORIENTED_EDGE ( 'NONE', *, *, #4766, .T. ) ;
#12205 = VECTOR ( 'NONE', #4038, 1000.000000000000000 ) ;
#12206 = DIRECTION ( 'NONE',  ( 0.0000000000000000000, 1.000000000000000000, 0.0000000000000000000 ) ) ;
#12207 = FACE_OUTER_BOUND ( 'NONE', #1727, .T. ) ;
#12208 = DIRECTION ( 'NONE',  ( -2.365532012695645800E-015, 0.0000000000000000000, 1.000000000000000000 ) ) ;
#12209 = EDGE_CURVE ( 'NONE', #8471, #4151, #9207, .T. ) ;
#12210 = VECTOR ( 'NONE', #6772, 1000.000000000000000 ) ;
#12211 = AXIS2_PLACEMENT_3D ( 'NONE', #9598, #6753, #4713 ) ;
#12212 = ORIENTED_EDGE ( 'NONE', *, *, #11118, .T. ) ;
#12213 = ORIENTED_EDGE ( 'NONE', *, *, #5981, .T. ) ;
#12214 = DIRECTION ( 'NONE',  ( -0.7071067811865474600, 0.0000000000000000000, 0.7071067811865474600 ) ) ;
#12215 = EDGE_CURVE ( 'NONE', #4173, #5454, #4547, .T. ) ;
#12216 = DIRECTION ( 'NONE',  ( -0.0000000000000000000, -1.000000000000000000, 0.0000000000000000000 ) ) ;
#12217 = VERTEX_POINT ( 'NONE', #9048 ) ;
#12218 = VECTOR ( 'NONE', #9362, 1000.000000000000000 ) ;
#12219 = ADVANCED_FACE ( 'NONE', ( #60 ), #4097, .F. ) ;
#12220 = DIRECTION ( 'NONE',  ( -0.0000000000000000000, -1.000000000000000000, 0.0000000000000000000 ) ) ;
#12221 = ORIENTED_EDGE ( 'NONE', *, *, #2011, .T. ) ;
#12222 = FACE_OUTER_BOUND ( 'NONE', #940, .T. ) ;
#12223 = EDGE_LOOP ( 'NONE', ( #9744, #208, #11762, #11367 ) ) ;
#12224 = EDGE_LOOP ( 'NONE', ( #8412, #9998, #7435, #5985 ) ) ;
#12225 = FACE_OUTER_BOUND ( 'NONE', #7740, .T. ) ;
#12226 = ORIENTED_EDGE ( 'NONE', *, *, #4295, .T. ) ;
#12227 = DIRECTION ( 'NONE',  ( 1.445602896647339500E-015, 0.0000000000000000000, 1.000000000000000000 ) ) ;
#12228 = AXIS2_PLACEMENT_3D ( 'NONE', #95, #2154, #6846 ) ;
#12229 = FILL_AREA_STYLE ('',( #12317 ) ) ;
#12230 = VERTEX_POINT ( 'NONE', #5072 ) ;
#12231 =( LENGTH_UNIT ( ) NAMED_UNIT ( * ) SI_UNIT ( .MILLI., .METRE. ) );
#12232 = FACE_OUTER_BOUND ( 'NONE', #1420, .T. ) ;
#12233 = ORIENTED_EDGE ( 'NONE', *, *, #6013, .T. ) ;
#12234 = EDGE_CURVE ( 'NONE', #11026, #3544, #8266, .T. ) ;
#12235 = VECTOR ( 'NONE', #11825, 1000.000000000000000 ) ;
#12236 = ADVANCED_FACE ( 'NONE', ( #8889 ), #3171, .F. ) ;
#12237 = EDGE_CURVE ( 'NONE', #2300, #4570, #1395, .T. ) ;
#12238 = CARTESIAN_POINT ( 'NONE',  ( -1.725000000000000800, 0.0000000000000000000, 0.4099999999999999800 ) ) ;
#12239 = VECTOR ( 'NONE', #338, 1000.000000000000000 ) ;
#12240 = CARTESIAN_POINT ( 'NONE',  ( 1.650000000000000800, 0.0000000000000000000, 0.9399999999999993900 ) ) ;
#12241 = DIRECTION ( 'NONE',  ( 1.577021341797101900E-015, 0.0000000000000000000, 1.000000000000000000 ) ) ;
#12242 = EDGE_LOOP ( 'NONE', ( #172, #10318, #6387, #9869 ) ) ;
#12243 = ORIENTED_EDGE ( 'NONE', *, *, #11183, .T. ) ;
#12244 = DIRECTION ( 'NONE',  ( -0.0000000000000000000, -1.000000000000000000, -0.0000000000000000000 ) ) ;
#12245 = DIRECTION ( 'NONE',  ( -0.0000000000000000000, -1.000000000000000000, -0.0000000000000000000 ) ) ;
#12246 = ORIENTED_EDGE ( 'NONE', *, *, #946, .T. ) ;
#12247 = DIRECTION ( 'NONE',  ( 1.000000000000000000, -0.0000000000000000000, 0.0000000000000000000 ) ) ;
#12248 = CARTESIAN_POINT ( 'NONE',  ( 1.310000000000000500, 0.2030000000000000100, 1.650000000000000800 ) ) ;
#12249 = FACE_OUTER_BOUND ( 'NONE', #11947, .T. ) ;
#12250 = ORIENTED_EDGE ( 'NONE', *, *, #1340, .F. ) ;
#12251 = VECTOR ( 'NONE', #11384, 1000.000000000000000 ) ;
#12252 = LINE ( 'NONE', #8038, #6392 ) ;
#12253 = AXIS2_PLACEMENT_3D ( 'NONE', #12363, #7403, #855 ) ;
#12254 = ORIENTED_EDGE ( 'NONE', *, *, #9929, .F. ) ;
#12255 = DIRECTION ( 'NONE',  ( -0.0000000000000000000, 0.0000000000000000000, -1.000000000000000000 ) ) ;
#12256 = ORIENTED_EDGE ( 'NONE', *, *, #9006, .F. ) ;
#12257 = AXIS2_PLACEMENT_3D ( 'NONE', #1604, #9202, #9115 ) ;
#12258 = DIRECTION ( 'NONE',  ( -0.0000000000000000000, -0.0000000000000000000, 1.000000000000000000 ) ) ;
#12259 = EDGE_LOOP ( 'NONE', ( #541, #7948, #376, #7405 ) ) ;
#12260 = EDGE_CURVE ( 'NONE', #8209, #8637, #1247, .T. ) ;
#12261 = EDGE_CURVE ( 'NONE', #11352, #6540, #10559, .T. ) ;
#12262 = FACE_OUTER_BOUND ( 'NONE', #4902, .T. ) ;
#12263 = CARTESIAN_POINT ( 'NONE',  ( -1.600000000000000800, 0.8000000000000000400, -1.400000000000000400 ) ) ;
#12264 = CARTESIAN_POINT ( 'NONE',  ( -0.5649999999999997200, 0.2030000000000000100, 2.000000000000000400 ) ) ;
#12265 = VECTOR ( 'NONE', #6217, 1000.000000000000000 ) ;
#12266 = ORIENTED_EDGE ( 'NONE', *, *, #1082, .F. ) ;
#12267 = DIRECTION ( 'NONE',  ( 0.0000000000000000000, 0.0000000000000000000, -1.000000000000000000 ) ) ;
#12268 = ORIENTED_EDGE ( 'NONE', *, *, #5055, .T. ) ;
#12269 = DIRECTION ( 'NONE',  ( 0.0000000000000000000, -1.000000000000000000, 0.0000000000000000000 ) ) ;
#12270 = VERTEX_POINT ( 'NONE', #1222 ) ;
#12271 = VERTEX_POINT ( 'NONE', #11811 ) ;
#12272 = AXIS2_PLACEMENT_3D ( 'NONE', #6462, #741, #10301 ) ;
#12273 = DIRECTION ( 'NONE',  ( -0.0000000000000000000, -1.000000000000000000, -0.0000000000000000000 ) ) ;
#12274 = VECTOR ( 'NONE', #3952, 1000.000000000000000 ) ;
#12275 = AXIS2_PLACEMENT_3D ( 'NONE', #7140, #3205, #5144 ) ;
#12276 = VECTOR ( 'NONE', #3487, 1000.000000000000000 ) ;
#12277 = EDGE_LOOP ( 'NONE', ( #567, #5080, #7811, #10784, #9938, #3803 ) ) ;
#12278 = EDGE_CURVE ( 'NONE', #9978, #5878, #9963, .T. ) ;
#12279 = DIRECTION ( 'NONE',  ( 0.0000000000000000000, -1.000000000000000000, 0.0000000000000000000 ) ) ;
#12280 = ORIENTED_EDGE ( 'NONE', *, *, #9851, .T. ) ;
#12281 = ORIENTED_EDGE ( 'NONE', *, *, #8402, .T. ) ;
#12282 = ORIENTED_EDGE ( 'NONE', *, *, #3053, .F. ) ;
#12283 = PLANE ( 'NONE',  #10632 ) ;
#12284 = DIRECTION ( 'NONE',  ( -0.7071067811865474600, 0.0000000000000000000, -0.7071067811865474600 ) ) ;
#12285 = PLANE ( 'NONE',  #9250 ) ;
#12286 = FACE_OUTER_BOUND ( 'NONE', #11203, .T. ) ;
#12287 = DIRECTION ( 'NONE',  ( 0.0000000000000000000, -0.0000000000000000000, 1.000000000000000000 ) ) ;
#12288 = DIRECTION ( 'NONE',  ( 0.0000000000000000000, 0.0000000000000000000, 1.000000000000000000 ) ) ;
#12289 = ADVANCED_FACE ( 'NONE', ( #3178 ), #10952, .T. ) ;
#12290 = LINE ( 'NONE', #5565, #4936 ) ;
#12291 = CARTESIAN_POINT ( 'NONE',  ( -1.805000000000000600, 0.6218078318274388200, 1.465000000000000100 ) ) ;
#12292 = PLANE ( 'NONE',  #5829 ) ;
#12293 = AXIS2_PLACEMENT_3D ( 'NONE', #10211, #1639, #6403 ) ;
#12294 = EDGE_LOOP ( 'NONE', ( #7388, #4920, #5749, #11306, #2315, #6356 ) ) ;
#12295 = DIRECTION ( 'NONE',  ( 0.0000000000000000000, 1.000000000000000000, -0.0000000000000000000 ) ) ;
#12296 = ORIENTED_EDGE ( 'NONE', *, *, #398, .F. ) ;
#12297 = DIRECTION ( 'NONE',  ( -0.0000000000000000000, -1.000000000000000000, -0.0000000000000000000 ) ) ;
#12298 = ORIENTED_EDGE ( 'NONE', *, *, #8422, .F. ) ;
#12299 = EDGE_CURVE ( 'NONE', #8820, #8262, #2274, .T. ) ;
#12300 = ORIENTED_EDGE ( 'NONE', *, *, #1648, .T. ) ;
#12301 = VECTOR ( 'NONE', #938, 1000.000000000000000 ) ;
#12302 = LINE ( 'NONE', #870, #6736 ) ;
#12303 = ADVANCED_FACE ( 'NONE', ( #9347 ), #5153, .T. ) ;
#12304 = ORIENTED_EDGE ( 'NONE', *, *, #4765, .F. ) ;
#12305 = VERTEX_POINT ( 'NONE', #7898 ) ;
#12306 = DIRECTION ( 'NONE',  ( -0.0000000000000000000, -1.000000000000000000, -0.0000000000000000000 ) ) ;
#12307 = CARTESIAN_POINT ( 'NONE',  ( -1.725000000000000800, 0.0000000000000000000, -0.1149999999999998700 ) ) ;
#12308 = CARTESIAN_POINT ( 'NONE',  ( -0.9399999999999997200, 0.04999999999999999600, 1.650000000000000800 ) ) ;
#12309 = AXIS2_PLACEMENT_3D ( 'NONE', #5004, #5909, #7041 ) ;
#12310 = FACE_OUTER_BOUND ( 'NONE', #10225, .T. ) ;
#12311 = CARTESIAN_POINT ( 'NONE',  ( 2.000000000000000900, 0.2030000000000000100, -1.234999999999999900 ) ) ;
#12312 = VECTOR ( 'NONE', #7998, 1000.000000000000000 ) ;
#12313 = EDGE_CURVE ( 'NONE', #1143, #1176, #1842, .T. ) ;
#12314 = CARTESIAN_POINT ( 'NONE',  ( 1.650000000000000800, 0.6218078318274388200, 1.309999999999999800 ) ) ;
#12315 = EDGE_CURVE ( 'NONE', #9603, #5201, #7669, .T. ) ;
#12316 = ORIENTED_EDGE ( 'NONE', *, *, #2123, .T. ) ;
#12317 = FILL_AREA_STYLE_COLOUR ( '', #3699 ) ;
#12318 = CARTESIAN_POINT ( 'NONE',  ( -0.3349999999999995800, 0.2030000000000000100, 1.725000000000001200 ) ) ;
#12319 = VECTOR ( 'NONE', #9366, 1000.000000000000000 ) ;
#12320 = VECTOR ( 'NONE', #9343, 1000.000000000000000 ) ;
#12321 = AXIS2_PLACEMENT_3D ( 'NONE', #9690, #248, #9650 ) ;
#12322 = DIRECTION ( 'NONE',  ( 0.0000000000000000000, -1.000000000000000000, 0.0000000000000000000 ) ) ;
#12323 = PLANE ( 'NONE',  #298 ) ;
#12324 = EDGE_CURVE ( 'NONE', #2658, #2531, #11881, .T. ) ;
#12325 = PLANE ( 'NONE',  #11782 ) ;
#12326 = DIRECTION ( 'NONE',  ( 1.000000000000000000, -0.0000000000000000000, 0.0000000000000000000 ) ) ;
#12327 = EDGE_CURVE ( 'NONE', #10944, #893, #358, .T. ) ;
#12328 = EDGE_LOOP ( 'NONE', ( #3684, #2968, #4649, #9473 ) ) ;
#12329 = EDGE_CURVE ( 'NONE', #8460, #7032, #654, .T. ) ;
#12330 = LINE ( 'NONE', #8879, #11574 ) ;
#12331 = CARTESIAN_POINT ( 'NONE',  ( -2.000000000000000900, 0.0000000000000000000, -0.7850000000000000300 ) ) ;
#12332 = ADVANCED_FACE ( 'NONE', ( #6771 ), #5266, .T. ) ;
#12333 = FILL_AREA_STYLE ('',( #8582 ) ) ;
#12334 = FACE_OUTER_BOUND ( 'NONE', #2506, .T. ) ;
#12335 = CYLINDRICAL_SURFACE ( 'NONE', #337, 0.07499999999999998300 ) ;
#12336 = PLANE ( 'NONE',  #11876 ) ;
#12337 = VERTEX_POINT ( 'NONE', #270 ) ;
#12338 = VERTEX_POINT ( 'NONE', #5192 ) ;
#12339 = CARTESIAN_POINT ( 'NONE',  ( -1.725000000000000800, 0.2030000000000001000, -0.1149999999999998700 ) ) ;
#12340 = AXIS2_PLACEMENT_3D ( 'NONE', #10997, #2520, #8111 ) ;
#12341 = DIRECTION ( 'NONE',  ( 0.0000000000000000000, -1.000000000000000000, 0.0000000000000000000 ) ) ;
#12342 = CARTESIAN_POINT ( 'NONE',  ( 0.9400000000000002800, 0.0000000000000000000, 1.725000000000000800 ) ) ;
#12343 = FACE_OUTER_BOUND ( 'NONE', #2462, .T. ) ;
#12344 = AXIS2_PLACEMENT_3D ( 'NONE', #3979, #5882, #5974 ) ;
#12345 = SURFACE_SIDE_STYLE ('',( #8494 ) ) ;
#12346 = CARTESIAN_POINT ( 'NONE',  ( -1.234999999999999700, 0.2030000000000000100, 1.725000000000001200 ) ) ;
#12347 = EDGE_CURVE ( 'NONE', #12417, #9731, #6171, .T. ) ;
#12348 = EDGE_LOOP ( 'NONE', ( #11840, #11528, #5313, #10033, #9368, #4162 ) ) ;
#12349 = EDGE_LOOP ( 'NONE', ( #3193, #9850, #3282, #6506 ) ) ;
#12350 = FACE_OUTER_BOUND ( 'NONE', #10875, .T. ) ;
#12351 = CARTESIAN_POINT ( 'NONE',  ( -1.725000000000000800, 0.2030000000000000100, 0.04000000000000010500 ) ) ;
#12352 = AXIS2_PLACEMENT_3D ( 'NONE', #7976, #11763, #7940 ) ;
#12353 = ORIENTED_EDGE ( 'NONE', *, *, #2100, .T. ) ;
#12354 = AXIS2_PLACEMENT_3D ( 'NONE', #10279, #5423, #3603 ) ;
#12355 = ADVANCED_FACE ( 'NONE', ( #4839 ), #8268, .T. ) ;
#12357 = EDGE_LOOP ( 'NONE', ( #9417, #7556, #9110, #8777 ) ) ;
#12356 = CARTESIAN_POINT ( 'NONE',  ( 0.0000000000000000000, 0.05000000000000000300, 1.235000000000000100 ) ) ;
#12358 = AXIS2_PLACEMENT_3D ( 'NONE', #6092, #10031, #4098 ) ;
#12359 = ORIENTED_EDGE ( 'NONE', *, *, #2962, .F. ) ;
#12360 = MANIFOLD_SOLID_BREP ( 'LPattern4[5]', #8030 ) ;
#12361 = ORIENTED_EDGE ( 'NONE', *, *, #10483, .F. ) ;
#12362 = FACE_OUTER_BOUND ( 'NONE', #823, .T. ) ;
#12363 = CARTESIAN_POINT ( 'NONE',  ( -1.725000000000000800, 0.0000000000000000000, -0.03999999999999989000 ) ) ;
#12364 = EDGE_CURVE ( 'NONE', #6090, #3758, #10993, .T. ) ;
#12365 = CARTESIAN_POINT ( 'NONE',  ( 0.4099999999999997500, 0.2030000000000000100, -1.650000000000000100 ) ) ;
#12366 = ORIENTED_EDGE ( 'NONE', *, *, #11747, .T. ) ;
#12367 = LINE ( 'NONE', #1926, #2459 ) ;
#12368 = DIRECTION ( 'NONE',  ( 0.0000000000000000000, 1.000000000000000000, 0.0000000000000000000 ) ) ;
#12369 = EDGE_LOOP ( 'NONE', ( #5190, #31, #7487, #3150, #275, #2239 ) ) ;
#12370 = CARTESIAN_POINT ( 'NONE',  ( -2.000000000000000900, 0.2030000000000000700, 1.465000000000000100 ) ) ;
#12371 = DIRECTION ( 'NONE',  ( 0.7071067811865474600, -0.0000000000000000000, -0.7071067811865474600 ) ) ;
#12372 = ORIENTED_EDGE ( 'NONE', *, *, #5716, .T. ) ;
#12373 = EDGE_LOOP ( 'NONE', ( #10341, #12213, #8350, #11020 ) ) ;
#12374 = VERTEX_POINT ( 'NONE', #2458 ) ;
#12375 = CARTESIAN_POINT ( 'NONE',  ( 0.04000000000000010500, 0.04999999999999999600, 1.650000000000000800 ) ) ;
#12376 = EDGE_CURVE ( 'NONE', #7310, #966, #6627, .T. ) ;
#12377 = LINE ( 'NONE', #11259, #1756 ) ;
#12378 = ORIENTED_EDGE ( 'NONE', *, *, #8556, .T. ) ;
#12379 = CARTESIAN_POINT ( 'NONE',  ( -1.725000000000000800, 0.05000000000000023900, 0.5649999999999999500 ) ) ;
#12380 = LINE ( 'NONE', #12426, #11045 ) ;
#12381 = CARTESIAN_POINT ( 'NONE',  ( -1.650000000000000800, 0.05000000000000000300, 1.310000000000000500 ) ) ;
#12382 = DIRECTION ( 'NONE',  ( -1.000000000000000000, 0.0000000000000000000, 0.0000000000000000000 ) ) ;
#12383 = EDGE_CURVE ( 'NONE', #4780, #2224, #7059, .T. ) ;
#12384 =( LENGTH_UNIT ( ) NAMED_UNIT ( * ) SI_UNIT ( .MILLI., .METRE. ) );
#12385 = EDGE_LOOP ( 'NONE', ( #1230, #12226, #12202, #8833 ) ) ;
#12386 = LINE ( 'NONE', #6247, #6664 ) ;
#12387 = DIRECTION ( 'NONE',  ( -1.577021341797101900E-015, -0.0000000000000000000, -1.000000000000000000 ) ) ;
#12388 = VECTOR ( 'NONE', #5230, 1000.000000000000000 ) ;
#12389 = ADVANCED_FACE ( 'NONE', ( #4535 ), #10117, .F. ) ;
#12390 = ORIENTED_EDGE ( 'NONE', *, *, #10144, .T. ) ;
#12391 = DIRECTION ( 'NONE',  ( -1.000000000000000000, 0.0000000000000000000, -1.577021341797097400E-015 ) ) ;
#12392 = VECTOR ( 'NONE', #1785, 1000.000000000000000 ) ;
#12393 = FACE_OUTER_BOUND ( 'NONE', #700, .T. ) ;
#12394 = ORIENTED_EDGE ( 'NONE', *, *, #9518, .T. ) ;
#12395 = ORIENTED_EDGE ( 'NONE', *, *, #8283, .T. ) ;
#12396 = EDGE_LOOP ( 'NONE', ( #2205, #8500, #386, #9656 ) ) ;
#12397 = AXIS2_PLACEMENT_3D ( 'NONE', #4189, #6174, #2237 ) ;
#12398 = VERTEX_POINT ( 'NONE', #9189 ) ;
#12399 = CARTESIAN_POINT ( 'NONE',  ( 1.725000000000000800, 0.2030000000000000100, 0.03999999999999967500 ) ) ;
#12400 = EDGE_CURVE ( 'NONE', #331, #11608, #2424, .T. ) ;
#12401 = EDGE_CURVE ( 'NONE', #2184, #6663, #7211, .T. ) ;
#12402 = CIRCLE ( 'NONE', #173, 0.07499999999999998300 ) ;
#12403 = CARTESIAN_POINT ( 'NONE',  ( 2.000000000000000900, 0.0000000000000000000, 0.1150000000000000900 ) ) ;
#12404 = FACE_OUTER_BOUND ( 'NONE', #5737, .T. ) ;
#12405 = EDGE_LOOP ( 'NONE', ( #3356, #4550, #1119, #1568 ) ) ;
#12406 =( NAMED_UNIT ( * ) PLANE_ANGLE_UNIT ( ) SI_UNIT ( $, .RADIAN. ) );
#12407 = CARTESIAN_POINT ( 'NONE',  ( -1.650000000000000800, 0.6218078318274388200, 0.8599999999999998800 ) ) ;
#12408 = ORIENTED_EDGE ( 'NONE', *, *, #6689, .F. ) ;
#12409 = CARTESIAN_POINT ( 'NONE',  ( -1.725000000000000800, 0.2030000000000000100, -1.464999999999999900 ) ) ;
#12410 = CARTESIAN_POINT ( 'NONE',  ( 0.7850000000000001400, 0.0000000000000000000, 1.725000000000001200 ) ) ;
#12411 = ORIENTED_EDGE ( 'NONE', *, *, #7644, .T. ) ;
#12412 = CARTESIAN_POINT ( 'NONE',  ( -1.725000000000000800, 0.6218078318274388200, -0.4899999999999999900 ) ) ;
#12413 = CARTESIAN_POINT ( 'NONE',  ( -0.4900000000000002100, 0.6218078318274392600, -1.650000000000000100 ) ) ;
#12414 = CIRCLE ( 'NONE', #937, 0.07499999999999998300 ) ;
#12415 = VECTOR ( 'NONE', #3305, 1000.000000000000000 ) ;
#12416 =( NAMED_UNIT ( * ) PLANE_ANGLE_UNIT ( ) SI_UNIT ( $, .RADIAN. ) );
#12417 = VERTEX_POINT ( 'NONE', #10159 ) ;
#12418 = CARTESIAN_POINT ( 'NONE',  ( -1.725000000000000800, 0.2030000000000000100, -0.3350000000000000200 ) ) ;
#12419 = ORIENTED_EDGE ( 'NONE', *, *, #10188, .T. ) ;
#12420 = ORIENTED_EDGE ( 'NONE', *, *, #4270, .F. ) ;
#12421 = ORIENTED_EDGE ( 'NONE', *, *, #8454, .F. ) ;
#12422 = DIRECTION ( 'NONE',  ( -0.0000000000000000000, -1.000000000000000000, -0.0000000000000000000 ) ) ;
#12423 = ADVANCED_FACE ( 'NONE', ( #9337 ), #12335, .T. ) ;
#12424 = EDGE_CURVE ( 'NONE', #1945, #8132, #6760, .T. ) ;
#12425 = CARTESIAN_POINT ( 'NONE',  ( -1.650000000000000800, 0.6218078318274388200, -0.4099999999999999800 ) ) ;
#12426 = CARTESIAN_POINT ( 'NONE',  ( 1.725000000000000800, 0.6218078318274387100, -1.015000000000000300 ) ) ;
#12427 = CARTESIAN_POINT ( 'NONE',  ( 1.650000000000000800, 0.2030000000000001000, 0.4099999999999995300 ) ) ;
#12428 = FACE_OUTER_BOUND ( 'NONE', #4956, .T. ) ;
#12429 = VECTOR ( 'NONE', #3008, 1000.000000000000000 ) ;
#12430 = CARTESIAN_POINT ( 'NONE',  ( 1.015000000000000300, 0.6218078318274392600, 1.725000000000001200 ) ) ;
#12431 = LINE ( 'NONE', #8573, #11672 ) ;
#12432 = ORIENTED_EDGE ( 'NONE', *, *, #7406, .T. ) ;
#12433 = CARTESIAN_POINT ( 'NONE',  ( -0.3350000000000002400, 0.04999999999999999600, -1.725000000000000300 ) ) ;
#12434 = EDGE_LOOP ( 'NONE', ( #1932, #7398, #3793, #737 ) ) ;
ENDSEC;
END-ISO-10303-21;
