ISO-10303-21;
HEADER;
/* Generated by software containing ST-Developer
 * from STEP Tools, Inc. (www.steptools.com) 
 */
/* OPTION: strings as raw bytes, not using required /X/ escapes */

FILE_DESCRIPTION(
/* description */ ('Unknown'),
/* implementation_level */ '2;1');

FILE_NAME(
/* name */ '62200213421',
/* time_stamp */ '2020-11-19T09:09:41+01:00',
/* author */ ('Unknown'),
/* organization */ ('Unknown'),
/* preprocessor_version */ 'ST-DEVELOPER v16.7',
/* originating_system */ 'DEX',
/* authorisation */ $);

FILE_SCHEMA (('AUTOMOTIVE_DESIGN {1 0 10303 214 3 1 1}'));
ENDSEC;

DATA;
#10=PROPERTY_DEFINITION_REPRESENTATION(#14,#12);
#11=PROPERTY_DEFINITION_REPRESENTATION(#15,#13);
#12=REPRESENTATION('',(#16),#3585);
#13=REPRESENTATION('',(#17),#3585);
#14=PROPERTY_DEFINITION('pmi validation property','',#3594);
#15=PROPERTY_DEFINITION('pmi validation property','',#3594);
#16=VALUE_REPRESENTATION_ITEM('number of annotations',COUNT_MEASURE(0.));
#17=VALUE_REPRESENTATION_ITEM('number of views',COUNT_MEASURE(0.));
#18=B_SPLINE_SURFACE_WITH_KNOTS('',3,1,((#3519,#3520),(#3521,#3522),(#3523,
#3524),(#3525,#3526)),.SURF_OF_LINEAR_EXTRUSION.,.F.,.F.,.F.,(4,4),(2,2),
(0.,0.330734814799203),(0.,1.),.PIECEWISE_BEZIER_KNOTS.);
#19=B_SPLINE_SURFACE_WITH_KNOTS('',3,1,((#3527,#3528),(#3529,#3530),(#3531,
#3532),(#3533,#3534),(#3535,#3536),(#3537,#3538),(#3539,#3540)),
 .SURF_OF_LINEAR_EXTRUSION.,.F.,.F.,.F.,(4,1,1,1,4),(2,2),(0.,0.25,0.5,
0.75,1.),(0.,1.),.UNSPECIFIED.);
#20=B_SPLINE_SURFACE_WITH_KNOTS('',3,1,((#3559,#3560),(#3561,#3562),(#3563,
#3564),(#3565,#3566)),.SURF_OF_LINEAR_EXTRUSION.,.F.,.F.,.F.,(4,4),(2,2),
(0.671237758648904,1.),(0.,1.),.PIECEWISE_BEZIER_KNOTS.);
#21=B_SPLINE_SURFACE_WITH_KNOTS('',3,1,((#3567,#3568),(#3569,#3570),(#3571,
#3572),(#3573,#3574),(#3575,#3576),(#3577,#3578),(#3579,#3580)),
 .SURF_OF_LINEAR_EXTRUSION.,.F.,.F.,.F.,(4,1,1,1,4),(2,2),(0.,0.25,0.5,
0.75,1.),(0.,1.),.UNSPECIFIED.);
#22=CYLINDRICAL_SURFACE('',#2203,0.70930323299376);
#23=CYLINDRICAL_SURFACE('',#2207,0.377013243214858);
#24=CYLINDRICAL_SURFACE('',#2211,0.559303232993761);
#25=CYLINDRICAL_SURFACE('',#2215,0.527013243214858);
#26=CYLINDRICAL_SURFACE('',#2220,0.678827316334901);
#27=CYLINDRICAL_SURFACE('',#2224,3.50185317033972);
#28=CYLINDRICAL_SURFACE('',#2228,0.528827316334901);
#29=CYLINDRICAL_SURFACE('',#2232,3.65185317033972);
#30=CYLINDRICAL_SURFACE('',#2246,0.377013243214858);
#31=CYLINDRICAL_SURFACE('',#2250,0.70930323299376);
#32=CYLINDRICAL_SURFACE('',#2254,0.527013243214858);
#33=CYLINDRICAL_SURFACE('',#2258,0.559303232993761);
#34=CYLINDRICAL_SURFACE('',#2263,3.50185317033972);
#35=CYLINDRICAL_SURFACE('',#2267,0.678827316334901);
#36=CYLINDRICAL_SURFACE('',#2271,3.65185317033972);
#37=CYLINDRICAL_SURFACE('',#2275,0.528827316334901);
#38=CYLINDRICAL_SURFACE('',#2294,0.25);
#39=CYLINDRICAL_SURFACE('',#2295,0.1);
#40=CYLINDRICAL_SURFACE('',#2299,0.25);
#41=CYLINDRICAL_SURFACE('',#2300,0.1);
#42=CYLINDRICAL_SURFACE('',#2308,0.25);
#43=CYLINDRICAL_SURFACE('',#2309,0.1);
#44=CYLINDRICAL_SURFACE('',#2313,0.25);
#45=CYLINDRICAL_SURFACE('',#2314,0.1);
#46=B_SPLINE_CURVE_WITH_KNOTS('',3,(#3071,#3072,#3073,#3074,#3075,#3076,
#3077),.UNSPECIFIED.,.F.,.F.,(4,1,1,1,4),(0.,0.19007994653276,0.365987612522375,
0.627679878752434,1.),.UNSPECIFIED.);
#47=B_SPLINE_CURVE_WITH_KNOTS('',3,(#3088,#3089,#3090,#3091,#3092,#3093,
#3094),.UNSPECIFIED.,.F.,.F.,(4,1,1,1,4),(0.,0.19007994653276,0.365987612522375,
0.627679878752434,1.),.UNSPECIFIED.);
#48=B_SPLINE_CURVE_WITH_KNOTS('',3,(#3117,#3118,#3119,#3120,#3121,#3122,
#3123),.UNSPECIFIED.,.F.,.F.,(4,1,1,1,4),(0.,0.19007994653276,0.365987612522375,
0.627679878752434,1.),.UNSPECIFIED.);
#49=B_SPLINE_CURVE_WITH_KNOTS('',3,(#3132,#3133,#3134,#3135,#3136,#3137,
#3138),.UNSPECIFIED.,.F.,.F.,(4,1,1,1,4),(0.,0.19007994653276,0.365987612522375,
0.627679878752434,1.),.UNSPECIFIED.);
#50=B_SPLINE_CURVE_WITH_KNOTS('',3,(#3271,#3272,#3273,#3274,#3275,#3276,
#3277),.UNSPECIFIED.,.F.,.F.,(4,1,1,1,4),(0.,0.372320121247566,0.634012387477625,
0.80992005346724,1.),.UNSPECIFIED.);
#51=B_SPLINE_CURVE_WITH_KNOTS('',3,(#3286,#3287,#3288,#3289,#3290,#3291,
#3292),.UNSPECIFIED.,.F.,.F.,(4,1,1,1,4),(0.,0.372320121247566,0.634012387477625,
0.80992005346724,1.),.UNSPECIFIED.);
#52=B_SPLINE_CURVE_WITH_KNOTS('',3,(#3307,#3308,#3309,#3310,#3311,#3312,
#3313),.UNSPECIFIED.,.F.,.F.,(4,1,1,1,4),(0.,0.372320121247566,0.634012387477625,
0.80992005346724,1.),.UNSPECIFIED.);
#53=B_SPLINE_CURVE_WITH_KNOTS('',3,(#3324,#3325,#3326,#3327,#3328,#3329,
#3330),.UNSPECIFIED.,.F.,.F.,(4,1,1,1,4),(0.,0.372320121247566,0.634012387477625,
0.80992005346724,1.),.UNSPECIFIED.);
#54=CIRCLE('',#2190,0.25);
#55=CIRCLE('',#2191,0.25);
#56=CIRCLE('',#2192,0.1);
#57=CIRCLE('',#2193,0.1);
#58=CIRCLE('',#2197,0.1);
#59=CIRCLE('',#2198,0.25);
#60=CIRCLE('',#2204,0.70930323299376);
#61=CIRCLE('',#2205,0.70930323299376);
#62=CIRCLE('',#2208,0.377013243214858);
#63=CIRCLE('',#2209,0.377013243214858);
#64=CIRCLE('',#2212,0.559303232993761);
#65=CIRCLE('',#2213,0.559303232993761);
#66=CIRCLE('',#2216,0.527013243214858);
#67=CIRCLE('',#2217,0.527013243214858);
#68=CIRCLE('',#2221,0.678827316334901);
#69=CIRCLE('',#2222,0.678827316334901);
#70=CIRCLE('',#2225,3.50185317033972);
#71=CIRCLE('',#2226,3.50185317033972);
#72=CIRCLE('',#2229,0.528827316334901);
#73=CIRCLE('',#2230,0.528827316334901);
#74=CIRCLE('',#2233,3.65185317033972);
#75=CIRCLE('',#2234,3.65185317033972);
#76=CIRCLE('',#2241,0.25);
#77=CIRCLE('',#2242,0.1);
#78=CIRCLE('',#2247,0.377013243214858);
#79=CIRCLE('',#2248,0.377013243214858);
#80=CIRCLE('',#2251,0.70930323299376);
#81=CIRCLE('',#2252,0.70930323299376);
#82=CIRCLE('',#2255,0.527013243214858);
#83=CIRCLE('',#2256,0.527013243214858);
#84=CIRCLE('',#2259,0.559303232993761);
#85=CIRCLE('',#2260,0.559303232993761);
#86=CIRCLE('',#2264,3.50185317033972);
#87=CIRCLE('',#2265,3.50185317033972);
#88=CIRCLE('',#2268,0.678827316334901);
#89=CIRCLE('',#2269,0.678827316334901);
#90=CIRCLE('',#2272,3.65185317033972);
#91=CIRCLE('',#2273,3.65185317033972);
#92=CIRCLE('',#2276,0.528827316334901);
#93=CIRCLE('',#2277,0.528827316334901);
#94=CIRCLE('',#2292,0.1);
#95=CIRCLE('',#2293,0.25);
#96=CIRCLE('',#2297,0.25);
#97=CIRCLE('',#2298,0.1);
#98=CIRCLE('',#2306,0.25);
#99=CIRCLE('',#2307,0.1);
#100=CIRCLE('',#2311,0.1);
#101=CIRCLE('',#2312,0.25);
#102=CONTEXT_DEPENDENT_SHAPE_REPRESENTATION(#106,#3596);
#103=CONTEXT_DEPENDENT_SHAPE_REPRESENTATION(#107,#3598);
#104=NEXT_ASSEMBLY_USAGE_OCCURRENCE('62200213421','62200213421',
'62200213421',#3599,#3600,'');
#105=NEXT_ASSEMBLY_USAGE_OCCURRENCE('62200213421_PIN','62200213421_PIN',
'62200213421_PIN',#3599,#3601,'');
#106=(
REPRESENTATION_RELATIONSHIP(' ',' ',#2153,#2154)
REPRESENTATION_RELATIONSHIP_WITH_TRANSFORMATION(#108)
SHAPE_REPRESENTATION_RELATIONSHIP()
);
#107=(
REPRESENTATION_RELATIONSHIP(' ',' ',#2155,#2154)
REPRESENTATION_RELATIONSHIP_WITH_TRANSFORMATION(#109)
SHAPE_REPRESENTATION_RELATIONSHIP()
);
#108=ITEM_DEFINED_TRANSFORMATION(' ',' ',#2156,#2188);
#109=ITEM_DEFINED_TRANSFORMATION(' ',' ',#2156,#2319);
#110=SHAPE_REPRESENTATION_RELATIONSHIP('','',#2153,#112);
#111=SHAPE_REPRESENTATION_RELATIONSHIP('','',#2155,#113);
#112=ADVANCED_BREP_SHAPE_REPRESENTATION('',(#2148),#3586);
#113=ADVANCED_BREP_SHAPE_REPRESENTATION('',(#2149),#3587);
#114=ORIENTED_EDGE('',*,*,#710,.F.);
#115=ORIENTED_EDGE('',*,*,#711,.F.);
#116=ORIENTED_EDGE('',*,*,#712,.F.);
#117=ORIENTED_EDGE('',*,*,#713,.T.);
#118=ORIENTED_EDGE('',*,*,#714,.T.);
#119=ORIENTED_EDGE('',*,*,#715,.F.);
#120=ORIENTED_EDGE('',*,*,#716,.F.);
#121=ORIENTED_EDGE('',*,*,#717,.F.);
#122=ORIENTED_EDGE('',*,*,#718,.T.);
#123=ORIENTED_EDGE('',*,*,#719,.T.);
#124=ORIENTED_EDGE('',*,*,#720,.F.);
#125=ORIENTED_EDGE('',*,*,#721,.T.);
#126=ORIENTED_EDGE('',*,*,#722,.T.);
#127=ORIENTED_EDGE('',*,*,#712,.T.);
#128=ORIENTED_EDGE('',*,*,#723,.F.);
#129=ORIENTED_EDGE('',*,*,#724,.F.);
#130=ORIENTED_EDGE('',*,*,#725,.T.);
#131=ORIENTED_EDGE('',*,*,#726,.T.);
#132=ORIENTED_EDGE('',*,*,#727,.T.);
#133=ORIENTED_EDGE('',*,*,#728,.T.);
#134=ORIENTED_EDGE('',*,*,#729,.T.);
#135=ORIENTED_EDGE('',*,*,#730,.F.);
#136=ORIENTED_EDGE('',*,*,#731,.F.);
#137=ORIENTED_EDGE('',*,*,#732,.T.);
#138=ORIENTED_EDGE('',*,*,#733,.T.);
#139=ORIENTED_EDGE('',*,*,#734,.T.);
#140=ORIENTED_EDGE('',*,*,#735,.F.);
#141=ORIENTED_EDGE('',*,*,#736,.T.);
#142=ORIENTED_EDGE('',*,*,#737,.F.);
#143=ORIENTED_EDGE('',*,*,#738,.T.);
#144=ORIENTED_EDGE('',*,*,#739,.T.);
#145=ORIENTED_EDGE('',*,*,#740,.F.);
#146=ORIENTED_EDGE('',*,*,#741,.T.);
#147=ORIENTED_EDGE('',*,*,#737,.T.);
#148=ORIENTED_EDGE('',*,*,#742,.T.);
#149=ORIENTED_EDGE('',*,*,#735,.T.);
#150=ORIENTED_EDGE('',*,*,#739,.F.);
#151=ORIENTED_EDGE('',*,*,#743,.T.);
#152=ORIENTED_EDGE('',*,*,#733,.F.);
#153=ORIENTED_EDGE('',*,*,#744,.F.);
#154=ORIENTED_EDGE('',*,*,#744,.T.);
#155=ORIENTED_EDGE('',*,*,#736,.F.);
#156=ORIENTED_EDGE('',*,*,#742,.F.);
#157=ORIENTED_EDGE('',*,*,#740,.T.);
#158=ORIENTED_EDGE('',*,*,#745,.T.);
#159=ORIENTED_EDGE('',*,*,#746,.T.);
#160=ORIENTED_EDGE('',*,*,#747,.F.);
#161=ORIENTED_EDGE('',*,*,#748,.F.);
#162=ORIENTED_EDGE('',*,*,#749,.T.);
#163=ORIENTED_EDGE('',*,*,#750,.T.);
#164=ORIENTED_EDGE('',*,*,#751,.T.);
#165=ORIENTED_EDGE('',*,*,#752,.T.);
#166=ORIENTED_EDGE('',*,*,#753,.F.);
#167=ORIENTED_EDGE('',*,*,#754,.F.);
#168=ORIENTED_EDGE('',*,*,#746,.F.);
#169=ORIENTED_EDGE('',*,*,#755,.F.);
#170=ORIENTED_EDGE('',*,*,#756,.T.);
#171=ORIENTED_EDGE('',*,*,#748,.T.);
#172=ORIENTED_EDGE('',*,*,#757,.T.);
#173=ORIENTED_EDGE('',*,*,#758,.T.);
#174=ORIENTED_EDGE('',*,*,#734,.F.);
#175=ORIENTED_EDGE('',*,*,#743,.F.);
#176=ORIENTED_EDGE('',*,*,#738,.F.);
#177=ORIENTED_EDGE('',*,*,#741,.F.);
#178=ORIENTED_EDGE('',*,*,#757,.F.);
#179=ORIENTED_EDGE('',*,*,#747,.T.);
#180=ORIENTED_EDGE('',*,*,#754,.T.);
#181=ORIENTED_EDGE('',*,*,#759,.F.);
#182=ORIENTED_EDGE('',*,*,#756,.F.);
#183=ORIENTED_EDGE('',*,*,#760,.T.);
#184=ORIENTED_EDGE('',*,*,#755,.T.);
#185=ORIENTED_EDGE('',*,*,#745,.F.);
#186=ORIENTED_EDGE('',*,*,#758,.F.);
#187=ORIENTED_EDGE('',*,*,#759,.T.);
#188=ORIENTED_EDGE('',*,*,#753,.T.);
#189=ORIENTED_EDGE('',*,*,#760,.F.);
#190=ORIENTED_EDGE('',*,*,#749,.F.);
#191=ORIENTED_EDGE('',*,*,#761,.T.);
#192=ORIENTED_EDGE('',*,*,#731,.T.);
#193=ORIENTED_EDGE('',*,*,#762,.T.);
#194=ORIENTED_EDGE('',*,*,#763,.F.);
#195=ORIENTED_EDGE('',*,*,#751,.F.);
#196=ORIENTED_EDGE('',*,*,#764,.F.);
#197=ORIENTED_EDGE('',*,*,#729,.F.);
#198=ORIENTED_EDGE('',*,*,#764,.T.);
#199=ORIENTED_EDGE('',*,*,#750,.F.);
#200=ORIENTED_EDGE('',*,*,#762,.F.);
#201=ORIENTED_EDGE('',*,*,#730,.T.);
#202=ORIENTED_EDGE('',*,*,#761,.F.);
#203=ORIENTED_EDGE('',*,*,#752,.F.);
#204=ORIENTED_EDGE('',*,*,#763,.T.);
#205=ORIENTED_EDGE('',*,*,#732,.F.);
#206=ORIENTED_EDGE('',*,*,#720,.T.);
#207=ORIENTED_EDGE('',*,*,#765,.T.);
#208=ORIENTED_EDGE('',*,*,#766,.F.);
#209=ORIENTED_EDGE('',*,*,#715,.T.);
#210=ORIENTED_EDGE('',*,*,#767,.F.);
#211=ORIENTED_EDGE('',*,*,#768,.T.);
#212=ORIENTED_EDGE('',*,*,#769,.T.);
#213=ORIENTED_EDGE('',*,*,#770,.T.);
#214=ORIENTED_EDGE('',*,*,#718,.F.);
#215=ORIENTED_EDGE('',*,*,#771,.F.);
#216=ORIENTED_EDGE('',*,*,#772,.T.);
#217=ORIENTED_EDGE('',*,*,#717,.T.);
#218=ORIENTED_EDGE('',*,*,#766,.T.);
#219=ORIENTED_EDGE('',*,*,#773,.T.);
#220=ORIENTED_EDGE('',*,*,#769,.F.);
#221=ORIENTED_EDGE('',*,*,#716,.T.);
#222=ORIENTED_EDGE('',*,*,#713,.F.);
#223=ORIENTED_EDGE('',*,*,#722,.F.);
#224=ORIENTED_EDGE('',*,*,#774,.T.);
#225=ORIENTED_EDGE('',*,*,#775,.T.);
#226=ORIENTED_EDGE('',*,*,#714,.F.);
#227=ORIENTED_EDGE('',*,*,#775,.F.);
#228=ORIENTED_EDGE('',*,*,#776,.T.);
#229=ORIENTED_EDGE('',*,*,#767,.T.);
#230=ORIENTED_EDGE('',*,*,#768,.F.);
#231=ORIENTED_EDGE('',*,*,#776,.F.);
#232=ORIENTED_EDGE('',*,*,#774,.F.);
#233=ORIENTED_EDGE('',*,*,#721,.F.);
#234=ORIENTED_EDGE('',*,*,#711,.T.);
#235=ORIENTED_EDGE('',*,*,#777,.F.);
#236=ORIENTED_EDGE('',*,*,#778,.F.);
#237=ORIENTED_EDGE('',*,*,#723,.T.);
#238=ORIENTED_EDGE('',*,*,#710,.T.);
#239=ORIENTED_EDGE('',*,*,#772,.F.);
#240=ORIENTED_EDGE('',*,*,#779,.F.);
#241=ORIENTED_EDGE('',*,*,#777,.T.);
#242=ORIENTED_EDGE('',*,*,#771,.T.);
#243=ORIENTED_EDGE('',*,*,#724,.T.);
#244=ORIENTED_EDGE('',*,*,#778,.T.);
#245=ORIENTED_EDGE('',*,*,#779,.T.);
#246=ORIENTED_EDGE('',*,*,#780,.F.);
#247=ORIENTED_EDGE('',*,*,#719,.F.);
#248=ORIENTED_EDGE('',*,*,#781,.F.);
#249=ORIENTED_EDGE('',*,*,#728,.F.);
#250=ORIENTED_EDGE('',*,*,#781,.T.);
#251=ORIENTED_EDGE('',*,*,#770,.F.);
#252=ORIENTED_EDGE('',*,*,#782,.F.);
#253=ORIENTED_EDGE('',*,*,#725,.F.);
#254=ORIENTED_EDGE('',*,*,#780,.T.);
#255=ORIENTED_EDGE('',*,*,#727,.F.);
#256=ORIENTED_EDGE('',*,*,#783,.F.);
#257=ORIENTED_EDGE('',*,*,#765,.F.);
#258=ORIENTED_EDGE('',*,*,#782,.T.);
#259=ORIENTED_EDGE('',*,*,#773,.F.);
#260=ORIENTED_EDGE('',*,*,#783,.T.);
#261=ORIENTED_EDGE('',*,*,#726,.F.);
#262=ORIENTED_EDGE('',*,*,#784,.T.);
#263=ORIENTED_EDGE('',*,*,#785,.T.);
#264=ORIENTED_EDGE('',*,*,#786,.F.);
#265=ORIENTED_EDGE('',*,*,#787,.T.);
#266=ORIENTED_EDGE('',*,*,#788,.F.);
#267=ORIENTED_EDGE('',*,*,#789,.T.);
#268=ORIENTED_EDGE('',*,*,#790,.F.);
#269=ORIENTED_EDGE('',*,*,#791,.F.);
#270=ORIENTED_EDGE('',*,*,#792,.T.);
#271=ORIENTED_EDGE('',*,*,#793,.F.);
#272=ORIENTED_EDGE('',*,*,#794,.T.);
#273=ORIENTED_EDGE('',*,*,#795,.F.);
#274=ORIENTED_EDGE('',*,*,#796,.T.);
#275=ORIENTED_EDGE('',*,*,#797,.T.);
#276=ORIENTED_EDGE('',*,*,#798,.T.);
#277=ORIENTED_EDGE('',*,*,#799,.T.);
#278=ORIENTED_EDGE('',*,*,#786,.T.);
#279=ORIENTED_EDGE('',*,*,#800,.F.);
#280=ORIENTED_EDGE('',*,*,#801,.F.);
#281=ORIENTED_EDGE('',*,*,#784,.F.);
#282=ORIENTED_EDGE('',*,*,#802,.F.);
#283=ORIENTED_EDGE('',*,*,#803,.F.);
#284=ORIENTED_EDGE('',*,*,#804,.F.);
#285=ORIENTED_EDGE('',*,*,#805,.T.);
#286=ORIENTED_EDGE('',*,*,#806,.F.);
#287=ORIENTED_EDGE('',*,*,#807,.T.);
#288=ORIENTED_EDGE('',*,*,#808,.T.);
#289=ORIENTED_EDGE('',*,*,#809,.F.);
#290=ORIENTED_EDGE('',*,*,#810,.T.);
#291=ORIENTED_EDGE('',*,*,#811,.T.);
#292=ORIENTED_EDGE('',*,*,#812,.T.);
#293=ORIENTED_EDGE('',*,*,#809,.T.);
#294=ORIENTED_EDGE('',*,*,#813,.T.);
#295=ORIENTED_EDGE('',*,*,#814,.F.);
#296=ORIENTED_EDGE('',*,*,#815,.F.);
#297=ORIENTED_EDGE('',*,*,#816,.F.);
#298=ORIENTED_EDGE('',*,*,#805,.F.);
#299=ORIENTED_EDGE('',*,*,#817,.F.);
#300=ORIENTED_EDGE('',*,*,#818,.F.);
#301=ORIENTED_EDGE('',*,*,#819,.T.);
#302=ORIENTED_EDGE('',*,*,#820,.T.);
#303=ORIENTED_EDGE('',*,*,#821,.F.);
#304=ORIENTED_EDGE('',*,*,#820,.F.);
#305=ORIENTED_EDGE('',*,*,#822,.T.);
#306=ORIENTED_EDGE('',*,*,#823,.T.);
#307=ORIENTED_EDGE('',*,*,#824,.F.);
#308=ORIENTED_EDGE('',*,*,#823,.F.);
#309=ORIENTED_EDGE('',*,*,#825,.T.);
#310=ORIENTED_EDGE('',*,*,#826,.T.);
#311=ORIENTED_EDGE('',*,*,#827,.F.);
#312=ORIENTED_EDGE('',*,*,#826,.F.);
#313=ORIENTED_EDGE('',*,*,#828,.T.);
#314=ORIENTED_EDGE('',*,*,#829,.T.);
#315=ORIENTED_EDGE('',*,*,#830,.F.);
#316=ORIENTED_EDGE('',*,*,#829,.F.);
#317=ORIENTED_EDGE('',*,*,#831,.T.);
#318=ORIENTED_EDGE('',*,*,#803,.T.);
#319=ORIENTED_EDGE('',*,*,#832,.F.);
#320=ORIENTED_EDGE('',*,*,#833,.F.);
#321=ORIENTED_EDGE('',*,*,#818,.T.);
#322=ORIENTED_EDGE('',*,*,#834,.T.);
#323=ORIENTED_EDGE('',*,*,#835,.F.);
#324=ORIENTED_EDGE('',*,*,#836,.F.);
#325=ORIENTED_EDGE('',*,*,#835,.T.);
#326=ORIENTED_EDGE('',*,*,#837,.T.);
#327=ORIENTED_EDGE('',*,*,#838,.F.);
#328=ORIENTED_EDGE('',*,*,#839,.F.);
#329=ORIENTED_EDGE('',*,*,#838,.T.);
#330=ORIENTED_EDGE('',*,*,#840,.T.);
#331=ORIENTED_EDGE('',*,*,#841,.F.);
#332=ORIENTED_EDGE('',*,*,#842,.F.);
#333=ORIENTED_EDGE('',*,*,#841,.T.);
#334=ORIENTED_EDGE('',*,*,#843,.T.);
#335=ORIENTED_EDGE('',*,*,#798,.F.);
#336=ORIENTED_EDGE('',*,*,#844,.T.);
#337=ORIENTED_EDGE('',*,*,#845,.T.);
#338=ORIENTED_EDGE('',*,*,#846,.F.);
#339=ORIENTED_EDGE('',*,*,#847,.T.);
#340=ORIENTED_EDGE('',*,*,#848,.T.);
#341=ORIENTED_EDGE('',*,*,#849,.T.);
#342=ORIENTED_EDGE('',*,*,#844,.F.);
#343=ORIENTED_EDGE('',*,*,#850,.T.);
#344=ORIENTED_EDGE('',*,*,#851,.T.);
#345=ORIENTED_EDGE('',*,*,#852,.T.);
#346=ORIENTED_EDGE('',*,*,#848,.F.);
#347=ORIENTED_EDGE('',*,*,#853,.T.);
#348=ORIENTED_EDGE('',*,*,#854,.T.);
#349=ORIENTED_EDGE('',*,*,#855,.T.);
#350=ORIENTED_EDGE('',*,*,#851,.F.);
#351=ORIENTED_EDGE('',*,*,#856,.T.);
#352=ORIENTED_EDGE('',*,*,#815,.T.);
#353=ORIENTED_EDGE('',*,*,#857,.T.);
#354=ORIENTED_EDGE('',*,*,#854,.F.);
#355=ORIENTED_EDGE('',*,*,#858,.T.);
#356=ORIENTED_EDGE('',*,*,#859,.F.);
#357=ORIENTED_EDGE('',*,*,#860,.F.);
#358=ORIENTED_EDGE('',*,*,#861,.F.);
#359=ORIENTED_EDGE('',*,*,#846,.T.);
#360=ORIENTED_EDGE('',*,*,#862,.F.);
#361=ORIENTED_EDGE('',*,*,#863,.F.);
#362=ORIENTED_EDGE('',*,*,#864,.F.);
#363=ORIENTED_EDGE('',*,*,#860,.T.);
#364=ORIENTED_EDGE('',*,*,#865,.F.);
#365=ORIENTED_EDGE('',*,*,#866,.F.);
#366=ORIENTED_EDGE('',*,*,#867,.F.);
#367=ORIENTED_EDGE('',*,*,#863,.T.);
#368=ORIENTED_EDGE('',*,*,#868,.F.);
#369=ORIENTED_EDGE('',*,*,#810,.F.);
#370=ORIENTED_EDGE('',*,*,#869,.F.);
#371=ORIENTED_EDGE('',*,*,#866,.T.);
#372=ORIENTED_EDGE('',*,*,#870,.F.);
#373=ORIENTED_EDGE('',*,*,#871,.T.);
#374=ORIENTED_EDGE('',*,*,#872,.F.);
#375=ORIENTED_EDGE('',*,*,#873,.T.);
#376=ORIENTED_EDGE('',*,*,#874,.F.);
#377=ORIENTED_EDGE('',*,*,#807,.F.);
#378=ORIENTED_EDGE('',*,*,#875,.F.);
#379=ORIENTED_EDGE('',*,*,#876,.F.);
#380=ORIENTED_EDGE('',*,*,#877,.F.);
#381=ORIENTED_EDGE('',*,*,#878,.F.);
#382=ORIENTED_EDGE('',*,*,#879,.T.);
#383=ORIENTED_EDGE('',*,*,#880,.T.);
#384=ORIENTED_EDGE('',*,*,#881,.T.);
#385=ORIENTED_EDGE('',*,*,#882,.T.);
#386=ORIENTED_EDGE('',*,*,#883,.T.);
#387=ORIENTED_EDGE('',*,*,#790,.T.);
#388=ORIENTED_EDGE('',*,*,#884,.T.);
#389=ORIENTED_EDGE('',*,*,#885,.F.);
#390=ORIENTED_EDGE('',*,*,#886,.F.);
#391=ORIENTED_EDGE('',*,*,#887,.F.);
#392=ORIENTED_EDGE('',*,*,#792,.F.);
#393=ORIENTED_EDGE('',*,*,#888,.F.);
#394=ORIENTED_EDGE('',*,*,#889,.F.);
#395=ORIENTED_EDGE('',*,*,#890,.F.);
#396=ORIENTED_EDGE('',*,*,#891,.T.);
#397=ORIENTED_EDGE('',*,*,#892,.F.);
#398=ORIENTED_EDGE('',*,*,#893,.F.);
#399=ORIENTED_EDGE('',*,*,#894,.T.);
#400=ORIENTED_EDGE('',*,*,#895,.T.);
#401=ORIENTED_EDGE('',*,*,#896,.T.);
#402=ORIENTED_EDGE('',*,*,#897,.T.);
#403=ORIENTED_EDGE('',*,*,#898,.T.);
#404=ORIENTED_EDGE('',*,*,#890,.T.);
#405=ORIENTED_EDGE('',*,*,#899,.F.);
#406=ORIENTED_EDGE('',*,*,#900,.F.);
#407=ORIENTED_EDGE('',*,*,#894,.F.);
#408=ORIENTED_EDGE('',*,*,#901,.F.);
#409=ORIENTED_EDGE('',*,*,#902,.F.);
#410=ORIENTED_EDGE('',*,*,#903,.F.);
#411=ORIENTED_EDGE('',*,*,#904,.T.);
#412=ORIENTED_EDGE('',*,*,#905,.T.);
#413=ORIENTED_EDGE('',*,*,#906,.T.);
#414=ORIENTED_EDGE('',*,*,#886,.T.);
#415=ORIENTED_EDGE('',*,*,#907,.T.);
#416=ORIENTED_EDGE('',*,*,#908,.T.);
#417=ORIENTED_EDGE('',*,*,#909,.F.);
#418=ORIENTED_EDGE('',*,*,#908,.F.);
#419=ORIENTED_EDGE('',*,*,#910,.T.);
#420=ORIENTED_EDGE('',*,*,#911,.T.);
#421=ORIENTED_EDGE('',*,*,#912,.F.);
#422=ORIENTED_EDGE('',*,*,#911,.F.);
#423=ORIENTED_EDGE('',*,*,#913,.T.);
#424=ORIENTED_EDGE('',*,*,#914,.T.);
#425=ORIENTED_EDGE('',*,*,#915,.F.);
#426=ORIENTED_EDGE('',*,*,#914,.F.);
#427=ORIENTED_EDGE('',*,*,#916,.T.);
#428=ORIENTED_EDGE('',*,*,#903,.T.);
#429=ORIENTED_EDGE('',*,*,#917,.F.);
#430=ORIENTED_EDGE('',*,*,#918,.F.);
#431=ORIENTED_EDGE('',*,*,#881,.F.);
#432=ORIENTED_EDGE('',*,*,#919,.T.);
#433=ORIENTED_EDGE('',*,*,#920,.F.);
#434=ORIENTED_EDGE('',*,*,#921,.F.);
#435=ORIENTED_EDGE('',*,*,#920,.T.);
#436=ORIENTED_EDGE('',*,*,#922,.T.);
#437=ORIENTED_EDGE('',*,*,#923,.F.);
#438=ORIENTED_EDGE('',*,*,#924,.F.);
#439=ORIENTED_EDGE('',*,*,#923,.T.);
#440=ORIENTED_EDGE('',*,*,#925,.T.);
#441=ORIENTED_EDGE('',*,*,#926,.F.);
#442=ORIENTED_EDGE('',*,*,#927,.F.);
#443=ORIENTED_EDGE('',*,*,#926,.T.);
#444=ORIENTED_EDGE('',*,*,#928,.T.);
#445=ORIENTED_EDGE('',*,*,#905,.F.);
#446=ORIENTED_EDGE('',*,*,#929,.T.);
#447=ORIENTED_EDGE('',*,*,#930,.T.);
#448=ORIENTED_EDGE('',*,*,#931,.F.);
#449=ORIENTED_EDGE('',*,*,#932,.F.);
#450=ORIENTED_EDGE('',*,*,#933,.T.);
#451=ORIENTED_EDGE('',*,*,#934,.T.);
#452=ORIENTED_EDGE('',*,*,#902,.T.);
#453=ORIENTED_EDGE('',*,*,#935,.T.);
#454=ORIENTED_EDGE('',*,*,#936,.T.);
#455=ORIENTED_EDGE('',*,*,#937,.T.);
#456=ORIENTED_EDGE('',*,*,#933,.F.);
#457=ORIENTED_EDGE('',*,*,#938,.T.);
#458=ORIENTED_EDGE('',*,*,#939,.T.);
#459=ORIENTED_EDGE('',*,*,#940,.T.);
#460=ORIENTED_EDGE('',*,*,#936,.F.);
#461=ORIENTED_EDGE('',*,*,#941,.T.);
#462=ORIENTED_EDGE('',*,*,#931,.T.);
#463=ORIENTED_EDGE('',*,*,#942,.T.);
#464=ORIENTED_EDGE('',*,*,#939,.F.);
#465=ORIENTED_EDGE('',*,*,#943,.T.);
#466=ORIENTED_EDGE('',*,*,#944,.F.);
#467=ORIENTED_EDGE('',*,*,#945,.F.);
#468=ORIENTED_EDGE('',*,*,#946,.F.);
#469=ORIENTED_EDGE('',*,*,#897,.F.);
#470=ORIENTED_EDGE('',*,*,#947,.F.);
#471=ORIENTED_EDGE('',*,*,#948,.F.);
#472=ORIENTED_EDGE('',*,*,#949,.F.);
#473=ORIENTED_EDGE('',*,*,#945,.T.);
#474=ORIENTED_EDGE('',*,*,#950,.F.);
#475=ORIENTED_EDGE('',*,*,#951,.F.);
#476=ORIENTED_EDGE('',*,*,#952,.F.);
#477=ORIENTED_EDGE('',*,*,#948,.T.);
#478=ORIENTED_EDGE('',*,*,#953,.F.);
#479=ORIENTED_EDGE('',*,*,#929,.F.);
#480=ORIENTED_EDGE('',*,*,#954,.F.);
#481=ORIENTED_EDGE('',*,*,#951,.T.);
#482=ORIENTED_EDGE('',*,*,#955,.F.);
#483=ORIENTED_EDGE('',*,*,#892,.T.);
#484=ORIENTED_EDGE('',*,*,#956,.F.);
#485=ORIENTED_EDGE('',*,*,#957,.T.);
#486=ORIENTED_EDGE('',*,*,#958,.F.);
#487=ORIENTED_EDGE('',*,*,#959,.F.);
#488=ORIENTED_EDGE('',*,*,#960,.F.);
#489=ORIENTED_EDGE('',*,*,#961,.F.);
#490=ORIENTED_EDGE('',*,*,#962,.T.);
#491=ORIENTED_EDGE('',*,*,#963,.T.);
#492=ORIENTED_EDGE('',*,*,#964,.F.);
#493=ORIENTED_EDGE('',*,*,#965,.F.);
#494=ORIENTED_EDGE('',*,*,#966,.F.);
#495=ORIENTED_EDGE('',*,*,#967,.F.);
#496=ORIENTED_EDGE('',*,*,#879,.F.);
#497=ORIENTED_EDGE('',*,*,#968,.F.);
#498=ORIENTED_EDGE('',*,*,#794,.F.);
#499=ORIENTED_EDGE('',*,*,#969,.F.);
#500=ORIENTED_EDGE('',*,*,#962,.F.);
#501=ORIENTED_EDGE('',*,*,#970,.F.);
#502=ORIENTED_EDGE('',*,*,#971,.F.);
#503=ORIENTED_EDGE('',*,*,#972,.F.);
#504=ORIENTED_EDGE('',*,*,#875,.T.);
#505=ORIENTED_EDGE('',*,*,#973,.F.);
#506=ORIENTED_EDGE('',*,*,#870,.T.);
#507=ORIENTED_EDGE('',*,*,#974,.T.);
#508=ORIENTED_EDGE('',*,*,#960,.T.);
#509=ORIENTED_EDGE('',*,*,#975,.F.);
#510=ORIENTED_EDGE('',*,*,#955,.T.);
#511=ORIENTED_EDGE('',*,*,#976,.T.);
#512=ORIENTED_EDGE('',*,*,#977,.T.);
#513=ORIENTED_EDGE('',*,*,#978,.T.);
#514=ORIENTED_EDGE('',*,*,#979,.T.);
#515=ORIENTED_EDGE('',*,*,#980,.T.);
#516=ORIENTED_EDGE('',*,*,#964,.T.);
#517=ORIENTED_EDGE('',*,*,#981,.T.);
#518=ORIENTED_EDGE('',*,*,#788,.T.);
#519=ORIENTED_EDGE('',*,*,#982,.T.);
#520=ORIENTED_EDGE('',*,*,#877,.T.);
#521=ORIENTED_EDGE('',*,*,#983,.T.);
#522=ORIENTED_EDGE('',*,*,#984,.T.);
#523=ORIENTED_EDGE('',*,*,#872,.T.);
#524=ORIENTED_EDGE('',*,*,#985,.T.);
#525=ORIENTED_EDGE('',*,*,#874,.T.);
#526=ORIENTED_EDGE('',*,*,#986,.T.);
#527=ORIENTED_EDGE('',*,*,#956,.T.);
#528=ORIENTED_EDGE('',*,*,#987,.T.);
#529=ORIENTED_EDGE('',*,*,#958,.T.);
#530=ORIENTED_EDGE('',*,*,#977,.F.);
#531=ORIENTED_EDGE('',*,*,#988,.F.);
#532=ORIENTED_EDGE('',*,*,#966,.T.);
#533=ORIENTED_EDGE('',*,*,#989,.T.);
#534=ORIENTED_EDGE('',*,*,#978,.F.);
#535=ORIENTED_EDGE('',*,*,#989,.F.);
#536=ORIENTED_EDGE('',*,*,#972,.T.);
#537=ORIENTED_EDGE('',*,*,#990,.T.);
#538=ORIENTED_EDGE('',*,*,#979,.F.);
#539=ORIENTED_EDGE('',*,*,#990,.F.);
#540=ORIENTED_EDGE('',*,*,#971,.T.);
#541=ORIENTED_EDGE('',*,*,#991,.T.);
#542=ORIENTED_EDGE('',*,*,#980,.F.);
#543=ORIENTED_EDGE('',*,*,#991,.F.);
#544=ORIENTED_EDGE('',*,*,#970,.T.);
#545=ORIENTED_EDGE('',*,*,#965,.T.);
#546=ORIENTED_EDGE('',*,*,#983,.F.);
#547=ORIENTED_EDGE('',*,*,#880,.F.);
#548=ORIENTED_EDGE('',*,*,#967,.T.);
#549=ORIENTED_EDGE('',*,*,#988,.T.);
#550=ORIENTED_EDGE('',*,*,#961,.T.);
#551=ORIENTED_EDGE('',*,*,#974,.F.);
#552=ORIENTED_EDGE('',*,*,#873,.F.);
#553=ORIENTED_EDGE('',*,*,#984,.F.);
#554=ORIENTED_EDGE('',*,*,#876,.T.);
#555=ORIENTED_EDGE('',*,*,#976,.F.);
#556=ORIENTED_EDGE('',*,*,#957,.F.);
#557=ORIENTED_EDGE('',*,*,#986,.F.);
#558=ORIENTED_EDGE('',*,*,#992,.F.);
#559=ORIENTED_EDGE('',*,*,#993,.F.);
#560=ORIENTED_EDGE('',*,*,#994,.T.);
#561=ORIENTED_EDGE('',*,*,#963,.F.);
#562=ORIENTED_EDGE('',*,*,#994,.F.);
#563=ORIENTED_EDGE('',*,*,#884,.F.);
#564=ORIENTED_EDGE('',*,*,#789,.F.);
#565=ORIENTED_EDGE('',*,*,#981,.F.);
#566=ORIENTED_EDGE('',*,*,#992,.T.);
#567=ORIENTED_EDGE('',*,*,#969,.T.);
#568=ORIENTED_EDGE('',*,*,#793,.T.);
#569=ORIENTED_EDGE('',*,*,#887,.T.);
#570=ORIENTED_EDGE('',*,*,#995,.T.);
#571=ORIENTED_EDGE('',*,*,#996,.T.);
#572=ORIENTED_EDGE('',*,*,#997,.F.);
#573=ORIENTED_EDGE('',*,*,#959,.T.);
#574=ORIENTED_EDGE('',*,*,#891,.F.);
#575=ORIENTED_EDGE('',*,*,#898,.F.);
#576=ORIENTED_EDGE('',*,*,#995,.F.);
#577=ORIENTED_EDGE('',*,*,#987,.F.);
#578=ORIENTED_EDGE('',*,*,#893,.T.);
#579=ORIENTED_EDGE('',*,*,#975,.T.);
#580=ORIENTED_EDGE('',*,*,#997,.T.);
#581=ORIENTED_EDGE('',*,*,#901,.T.);
#582=ORIENTED_EDGE('',*,*,#909,.T.);
#583=ORIENTED_EDGE('',*,*,#912,.T.);
#584=ORIENTED_EDGE('',*,*,#915,.T.);
#585=ORIENTED_EDGE('',*,*,#917,.T.);
#586=ORIENTED_EDGE('',*,*,#906,.F.);
#587=ORIENTED_EDGE('',*,*,#928,.F.);
#588=ORIENTED_EDGE('',*,*,#925,.F.);
#589=ORIENTED_EDGE('',*,*,#922,.F.);
#590=ORIENTED_EDGE('',*,*,#919,.F.);
#591=ORIENTED_EDGE('',*,*,#993,.T.);
#592=ORIENTED_EDGE('',*,*,#943,.F.);
#593=ORIENTED_EDGE('',*,*,#941,.F.);
#594=ORIENTED_EDGE('',*,*,#938,.F.);
#595=ORIENTED_EDGE('',*,*,#935,.F.);
#596=ORIENTED_EDGE('',*,*,#996,.F.);
#597=ORIENTED_EDGE('',*,*,#946,.T.);
#598=ORIENTED_EDGE('',*,*,#949,.T.);
#599=ORIENTED_EDGE('',*,*,#952,.T.);
#600=ORIENTED_EDGE('',*,*,#954,.T.);
#601=ORIENTED_EDGE('',*,*,#932,.T.);
#602=ORIENTED_EDGE('',*,*,#899,.T.);
#603=ORIENTED_EDGE('',*,*,#934,.F.);
#604=ORIENTED_EDGE('',*,*,#937,.F.);
#605=ORIENTED_EDGE('',*,*,#940,.F.);
#606=ORIENTED_EDGE('',*,*,#942,.F.);
#607=ORIENTED_EDGE('',*,*,#930,.F.);
#608=ORIENTED_EDGE('',*,*,#953,.T.);
#609=ORIENTED_EDGE('',*,*,#950,.T.);
#610=ORIENTED_EDGE('',*,*,#947,.T.);
#611=ORIENTED_EDGE('',*,*,#944,.T.);
#612=ORIENTED_EDGE('',*,*,#896,.F.);
#613=ORIENTED_EDGE('',*,*,#998,.T.);
#614=ORIENTED_EDGE('',*,*,#889,.T.);
#615=ORIENTED_EDGE('',*,*,#900,.T.);
#616=ORIENTED_EDGE('',*,*,#998,.F.);
#617=ORIENTED_EDGE('',*,*,#895,.F.);
#618=ORIENTED_EDGE('',*,*,#888,.T.);
#619=ORIENTED_EDGE('',*,*,#791,.T.);
#620=ORIENTED_EDGE('',*,*,#883,.F.);
#621=ORIENTED_EDGE('',*,*,#999,.F.);
#622=ORIENTED_EDGE('',*,*,#885,.T.);
#623=ORIENTED_EDGE('',*,*,#999,.T.);
#624=ORIENTED_EDGE('',*,*,#882,.F.);
#625=ORIENTED_EDGE('',*,*,#918,.T.);
#626=ORIENTED_EDGE('',*,*,#921,.T.);
#627=ORIENTED_EDGE('',*,*,#924,.T.);
#628=ORIENTED_EDGE('',*,*,#927,.T.);
#629=ORIENTED_EDGE('',*,*,#904,.F.);
#630=ORIENTED_EDGE('',*,*,#916,.F.);
#631=ORIENTED_EDGE('',*,*,#913,.F.);
#632=ORIENTED_EDGE('',*,*,#910,.F.);
#633=ORIENTED_EDGE('',*,*,#907,.F.);
#634=ORIENTED_EDGE('',*,*,#1000,.T.);
#635=ORIENTED_EDGE('',*,*,#1001,.T.);
#636=ORIENTED_EDGE('',*,*,#1002,.F.);
#637=ORIENTED_EDGE('',*,*,#878,.T.);
#638=ORIENTED_EDGE('',*,*,#787,.F.);
#639=ORIENTED_EDGE('',*,*,#799,.F.);
#640=ORIENTED_EDGE('',*,*,#1000,.F.);
#641=ORIENTED_EDGE('',*,*,#982,.F.);
#642=ORIENTED_EDGE('',*,*,#795,.T.);
#643=ORIENTED_EDGE('',*,*,#968,.T.);
#644=ORIENTED_EDGE('',*,*,#1002,.T.);
#645=ORIENTED_EDGE('',*,*,#802,.T.);
#646=ORIENTED_EDGE('',*,*,#1003,.F.);
#647=ORIENTED_EDGE('',*,*,#1004,.F.);
#648=ORIENTED_EDGE('',*,*,#1005,.T.);
#649=ORIENTED_EDGE('',*,*,#871,.F.);
#650=ORIENTED_EDGE('',*,*,#1005,.F.);
#651=ORIENTED_EDGE('',*,*,#813,.F.);
#652=ORIENTED_EDGE('',*,*,#808,.F.);
#653=ORIENTED_EDGE('',*,*,#985,.F.);
#654=ORIENTED_EDGE('',*,*,#1003,.T.);
#655=ORIENTED_EDGE('',*,*,#973,.T.);
#656=ORIENTED_EDGE('',*,*,#806,.T.);
#657=ORIENTED_EDGE('',*,*,#816,.T.);
#658=ORIENTED_EDGE('',*,*,#824,.T.);
#659=ORIENTED_EDGE('',*,*,#827,.T.);
#660=ORIENTED_EDGE('',*,*,#830,.T.);
#661=ORIENTED_EDGE('',*,*,#832,.T.);
#662=ORIENTED_EDGE('',*,*,#1001,.F.);
#663=ORIENTED_EDGE('',*,*,#843,.F.);
#664=ORIENTED_EDGE('',*,*,#840,.F.);
#665=ORIENTED_EDGE('',*,*,#837,.F.);
#666=ORIENTED_EDGE('',*,*,#834,.F.);
#667=ORIENTED_EDGE('',*,*,#821,.T.);
#668=ORIENTED_EDGE('',*,*,#858,.F.);
#669=ORIENTED_EDGE('',*,*,#856,.F.);
#670=ORIENTED_EDGE('',*,*,#853,.F.);
#671=ORIENTED_EDGE('',*,*,#850,.F.);
#672=ORIENTED_EDGE('',*,*,#847,.F.);
#673=ORIENTED_EDGE('',*,*,#861,.T.);
#674=ORIENTED_EDGE('',*,*,#864,.T.);
#675=ORIENTED_EDGE('',*,*,#867,.T.);
#676=ORIENTED_EDGE('',*,*,#869,.T.);
#677=ORIENTED_EDGE('',*,*,#1004,.T.);
#678=ORIENTED_EDGE('',*,*,#814,.T.);
#679=ORIENTED_EDGE('',*,*,#1006,.F.);
#680=ORIENTED_EDGE('',*,*,#811,.F.);
#681=ORIENTED_EDGE('',*,*,#868,.T.);
#682=ORIENTED_EDGE('',*,*,#865,.T.);
#683=ORIENTED_EDGE('',*,*,#862,.T.);
#684=ORIENTED_EDGE('',*,*,#859,.T.);
#685=ORIENTED_EDGE('',*,*,#845,.F.);
#686=ORIENTED_EDGE('',*,*,#849,.F.);
#687=ORIENTED_EDGE('',*,*,#852,.F.);
#688=ORIENTED_EDGE('',*,*,#855,.F.);
#689=ORIENTED_EDGE('',*,*,#857,.F.);
#690=ORIENTED_EDGE('',*,*,#1006,.T.);
#691=ORIENTED_EDGE('',*,*,#817,.T.);
#692=ORIENTED_EDGE('',*,*,#804,.T.);
#693=ORIENTED_EDGE('',*,*,#812,.F.);
#694=ORIENTED_EDGE('',*,*,#801,.T.);
#695=ORIENTED_EDGE('',*,*,#1007,.T.);
#696=ORIENTED_EDGE('',*,*,#796,.F.);
#697=ORIENTED_EDGE('',*,*,#785,.F.);
#698=ORIENTED_EDGE('',*,*,#800,.T.);
#699=ORIENTED_EDGE('',*,*,#831,.F.);
#700=ORIENTED_EDGE('',*,*,#828,.F.);
#701=ORIENTED_EDGE('',*,*,#825,.F.);
#702=ORIENTED_EDGE('',*,*,#822,.F.);
#703=ORIENTED_EDGE('',*,*,#819,.F.);
#704=ORIENTED_EDGE('',*,*,#833,.T.);
#705=ORIENTED_EDGE('',*,*,#836,.T.);
#706=ORIENTED_EDGE('',*,*,#839,.T.);
#707=ORIENTED_EDGE('',*,*,#842,.T.);
#708=ORIENTED_EDGE('',*,*,#797,.F.);
#709=ORIENTED_EDGE('',*,*,#1007,.F.);
#710=EDGE_CURVE('',#1008,#1009,#1196,.T.);
#711=EDGE_CURVE('',#1010,#1008,#1197,.T.);
#712=EDGE_CURVE('',#1011,#1010,#1198,.T.);
#713=EDGE_CURVE('',#1011,#1012,#1199,.T.);
#714=EDGE_CURVE('',#1012,#1013,#1200,.T.);
#715=EDGE_CURVE('',#1014,#1013,#1201,.T.);
#716=EDGE_CURVE('',#1015,#1014,#1202,.T.);
#717=EDGE_CURVE('',#1009,#1015,#1203,.T.);
#718=EDGE_CURVE('',#1016,#1017,#1204,.T.);
#719=EDGE_CURVE('',#1017,#1018,#1205,.T.);
#720=EDGE_CURVE('',#1019,#1018,#1206,.T.);
#721=EDGE_CURVE('',#1019,#1020,#1207,.T.);
#722=EDGE_CURVE('',#1020,#1011,#1208,.T.);
#723=EDGE_CURVE('',#1021,#1010,#1209,.T.);
#724=EDGE_CURVE('',#1016,#1021,#1210,.T.);
#725=EDGE_CURVE('',#1022,#1023,#1211,.T.);
#726=EDGE_CURVE('',#1023,#1024,#1212,.T.);
#727=EDGE_CURVE('',#1024,#1025,#1213,.T.);
#728=EDGE_CURVE('',#1025,#1022,#1214,.T.);
#729=EDGE_CURVE('',#1026,#1027,#1215,.T.);
#730=EDGE_CURVE('',#1028,#1027,#1216,.T.);
#731=EDGE_CURVE('',#1029,#1028,#1217,.T.);
#732=EDGE_CURVE('',#1029,#1026,#1218,.T.);
#733=EDGE_CURVE('',#1030,#1031,#1219,.T.);
#734=EDGE_CURVE('',#1031,#1032,#1220,.T.);
#735=EDGE_CURVE('',#1033,#1032,#1221,.T.);
#736=EDGE_CURVE('',#1033,#1030,#1222,.T.);
#737=EDGE_CURVE('',#1034,#1035,#1223,.T.);
#738=EDGE_CURVE('',#1034,#1036,#1224,.T.);
#739=EDGE_CURVE('',#1036,#1037,#1225,.T.);
#740=EDGE_CURVE('',#1035,#1037,#1226,.T.);
#741=EDGE_CURVE('',#1032,#1034,#1227,.T.);
#742=EDGE_CURVE('',#1035,#1033,#1228,.T.);
#743=EDGE_CURVE('',#1036,#1031,#1229,.T.);
#744=EDGE_CURVE('',#1037,#1030,#1230,.T.);
#745=EDGE_CURVE('',#1038,#1039,#1231,.T.);
#746=EDGE_CURVE('',#1039,#1040,#1232,.T.);
#747=EDGE_CURVE('',#1041,#1040,#1233,.T.);
#748=EDGE_CURVE('',#1038,#1041,#1234,.T.);
#749=EDGE_CURVE('',#1042,#1043,#1235,.T.);
#750=EDGE_CURVE('',#1043,#1044,#1236,.T.);
#751=EDGE_CURVE('',#1044,#1045,#1237,.T.);
#752=EDGE_CURVE('',#1045,#1042,#1238,.T.);
#753=EDGE_CURVE('',#1046,#1047,#1239,.T.);
#754=EDGE_CURVE('',#1040,#1046,#1240,.T.);
#755=EDGE_CURVE('',#1047,#1039,#1241,.T.);
#756=EDGE_CURVE('',#1048,#1038,#1242,.T.);
#757=EDGE_CURVE('',#1041,#1049,#1243,.T.);
#758=EDGE_CURVE('',#1049,#1048,#1244,.T.);
#759=EDGE_CURVE('',#1049,#1046,#1245,.T.);
#760=EDGE_CURVE('',#1048,#1047,#1246,.T.);
#761=EDGE_CURVE('',#1042,#1029,#1247,.T.);
#762=EDGE_CURVE('',#1028,#1043,#1248,.T.);
#763=EDGE_CURVE('',#1045,#1026,#1249,.T.);
#764=EDGE_CURVE('',#1027,#1044,#1250,.T.);
#765=EDGE_CURVE('',#1018,#1050,#1251,.T.);
#766=EDGE_CURVE('',#1014,#1050,#1252,.T.);
#767=EDGE_CURVE('',#1051,#1013,#1253,.T.);
#768=EDGE_CURVE('',#1051,#1019,#1254,.T.);
#769=EDGE_CURVE('',#1015,#1052,#1255,.T.);
#770=EDGE_CURVE('',#1052,#1017,#1256,.T.);
#771=EDGE_CURVE('',#1053,#1016,#1257,.T.);
#772=EDGE_CURVE('',#1053,#1009,#1258,.T.);
#773=EDGE_CURVE('',#1050,#1052,#1259,.T.);
#774=EDGE_CURVE('',#1020,#1054,#1260,.T.);
#775=EDGE_CURVE('',#1054,#1012,#1261,.T.);
#776=EDGE_CURVE('',#1054,#1051,#1262,.T.);
#777=EDGE_CURVE('',#1055,#1008,#1263,.T.);
#778=EDGE_CURVE('',#1021,#1055,#1264,.T.);
#779=EDGE_CURVE('',#1055,#1053,#1265,.T.);
#780=EDGE_CURVE('',#1018,#1025,#1266,.T.);
#781=EDGE_CURVE('',#1022,#1017,#1267,.F.);
#782=EDGE_CURVE('',#1023,#1052,#1268,.F.);
#783=EDGE_CURVE('',#1050,#1024,#1269,.F.);
#784=EDGE_CURVE('',#1056,#1057,#1270,.T.);
#785=EDGE_CURVE('',#1057,#1058,#1271,.T.);
#786=EDGE_CURVE('',#1059,#1058,#1272,.T.);
#787=EDGE_CURVE('',#1059,#1060,#54,.T.);
#788=EDGE_CURVE('',#1061,#1060,#1273,.T.);
#789=EDGE_CURVE('',#1061,#1062,#55,.T.);
#790=EDGE_CURVE('',#1063,#1062,#1274,.T.);
#791=EDGE_CURVE('',#1064,#1063,#1275,.T.);
#792=EDGE_CURVE('',#1064,#1065,#1276,.T.);
#793=EDGE_CURVE('',#1066,#1065,#56,.F.);
#794=EDGE_CURVE('',#1066,#1067,#1277,.T.);
#795=EDGE_CURVE('',#1056,#1067,#57,.T.);
#796=EDGE_CURVE('',#1058,#1068,#46,.T.);
#797=EDGE_CURVE('',#1068,#1069,#1278,.T.);
#798=EDGE_CURVE('',#1069,#1070,#1279,.T.);
#799=EDGE_CURVE('',#1070,#1059,#1280,.T.);
#800=EDGE_CURVE('',#1071,#1072,#1281,.T.);
#801=EDGE_CURVE('',#1057,#1071,#47,.T.);
#802=EDGE_CURVE('',#1073,#1056,#1282,.T.);
#803=EDGE_CURVE('',#1072,#1073,#1283,.T.);
#804=EDGE_CURVE('',#1074,#1075,#1284,.F.);
#805=EDGE_CURVE('',#1074,#1076,#1285,.T.);
#806=EDGE_CURVE('',#1077,#1076,#58,.F.);
#807=EDGE_CURVE('',#1077,#1078,#1286,.T.);
#808=EDGE_CURVE('',#1078,#1079,#59,.T.);
#809=EDGE_CURVE('',#1075,#1079,#1287,.T.);
#810=EDGE_CURVE('',#1080,#1081,#1288,.T.);
#811=EDGE_CURVE('',#1081,#1082,#1289,.T.);
#812=EDGE_CURVE('',#1082,#1075,#48,.F.);
#813=EDGE_CURVE('',#1079,#1080,#1290,.T.);
#814=EDGE_CURVE('',#1083,#1084,#1291,.T.);
#815=EDGE_CURVE('',#1085,#1083,#1292,.T.);
#816=EDGE_CURVE('',#1076,#1085,#1293,.T.);
#817=EDGE_CURVE('',#1084,#1074,#49,.F.);
#818=EDGE_CURVE('',#1086,#1087,#1294,.T.);
#819=EDGE_CURVE('',#1086,#1088,#1295,.F.);
#820=EDGE_CURVE('',#1088,#1089,#1296,.T.);
#821=EDGE_CURVE('',#1087,#1089,#1297,.T.);
#822=EDGE_CURVE('',#1088,#1090,#1298,.T.);
#823=EDGE_CURVE('',#1090,#1091,#1299,.T.);
#824=EDGE_CURVE('',#1089,#1091,#1300,.T.);
#825=EDGE_CURVE('',#1090,#1092,#60,.F.);
#826=EDGE_CURVE('',#1092,#1093,#1301,.T.);
#827=EDGE_CURVE('',#1091,#1093,#61,.T.);
#828=EDGE_CURVE('',#1092,#1094,#1302,.T.);
#829=EDGE_CURVE('',#1094,#1095,#1303,.T.);
#830=EDGE_CURVE('',#1093,#1095,#1304,.T.);
#831=EDGE_CURVE('',#1094,#1072,#62,.T.);
#832=EDGE_CURVE('',#1095,#1073,#63,.T.);
#833=EDGE_CURVE('',#1086,#1096,#1305,.T.);
#834=EDGE_CURVE('',#1087,#1097,#1306,.T.);
#835=EDGE_CURVE('',#1096,#1097,#1307,.T.);
#836=EDGE_CURVE('',#1096,#1098,#64,.F.);
#837=EDGE_CURVE('',#1097,#1099,#65,.T.);
#838=EDGE_CURVE('',#1098,#1099,#1308,.T.);
#839=EDGE_CURVE('',#1098,#1100,#1309,.T.);
#840=EDGE_CURVE('',#1099,#1101,#1310,.T.);
#841=EDGE_CURVE('',#1100,#1101,#1311,.T.);
#842=EDGE_CURVE('',#1100,#1069,#66,.T.);
#843=EDGE_CURVE('',#1101,#1070,#67,.F.);
#844=EDGE_CURVE('',#1102,#1103,#1312,.T.);
#845=EDGE_CURVE('',#1103,#1104,#1313,.F.);
#846=EDGE_CURVE('',#1105,#1104,#1314,.F.);
#847=EDGE_CURVE('',#1105,#1102,#1315,.T.);
#848=EDGE_CURVE('',#1106,#1107,#1316,.T.);
#849=EDGE_CURVE('',#1107,#1103,#1317,.T.);
#850=EDGE_CURVE('',#1102,#1106,#1318,.T.);
#851=EDGE_CURVE('',#1108,#1109,#1319,.T.);
#852=EDGE_CURVE('',#1109,#1107,#68,.F.);
#853=EDGE_CURVE('',#1106,#1108,#69,.T.);
#854=EDGE_CURVE('',#1110,#1111,#1320,.T.);
#855=EDGE_CURVE('',#1111,#1109,#1321,.T.);
#856=EDGE_CURVE('',#1108,#1110,#1322,.T.);
#857=EDGE_CURVE('',#1083,#1111,#70,.T.);
#858=EDGE_CURVE('',#1110,#1085,#71,.T.);
#859=EDGE_CURVE('',#1112,#1104,#1323,.T.);
#860=EDGE_CURVE('',#1113,#1112,#1324,.F.);
#861=EDGE_CURVE('',#1105,#1113,#1325,.F.);
#862=EDGE_CURVE('',#1114,#1112,#72,.F.);
#863=EDGE_CURVE('',#1115,#1114,#1326,.T.);
#864=EDGE_CURVE('',#1113,#1115,#73,.T.);
#865=EDGE_CURVE('',#1116,#1114,#1327,.T.);
#866=EDGE_CURVE('',#1117,#1116,#1328,.F.);
#867=EDGE_CURVE('',#1115,#1117,#1329,.F.);
#868=EDGE_CURVE('',#1081,#1116,#74,.T.);
#869=EDGE_CURVE('',#1117,#1080,#75,.F.);
#870=EDGE_CURVE('',#1118,#1119,#1330,.T.);
#871=EDGE_CURVE('',#1118,#1120,#1331,.T.);
#872=EDGE_CURVE('',#1121,#1120,#1332,.T.);
#873=EDGE_CURVE('',#1121,#1119,#1333,.T.);
#874=EDGE_CURVE('',#1078,#1122,#1334,.T.);
#875=EDGE_CURVE('',#1123,#1077,#1335,.T.);
#876=EDGE_CURVE('',#1122,#1123,#1336,.T.);
#877=EDGE_CURVE('',#1124,#1125,#1337,.T.);
#878=EDGE_CURVE('',#1126,#1124,#1338,.T.);
#879=EDGE_CURVE('',#1126,#1127,#1339,.T.);
#880=EDGE_CURVE('',#1127,#1125,#1340,.T.);
#881=EDGE_CURVE('',#1128,#1129,#1341,.T.);
#882=EDGE_CURVE('',#1129,#1130,#1342,.T.);
#883=EDGE_CURVE('',#1130,#1063,#50,.T.);
#884=EDGE_CURVE('',#1062,#1128,#1343,.T.);
#885=EDGE_CURVE('',#1131,#1132,#1344,.T.);
#886=EDGE_CURVE('',#1133,#1131,#1345,.T.);
#887=EDGE_CURVE('',#1065,#1133,#1346,.T.);
#888=EDGE_CURVE('',#1132,#1064,#51,.T.);
#889=EDGE_CURVE('',#1134,#1135,#1347,.T.);
#890=EDGE_CURVE('',#1136,#1134,#1348,.T.);
#891=EDGE_CURVE('',#1136,#1137,#76,.T.);
#892=EDGE_CURVE('',#1138,#1137,#1349,.T.);
#893=EDGE_CURVE('',#1139,#1138,#77,.T.);
#894=EDGE_CURVE('',#1139,#1135,#1350,.T.);
#895=EDGE_CURVE('',#1134,#1140,#52,.F.);
#896=EDGE_CURVE('',#1140,#1141,#1351,.T.);
#897=EDGE_CURVE('',#1141,#1142,#1352,.T.);
#898=EDGE_CURVE('',#1142,#1136,#1353,.T.);
#899=EDGE_CURVE('',#1143,#1144,#1354,.T.);
#900=EDGE_CURVE('',#1135,#1143,#53,.F.);
#901=EDGE_CURVE('',#1145,#1139,#1355,.T.);
#902=EDGE_CURVE('',#1144,#1145,#1356,.T.);
#903=EDGE_CURVE('',#1146,#1147,#1357,.T.);
#904=EDGE_CURVE('',#1146,#1148,#1358,.T.);
#905=EDGE_CURVE('',#1148,#1149,#1359,.T.);
#906=EDGE_CURVE('',#1149,#1147,#1360,.T.);
#907=EDGE_CURVE('',#1131,#1150,#78,.T.);
#908=EDGE_CURVE('',#1150,#1151,#1361,.T.);
#909=EDGE_CURVE('',#1133,#1151,#79,.T.);
#910=EDGE_CURVE('',#1150,#1152,#1362,.T.);
#911=EDGE_CURVE('',#1152,#1153,#1363,.T.);
#912=EDGE_CURVE('',#1151,#1153,#1364,.T.);
#913=EDGE_CURVE('',#1152,#1154,#80,.F.);
#914=EDGE_CURVE('',#1154,#1155,#1365,.T.);
#915=EDGE_CURVE('',#1153,#1155,#81,.T.);
#916=EDGE_CURVE('',#1154,#1146,#1366,.T.);
#917=EDGE_CURVE('',#1155,#1147,#1367,.T.);
#918=EDGE_CURVE('',#1129,#1156,#82,.T.);
#919=EDGE_CURVE('',#1128,#1157,#83,.F.);
#920=EDGE_CURVE('',#1156,#1157,#1368,.T.);
#921=EDGE_CURVE('',#1156,#1158,#1369,.T.);
#922=EDGE_CURVE('',#1157,#1159,#1370,.T.);
#923=EDGE_CURVE('',#1158,#1159,#1371,.T.);
#924=EDGE_CURVE('',#1158,#1160,#84,.F.);
#925=EDGE_CURVE('',#1159,#1161,#85,.T.);
#926=EDGE_CURVE('',#1160,#1161,#1372,.T.);
#927=EDGE_CURVE('',#1160,#1148,#1373,.T.);
#928=EDGE_CURVE('',#1161,#1149,#1374,.T.);
#929=EDGE_CURVE('',#1162,#1163,#1375,.F.);
#930=EDGE_CURVE('',#1163,#1164,#1376,.T.);
#931=EDGE_CURVE('',#1165,#1164,#1377,.T.);
#932=EDGE_CURVE('',#1162,#1165,#1378,.T.);
#933=EDGE_CURVE('',#1166,#1167,#1379,.T.);
#934=EDGE_CURVE('',#1167,#1144,#86,.T.);
#935=EDGE_CURVE('',#1145,#1166,#87,.T.);
#936=EDGE_CURVE('',#1168,#1169,#1380,.T.);
#937=EDGE_CURVE('',#1169,#1167,#1381,.T.);
#938=EDGE_CURVE('',#1166,#1168,#1382,.T.);
#939=EDGE_CURVE('',#1170,#1171,#1383,.T.);
#940=EDGE_CURVE('',#1171,#1169,#88,.F.);
#941=EDGE_CURVE('',#1168,#1170,#89,.T.);
#942=EDGE_CURVE('',#1164,#1171,#1384,.T.);
#943=EDGE_CURVE('',#1170,#1165,#1385,.T.);
#944=EDGE_CURVE('',#1172,#1141,#90,.T.);
#945=EDGE_CURVE('',#1173,#1172,#1386,.T.);
#946=EDGE_CURVE('',#1142,#1173,#91,.F.);
#947=EDGE_CURVE('',#1174,#1172,#1387,.T.);
#948=EDGE_CURVE('',#1175,#1174,#1388,.F.);
#949=EDGE_CURVE('',#1173,#1175,#1389,.F.);
#950=EDGE_CURVE('',#1176,#1174,#92,.F.);
#951=EDGE_CURVE('',#1177,#1176,#1390,.T.);
#952=EDGE_CURVE('',#1175,#1177,#93,.T.);
#953=EDGE_CURVE('',#1163,#1176,#1391,.T.);
#954=EDGE_CURVE('',#1177,#1162,#1392,.F.);
#955=EDGE_CURVE('',#1138,#1178,#1393,.T.);
#956=EDGE_CURVE('',#1179,#1137,#1394,.T.);
#957=EDGE_CURVE('',#1179,#1178,#1395,.T.);
#958=EDGE_CURVE('',#1180,#1181,#1396,.T.);
#959=EDGE_CURVE('',#1182,#1180,#1397,.T.);
#960=EDGE_CURVE('',#1183,#1182,#1398,.T.);
#961=EDGE_CURVE('',#1181,#1183,#1399,.T.);
#962=EDGE_CURVE('',#1184,#1185,#1400,.T.);
#963=EDGE_CURVE('',#1185,#1186,#1401,.T.);
#964=EDGE_CURVE('',#1187,#1186,#1402,.T.);
#965=EDGE_CURVE('',#1184,#1187,#1403,.T.);
#966=EDGE_CURVE('',#1188,#1189,#1404,.T.);
#967=EDGE_CURVE('',#1127,#1188,#1405,.T.);
#968=EDGE_CURVE('',#1067,#1126,#1406,.T.);
#969=EDGE_CURVE('',#1185,#1066,#1407,.F.);
#970=EDGE_CURVE('',#1190,#1184,#1408,.T.);
#971=EDGE_CURVE('',#1191,#1190,#1409,.T.);
#972=EDGE_CURVE('',#1189,#1191,#1410,.T.);
#973=EDGE_CURVE('',#1118,#1077,#1411,.F.);
#974=EDGE_CURVE('',#1119,#1183,#1412,.T.);
#975=EDGE_CURVE('',#1138,#1182,#1413,.F.);
#976=EDGE_CURVE('',#1178,#1123,#1414,.T.);
#977=EDGE_CURVE('',#1192,#1193,#1415,.T.);
#978=EDGE_CURVE('',#1193,#1194,#1416,.T.);
#979=EDGE_CURVE('',#1194,#1195,#1417,.T.);
#980=EDGE_CURVE('',#1195,#1187,#1418,.T.);
#981=EDGE_CURVE('',#1186,#1061,#1419,.T.);
#982=EDGE_CURVE('',#1060,#1124,#1420,.T.);
#983=EDGE_CURVE('',#1125,#1192,#1421,.T.);
#984=EDGE_CURVE('',#1181,#1121,#1422,.T.);
#985=EDGE_CURVE('',#1120,#1078,#1423,.T.);
#986=EDGE_CURVE('',#1122,#1179,#1424,.T.);
#987=EDGE_CURVE('',#1137,#1180,#1425,.T.);
#988=EDGE_CURVE('',#1188,#1192,#1426,.T.);
#989=EDGE_CURVE('',#1189,#1193,#1427,.T.);
#990=EDGE_CURVE('',#1191,#1194,#1428,.T.);
#991=EDGE_CURVE('',#1190,#1195,#1429,.T.);
#992=EDGE_CURVE('',#1133,#1185,#94,.T.);
#993=EDGE_CURVE('',#1128,#1133,#1430,.T.);
#994=EDGE_CURVE('',#1128,#1186,#95,.T.);
#995=EDGE_CURVE('',#1180,#1142,#96,.T.);
#996=EDGE_CURVE('',#1142,#1145,#1431,.T.);
#997=EDGE_CURVE('',#1182,#1145,#97,.F.);
#998=EDGE_CURVE('',#1140,#1143,#1432,.T.);
#999=EDGE_CURVE('',#1132,#1130,#1433,.T.);
#1000=EDGE_CURVE('',#1124,#1070,#98,.T.);
#1001=EDGE_CURVE('',#1070,#1073,#1434,.T.);
#1002=EDGE_CURVE('',#1126,#1073,#99,.F.);
#1003=EDGE_CURVE('',#1085,#1118,#100,.T.);
#1004=EDGE_CURVE('',#1080,#1085,#1435,.T.);
#1005=EDGE_CURVE('',#1080,#1120,#101,.T.);
#1006=EDGE_CURVE('',#1082,#1084,#1436,.T.);
#1007=EDGE_CURVE('',#1071,#1068,#1437,.T.);
#1008=VERTEX_POINT('',#2893);
#1009=VERTEX_POINT('',#2894);
#1010=VERTEX_POINT('',#2896);
#1011=VERTEX_POINT('',#2898);
#1012=VERTEX_POINT('',#2900);
#1013=VERTEX_POINT('',#2902);
#1014=VERTEX_POINT('',#2904);
#1015=VERTEX_POINT('',#2906);
#1016=VERTEX_POINT('',#2910);
#1017=VERTEX_POINT('',#2911);
#1018=VERTEX_POINT('',#2913);
#1019=VERTEX_POINT('',#2915);
#1020=VERTEX_POINT('',#2917);
#1021=VERTEX_POINT('',#2920);
#1022=VERTEX_POINT('',#2924);
#1023=VERTEX_POINT('',#2925);
#1024=VERTEX_POINT('',#2927);
#1025=VERTEX_POINT('',#2929);
#1026=VERTEX_POINT('',#2932);
#1027=VERTEX_POINT('',#2933);
#1028=VERTEX_POINT('',#2935);
#1029=VERTEX_POINT('',#2937);
#1030=VERTEX_POINT('',#2941);
#1031=VERTEX_POINT('',#2942);
#1032=VERTEX_POINT('',#2944);
#1033=VERTEX_POINT('',#2946);
#1034=VERTEX_POINT('',#2950);
#1035=VERTEX_POINT('',#2951);
#1036=VERTEX_POINT('',#2953);
#1037=VERTEX_POINT('',#2955);
#1038=VERTEX_POINT('',#2966);
#1039=VERTEX_POINT('',#2967);
#1040=VERTEX_POINT('',#2969);
#1041=VERTEX_POINT('',#2971);
#1042=VERTEX_POINT('',#2975);
#1043=VERTEX_POINT('',#2976);
#1044=VERTEX_POINT('',#2978);
#1045=VERTEX_POINT('',#2980);
#1046=VERTEX_POINT('',#2983);
#1047=VERTEX_POINT('',#2984);
#1048=VERTEX_POINT('',#2989);
#1049=VERTEX_POINT('',#2991);
#1050=VERTEX_POINT('',#3008);
#1051=VERTEX_POINT('',#3011);
#1052=VERTEX_POINT('',#3015);
#1053=VERTEX_POINT('',#3018);
#1054=VERTEX_POINT('',#3024);
#1055=VERTEX_POINT('',#3031);
#1056=VERTEX_POINT('',#3047);
#1057=VERTEX_POINT('',#3048);
#1058=VERTEX_POINT('',#3050);
#1059=VERTEX_POINT('',#3052);
#1060=VERTEX_POINT('',#3054);
#1061=VERTEX_POINT('',#3056);
#1062=VERTEX_POINT('',#3058);
#1063=VERTEX_POINT('',#3060);
#1064=VERTEX_POINT('',#3062);
#1065=VERTEX_POINT('',#3064);
#1066=VERTEX_POINT('',#3066);
#1067=VERTEX_POINT('',#3068);
#1068=VERTEX_POINT('',#3078);
#1069=VERTEX_POINT('',#3080);
#1070=VERTEX_POINT('',#3082);
#1071=VERTEX_POINT('',#3086);
#1072=VERTEX_POINT('',#3087);
#1073=VERTEX_POINT('',#3096);
#1074=VERTEX_POINT('',#3100);
#1075=VERTEX_POINT('',#3101);
#1076=VERTEX_POINT('',#3103);
#1077=VERTEX_POINT('',#3105);
#1078=VERTEX_POINT('',#3107);
#1079=VERTEX_POINT('',#3109);
#1080=VERTEX_POINT('',#3113);
#1081=VERTEX_POINT('',#3114);
#1082=VERTEX_POINT('',#3116);
#1083=VERTEX_POINT('',#3127);
#1084=VERTEX_POINT('',#3128);
#1085=VERTEX_POINT('',#3130);
#1086=VERTEX_POINT('',#3141);
#1087=VERTEX_POINT('',#3142);
#1088=VERTEX_POINT('',#3144);
#1089=VERTEX_POINT('',#3146);
#1090=VERTEX_POINT('',#3150);
#1091=VERTEX_POINT('',#3152);
#1092=VERTEX_POINT('',#3156);
#1093=VERTEX_POINT('',#3158);
#1094=VERTEX_POINT('',#3162);
#1095=VERTEX_POINT('',#3164);
#1096=VERTEX_POINT('',#3171);
#1097=VERTEX_POINT('',#3173);
#1098=VERTEX_POINT('',#3177);
#1099=VERTEX_POINT('',#3179);
#1100=VERTEX_POINT('',#3183);
#1101=VERTEX_POINT('',#3185);
#1102=VERTEX_POINT('',#3192);
#1103=VERTEX_POINT('',#3193);
#1104=VERTEX_POINT('',#3195);
#1105=VERTEX_POINT('',#3197);
#1106=VERTEX_POINT('',#3201);
#1107=VERTEX_POINT('',#3202);
#1108=VERTEX_POINT('',#3207);
#1109=VERTEX_POINT('',#3208);
#1110=VERTEX_POINT('',#3213);
#1111=VERTEX_POINT('',#3214);
#1112=VERTEX_POINT('',#3222);
#1113=VERTEX_POINT('',#3224);
#1114=VERTEX_POINT('',#3228);
#1115=VERTEX_POINT('',#3230);
#1116=VERTEX_POINT('',#3234);
#1117=VERTEX_POINT('',#3236);
#1118=VERTEX_POINT('',#3243);
#1119=VERTEX_POINT('',#3244);
#1120=VERTEX_POINT('',#3246);
#1121=VERTEX_POINT('',#3248);
#1122=VERTEX_POINT('',#3252);
#1123=VERTEX_POINT('',#3254);
#1124=VERTEX_POINT('',#3258);
#1125=VERTEX_POINT('',#3259);
#1126=VERTEX_POINT('',#3261);
#1127=VERTEX_POINT('',#3263);
#1128=VERTEX_POINT('',#3267);
#1129=VERTEX_POINT('',#3268);
#1130=VERTEX_POINT('',#3270);
#1131=VERTEX_POINT('',#3281);
#1132=VERTEX_POINT('',#3282);
#1133=VERTEX_POINT('',#3284);
#1134=VERTEX_POINT('',#3295);
#1135=VERTEX_POINT('',#3296);
#1136=VERTEX_POINT('',#3298);
#1137=VERTEX_POINT('',#3300);
#1138=VERTEX_POINT('',#3302);
#1139=VERTEX_POINT('',#3304);
#1140=VERTEX_POINT('',#3314);
#1141=VERTEX_POINT('',#3316);
#1142=VERTEX_POINT('',#3318);
#1143=VERTEX_POINT('',#3322);
#1144=VERTEX_POINT('',#3323);
#1145=VERTEX_POINT('',#3332);
#1146=VERTEX_POINT('',#3336);
#1147=VERTEX_POINT('',#3337);
#1148=VERTEX_POINT('',#3339);
#1149=VERTEX_POINT('',#3341);
#1150=VERTEX_POINT('',#3345);
#1151=VERTEX_POINT('',#3347);
#1152=VERTEX_POINT('',#3351);
#1153=VERTEX_POINT('',#3353);
#1154=VERTEX_POINT('',#3357);
#1155=VERTEX_POINT('',#3359);
#1156=VERTEX_POINT('',#3366);
#1157=VERTEX_POINT('',#3368);
#1158=VERTEX_POINT('',#3372);
#1159=VERTEX_POINT('',#3374);
#1160=VERTEX_POINT('',#3378);
#1161=VERTEX_POINT('',#3380);
#1162=VERTEX_POINT('',#3387);
#1163=VERTEX_POINT('',#3388);
#1164=VERTEX_POINT('',#3390);
#1165=VERTEX_POINT('',#3392);
#1166=VERTEX_POINT('',#3396);
#1167=VERTEX_POINT('',#3397);
#1168=VERTEX_POINT('',#3402);
#1169=VERTEX_POINT('',#3403);
#1170=VERTEX_POINT('',#3408);
#1171=VERTEX_POINT('',#3409);
#1172=VERTEX_POINT('',#3417);
#1173=VERTEX_POINT('',#3419);
#1174=VERTEX_POINT('',#3423);
#1175=VERTEX_POINT('',#3425);
#1176=VERTEX_POINT('',#3429);
#1177=VERTEX_POINT('',#3431);
#1178=VERTEX_POINT('',#3438);
#1179=VERTEX_POINT('',#3440);
#1180=VERTEX_POINT('',#3444);
#1181=VERTEX_POINT('',#3445);
#1182=VERTEX_POINT('',#3447);
#1183=VERTEX_POINT('',#3449);
#1184=VERTEX_POINT('',#3453);
#1185=VERTEX_POINT('',#3454);
#1186=VERTEX_POINT('',#3456);
#1187=VERTEX_POINT('',#3458);
#1188=VERTEX_POINT('',#3462);
#1189=VERTEX_POINT('',#3463);
#1190=VERTEX_POINT('',#3468);
#1191=VERTEX_POINT('',#3470);
#1192=VERTEX_POINT('',#3478);
#1193=VERTEX_POINT('',#3479);
#1194=VERTEX_POINT('',#3481);
#1195=VERTEX_POINT('',#3483);
#1196=LINE('',#2892,#1438);
#1197=LINE('',#2895,#1439);
#1198=LINE('',#2897,#1440);
#1199=LINE('',#2899,#1441);
#1200=LINE('',#2901,#1442);
#1201=LINE('',#2903,#1443);
#1202=LINE('',#2905,#1444);
#1203=LINE('',#2907,#1445);
#1204=LINE('',#2909,#1446);
#1205=LINE('',#2912,#1447);
#1206=LINE('',#2914,#1448);
#1207=LINE('',#2916,#1449);
#1208=LINE('',#2918,#1450);
#1209=LINE('',#2919,#1451);
#1210=LINE('',#2921,#1452);
#1211=LINE('',#2923,#1453);
#1212=LINE('',#2926,#1454);
#1213=LINE('',#2928,#1455);
#1214=LINE('',#2930,#1456);
#1215=LINE('',#2931,#1457);
#1216=LINE('',#2934,#1458);
#1217=LINE('',#2936,#1459);
#1218=LINE('',#2938,#1460);
#1219=LINE('',#2940,#1461);
#1220=LINE('',#2943,#1462);
#1221=LINE('',#2945,#1463);
#1222=LINE('',#2947,#1464);
#1223=LINE('',#2949,#1465);
#1224=LINE('',#2952,#1466);
#1225=LINE('',#2954,#1467);
#1226=LINE('',#2956,#1468);
#1227=LINE('',#2958,#1469);
#1228=LINE('',#2959,#1470);
#1229=LINE('',#2961,#1471);
#1230=LINE('',#2962,#1472);
#1231=LINE('',#2965,#1473);
#1232=LINE('',#2968,#1474);
#1233=LINE('',#2970,#1475);
#1234=LINE('',#2972,#1476);
#1235=LINE('',#2974,#1477);
#1236=LINE('',#2977,#1478);
#1237=LINE('',#2979,#1479);
#1238=LINE('',#2981,#1480);
#1239=LINE('',#2982,#1481);
#1240=LINE('',#2985,#1482);
#1241=LINE('',#2986,#1483);
#1242=LINE('',#2988,#1484);
#1243=LINE('',#2990,#1485);
#1244=LINE('',#2992,#1486);
#1245=LINE('',#2994,#1487);
#1246=LINE('',#2996,#1488);
#1247=LINE('',#2999,#1489);
#1248=LINE('',#3000,#1490);
#1249=LINE('',#3002,#1491);
#1250=LINE('',#3003,#1492);
#1251=LINE('',#3007,#1493);
#1252=LINE('',#3009,#1494);
#1253=LINE('',#3010,#1495);
#1254=LINE('',#3012,#1496);
#1255=LINE('',#3014,#1497);
#1256=LINE('',#3016,#1498);
#1257=LINE('',#3017,#1499);
#1258=LINE('',#3019,#1500);
#1259=LINE('',#3021,#1501);
#1260=LINE('',#3023,#1502);
#1261=LINE('',#3025,#1503);
#1262=LINE('',#3027,#1504);
#1263=LINE('',#3030,#1505);
#1264=LINE('',#3032,#1506);
#1265=LINE('',#3034,#1507);
#1266=LINE('',#3037,#1508);
#1267=LINE('',#3038,#1509);
#1268=LINE('',#3040,#1510);
#1269=LINE('',#3042,#1511);
#1270=LINE('',#3046,#1512);
#1271=LINE('',#3049,#1513);
#1272=LINE('',#3051,#1514);
#1273=LINE('',#3055,#1515);
#1274=LINE('',#3059,#1516);
#1275=LINE('',#3061,#1517);
#1276=LINE('',#3063,#1518);
#1277=LINE('',#3067,#1519);
#1278=LINE('',#3079,#1520);
#1279=LINE('',#3081,#1521);
#1280=LINE('',#3083,#1522);
#1281=LINE('',#3085,#1523);
#1282=LINE('',#3095,#1524);
#1283=LINE('',#3097,#1525);
#1284=LINE('',#3099,#1526);
#1285=LINE('',#3102,#1527);
#1286=LINE('',#3106,#1528);
#1287=LINE('',#3110,#1529);
#1288=LINE('',#3112,#1530);
#1289=LINE('',#3115,#1531);
#1290=LINE('',#3124,#1532);
#1291=LINE('',#3126,#1533);
#1292=LINE('',#3129,#1534);
#1293=LINE('',#3131,#1535);
#1294=LINE('',#3140,#1536);
#1295=LINE('',#3143,#1537);
#1296=LINE('',#3145,#1538);
#1297=LINE('',#3147,#1539);
#1298=LINE('',#3149,#1540);
#1299=LINE('',#3151,#1541);
#1300=LINE('',#3153,#1542);
#1301=LINE('',#3157,#1543);
#1302=LINE('',#3161,#1544);
#1303=LINE('',#3163,#1545);
#1304=LINE('',#3165,#1546);
#1305=LINE('',#3170,#1547);
#1306=LINE('',#3172,#1548);
#1307=LINE('',#3174,#1549);
#1308=LINE('',#3180,#1550);
#1309=LINE('',#3182,#1551);
#1310=LINE('',#3184,#1552);
#1311=LINE('',#3186,#1553);
#1312=LINE('',#3191,#1554);
#1313=LINE('',#3194,#1555);
#1314=LINE('',#3196,#1556);
#1315=LINE('',#3198,#1557);
#1316=LINE('',#3200,#1558);
#1317=LINE('',#3203,#1559);
#1318=LINE('',#3204,#1560);
#1319=LINE('',#3206,#1561);
#1320=LINE('',#3212,#1562);
#1321=LINE('',#3215,#1563);
#1322=LINE('',#3216,#1564);
#1323=LINE('',#3221,#1565);
#1324=LINE('',#3223,#1566);
#1325=LINE('',#3225,#1567);
#1326=LINE('',#3229,#1568);
#1327=LINE('',#3233,#1569);
#1328=LINE('',#3235,#1570);
#1329=LINE('',#3237,#1571);
#1330=LINE('',#3242,#1572);
#1331=LINE('',#3245,#1573);
#1332=LINE('',#3247,#1574);
#1333=LINE('',#3249,#1575);
#1334=LINE('',#3251,#1576);
#1335=LINE('',#3253,#1577);
#1336=LINE('',#3255,#1578);
#1337=LINE('',#3257,#1579);
#1338=LINE('',#3260,#1580);
#1339=LINE('',#3262,#1581);
#1340=LINE('',#3264,#1582);
#1341=LINE('',#3266,#1583);
#1342=LINE('',#3269,#1584);
#1343=LINE('',#3278,#1585);
#1344=LINE('',#3280,#1586);
#1345=LINE('',#3283,#1587);
#1346=LINE('',#3285,#1588);
#1347=LINE('',#3294,#1589);
#1348=LINE('',#3297,#1590);
#1349=LINE('',#3301,#1591);
#1350=LINE('',#3305,#1592);
#1351=LINE('',#3315,#1593);
#1352=LINE('',#3317,#1594);
#1353=LINE('',#3319,#1595);
#1354=LINE('',#3321,#1596);
#1355=LINE('',#3331,#1597);
#1356=LINE('',#3333,#1598);
#1357=LINE('',#3335,#1599);
#1358=LINE('',#3338,#1600);
#1359=LINE('',#3340,#1601);
#1360=LINE('',#3342,#1602);
#1361=LINE('',#3346,#1603);
#1362=LINE('',#3350,#1604);
#1363=LINE('',#3352,#1605);
#1364=LINE('',#3354,#1606);
#1365=LINE('',#3358,#1607);
#1366=LINE('',#3362,#1608);
#1367=LINE('',#3363,#1609);
#1368=LINE('',#3369,#1610);
#1369=LINE('',#3371,#1611);
#1370=LINE('',#3373,#1612);
#1371=LINE('',#3375,#1613);
#1372=LINE('',#3381,#1614);
#1373=LINE('',#3383,#1615);
#1374=LINE('',#3384,#1616);
#1375=LINE('',#3386,#1617);
#1376=LINE('',#3389,#1618);
#1377=LINE('',#3391,#1619);
#1378=LINE('',#3393,#1620);
#1379=LINE('',#3395,#1621);
#1380=LINE('',#3401,#1622);
#1381=LINE('',#3404,#1623);
#1382=LINE('',#3405,#1624);
#1383=LINE('',#3407,#1625);
#1384=LINE('',#3413,#1626);
#1385=LINE('',#3414,#1627);
#1386=LINE('',#3418,#1628);
#1387=LINE('',#3422,#1629);
#1388=LINE('',#3424,#1630);
#1389=LINE('',#3426,#1631);
#1390=LINE('',#3430,#1632);
#1391=LINE('',#3434,#1633);
#1392=LINE('',#3435,#1634);
#1393=LINE('',#3437,#1635);
#1394=LINE('',#3439,#1636);
#1395=LINE('',#3441,#1637);
#1396=LINE('',#3443,#1638);
#1397=LINE('',#3446,#1639);
#1398=LINE('',#3448,#1640);
#1399=LINE('',#3450,#1641);
#1400=LINE('',#3452,#1642);
#1401=LINE('',#3455,#1643);
#1402=LINE('',#3457,#1644);
#1403=LINE('',#3459,#1645);
#1404=LINE('',#3461,#1646);
#1405=LINE('',#3464,#1647);
#1406=LINE('',#3465,#1648);
#1407=LINE('',#3466,#1649);
#1408=LINE('',#3467,#1650);
#1409=LINE('',#3469,#1651);
#1410=LINE('',#3471,#1652);
#1411=LINE('',#3472,#1653);
#1412=LINE('',#3473,#1654);
#1413=LINE('',#3474,#1655);
#1414=LINE('',#3475,#1656);
#1415=LINE('',#3477,#1657);
#1416=LINE('',#3480,#1658);
#1417=LINE('',#3482,#1659);
#1418=LINE('',#3484,#1660);
#1419=LINE('',#3485,#1661);
#1420=LINE('',#3486,#1662);
#1421=LINE('',#3487,#1663);
#1422=LINE('',#3488,#1664);
#1423=LINE('',#3489,#1665);
#1424=LINE('',#3490,#1666);
#1425=LINE('',#3491,#1667);
#1426=LINE('',#3493,#1668);
#1427=LINE('',#3494,#1669);
#1428=LINE('',#3496,#1670);
#1429=LINE('',#3498,#1671);
#1430=LINE('',#3505,#1672);
#1431=LINE('',#3511,#1673);
#1432=LINE('',#3518,#1674);
#1433=LINE('',#3541,#1675);
#1434=LINE('',#3545,#1676);
#1435=LINE('',#3551,#1677);
#1436=LINE('',#3558,#1678);
#1437=LINE('',#3581,#1679);
#1438=VECTOR('',#2324,1000.);
#1439=VECTOR('',#2325,1000.);
#1440=VECTOR('',#2326,1000.);
#1441=VECTOR('',#2327,1000.);
#1442=VECTOR('',#2328,1000.);
#1443=VECTOR('',#2329,1000.);
#1444=VECTOR('',#2330,1000.);
#1445=VECTOR('',#2331,1000.);
#1446=VECTOR('',#2334,1000.);
#1447=VECTOR('',#2335,1000.);
#1448=VECTOR('',#2336,1000.);
#1449=VECTOR('',#2337,1000.);
#1450=VECTOR('',#2338,1000.);
#1451=VECTOR('',#2339,1000.);
#1452=VECTOR('',#2340,1000.);
#1453=VECTOR('',#2343,1000.);
#1454=VECTOR('',#2344,1000.);
#1455=VECTOR('',#2345,1000.);
#1456=VECTOR('',#2346,1000.);
#1457=VECTOR('',#2347,1000.);
#1458=VECTOR('',#2348,1000.);
#1459=VECTOR('',#2349,1000.);
#1460=VECTOR('',#2350,1000.);
#1461=VECTOR('',#2353,1000.);
#1462=VECTOR('',#2354,1000.);
#1463=VECTOR('',#2355,1000.);
#1464=VECTOR('',#2356,1000.);
#1465=VECTOR('',#2359,1000.);
#1466=VECTOR('',#2360,1000.);
#1467=VECTOR('',#2361,1000.);
#1468=VECTOR('',#2362,1000.);
#1469=VECTOR('',#2365,1000.);
#1470=VECTOR('',#2366,1000.);
#1471=VECTOR('',#2369,1000.);
#1472=VECTOR('',#2370,1000.);
#1473=VECTOR('',#2375,1000.);
#1474=VECTOR('',#2376,1000.);
#1475=VECTOR('',#2377,1000.);
#1476=VECTOR('',#2378,1000.);
#1477=VECTOR('',#2381,1000.);
#1478=VECTOR('',#2382,1000.);
#1479=VECTOR('',#2383,1000.);
#1480=VECTOR('',#2384,1000.);
#1481=VECTOR('',#2385,1000.);
#1482=VECTOR('',#2386,1000.);
#1483=VECTOR('',#2387,1000.);
#1484=VECTOR('',#2390,1000.);
#1485=VECTOR('',#2391,1000.);
#1486=VECTOR('',#2392,1000.);
#1487=VECTOR('',#2395,1000.);
#1488=VECTOR('',#2398,1000.);
#1489=VECTOR('',#2403,1000.);
#1490=VECTOR('',#2404,1000.);
#1491=VECTOR('',#2407,1000.);
#1492=VECTOR('',#2408,1000.);
#1493=VECTOR('',#2415,1000.);
#1494=VECTOR('',#2416,1000.);
#1495=VECTOR('',#2417,1000.);
#1496=VECTOR('',#2418,1000.);
#1497=VECTOR('',#2421,1000.);
#1498=VECTOR('',#2422,1000.);
#1499=VECTOR('',#2423,1000.);
#1500=VECTOR('',#2424,1000.);
#1501=VECTOR('',#2427,1000.);
#1502=VECTOR('',#2430,1000.);
#1503=VECTOR('',#2431,1000.);
#1504=VECTOR('',#2434,1000.);
#1505=VECTOR('',#2439,1000.);
#1506=VECTOR('',#2440,1000.);
#1507=VECTOR('',#2443,1000.);
#1508=VECTOR('',#2448,1000.);
#1509=VECTOR('',#2449,1000.);
#1510=VECTOR('',#2452,1000.);
#1511=VECTOR('',#2455,1000.);
#1512=VECTOR('',#2462,1000.);
#1513=VECTOR('',#2463,1000.);
#1514=VECTOR('',#2464,1000.);
#1515=VECTOR('',#2467,1000.);
#1516=VECTOR('',#2470,1000.);
#1517=VECTOR('',#2471,1000.);
#1518=VECTOR('',#2472,1000.);
#1519=VECTOR('',#2475,1000.);
#1520=VECTOR('',#2480,1000.);
#1521=VECTOR('',#2481,1000.);
#1522=VECTOR('',#2482,1000.);
#1523=VECTOR('',#2485,1000.);
#1524=VECTOR('',#2486,1000.);
#1525=VECTOR('',#2487,1000.);
#1526=VECTOR('',#2490,1000.);
#1527=VECTOR('',#2491,1000.);
#1528=VECTOR('',#2494,1000.);
#1529=VECTOR('',#2497,1000.);
#1530=VECTOR('',#2500,1000.);
#1531=VECTOR('',#2501,1000.);
#1532=VECTOR('',#2502,1000.);
#1533=VECTOR('',#2505,1000.);
#1534=VECTOR('',#2506,1000.);
#1535=VECTOR('',#2507,1000.);
#1536=VECTOR('',#2510,1000.);
#1537=VECTOR('',#2511,1000.);
#1538=VECTOR('',#2512,1000.);
#1539=VECTOR('',#2513,1000.);
#1540=VECTOR('',#2516,1000.);
#1541=VECTOR('',#2517,1000.);
#1542=VECTOR('',#2518,1000.);
#1543=VECTOR('',#2523,1000.);
#1544=VECTOR('',#2528,1000.);
#1545=VECTOR('',#2529,1000.);
#1546=VECTOR('',#2530,1000.);
#1547=VECTOR('',#2539,1000.);
#1548=VECTOR('',#2540,1000.);
#1549=VECTOR('',#2541,1000.);
#1550=VECTOR('',#2548,1000.);
#1551=VECTOR('',#2551,1000.);
#1552=VECTOR('',#2552,1000.);
#1553=VECTOR('',#2553,1000.);
#1554=VECTOR('',#2562,1000.);
#1555=VECTOR('',#2563,1000.);
#1556=VECTOR('',#2564,1000.);
#1557=VECTOR('',#2565,1000.);
#1558=VECTOR('',#2568,1000.);
#1559=VECTOR('',#2569,1000.);
#1560=VECTOR('',#2570,1000.);
#1561=VECTOR('',#2573,1000.);
#1562=VECTOR('',#2580,1000.);
#1563=VECTOR('',#2581,1000.);
#1564=VECTOR('',#2582,1000.);
#1565=VECTOR('',#2591,1000.);
#1566=VECTOR('',#2592,1000.);
#1567=VECTOR('',#2593,1000.);
#1568=VECTOR('',#2598,1000.);
#1569=VECTOR('',#2603,1000.);
#1570=VECTOR('',#2604,1000.);
#1571=VECTOR('',#2605,1000.);
#1572=VECTOR('',#2614,1000.);
#1573=VECTOR('',#2615,1000.);
#1574=VECTOR('',#2616,1000.);
#1575=VECTOR('',#2617,1000.);
#1576=VECTOR('',#2620,1000.);
#1577=VECTOR('',#2621,1000.);
#1578=VECTOR('',#2622,1000.);
#1579=VECTOR('',#2625,1000.);
#1580=VECTOR('',#2626,1000.);
#1581=VECTOR('',#2627,1000.);
#1582=VECTOR('',#2628,1000.);
#1583=VECTOR('',#2631,1000.);
#1584=VECTOR('',#2632,1000.);
#1585=VECTOR('',#2633,1000.);
#1586=VECTOR('',#2636,1000.);
#1587=VECTOR('',#2637,1000.);
#1588=VECTOR('',#2638,1000.);
#1589=VECTOR('',#2641,1000.);
#1590=VECTOR('',#2642,1000.);
#1591=VECTOR('',#2645,1000.);
#1592=VECTOR('',#2648,1000.);
#1593=VECTOR('',#2651,1000.);
#1594=VECTOR('',#2652,1000.);
#1595=VECTOR('',#2653,1000.);
#1596=VECTOR('',#2656,1000.);
#1597=VECTOR('',#2657,1000.);
#1598=VECTOR('',#2658,1000.);
#1599=VECTOR('',#2661,1000.);
#1600=VECTOR('',#2662,1000.);
#1601=VECTOR('',#2663,1000.);
#1602=VECTOR('',#2664,1000.);
#1603=VECTOR('',#2669,1000.);
#1604=VECTOR('',#2674,1000.);
#1605=VECTOR('',#2675,1000.);
#1606=VECTOR('',#2676,1000.);
#1607=VECTOR('',#2681,1000.);
#1608=VECTOR('',#2686,1000.);
#1609=VECTOR('',#2687,1000.);
#1610=VECTOR('',#2694,1000.);
#1611=VECTOR('',#2697,1000.);
#1612=VECTOR('',#2698,1000.);
#1613=VECTOR('',#2699,1000.);
#1614=VECTOR('',#2706,1000.);
#1615=VECTOR('',#2709,1000.);
#1616=VECTOR('',#2710,1000.);
#1617=VECTOR('',#2713,1000.);
#1618=VECTOR('',#2714,1000.);
#1619=VECTOR('',#2715,1000.);
#1620=VECTOR('',#2716,1000.);
#1621=VECTOR('',#2719,1000.);
#1622=VECTOR('',#2726,1000.);
#1623=VECTOR('',#2727,1000.);
#1624=VECTOR('',#2728,1000.);
#1625=VECTOR('',#2731,1000.);
#1626=VECTOR('',#2738,1000.);
#1627=VECTOR('',#2739,1000.);
#1628=VECTOR('',#2744,1000.);
#1629=VECTOR('',#2749,1000.);
#1630=VECTOR('',#2750,1000.);
#1631=VECTOR('',#2751,1000.);
#1632=VECTOR('',#2756,1000.);
#1633=VECTOR('',#2761,1000.);
#1634=VECTOR('',#2762,1000.);
#1635=VECTOR('',#2765,1000.);
#1636=VECTOR('',#2766,1000.);
#1637=VECTOR('',#2767,1000.);
#1638=VECTOR('',#2770,1000.);
#1639=VECTOR('',#2771,1000.);
#1640=VECTOR('',#2772,1000.);
#1641=VECTOR('',#2773,1000.);
#1642=VECTOR('',#2776,1000.);
#1643=VECTOR('',#2777,1000.);
#1644=VECTOR('',#2778,1000.);
#1645=VECTOR('',#2779,1000.);
#1646=VECTOR('',#2782,1000.);
#1647=VECTOR('',#2783,1000.);
#1648=VECTOR('',#2784,1000.);
#1649=VECTOR('',#2785,1000.);
#1650=VECTOR('',#2786,1000.);
#1651=VECTOR('',#2787,1000.);
#1652=VECTOR('',#2788,1000.);
#1653=VECTOR('',#2789,1000.);
#1654=VECTOR('',#2790,1000.);
#1655=VECTOR('',#2791,1000.);
#1656=VECTOR('',#2792,1000.);
#1657=VECTOR('',#2795,1000.);
#1658=VECTOR('',#2796,1000.);
#1659=VECTOR('',#2797,1000.);
#1660=VECTOR('',#2798,1000.);
#1661=VECTOR('',#2799,1000.);
#1662=VECTOR('',#2800,1000.);
#1663=VECTOR('',#2801,1000.);
#1664=VECTOR('',#2802,1000.);
#1665=VECTOR('',#2803,1000.);
#1666=VECTOR('',#2804,1000.);
#1667=VECTOR('',#2805,1000.);
#1668=VECTOR('',#2808,1000.);
#1669=VECTOR('',#2809,1000.);
#1670=VECTOR('',#2812,1000.);
#1671=VECTOR('',#2815,1000.);
#1672=VECTOR('',#2828,1000.);
#1673=VECTOR('',#2839,1000.);
#1674=VECTOR('',#2852,1000.);
#1675=VECTOR('',#2853,1000.);
#1676=VECTOR('',#2860,1000.);
#1677=VECTOR('',#2871,1000.);
#1678=VECTOR('',#2884,1000.);
#1679=VECTOR('',#2885,1000.);
#1680=EDGE_LOOP('',(#114,#115,#116,#117,#118,#119,#120,#121));
#1681=EDGE_LOOP('',(#122,#123,#124,#125,#126,#127,#128,#129));
#1682=EDGE_LOOP('',(#130,#131,#132,#133));
#1683=EDGE_LOOP('',(#134,#135,#136,#137));
#1684=EDGE_LOOP('',(#138,#139,#140,#141));
#1685=EDGE_LOOP('',(#142,#143,#144,#145));
#1686=EDGE_LOOP('',(#146,#147,#148,#149));
#1687=EDGE_LOOP('',(#150,#151,#152,#153));
#1688=EDGE_LOOP('',(#154,#155,#156,#157));
#1689=EDGE_LOOP('',(#158,#159,#160,#161));
#1690=EDGE_LOOP('',(#162,#163,#164,#165));
#1691=EDGE_LOOP('',(#166,#167,#168,#169));
#1692=EDGE_LOOP('',(#170,#171,#172,#173));
#1693=EDGE_LOOP('',(#174,#175,#176,#177));
#1694=EDGE_LOOP('',(#178,#179,#180,#181));
#1695=EDGE_LOOP('',(#182,#183,#184,#185));
#1696=EDGE_LOOP('',(#186,#187,#188,#189));
#1697=EDGE_LOOP('',(#190,#191,#192,#193));
#1698=EDGE_LOOP('',(#194,#195,#196,#197));
#1699=EDGE_LOOP('',(#198,#199,#200,#201));
#1700=EDGE_LOOP('',(#202,#203,#204,#205));
#1701=EDGE_LOOP('',(#206,#207,#208,#209,#210,#211));
#1702=EDGE_LOOP('',(#212,#213,#214,#215,#216,#217));
#1703=EDGE_LOOP('',(#218,#219,#220,#221));
#1704=EDGE_LOOP('',(#222,#223,#224,#225));
#1705=EDGE_LOOP('',(#226,#227,#228,#229));
#1706=EDGE_LOOP('',(#230,#231,#232,#233));
#1707=EDGE_LOOP('',(#234,#235,#236,#237));
#1708=EDGE_LOOP('',(#238,#239,#240,#241));
#1709=EDGE_LOOP('',(#242,#243,#244,#245));
#1710=EDGE_LOOP('',(#246,#247,#248,#249));
#1711=EDGE_LOOP('',(#250,#251,#252,#253));
#1712=EDGE_LOOP('',(#254,#255,#256,#257));
#1713=EDGE_LOOP('',(#258,#259,#260,#261));
#1714=EDGE_LOOP('',(#262,#263,#264,#265,#266,#267,#268,#269,#270,#271,#272,
#273));
#1715=EDGE_LOOP('',(#274,#275,#276,#277,#278));
#1716=EDGE_LOOP('',(#279,#280,#281,#282,#283));
#1717=EDGE_LOOP('',(#284,#285,#286,#287,#288,#289));
#1718=EDGE_LOOP('',(#290,#291,#292,#293,#294));
#1719=EDGE_LOOP('',(#295,#296,#297,#298,#299));
#1720=EDGE_LOOP('',(#300,#301,#302,#303));
#1721=EDGE_LOOP('',(#304,#305,#306,#307));
#1722=EDGE_LOOP('',(#308,#309,#310,#311));
#1723=EDGE_LOOP('',(#312,#313,#314,#315));
#1724=EDGE_LOOP('',(#316,#317,#318,#319));
#1725=EDGE_LOOP('',(#320,#321,#322,#323));
#1726=EDGE_LOOP('',(#324,#325,#326,#327));
#1727=EDGE_LOOP('',(#328,#329,#330,#331));
#1728=EDGE_LOOP('',(#332,#333,#334,#335));
#1729=EDGE_LOOP('',(#336,#337,#338,#339));
#1730=EDGE_LOOP('',(#340,#341,#342,#343));
#1731=EDGE_LOOP('',(#344,#345,#346,#347));
#1732=EDGE_LOOP('',(#348,#349,#350,#351));
#1733=EDGE_LOOP('',(#352,#353,#354,#355));
#1734=EDGE_LOOP('',(#356,#357,#358,#359));
#1735=EDGE_LOOP('',(#360,#361,#362,#363));
#1736=EDGE_LOOP('',(#364,#365,#366,#367));
#1737=EDGE_LOOP('',(#368,#369,#370,#371));
#1738=EDGE_LOOP('',(#372,#373,#374,#375));
#1739=EDGE_LOOP('',(#376,#377,#378,#379));
#1740=EDGE_LOOP('',(#380,#381,#382,#383));
#1741=EDGE_LOOP('',(#384,#385,#386,#387,#388));
#1742=EDGE_LOOP('',(#389,#390,#391,#392,#393));
#1743=EDGE_LOOP('',(#394,#395,#396,#397,#398,#399));
#1744=EDGE_LOOP('',(#400,#401,#402,#403,#404));
#1745=EDGE_LOOP('',(#405,#406,#407,#408,#409));
#1746=EDGE_LOOP('',(#410,#411,#412,#413));
#1747=EDGE_LOOP('',(#414,#415,#416,#417));
#1748=EDGE_LOOP('',(#418,#419,#420,#421));
#1749=EDGE_LOOP('',(#422,#423,#424,#425));
#1750=EDGE_LOOP('',(#426,#427,#428,#429));
#1751=EDGE_LOOP('',(#430,#431,#432,#433));
#1752=EDGE_LOOP('',(#434,#435,#436,#437));
#1753=EDGE_LOOP('',(#438,#439,#440,#441));
#1754=EDGE_LOOP('',(#442,#443,#444,#445));
#1755=EDGE_LOOP('',(#446,#447,#448,#449));
#1756=EDGE_LOOP('',(#450,#451,#452,#453));
#1757=EDGE_LOOP('',(#454,#455,#456,#457));
#1758=EDGE_LOOP('',(#458,#459,#460,#461));
#1759=EDGE_LOOP('',(#462,#463,#464,#465));
#1760=EDGE_LOOP('',(#466,#467,#468,#469));
#1761=EDGE_LOOP('',(#470,#471,#472,#473));
#1762=EDGE_LOOP('',(#474,#475,#476,#477));
#1763=EDGE_LOOP('',(#478,#479,#480,#481));
#1764=EDGE_LOOP('',(#482,#483,#484,#485));
#1765=EDGE_LOOP('',(#486,#487,#488,#489));
#1766=EDGE_LOOP('',(#490,#491,#492,#493));
#1767=EDGE_LOOP('',(#494,#495,#496,#497,#498,#499,#500,#501,#502,#503));
#1768=EDGE_LOOP('',(#504,#505,#506,#507,#508,#509,#510,#511));
#1769=EDGE_LOOP('',(#512,#513,#514,#515,#516,#517,#518,#519,#520,#521));
#1770=EDGE_LOOP('',(#522,#523,#524,#525,#526,#527,#528,#529));
#1771=EDGE_LOOP('',(#530,#531,#532,#533));
#1772=EDGE_LOOP('',(#534,#535,#536,#537));
#1773=EDGE_LOOP('',(#538,#539,#540,#541));
#1774=EDGE_LOOP('',(#542,#543,#544,#545));
#1775=EDGE_LOOP('',(#546,#547,#548,#549));
#1776=EDGE_LOOP('',(#550,#551,#552,#553));
#1777=EDGE_LOOP('',(#554,#555,#556,#557));
#1778=EDGE_LOOP('',(#558,#559,#560,#561));
#1779=EDGE_LOOP('',(#562,#563,#564,#565));
#1780=EDGE_LOOP('',(#566,#567,#568,#569));
#1781=EDGE_LOOP('',(#570,#571,#572,#573));
#1782=EDGE_LOOP('',(#574,#575,#576,#577));
#1783=EDGE_LOOP('',(#578,#579,#580,#581));
#1784=EDGE_LOOP('',(#582,#583,#584,#585,#586,#587,#588,#589,#590,#591));
#1785=EDGE_LOOP('',(#592,#593,#594,#595,#596,#597,#598,#599,#600,#601));
#1786=EDGE_LOOP('',(#602,#603,#604,#605,#606,#607,#608,#609,#610,#611,#612,
#613));
#1787=EDGE_LOOP('',(#614,#615,#616,#617));
#1788=EDGE_LOOP('',(#618,#619,#620,#621));
#1789=EDGE_LOOP('',(#622,#623,#624,#625,#626,#627,#628,#629,#630,#631,#632,
#633));
#1790=EDGE_LOOP('',(#634,#635,#636,#637));
#1791=EDGE_LOOP('',(#638,#639,#640,#641));
#1792=EDGE_LOOP('',(#642,#643,#644,#645));
#1793=EDGE_LOOP('',(#646,#647,#648,#649));
#1794=EDGE_LOOP('',(#650,#651,#652,#653));
#1795=EDGE_LOOP('',(#654,#655,#656,#657));
#1796=EDGE_LOOP('',(#658,#659,#660,#661,#662,#663,#664,#665,#666,#667));
#1797=EDGE_LOOP('',(#668,#669,#670,#671,#672,#673,#674,#675,#676,#677));
#1798=EDGE_LOOP('',(#678,#679,#680,#681,#682,#683,#684,#685,#686,#687,#688,
#689));
#1799=EDGE_LOOP('',(#690,#691,#692,#693));
#1800=EDGE_LOOP('',(#694,#695,#696,#697));
#1801=EDGE_LOOP('',(#698,#699,#700,#701,#702,#703,#704,#705,#706,#707,#708,
#709));
#1802=FACE_BOUND('',#1680,.T.);
#1803=FACE_BOUND('',#1681,.T.);
#1804=FACE_BOUND('',#1682,.T.);
#1805=FACE_BOUND('',#1683,.T.);
#1806=FACE_BOUND('',#1684,.T.);
#1807=FACE_BOUND('',#1685,.T.);
#1808=FACE_BOUND('',#1686,.T.);
#1809=FACE_BOUND('',#1687,.T.);
#1810=FACE_BOUND('',#1688,.T.);
#1811=FACE_BOUND('',#1689,.T.);
#1812=FACE_BOUND('',#1690,.T.);
#1813=FACE_BOUND('',#1691,.T.);
#1814=FACE_BOUND('',#1692,.T.);
#1815=FACE_BOUND('',#1693,.T.);
#1816=FACE_BOUND('',#1694,.T.);
#1817=FACE_BOUND('',#1695,.T.);
#1818=FACE_BOUND('',#1696,.T.);
#1819=FACE_BOUND('',#1697,.T.);
#1820=FACE_BOUND('',#1698,.T.);
#1821=FACE_BOUND('',#1699,.T.);
#1822=FACE_BOUND('',#1700,.T.);
#1823=FACE_BOUND('',#1701,.T.);
#1824=FACE_BOUND('',#1702,.T.);
#1825=FACE_BOUND('',#1703,.T.);
#1826=FACE_BOUND('',#1704,.T.);
#1827=FACE_BOUND('',#1705,.T.);
#1828=FACE_BOUND('',#1706,.T.);
#1829=FACE_BOUND('',#1707,.T.);
#1830=FACE_BOUND('',#1708,.T.);
#1831=FACE_BOUND('',#1709,.T.);
#1832=FACE_BOUND('',#1710,.T.);
#1833=FACE_BOUND('',#1711,.T.);
#1834=FACE_BOUND('',#1712,.T.);
#1835=FACE_BOUND('',#1713,.T.);
#1836=FACE_BOUND('',#1714,.T.);
#1837=FACE_BOUND('',#1715,.T.);
#1838=FACE_BOUND('',#1716,.T.);
#1839=FACE_BOUND('',#1717,.T.);
#1840=FACE_BOUND('',#1718,.T.);
#1841=FACE_BOUND('',#1719,.T.);
#1842=FACE_BOUND('',#1720,.T.);
#1843=FACE_BOUND('',#1721,.T.);
#1844=FACE_BOUND('',#1722,.T.);
#1845=FACE_BOUND('',#1723,.T.);
#1846=FACE_BOUND('',#1724,.T.);
#1847=FACE_BOUND('',#1725,.T.);
#1848=FACE_BOUND('',#1726,.T.);
#1849=FACE_BOUND('',#1727,.T.);
#1850=FACE_BOUND('',#1728,.T.);
#1851=FACE_BOUND('',#1729,.T.);
#1852=FACE_BOUND('',#1730,.T.);
#1853=FACE_BOUND('',#1731,.T.);
#1854=FACE_BOUND('',#1732,.T.);
#1855=FACE_BOUND('',#1733,.T.);
#1856=FACE_BOUND('',#1734,.T.);
#1857=FACE_BOUND('',#1735,.T.);
#1858=FACE_BOUND('',#1736,.T.);
#1859=FACE_BOUND('',#1737,.T.);
#1860=FACE_BOUND('',#1738,.T.);
#1861=FACE_BOUND('',#1739,.T.);
#1862=FACE_BOUND('',#1740,.T.);
#1863=FACE_BOUND('',#1741,.T.);
#1864=FACE_BOUND('',#1742,.T.);
#1865=FACE_BOUND('',#1743,.T.);
#1866=FACE_BOUND('',#1744,.T.);
#1867=FACE_BOUND('',#1745,.T.);
#1868=FACE_BOUND('',#1746,.T.);
#1869=FACE_BOUND('',#1747,.T.);
#1870=FACE_BOUND('',#1748,.T.);
#1871=FACE_BOUND('',#1749,.T.);
#1872=FACE_BOUND('',#1750,.T.);
#1873=FACE_BOUND('',#1751,.T.);
#1874=FACE_BOUND('',#1752,.T.);
#1875=FACE_BOUND('',#1753,.T.);
#1876=FACE_BOUND('',#1754,.T.);
#1877=FACE_BOUND('',#1755,.T.);
#1878=FACE_BOUND('',#1756,.T.);
#1879=FACE_BOUND('',#1757,.T.);
#1880=FACE_BOUND('',#1758,.T.);
#1881=FACE_BOUND('',#1759,.T.);
#1882=FACE_BOUND('',#1760,.T.);
#1883=FACE_BOUND('',#1761,.T.);
#1884=FACE_BOUND('',#1762,.T.);
#1885=FACE_BOUND('',#1763,.T.);
#1886=FACE_BOUND('',#1764,.T.);
#1887=FACE_BOUND('',#1765,.T.);
#1888=FACE_BOUND('',#1766,.T.);
#1889=FACE_BOUND('',#1767,.T.);
#1890=FACE_BOUND('',#1768,.T.);
#1891=FACE_BOUND('',#1769,.T.);
#1892=FACE_BOUND('',#1770,.T.);
#1893=FACE_BOUND('',#1771,.T.);
#1894=FACE_BOUND('',#1772,.T.);
#1895=FACE_BOUND('',#1773,.T.);
#1896=FACE_BOUND('',#1774,.T.);
#1897=FACE_BOUND('',#1775,.T.);
#1898=FACE_BOUND('',#1776,.T.);
#1899=FACE_BOUND('',#1777,.T.);
#1900=FACE_BOUND('',#1778,.T.);
#1901=FACE_BOUND('',#1779,.T.);
#1902=FACE_BOUND('',#1780,.T.);
#1903=FACE_BOUND('',#1781,.T.);
#1904=FACE_BOUND('',#1782,.T.);
#1905=FACE_BOUND('',#1783,.T.);
#1906=FACE_BOUND('',#1784,.T.);
#1907=FACE_BOUND('',#1785,.T.);
#1908=FACE_BOUND('',#1786,.T.);
#1909=FACE_BOUND('',#1787,.T.);
#1910=FACE_BOUND('',#1788,.T.);
#1911=FACE_BOUND('',#1789,.T.);
#1912=FACE_BOUND('',#1790,.T.);
#1913=FACE_BOUND('',#1791,.T.);
#1914=FACE_BOUND('',#1792,.T.);
#1915=FACE_BOUND('',#1793,.T.);
#1916=FACE_BOUND('',#1794,.T.);
#1917=FACE_BOUND('',#1795,.T.);
#1918=FACE_BOUND('',#1796,.T.);
#1919=FACE_BOUND('',#1797,.T.);
#1920=FACE_BOUND('',#1798,.T.);
#1921=FACE_BOUND('',#1799,.T.);
#1922=FACE_BOUND('',#1800,.T.);
#1923=FACE_BOUND('',#1801,.T.);
#1924=PLANE('',#2157);
#1925=PLANE('',#2158);
#1926=PLANE('',#2159);
#1927=PLANE('',#2160);
#1928=PLANE('',#2161);
#1929=PLANE('',#2162);
#1930=PLANE('',#2163);
#1931=PLANE('',#2164);
#1932=PLANE('',#2165);
#1933=PLANE('',#2166);
#1934=PLANE('',#2167);
#1935=PLANE('',#2168);
#1936=PLANE('',#2169);
#1937=PLANE('',#2170);
#1938=PLANE('',#2171);
#1939=PLANE('',#2172);
#1940=PLANE('',#2173);
#1941=PLANE('',#2174);
#1942=PLANE('',#2175);
#1943=PLANE('',#2176);
#1944=PLANE('',#2177);
#1945=PLANE('',#2178);
#1946=PLANE('',#2179);
#1947=PLANE('',#2180);
#1948=PLANE('',#2181);
#1949=PLANE('',#2182);
#1950=PLANE('',#2183);
#1951=PLANE('',#2184);
#1952=PLANE('',#2185);
#1953=PLANE('',#2186);
#1954=PLANE('',#2187);
#1955=PLANE('',#2189);
#1956=PLANE('',#2194);
#1957=PLANE('',#2195);
#1958=PLANE('',#2196);
#1959=PLANE('',#2199);
#1960=PLANE('',#2200);
#1961=PLANE('',#2201);
#1962=PLANE('',#2202);
#1963=PLANE('',#2206);
#1964=PLANE('',#2210);
#1965=PLANE('',#2214);
#1966=PLANE('',#2218);
#1967=PLANE('',#2219);
#1968=PLANE('',#2223);
#1969=PLANE('',#2227);
#1970=PLANE('',#2231);
#1971=PLANE('',#2235);
#1972=PLANE('',#2236);
#1973=PLANE('',#2237);
#1974=PLANE('',#2238);
#1975=PLANE('',#2239);
#1976=PLANE('',#2240);
#1977=PLANE('',#2243);
#1978=PLANE('',#2244);
#1979=PLANE('',#2245);
#1980=PLANE('',#2249);
#1981=PLANE('',#2253);
#1982=PLANE('',#2257);
#1983=PLANE('',#2261);
#1984=PLANE('',#2262);
#1985=PLANE('',#2266);
#1986=PLANE('',#2270);
#1987=PLANE('',#2274);
#1988=PLANE('',#2278);
#1989=PLANE('',#2279);
#1990=PLANE('',#2280);
#1991=PLANE('',#2281);
#1992=PLANE('',#2282);
#1993=PLANE('',#2283);
#1994=PLANE('',#2284);
#1995=PLANE('',#2285);
#1996=PLANE('',#2286);
#1997=PLANE('',#2287);
#1998=PLANE('',#2288);
#1999=PLANE('',#2289);
#2000=PLANE('',#2290);
#2001=PLANE('',#2291);
#2002=PLANE('',#2296);
#2003=PLANE('',#2301);
#2004=PLANE('',#2302);
#2005=PLANE('',#2303);
#2006=PLANE('',#2304);
#2007=PLANE('',#2305);
#2008=PLANE('',#2310);
#2009=PLANE('',#2315);
#2010=PLANE('',#2316);
#2011=PLANE('',#2317);
#2012=PLANE('',#2318);
#2013=ADVANCED_FACE('',(#1802),#1924,.F.);
#2014=ADVANCED_FACE('',(#1803),#1925,.T.);
#2015=ADVANCED_FACE('',(#1804,#1805),#1926,.F.);
#2016=ADVANCED_FACE('',(#1806),#1927,.F.);
#2017=ADVANCED_FACE('',(#1807),#1928,.F.);
#2018=ADVANCED_FACE('',(#1808),#1929,.T.);
#2019=ADVANCED_FACE('',(#1809),#1930,.F.);
#2020=ADVANCED_FACE('',(#1810),#1931,.F.);
#2021=ADVANCED_FACE('',(#1811),#1932,.F.);
#2022=ADVANCED_FACE('',(#1812,#1813),#1933,.F.);
#2023=ADVANCED_FACE('',(#1814,#1815),#1934,.F.);
#2024=ADVANCED_FACE('',(#1816),#1935,.F.);
#2025=ADVANCED_FACE('',(#1817),#1936,.F.);
#2026=ADVANCED_FACE('',(#1818),#1937,.F.);
#2027=ADVANCED_FACE('',(#1819),#1938,.T.);
#2028=ADVANCED_FACE('',(#1820),#1939,.F.);
#2029=ADVANCED_FACE('',(#1821),#1940,.F.);
#2030=ADVANCED_FACE('',(#1822),#1941,.F.);
#2031=ADVANCED_FACE('',(#1823),#1942,.T.);
#2032=ADVANCED_FACE('',(#1824),#1943,.T.);
#2033=ADVANCED_FACE('',(#1825),#1944,.T.);
#2034=ADVANCED_FACE('',(#1826),#1945,.T.);
#2035=ADVANCED_FACE('',(#1827),#1946,.T.);
#2036=ADVANCED_FACE('',(#1828),#1947,.F.);
#2037=ADVANCED_FACE('',(#1829),#1948,.F.);
#2038=ADVANCED_FACE('',(#1830),#1949,.F.);
#2039=ADVANCED_FACE('',(#1831),#1950,.T.);
#2040=ADVANCED_FACE('',(#1832),#1951,.T.);
#2041=ADVANCED_FACE('',(#1833),#1952,.T.);
#2042=ADVANCED_FACE('',(#1834),#1953,.T.);
#2043=ADVANCED_FACE('',(#1835),#1954,.T.);
#2044=ADVANCED_FACE('',(#1836),#1955,.T.);
#2045=ADVANCED_FACE('',(#1837),#1956,.T.);
#2046=ADVANCED_FACE('',(#1838),#1957,.F.);
#2047=ADVANCED_FACE('',(#1839),#1958,.F.);
#2048=ADVANCED_FACE('',(#1840),#1959,.T.);
#2049=ADVANCED_FACE('',(#1841),#1960,.F.);
#2050=ADVANCED_FACE('',(#1842),#1961,.F.);
#2051=ADVANCED_FACE('',(#1843),#1962,.T.);
#2052=ADVANCED_FACE('',(#1844),#22,.T.);
#2053=ADVANCED_FACE('',(#1845),#1963,.T.);
#2054=ADVANCED_FACE('',(#1846),#23,.F.);
#2055=ADVANCED_FACE('',(#1847),#1964,.F.);
#2056=ADVANCED_FACE('',(#1848),#24,.F.);
#2057=ADVANCED_FACE('',(#1849),#1965,.F.);
#2058=ADVANCED_FACE('',(#1850),#25,.T.);
#2059=ADVANCED_FACE('',(#1851),#1966,.F.);
#2060=ADVANCED_FACE('',(#1852),#1967,.T.);
#2061=ADVANCED_FACE('',(#1853),#26,.T.);
#2062=ADVANCED_FACE('',(#1854),#1968,.T.);
#2063=ADVANCED_FACE('',(#1855),#27,.F.);
#2064=ADVANCED_FACE('',(#1856),#1969,.F.);
#2065=ADVANCED_FACE('',(#1857),#28,.F.);
#2066=ADVANCED_FACE('',(#1858),#1970,.F.);
#2067=ADVANCED_FACE('',(#1859),#29,.T.);
#2068=ADVANCED_FACE('',(#1860),#1971,.T.);
#2069=ADVANCED_FACE('',(#1861),#1972,.T.);
#2070=ADVANCED_FACE('',(#1862),#1973,.T.);
#2071=ADVANCED_FACE('',(#1863),#1974,.T.);
#2072=ADVANCED_FACE('',(#1864),#1975,.F.);
#2073=ADVANCED_FACE('',(#1865),#1976,.F.);
#2074=ADVANCED_FACE('',(#1866),#1977,.T.);
#2075=ADVANCED_FACE('',(#1867),#1978,.F.);
#2076=ADVANCED_FACE('',(#1868),#1979,.T.);
#2077=ADVANCED_FACE('',(#1869),#30,.F.);
#2078=ADVANCED_FACE('',(#1870),#1980,.T.);
#2079=ADVANCED_FACE('',(#1871),#31,.T.);
#2080=ADVANCED_FACE('',(#1872),#1981,.T.);
#2081=ADVANCED_FACE('',(#1873),#32,.T.);
#2082=ADVANCED_FACE('',(#1874),#1982,.F.);
#2083=ADVANCED_FACE('',(#1875),#33,.F.);
#2084=ADVANCED_FACE('',(#1876),#1983,.F.);
#2085=ADVANCED_FACE('',(#1877),#1984,.T.);
#2086=ADVANCED_FACE('',(#1878),#34,.F.);
#2087=ADVANCED_FACE('',(#1879),#1985,.T.);
#2088=ADVANCED_FACE('',(#1880),#35,.T.);
#2089=ADVANCED_FACE('',(#1881),#1986,.T.);
#2090=ADVANCED_FACE('',(#1882),#36,.T.);
#2091=ADVANCED_FACE('',(#1883),#1987,.F.);
#2092=ADVANCED_FACE('',(#1884),#37,.F.);
#2093=ADVANCED_FACE('',(#1885),#1988,.F.);
#2094=ADVANCED_FACE('',(#1886),#1989,.T.);
#2095=ADVANCED_FACE('',(#1887),#1990,.T.);
#2096=ADVANCED_FACE('',(#1888),#1991,.T.);
#2097=ADVANCED_FACE('',(#1889,#1890),#1992,.F.);
#2098=ADVANCED_FACE('',(#1891,#1892),#1993,.T.);
#2099=ADVANCED_FACE('',(#1893),#1994,.T.);
#2100=ADVANCED_FACE('',(#1894),#1995,.T.);
#2101=ADVANCED_FACE('',(#1895),#1996,.T.);
#2102=ADVANCED_FACE('',(#1896),#1997,.T.);
#2103=ADVANCED_FACE('',(#1897),#1998,.T.);
#2104=ADVANCED_FACE('',(#1898),#1999,.T.);
#2105=ADVANCED_FACE('',(#1899),#2000,.T.);
#2106=ADVANCED_FACE('',(#1900),#2001,.F.);
#2107=ADVANCED_FACE('',(#1901),#38,.T.);
#2108=ADVANCED_FACE('',(#1902),#39,.F.);
#2109=ADVANCED_FACE('',(#1903),#2002,.F.);
#2110=ADVANCED_FACE('',(#1904),#40,.T.);
#2111=ADVANCED_FACE('',(#1905),#41,.F.);
#2112=ADVANCED_FACE('',(#1906),#2003,.T.);
#2113=ADVANCED_FACE('',(#1907),#2004,.T.);
#2114=ADVANCED_FACE('',(#1908),#2005,.T.);
#2115=ADVANCED_FACE('',(#1909),#18,.T.);
#2116=ADVANCED_FACE('',(#1910),#19,.T.);
#2117=ADVANCED_FACE('',(#1911),#2006,.T.);
#2118=ADVANCED_FACE('',(#1912),#2007,.F.);
#2119=ADVANCED_FACE('',(#1913),#42,.T.);
#2120=ADVANCED_FACE('',(#1914),#43,.F.);
#2121=ADVANCED_FACE('',(#1915),#2008,.F.);
#2122=ADVANCED_FACE('',(#1916),#44,.T.);
#2123=ADVANCED_FACE('',(#1917),#45,.F.);
#2124=ADVANCED_FACE('',(#1918),#2009,.F.);
#2125=ADVANCED_FACE('',(#1919),#2010,.F.);
#2126=ADVANCED_FACE('',(#1920),#2011,.T.);
#2127=ADVANCED_FACE('',(#1921),#20,.T.);
#2128=ADVANCED_FACE('',(#1922),#21,.T.);
#2129=ADVANCED_FACE('',(#1923),#2012,.T.);
#2130=CLOSED_SHELL('',(#2013,#2014,#2015,#2016,#2017,#2018,#2019,#2020,
#2021,#2022,#2023,#2024,#2025,#2026,#2027,#2028,#2029,#2030,#2031,#2032,
#2033,#2034,#2035,#2036,#2037,#2038,#2039,#2040,#2041,#2042,#2043));
#2131=CLOSED_SHELL('',(#2044,#2045,#2046,#2047,#2048,#2049,#2050,#2051,
#2052,#2053,#2054,#2055,#2056,#2057,#2058,#2059,#2060,#2061,#2062,#2063,
#2064,#2065,#2066,#2067,#2068,#2069,#2070,#2071,#2072,#2073,#2074,#2075,
#2076,#2077,#2078,#2079,#2080,#2081,#2082,#2083,#2084,#2085,#2086,#2087,
#2088,#2089,#2090,#2091,#2092,#2093,#2094,#2095,#2096,#2097,#2098,#2099,
#2100,#2101,#2102,#2103,#2104,#2105,#2106,#2107,#2108,#2109,#2110,#2111,
#2112,#2113,#2114,#2115,#2116,#2117,#2118,#2119,#2120,#2121,#2122,#2123,
#2124,#2125,#2126,#2127,#2128,#2129));
#2132=STYLED_ITEM('',(#2134),#2148);
#2133=STYLED_ITEM('',(#2135),#2149);
#2134=PRESENTATION_STYLE_ASSIGNMENT((#2136));
#2135=PRESENTATION_STYLE_ASSIGNMENT((#2137));
#2136=SURFACE_STYLE_USAGE(.BOTH.,#2138);
#2137=SURFACE_STYLE_USAGE(.BOTH.,#2139);
#2138=SURFACE_SIDE_STYLE('',(#2140));
#2139=SURFACE_SIDE_STYLE('',(#2141));
#2140=SURFACE_STYLE_FILL_AREA(#2142);
#2141=SURFACE_STYLE_FILL_AREA(#2143);
#2142=FILL_AREA_STYLE('',(#2144));
#2143=FILL_AREA_STYLE('',(#2145));
#2144=FILL_AREA_STYLE_COLOUR('',#2146);
#2145=FILL_AREA_STYLE_COLOUR('',#2147);
#2146=COLOUR_RGB('',0.200000002980232,0.200000002980232,0.200000002980232);
#2147=COLOUR_RGB('',0.569999992847443,0.569999992847443,0.569999992847443);
#2148=MANIFOLD_SOLID_BREP('',#2130);
#2149=MANIFOLD_SOLID_BREP('',#2131);
#2150=SHAPE_DEFINITION_REPRESENTATION(#3595,#2153);
#2151=SHAPE_DEFINITION_REPRESENTATION(#3594,#2154);
#2152=SHAPE_DEFINITION_REPRESENTATION(#3597,#2155);
#2153=SHAPE_REPRESENTATION('62200213421',(#2156),#3586);
#2154=SHAPE_REPRESENTATION('62200213421',(#2156,#2188,#2319),#3585);
#2155=SHAPE_REPRESENTATION('62200213421_PIN',(#2156),#3587);
#2156=AXIS2_PLACEMENT_3D('',#2890,#2320,#2321);
#2157=AXIS2_PLACEMENT_3D('',#2891,#2322,#2323);
#2158=AXIS2_PLACEMENT_3D('',#2908,#2332,#2333);
#2159=AXIS2_PLACEMENT_3D('',#2922,#2341,#2342);
#2160=AXIS2_PLACEMENT_3D('',#2939,#2351,#2352);
#2161=AXIS2_PLACEMENT_3D('',#2948,#2357,#2358);
#2162=AXIS2_PLACEMENT_3D('',#2957,#2363,#2364);
#2163=AXIS2_PLACEMENT_3D('',#2960,#2367,#2368);
#2164=AXIS2_PLACEMENT_3D('',#2963,#2371,#2372);
#2165=AXIS2_PLACEMENT_3D('',#2964,#2373,#2374);
#2166=AXIS2_PLACEMENT_3D('',#2973,#2379,#2380);
#2167=AXIS2_PLACEMENT_3D('',#2987,#2388,#2389);
#2168=AXIS2_PLACEMENT_3D('',#2993,#2393,#2394);
#2169=AXIS2_PLACEMENT_3D('',#2995,#2396,#2397);
#2170=AXIS2_PLACEMENT_3D('',#2997,#2399,#2400);
#2171=AXIS2_PLACEMENT_3D('',#2998,#2401,#2402);
#2172=AXIS2_PLACEMENT_3D('',#3001,#2405,#2406);
#2173=AXIS2_PLACEMENT_3D('',#3004,#2409,#2410);
#2174=AXIS2_PLACEMENT_3D('',#3005,#2411,#2412);
#2175=AXIS2_PLACEMENT_3D('',#3006,#2413,#2414);
#2176=AXIS2_PLACEMENT_3D('',#3013,#2419,#2420);
#2177=AXIS2_PLACEMENT_3D('',#3020,#2425,#2426);
#2178=AXIS2_PLACEMENT_3D('',#3022,#2428,#2429);
#2179=AXIS2_PLACEMENT_3D('',#3026,#2432,#2433);
#2180=AXIS2_PLACEMENT_3D('',#3028,#2435,#2436);
#2181=AXIS2_PLACEMENT_3D('',#3029,#2437,#2438);
#2182=AXIS2_PLACEMENT_3D('',#3033,#2441,#2442);
#2183=AXIS2_PLACEMENT_3D('',#3035,#2444,#2445);
#2184=AXIS2_PLACEMENT_3D('',#3036,#2446,#2447);
#2185=AXIS2_PLACEMENT_3D('',#3039,#2450,#2451);
#2186=AXIS2_PLACEMENT_3D('',#3041,#2453,#2454);
#2187=AXIS2_PLACEMENT_3D('',#3043,#2456,#2457);
#2188=AXIS2_PLACEMENT_3D('',#3044,#2458,#2459);
#2189=AXIS2_PLACEMENT_3D('',#3045,#2460,#2461);
#2190=AXIS2_PLACEMENT_3D('',#3053,#2465,#2466);
#2191=AXIS2_PLACEMENT_3D('',#3057,#2468,#2469);
#2192=AXIS2_PLACEMENT_3D('',#3065,#2473,#2474);
#2193=AXIS2_PLACEMENT_3D('',#3069,#2476,#2477);
#2194=AXIS2_PLACEMENT_3D('',#3070,#2478,#2479);
#2195=AXIS2_PLACEMENT_3D('',#3084,#2483,#2484);
#2196=AXIS2_PLACEMENT_3D('',#3098,#2488,#2489);
#2197=AXIS2_PLACEMENT_3D('',#3104,#2492,#2493);
#2198=AXIS2_PLACEMENT_3D('',#3108,#2495,#2496);
#2199=AXIS2_PLACEMENT_3D('',#3111,#2498,#2499);
#2200=AXIS2_PLACEMENT_3D('',#3125,#2503,#2504);
#2201=AXIS2_PLACEMENT_3D('',#3139,#2508,#2509);
#2202=AXIS2_PLACEMENT_3D('',#3148,#2514,#2515);
#2203=AXIS2_PLACEMENT_3D('',#3154,#2519,#2520);
#2204=AXIS2_PLACEMENT_3D('',#3155,#2521,#2522);
#2205=AXIS2_PLACEMENT_3D('',#3159,#2524,#2525);
#2206=AXIS2_PLACEMENT_3D('',#3160,#2526,#2527);
#2207=AXIS2_PLACEMENT_3D('',#3166,#2531,#2532);
#2208=AXIS2_PLACEMENT_3D('',#3167,#2533,#2534);
#2209=AXIS2_PLACEMENT_3D('',#3168,#2535,#2536);
#2210=AXIS2_PLACEMENT_3D('',#3169,#2537,#2538);
#2211=AXIS2_PLACEMENT_3D('',#3175,#2542,#2543);
#2212=AXIS2_PLACEMENT_3D('',#3176,#2544,#2545);
#2213=AXIS2_PLACEMENT_3D('',#3178,#2546,#2547);
#2214=AXIS2_PLACEMENT_3D('',#3181,#2549,#2550);
#2215=AXIS2_PLACEMENT_3D('',#3187,#2554,#2555);
#2216=AXIS2_PLACEMENT_3D('',#3188,#2556,#2557);
#2217=AXIS2_PLACEMENT_3D('',#3189,#2558,#2559);
#2218=AXIS2_PLACEMENT_3D('',#3190,#2560,#2561);
#2219=AXIS2_PLACEMENT_3D('',#3199,#2566,#2567);
#2220=AXIS2_PLACEMENT_3D('',#3205,#2571,#2572);
#2221=AXIS2_PLACEMENT_3D('',#3209,#2574,#2575);
#2222=AXIS2_PLACEMENT_3D('',#3210,#2576,#2577);
#2223=AXIS2_PLACEMENT_3D('',#3211,#2578,#2579);
#2224=AXIS2_PLACEMENT_3D('',#3217,#2583,#2584);
#2225=AXIS2_PLACEMENT_3D('',#3218,#2585,#2586);
#2226=AXIS2_PLACEMENT_3D('',#3219,#2587,#2588);
#2227=AXIS2_PLACEMENT_3D('',#3220,#2589,#2590);
#2228=AXIS2_PLACEMENT_3D('',#3226,#2594,#2595);
#2229=AXIS2_PLACEMENT_3D('',#3227,#2596,#2597);
#2230=AXIS2_PLACEMENT_3D('',#3231,#2599,#2600);
#2231=AXIS2_PLACEMENT_3D('',#3232,#2601,#2602);
#2232=AXIS2_PLACEMENT_3D('',#3238,#2606,#2607);
#2233=AXIS2_PLACEMENT_3D('',#3239,#2608,#2609);
#2234=AXIS2_PLACEMENT_3D('',#3240,#2610,#2611);
#2235=AXIS2_PLACEMENT_3D('',#3241,#2612,#2613);
#2236=AXIS2_PLACEMENT_3D('',#3250,#2618,#2619);
#2237=AXIS2_PLACEMENT_3D('',#3256,#2623,#2624);
#2238=AXIS2_PLACEMENT_3D('',#3265,#2629,#2630);
#2239=AXIS2_PLACEMENT_3D('',#3279,#2634,#2635);
#2240=AXIS2_PLACEMENT_3D('',#3293,#2639,#2640);
#2241=AXIS2_PLACEMENT_3D('',#3299,#2643,#2644);
#2242=AXIS2_PLACEMENT_3D('',#3303,#2646,#2647);
#2243=AXIS2_PLACEMENT_3D('',#3306,#2649,#2650);
#2244=AXIS2_PLACEMENT_3D('',#3320,#2654,#2655);
#2245=AXIS2_PLACEMENT_3D('',#3334,#2659,#2660);
#2246=AXIS2_PLACEMENT_3D('',#3343,#2665,#2666);
#2247=AXIS2_PLACEMENT_3D('',#3344,#2667,#2668);
#2248=AXIS2_PLACEMENT_3D('',#3348,#2670,#2671);
#2249=AXIS2_PLACEMENT_3D('',#3349,#2672,#2673);
#2250=AXIS2_PLACEMENT_3D('',#3355,#2677,#2678);
#2251=AXIS2_PLACEMENT_3D('',#3356,#2679,#2680);
#2252=AXIS2_PLACEMENT_3D('',#3360,#2682,#2683);
#2253=AXIS2_PLACEMENT_3D('',#3361,#2684,#2685);
#2254=AXIS2_PLACEMENT_3D('',#3364,#2688,#2689);
#2255=AXIS2_PLACEMENT_3D('',#3365,#2690,#2691);
#2256=AXIS2_PLACEMENT_3D('',#3367,#2692,#2693);
#2257=AXIS2_PLACEMENT_3D('',#3370,#2695,#2696);
#2258=AXIS2_PLACEMENT_3D('',#3376,#2700,#2701);
#2259=AXIS2_PLACEMENT_3D('',#3377,#2702,#2703);
#2260=AXIS2_PLACEMENT_3D('',#3379,#2704,#2705);
#2261=AXIS2_PLACEMENT_3D('',#3382,#2707,#2708);
#2262=AXIS2_PLACEMENT_3D('',#3385,#2711,#2712);
#2263=AXIS2_PLACEMENT_3D('',#3394,#2717,#2718);
#2264=AXIS2_PLACEMENT_3D('',#3398,#2720,#2721);
#2265=AXIS2_PLACEMENT_3D('',#3399,#2722,#2723);
#2266=AXIS2_PLACEMENT_3D('',#3400,#2724,#2725);
#2267=AXIS2_PLACEMENT_3D('',#3406,#2729,#2730);
#2268=AXIS2_PLACEMENT_3D('',#3410,#2732,#2733);
#2269=AXIS2_PLACEMENT_3D('',#3411,#2734,#2735);
#2270=AXIS2_PLACEMENT_3D('',#3412,#2736,#2737);
#2271=AXIS2_PLACEMENT_3D('',#3415,#2740,#2741);
#2272=AXIS2_PLACEMENT_3D('',#3416,#2742,#2743);
#2273=AXIS2_PLACEMENT_3D('',#3420,#2745,#2746);
#2274=AXIS2_PLACEMENT_3D('',#3421,#2747,#2748);
#2275=AXIS2_PLACEMENT_3D('',#3427,#2752,#2753);
#2276=AXIS2_PLACEMENT_3D('',#3428,#2754,#2755);
#2277=AXIS2_PLACEMENT_3D('',#3432,#2757,#2758);
#2278=AXIS2_PLACEMENT_3D('',#3433,#2759,#2760);
#2279=AXIS2_PLACEMENT_3D('',#3436,#2763,#2764);
#2280=AXIS2_PLACEMENT_3D('',#3442,#2768,#2769);
#2281=AXIS2_PLACEMENT_3D('',#3451,#2774,#2775);
#2282=AXIS2_PLACEMENT_3D('',#3460,#2780,#2781);
#2283=AXIS2_PLACEMENT_3D('',#3476,#2793,#2794);
#2284=AXIS2_PLACEMENT_3D('',#3492,#2806,#2807);
#2285=AXIS2_PLACEMENT_3D('',#3495,#2810,#2811);
#2286=AXIS2_PLACEMENT_3D('',#3497,#2813,#2814);
#2287=AXIS2_PLACEMENT_3D('',#3499,#2816,#2817);
#2288=AXIS2_PLACEMENT_3D('',#3500,#2818,#2819);
#2289=AXIS2_PLACEMENT_3D('',#3501,#2820,#2821);
#2290=AXIS2_PLACEMENT_3D('',#3502,#2822,#2823);
#2291=AXIS2_PLACEMENT_3D('',#3503,#2824,#2825);
#2292=AXIS2_PLACEMENT_3D('',#3504,#2826,#2827);
#2293=AXIS2_PLACEMENT_3D('',#3506,#2829,#2830);
#2294=AXIS2_PLACEMENT_3D('',#3507,#2831,#2832);
#2295=AXIS2_PLACEMENT_3D('',#3508,#2833,#2834);
#2296=AXIS2_PLACEMENT_3D('',#3509,#2835,#2836);
#2297=AXIS2_PLACEMENT_3D('',#3510,#2837,#2838);
#2298=AXIS2_PLACEMENT_3D('',#3512,#2840,#2841);
#2299=AXIS2_PLACEMENT_3D('',#3513,#2842,#2843);
#2300=AXIS2_PLACEMENT_3D('',#3514,#2844,#2845);
#2301=AXIS2_PLACEMENT_3D('',#3515,#2846,#2847);
#2302=AXIS2_PLACEMENT_3D('',#3516,#2848,#2849);
#2303=AXIS2_PLACEMENT_3D('',#3517,#2850,#2851);
#2304=AXIS2_PLACEMENT_3D('',#3542,#2854,#2855);
#2305=AXIS2_PLACEMENT_3D('',#3543,#2856,#2857);
#2306=AXIS2_PLACEMENT_3D('',#3544,#2858,#2859);
#2307=AXIS2_PLACEMENT_3D('',#3546,#2861,#2862);
#2308=AXIS2_PLACEMENT_3D('',#3547,#2863,#2864);
#2309=AXIS2_PLACEMENT_3D('',#3548,#2865,#2866);
#2310=AXIS2_PLACEMENT_3D('',#3549,#2867,#2868);
#2311=AXIS2_PLACEMENT_3D('',#3550,#2869,#2870);
#2312=AXIS2_PLACEMENT_3D('',#3552,#2872,#2873);
#2313=AXIS2_PLACEMENT_3D('',#3553,#2874,#2875);
#2314=AXIS2_PLACEMENT_3D('',#3554,#2876,#2877);
#2315=AXIS2_PLACEMENT_3D('',#3555,#2878,#2879);
#2316=AXIS2_PLACEMENT_3D('',#3556,#2880,#2881);
#2317=AXIS2_PLACEMENT_3D('',#3557,#2882,#2883);
#2318=AXIS2_PLACEMENT_3D('',#3582,#2886,#2887);
#2319=AXIS2_PLACEMENT_3D('',#3583,#2888,#2889);
#2320=DIRECTION('',(0.,0.,1.));
#2321=DIRECTION('',(1.,0.,0.));
#2322=DIRECTION('',(0.,0.,1.));
#2323=DIRECTION('',(1.,0.,0.));
#2324=DIRECTION('',(1.,0.,0.));
#2325=DIRECTION('',(2.16840434497101E-16,1.,0.));
#2326=DIRECTION('',(1.,0.,0.));
#2327=DIRECTION('',(2.16840434497101E-16,1.,0.));
#2328=DIRECTION('',(-1.,5.42101086242751E-16,0.));
#2329=DIRECTION('',(0.,-1.,0.));
#2330=DIRECTION('',(-1.,0.,0.));
#2331=DIRECTION('',(0.,1.,0.));
#2332=DIRECTION('',(0.,1.,0.));
#2333=DIRECTION('',(0.,0.,1.));
#2334=DIRECTION('',(0.,0.,-1.));
#2335=DIRECTION('',(-1.,0.,0.));
#2336=DIRECTION('',(0.,0.,-1.));
#2337=DIRECTION('',(1.,0.,0.));
#2338=DIRECTION('',(0.,0.,1.));
#2339=DIRECTION('',(0.,0.,1.));
#2340=DIRECTION('',(-1.,-5.42101086242752E-16,0.));
#2341=DIRECTION('',(0.,0.,1.));
#2342=DIRECTION('',(1.,0.,0.));
#2343=DIRECTION('',(0.,1.,0.));
#2344=DIRECTION('',(-1.,0.,0.));
#2345=DIRECTION('',(0.,-1.,0.));
#2346=DIRECTION('',(1.,0.,0.));
#2347=DIRECTION('',(1.,0.,0.));
#2348=DIRECTION('',(0.,1.,0.));
#2349=DIRECTION('',(1.,0.,0.));
#2350=DIRECTION('',(0.,1.,0.));
#2351=DIRECTION('',(1.,0.,0.));
#2352=DIRECTION('',(0.,0.,-1.));
#2353=DIRECTION('',(0.,0.,-1.));
#2354=DIRECTION('',(0.,-1.,0.));
#2355=DIRECTION('',(0.,0.,-1.));
#2356=DIRECTION('',(0.,1.,0.));
#2357=DIRECTION('',(-1.,0.,0.));
#2358=DIRECTION('',(0.,0.,1.));
#2359=DIRECTION('',(0.,0.,1.));
#2360=DIRECTION('',(0.,1.,0.));
#2361=DIRECTION('',(0.,0.,1.));
#2362=DIRECTION('',(0.,1.,0.));
#2363=DIRECTION('',(0.,-1.,0.));
#2364=DIRECTION('',(0.,0.,-1.));
#2365=DIRECTION('',(1.,0.,0.));
#2366=DIRECTION('',(-1.,0.,0.));
#2367=DIRECTION('',(0.,-1.,0.));
#2368=DIRECTION('',(0.,0.,-1.));
#2369=DIRECTION('',(-1.,0.,0.));
#2370=DIRECTION('',(-1.,0.,0.));
#2371=DIRECTION('',(0.,0.,-1.));
#2372=DIRECTION('',(-1.,0.,0.));
#2373=DIRECTION('',(-1.,0.,0.));
#2374=DIRECTION('',(0.,0.,1.));
#2375=DIRECTION('',(0.,0.,-1.));
#2376=DIRECTION('',(0.,1.,0.));
#2377=DIRECTION('',(0.,0.,-1.));
#2378=DIRECTION('',(0.,1.,0.));
#2379=DIRECTION('',(0.,0.,-1.));
#2380=DIRECTION('',(-1.,0.,0.));
#2381=DIRECTION('',(1.,0.,0.));
#2382=DIRECTION('',(0.,1.,0.));
#2383=DIRECTION('',(-1.,0.,0.));
#2384=DIRECTION('',(0.,-1.,0.));
#2385=DIRECTION('',(0.,-1.,0.));
#2386=DIRECTION('',(-1.,0.,0.));
#2387=DIRECTION('',(1.,0.,0.));
#2388=DIRECTION('',(0.,0.,1.));
#2389=DIRECTION('',(1.,0.,0.));
#2390=DIRECTION('',(1.,0.,0.));
#2391=DIRECTION('',(-1.,0.,0.));
#2392=DIRECTION('',(0.,-1.,0.));
#2393=DIRECTION('',(0.,-1.,0.));
#2394=DIRECTION('',(0.,0.,-1.));
#2395=DIRECTION('',(0.,0.,-1.));
#2396=DIRECTION('',(0.,1.,0.));
#2397=DIRECTION('',(0.,0.,1.));
#2398=DIRECTION('',(0.,0.,-1.));
#2399=DIRECTION('',(1.,0.,0.));
#2400=DIRECTION('',(0.,0.,-1.));
#2401=DIRECTION('',(0.,-1.,0.));
#2402=DIRECTION('',(0.,0.,-1.));
#2403=DIRECTION('',(0.,0.,-1.));
#2404=DIRECTION('',(0.,0.,1.));
#2405=DIRECTION('',(0.,-1.,0.));
#2406=DIRECTION('',(0.,0.,-1.));
#2407=DIRECTION('',(0.,0.,-1.));
#2408=DIRECTION('',(0.,0.,1.));
#2409=DIRECTION('',(-1.,0.,0.));
#2410=DIRECTION('',(0.,0.,1.));
#2411=DIRECTION('',(1.,0.,0.));
#2412=DIRECTION('',(0.,0.,-1.));
#2413=DIRECTION('',(1.,0.,0.));
#2414=DIRECTION('',(0.,0.,-1.));
#2415=DIRECTION('',(0.,1.,0.));
#2416=DIRECTION('',(0.,0.,-1.));
#2417=DIRECTION('',(0.,0.,1.));
#2418=DIRECTION('',(0.,-1.,0.));
#2419=DIRECTION('',(-1.,0.,0.));
#2420=DIRECTION('',(0.,0.,1.));
#2421=DIRECTION('',(0.,0.,-1.));
#2422=DIRECTION('',(0.,-1.,0.));
#2423=DIRECTION('',(0.,-1.,0.));
#2424=DIRECTION('',(0.,0.,1.));
#2425=DIRECTION('',(0.,-1.,0.));
#2426=DIRECTION('',(0.,0.,-1.));
#2427=DIRECTION('',(1.,0.,0.));
#2428=DIRECTION('',(1.,-2.16840434497101E-16,0.));
#2429=DIRECTION('',(2.16840434497101E-16,1.,0.));
#2430=DIRECTION('',(2.16840434497101E-16,1.,0.));
#2431=DIRECTION('',(0.,0.,1.));
#2432=DIRECTION('',(5.42101086242751E-16,1.,0.));
#2433=DIRECTION('',(-1.,5.42101086242751E-16,0.));
#2434=DIRECTION('',(-1.,5.42101086242751E-16,0.));
#2435=DIRECTION('',(0.,0.,1.));
#2436=DIRECTION('',(1.,0.,0.));
#2437=DIRECTION('',(1.,-2.16840434497101E-16,0.));
#2438=DIRECTION('',(2.16840434497101E-16,1.,0.));
#2439=DIRECTION('',(0.,0.,1.));
#2440=DIRECTION('',(2.16840434497101E-16,1.,0.));
#2441=DIRECTION('',(0.,-1.,0.));
#2442=DIRECTION('',(0.,0.,-1.));
#2443=DIRECTION('',(1.,0.,0.));
#2444=DIRECTION('',(0.,0.,-1.));
#2445=DIRECTION('',(-1.,0.,0.));
#2446=DIRECTION('',(0.,0.707106781186548,-0.707106781186547));
#2447=DIRECTION('',(-1.,0.,0.));
#2448=DIRECTION('',(-0.577350269189626,-0.577350269189626,-0.577350269189626));
#2449=DIRECTION('',(0.577350269189625,-0.577350269189626,-0.577350269189626));
#2450=DIRECTION('',(-0.707106781186548,0.,-0.707106781186547));
#2451=DIRECTION('',(0.,-1.,0.));
#2452=DIRECTION('',(0.577350269189625,0.577350269189626,-0.577350269189626));
#2453=DIRECTION('',(0.707106781186548,0.,-0.707106781186548));
#2454=DIRECTION('',(0.,1.,0.));
#2455=DIRECTION('',(0.577350269189626,-0.577350269189626,0.577350269189626));
#2456=DIRECTION('',(0.,-0.707106781186548,-0.707106781186548));
#2457=DIRECTION('',(1.,0.,0.));
#2458=DIRECTION('',(0.,0.,1.));
#2459=DIRECTION('',(1.,0.,0.));
#2460=DIRECTION('',(0.,0.,-1.));
#2461=DIRECTION('',(-1.,0.,0.));
#2462=DIRECTION('',(6.12323399573677E-17,-1.,0.));
#2463=DIRECTION('',(-1.,-6.12323399573677E-17,0.));
#2464=DIRECTION('',(6.12323399573677E-17,-1.,0.));
#2465=DIRECTION('',(0.,6.12323399573677E-17,-1.));
#2466=DIRECTION('',(0.,-1.,-6.12323399573677E-17));
#2467=DIRECTION('',(-1.,0.,0.));
#2468=DIRECTION('',(-1.22464679914735E-16,6.12323399573677E-17,-1.));
#2469=DIRECTION('',(0.,-1.,-6.12323399573677E-17));
#2470=DIRECTION('',(6.12323399573677E-17,1.,0.));
#2471=DIRECTION('',(1.,-6.12323399573677E-17,0.));
#2472=DIRECTION('',(6.12323399573677E-17,1.,0.));
#2473=DIRECTION('',(1.22464679914735E-16,-6.12323399573677E-17,1.));
#2474=DIRECTION('',(0.,1.,6.12323399573677E-17));
#2475=DIRECTION('',(-1.,0.,0.));
#2476=DIRECTION('',(0.,6.12323399573677E-17,-1.));
#2477=DIRECTION('',(0.,1.,6.12323399573677E-17));
#2478=DIRECTION('',(-1.,-6.12323399573677E-17,0.));
#2479=DIRECTION('',(6.12323399573677E-17,-1.,0.));
#2480=DIRECTION('',(7.35090569470743E-33,-1.20049400363034E-16,1.));
#2481=DIRECTION('',(-6.12323399573677E-17,1.,-2.09541263469025E-16));
#2482=DIRECTION('',(0.,0.,-1.));
#2483=DIRECTION('',(-1.,-6.12323399573677E-17,0.));
#2484=DIRECTION('',(6.12323399573677E-17,-1.,0.));
#2485=DIRECTION('',(7.35090569470743E-33,-1.20049400363034E-16,1.));
#2486=DIRECTION('',(0.,0.,-1.));
#2487=DIRECTION('',(-6.12323399573677E-17,1.,-2.09541263469025E-16));
#2488=DIRECTION('',(0.,0.,1.));
#2489=DIRECTION('',(1.,0.,0.));
#2490=DIRECTION('',(-1.,-6.12323399573677E-17,0.));
#2491=DIRECTION('',(6.12323399573677E-17,1.,0.));
#2492=DIRECTION('',(1.22464679914735E-16,-6.12323399573677E-17,1.));
#2493=DIRECTION('',(0.,1.,6.12323399573677E-17));
#2494=DIRECTION('',(7.25218844471909E-16,1.,6.12323399573676E-17));
#2495=DIRECTION('',(-1.22464679914735E-16,6.12323399573677E-17,-1.));
#2496=DIRECTION('',(0.,-1.,-6.12323399573677E-17));
#2497=DIRECTION('',(6.12323399573677E-17,1.,0.));
#2498=DIRECTION('',(1.,-6.12323399573677E-17,-3.09772049281573E-16));
#2499=DIRECTION('',(-3.09772049281573E-16,0.,-1.));
#2500=DIRECTION('',(-6.12323399573677E-17,-1.,2.09541263469025E-16));
#2501=DIRECTION('',(-3.09772049281573E-16,1.20049400363034E-16,-1.));
#2502=DIRECTION('',(1.54886024640786E-16,0.,1.));
#2503=DIRECTION('',(1.,-6.12323399573677E-17,-3.09772049281573E-16));
#2504=DIRECTION('',(-3.09772049281573E-16,0.,-1.));
#2505=DIRECTION('',(-3.09772049281573E-16,1.20049400363034E-16,-1.));
#2506=DIRECTION('',(-6.12323399573677E-17,-1.,2.09541263469025E-16));
#2507=DIRECTION('',(1.54886024640786E-16,0.,1.));
#2508=DIRECTION('',(0.139530033956157,0.,-0.990217839479876));
#2509=DIRECTION('',(0.,1.,0.));
#2510=DIRECTION('',(0.,1.,0.));
#2511=DIRECTION('',(-0.990217839479876,-4.38828584698115E-17,-0.139530033956157));
#2512=DIRECTION('',(0.,1.,0.));
#2513=DIRECTION('',(0.990217839479876,0.,0.139530033956157));
#2514=DIRECTION('',(0.990217839479876,0.,0.139530033956157));
#2515=DIRECTION('',(0.139530033956157,0.,-0.990217839479876));
#2516=DIRECTION('',(0.139530033956157,1.27418808331805E-16,-0.990217839479876));
#2517=DIRECTION('',(0.,1.,0.));
#2518=DIRECTION('',(0.139530033956157,-2.68399083199496E-16,-0.990217839479876));
#2519=DIRECTION('',(0.,1.,0.));
#2520=DIRECTION('',(0.,0.,1.));
#2521=DIRECTION('',(6.12323399573677E-17,-1.,-1.20049400363034E-16));
#2522=DIRECTION('',(0.,1.20049400363034E-16,-1.));
#2523=DIRECTION('',(0.,1.,0.));
#2524=DIRECTION('',(0.,1.,-2.71050543121376E-16));
#2525=DIRECTION('',(-1.,0.,0.));
#2526=DIRECTION('',(0.973472871474106,0.,-0.228802466122985));
#2527=DIRECTION('',(-0.228802466122985,0.,-0.973472871474106));
#2528=DIRECTION('',(-0.228802466122985,1.0285472410142E-16,-0.973472871474106));
#2529=DIRECTION('',(0.,1.,0.));
#2530=DIRECTION('',(-0.228802466122985,-2.63860350526982E-16,-0.973472871474106));
#2531=DIRECTION('',(0.,1.,0.));
#2532=DIRECTION('',(0.,0.,1.));
#2533=DIRECTION('',(6.12323399573677E-17,-1.,-1.20049400363034E-16));
#2534=DIRECTION('',(0.,1.20049400363034E-16,-1.));
#2535=DIRECTION('',(0.,-1.,2.71050543121376E-16));
#2536=DIRECTION('',(1.,0.,0.));
#2537=DIRECTION('',(0.990217839479876,0.,0.139530033956157));
#2538=DIRECTION('',(0.139530033956157,0.,-0.990217839479876));
#2539=DIRECTION('',(0.139530033956157,1.27418808331805E-16,-0.990217839479876));
#2540=DIRECTION('',(0.139530033956157,0.,-0.990217839479876));
#2541=DIRECTION('',(0.,1.,0.));
#2542=DIRECTION('',(0.,1.,0.));
#2543=DIRECTION('',(0.,0.,1.));
#2544=DIRECTION('',(6.12323399573677E-17,-1.,-1.20049400363034E-16));
#2545=DIRECTION('',(0.,1.20049400363034E-16,-1.));
#2546=DIRECTION('',(0.,1.,0.));
#2547=DIRECTION('',(0.,0.,1.));
#2548=DIRECTION('',(0.,1.,0.));
#2549=DIRECTION('',(0.973472871474106,0.,-0.228802466122985));
#2550=DIRECTION('',(-0.228802466122985,0.,-0.973472871474106));
#2551=DIRECTION('',(-0.228802466122985,1.0285472410142E-16,-0.973472871474106));
#2552=DIRECTION('',(-0.228802466122985,0.,-0.973472871474106));
#2553=DIRECTION('',(0.,1.,0.));
#2554=DIRECTION('',(0.,1.,0.));
#2555=DIRECTION('',(0.,0.,1.));
#2556=DIRECTION('',(6.12323399573677E-17,-1.,-1.20049400363034E-16));
#2557=DIRECTION('',(0.,1.20049400363034E-16,-1.));
#2558=DIRECTION('',(0.,1.,0.));
#2559=DIRECTION('',(0.,0.,1.));
#2560=DIRECTION('',(-0.237430944938281,0.,-0.97140441958317));
#2561=DIRECTION('',(0.,-1.,0.));
#2562=DIRECTION('',(0.,-1.,0.));
#2563=DIRECTION('',(-0.97140441958317,-8.79848082234753E-17,0.237430944938281));
#2564=DIRECTION('',(0.,1.,0.));
#2565=DIRECTION('',(-0.97140441958317,0.,0.237430944938281));
#2566=DIRECTION('',(-0.97140441958317,0.,0.237430944938281));
#2567=DIRECTION('',(0.237430944938281,0.,0.97140441958317));
#2568=DIRECTION('',(0.,-1.,0.));
#2569=DIRECTION('',(0.237430944938281,-1.02078065744101E-16,0.97140441958317));
#2570=DIRECTION('',(-0.237430944938281,-2.63299695518523E-16,-0.97140441958317));
#2571=DIRECTION('',(0.,-1.,0.));
#2572=DIRECTION('',(0.,0.,-1.));
#2573=DIRECTION('',(0.,-1.,0.));
#2574=DIRECTION('',(6.12323399573677E-17,-1.,-1.20049400363034E-16));
#2575=DIRECTION('',(0.,1.20049400363034E-16,-1.));
#2576=DIRECTION('',(0.,-1.,2.71050543121376E-16));
#2577=DIRECTION('',(1.,0.,0.));
#2578=DIRECTION('',(-0.998756520504481,0.,-0.049853914086886));
#2579=DIRECTION('',(-0.049853914086886,0.,0.998756520504481));
#2580=DIRECTION('',(0.,-1.,0.));
#2581=DIRECTION('',(-0.049853914086886,-1.22952793210807E-16,0.998756520504481));
#2582=DIRECTION('',(0.049853914086886,-2.70713497328755E-16,-0.998756520504481));
#2583=DIRECTION('',(0.,-1.,0.));
#2584=DIRECTION('',(0.,0.,-1.));
#2585=DIRECTION('',(6.12323399573677E-17,-1.,-1.20049400363034E-16));
#2586=DIRECTION('',(0.,1.20049400363034E-16,-1.));
#2587=DIRECTION('',(0.,1.,-2.71050543121376E-16));
#2588=DIRECTION('',(-1.,0.,0.));
#2589=DIRECTION('',(-0.97140441958317,0.,0.237430944938281));
#2590=DIRECTION('',(0.237430944938281,0.,0.97140441958317));
#2591=DIRECTION('',(0.237430944938281,-1.02078065744101E-16,0.97140441958317));
#2592=DIRECTION('',(0.,1.,0.));
#2593=DIRECTION('',(0.237430944938281,0.,0.97140441958317));
#2594=DIRECTION('',(0.,-1.,0.));
#2595=DIRECTION('',(0.,0.,-1.));
#2596=DIRECTION('',(6.12323399573677E-17,-1.,-1.20049400363034E-16));
#2597=DIRECTION('',(0.,1.20049400363034E-16,-1.));
#2598=DIRECTION('',(0.,-1.,0.));
#2599=DIRECTION('',(0.,-1.,0.));
#2600=DIRECTION('',(0.,0.,-1.));
#2601=DIRECTION('',(-0.998756520504481,0.,-0.049853914086886));
#2602=DIRECTION('',(-0.049853914086886,0.,0.998756520504481));
#2603=DIRECTION('',(-0.049853914086886,-1.22952793210807E-16,0.998756520504481));
#2604=DIRECTION('',(0.,1.,0.));
#2605=DIRECTION('',(-0.049853914086886,0.,0.998756520504481));
#2606=DIRECTION('',(0.,-1.,0.));
#2607=DIRECTION('',(0.,0.,-1.));
#2608=DIRECTION('',(6.12323399573677E-17,-1.,-1.20049400363034E-16));
#2609=DIRECTION('',(0.,1.20049400363034E-16,-1.));
#2610=DIRECTION('',(0.,-1.,0.));
#2611=DIRECTION('',(0.,0.,-1.));
#2612=DIRECTION('',(1.,0.,-1.23908819712629E-16));
#2613=DIRECTION('',(-1.23908819712629E-16,0.,-1.));
#2614=DIRECTION('',(1.23908819712629E-16,0.,1.));
#2615=DIRECTION('',(1.22464679914735E-16,1.,6.12323399573676E-17));
#2616=DIRECTION('',(-1.23908819712629E-16,0.,-1.));
#2617=DIRECTION('',(0.,-1.,0.));
#2618=DIRECTION('',(1.,0.,-1.23908819712629E-16));
#2619=DIRECTION('',(-1.23908819712629E-16,0.,-1.));
#2620=DIRECTION('',(-1.23908819712629E-16,0.,-1.));
#2621=DIRECTION('',(1.23908819712629E-16,0.,1.));
#2622=DIRECTION('',(0.,-1.,0.));
#2623=DIRECTION('',(-1.,0.,0.));
#2624=DIRECTION('',(0.,0.,1.));
#2625=DIRECTION('',(0.,0.,1.));
#2626=DIRECTION('',(0.,1.,6.12323399573677E-17));
#2627=DIRECTION('',(0.,0.,1.));
#2628=DIRECTION('',(0.,1.,0.));
#2629=DIRECTION('',(1.,-6.12323399573677E-17,0.));
#2630=DIRECTION('',(6.12323399573677E-17,1.,0.));
#2631=DIRECTION('',(-6.12323399573677E-17,-1.,2.09541263469025E-16));
#2632=DIRECTION('',(7.35090569470743E-33,1.20049400363034E-16,-1.));
#2633=DIRECTION('',(0.,0.,1.));
#2634=DIRECTION('',(1.,-6.12323399573677E-17,0.));
#2635=DIRECTION('',(6.12323399573677E-17,1.,0.));
#2636=DIRECTION('',(7.35090569470743E-33,1.20049400363034E-16,-1.));
#2637=DIRECTION('',(-6.12323399573677E-17,-1.,2.09541263469025E-16));
#2638=DIRECTION('',(0.,0.,1.));
#2639=DIRECTION('',(0.,0.,1.));
#2640=DIRECTION('',(1.,0.,0.));
#2641=DIRECTION('',(1.,-6.12323399573677E-17,0.));
#2642=DIRECTION('',(6.12323399573677E-17,-1.,0.));
#2643=DIRECTION('',(0.,6.12323399573677E-17,-1.));
#2644=DIRECTION('',(0.,-1.,-6.12323399573677E-17));
#2645=DIRECTION('',(3.21624529935327E-16,1.,6.12323399573677E-17));
#2646=DIRECTION('',(0.,6.12323399573677E-17,-1.));
#2647=DIRECTION('',(0.,1.,6.12323399573677E-17));
#2648=DIRECTION('',(6.12323399573677E-17,-1.,0.));
#2649=DIRECTION('',(-1.,-6.12323399573677E-17,0.));
#2650=DIRECTION('',(6.12323399573677E-17,-1.,0.));
#2651=DIRECTION('',(7.35090569470743E-33,-1.20049400363034E-16,1.));
#2652=DIRECTION('',(-6.12323399573677E-17,1.,-2.09541263469025E-16));
#2653=DIRECTION('',(0.,0.,-1.));
#2654=DIRECTION('',(-1.,-6.12323399573677E-17,0.));
#2655=DIRECTION('',(6.12323399573677E-17,-1.,0.));
#2656=DIRECTION('',(7.35090569470743E-33,-1.20049400363034E-16,1.));
#2657=DIRECTION('',(0.,0.,-1.));
#2658=DIRECTION('',(-6.12323399573677E-17,1.,-2.09541263469025E-16));
#2659=DIRECTION('',(0.139530033956157,0.,0.990217839479876));
#2660=DIRECTION('',(0.,1.,0.));
#2661=DIRECTION('',(0.,1.,0.));
#2662=DIRECTION('',(0.990217839479876,-4.38828584698115E-17,-0.139530033956157));
#2663=DIRECTION('',(0.,1.,0.));
#2664=DIRECTION('',(-0.990217839479876,0.,0.139530033956157));
#2665=DIRECTION('',(0.,1.,0.));
#2666=DIRECTION('',(0.,0.,1.));
#2667=DIRECTION('',(-6.12323399573677E-17,-1.,-1.20049400363034E-16));
#2668=DIRECTION('',(0.,1.20049400363034E-16,-1.));
#2669=DIRECTION('',(0.,1.,0.));
#2670=DIRECTION('',(0.,-1.,2.71050543121376E-16));
#2671=DIRECTION('',(-1.,0.,0.));
#2672=DIRECTION('',(-0.973472871474106,0.,-0.228802466122985));
#2673=DIRECTION('',(-0.228802466122985,0.,0.973472871474106));
#2674=DIRECTION('',(-0.228802466122985,-1.0285472410142E-16,0.973472871474106));
#2675=DIRECTION('',(0.,1.,0.));
#2676=DIRECTION('',(-0.228802466122985,2.63860350526982E-16,0.973472871474106));
#2677=DIRECTION('',(0.,1.,0.));
#2678=DIRECTION('',(0.,0.,1.));
#2679=DIRECTION('',(-6.12323399573677E-17,-1.,-1.20049400363034E-16));
#2680=DIRECTION('',(0.,1.20049400363034E-16,-1.));
#2681=DIRECTION('',(0.,1.,0.));
#2682=DIRECTION('',(0.,1.,-2.71050543121376E-16));
#2683=DIRECTION('',(1.,0.,0.));
#2684=DIRECTION('',(-0.990217839479876,0.,0.139530033956157));
#2685=DIRECTION('',(0.139530033956157,0.,0.990217839479876));
#2686=DIRECTION('',(0.139530033956157,-1.27418808331805E-16,0.990217839479876));
#2687=DIRECTION('',(0.139530033956157,2.68399083199496E-16,0.990217839479876));
#2688=DIRECTION('',(0.,1.,0.));
#2689=DIRECTION('',(0.,0.,1.));
#2690=DIRECTION('',(-6.12323399573677E-17,-1.,-1.20049400363034E-16));
#2691=DIRECTION('',(0.,1.20049400363034E-16,-1.));
#2692=DIRECTION('',(0.,1.,0.));
#2693=DIRECTION('',(0.,0.,1.));
#2694=DIRECTION('',(0.,1.,0.));
#2695=DIRECTION('',(-0.973472871474106,0.,-0.228802466122985));
#2696=DIRECTION('',(-0.228802466122985,0.,0.973472871474106));
#2697=DIRECTION('',(-0.228802466122985,-1.0285472410142E-16,0.973472871474106));
#2698=DIRECTION('',(-0.228802466122985,0.,0.973472871474106));
#2699=DIRECTION('',(0.,1.,0.));
#2700=DIRECTION('',(0.,1.,0.));
#2701=DIRECTION('',(0.,0.,1.));
#2702=DIRECTION('',(-6.12323399573677E-17,-1.,-1.20049400363034E-16));
#2703=DIRECTION('',(0.,1.20049400363034E-16,-1.));
#2704=DIRECTION('',(0.,1.,0.));
#2705=DIRECTION('',(0.,0.,1.));
#2706=DIRECTION('',(0.,1.,0.));
#2707=DIRECTION('',(-0.990217839479876,0.,0.139530033956157));
#2708=DIRECTION('',(0.139530033956157,0.,0.990217839479876));
#2709=DIRECTION('',(0.139530033956157,-1.27418808331805E-16,0.990217839479876));
#2710=DIRECTION('',(0.139530033956157,0.,0.990217839479876));
#2711=DIRECTION('',(-0.237430944938281,0.,0.97140441958317));
#2712=DIRECTION('',(0.,-1.,0.));
#2713=DIRECTION('',(0.,1.,0.));
#2714=DIRECTION('',(0.97140441958317,-8.79848082234753E-17,0.237430944938281));
#2715=DIRECTION('',(0.,-1.,0.));
#2716=DIRECTION('',(0.97140441958317,0.,0.237430944938281));
#2717=DIRECTION('',(0.,-1.,0.));
#2718=DIRECTION('',(0.,0.,-1.));
#2719=DIRECTION('',(0.,-1.,0.));
#2720=DIRECTION('',(-6.12323399573677E-17,-1.,-1.20049400363034E-16));
#2721=DIRECTION('',(0.,1.20049400363034E-16,-1.));
#2722=DIRECTION('',(0.,1.,-2.71050543121376E-16));
#2723=DIRECTION('',(-1.,0.,0.));
#2724=DIRECTION('',(0.998756520504481,0.,-0.049853914086886));
#2725=DIRECTION('',(-0.049853914086886,0.,-0.998756520504481));
#2726=DIRECTION('',(0.,-1.,0.));
#2727=DIRECTION('',(-0.049853914086886,1.22952793210807E-16,-0.998756520504481));
#2728=DIRECTION('',(0.049853914086886,2.70713497328755E-16,0.998756520504481));
#2729=DIRECTION('',(0.,-1.,0.));
#2730=DIRECTION('',(0.,0.,-1.));
#2731=DIRECTION('',(0.,-1.,0.));
#2732=DIRECTION('',(-6.12323399573677E-17,-1.,-1.20049400363034E-16));
#2733=DIRECTION('',(0.,1.20049400363034E-16,-1.));
#2734=DIRECTION('',(0.,-1.,2.71050543121376E-16));
#2735=DIRECTION('',(-1.,0.,0.));
#2736=DIRECTION('',(0.97140441958317,0.,0.237430944938281));
#2737=DIRECTION('',(0.237430944938281,0.,-0.97140441958317));
#2738=DIRECTION('',(0.237430944938281,1.02078065744101E-16,-0.97140441958317));
#2739=DIRECTION('',(-0.237430944938281,2.63299695518523E-16,0.97140441958317));
#2740=DIRECTION('',(0.,-1.,0.));
#2741=DIRECTION('',(0.,0.,-1.));
#2742=DIRECTION('',(-6.12323399573677E-17,-1.,-1.20049400363034E-16));
#2743=DIRECTION('',(0.,1.20049400363034E-16,-1.));
#2744=DIRECTION('',(0.,-1.,0.));
#2745=DIRECTION('',(0.,-1.,0.));
#2746=DIRECTION('',(0.,0.,-1.));
#2747=DIRECTION('',(0.998756520504481,0.,-0.049853914086886));
#2748=DIRECTION('',(-0.049853914086886,0.,-0.998756520504481));
#2749=DIRECTION('',(-0.049853914086886,1.22952793210807E-16,-0.998756520504481));
#2750=DIRECTION('',(0.,1.,0.));
#2751=DIRECTION('',(-0.049853914086886,0.,-0.998756520504481));
#2752=DIRECTION('',(0.,-1.,0.));
#2753=DIRECTION('',(0.,0.,-1.));
#2754=DIRECTION('',(-6.12323399573677E-17,-1.,-1.20049400363034E-16));
#2755=DIRECTION('',(0.,1.20049400363034E-16,-1.));
#2756=DIRECTION('',(0.,-1.,0.));
#2757=DIRECTION('',(0.,-1.,0.));
#2758=DIRECTION('',(0.,0.,-1.));
#2759=DIRECTION('',(0.97140441958317,0.,0.237430944938281));
#2760=DIRECTION('',(0.237430944938281,0.,-0.97140441958317));
#2761=DIRECTION('',(0.237430944938281,1.02078065744101E-16,-0.97140441958317));
#2762=DIRECTION('',(0.237430944938281,0.,-0.97140441958317));
#2763=DIRECTION('',(-1.,0.,-1.23908819712629E-16));
#2764=DIRECTION('',(-1.23908819712629E-16,0.,1.));
#2765=DIRECTION('',(1.23908819712629E-16,0.,-1.));
#2766=DIRECTION('',(-1.23908819712629E-16,0.,1.));
#2767=DIRECTION('',(0.,-1.,0.));
#2768=DIRECTION('',(-1.,0.,-1.23908819712629E-16));
#2769=DIRECTION('',(-1.23908819712629E-16,0.,1.));
#2770=DIRECTION('',(-1.23908819712629E-16,0.,1.));
#2771=DIRECTION('',(7.25218844471909E-16,1.,6.12323399573677E-17));
#2772=DIRECTION('',(1.23908819712629E-16,0.,-1.));
#2773=DIRECTION('',(0.,-1.,0.));
#2774=DIRECTION('',(1.,0.,0.));
#2775=DIRECTION('',(0.,0.,-1.));
#2776=DIRECTION('',(0.,0.,-1.));
#2777=DIRECTION('',(-3.21624529935327E-16,1.,6.12323399573677E-17));
#2778=DIRECTION('',(0.,0.,-1.));
#2779=DIRECTION('',(0.,1.,0.));
#2780=DIRECTION('',(0.,1.,0.));
#2781=DIRECTION('',(0.,0.,1.));
#2782=DIRECTION('',(0.600000000000003,0.,0.799999999999998));
#2783=DIRECTION('',(-1.,0.,0.));
#2784=DIRECTION('',(0.,0.,1.));
#2785=DIRECTION('',(1.22464679914735E-16,-6.12323399573677E-17,1.));
#2786=DIRECTION('',(-1.,0.,0.));
#2787=DIRECTION('',(0.600000000000003,0.,-0.799999999999998));
#2788=DIRECTION('',(1.,0.,0.));
#2789=DIRECTION('',(1.22464679914735E-16,-6.12323399573677E-17,1.));
#2790=DIRECTION('',(1.,0.,0.));
#2791=DIRECTION('',(0.,6.12323399573677E-17,-1.));
#2792=DIRECTION('',(-1.,0.,0.));
#2793=DIRECTION('',(0.,1.,0.));
#2794=DIRECTION('',(0.,0.,1.));
#2795=DIRECTION('',(0.600000000000003,0.,0.799999999999998));
#2796=DIRECTION('',(1.,0.,0.));
#2797=DIRECTION('',(0.600000000000003,0.,-0.799999999999998));
#2798=DIRECTION('',(-1.,0.,0.));
#2799=DIRECTION('',(1.79709838615227E-16,6.12323399573677E-17,-1.));
#2800=DIRECTION('',(0.,0.,1.));
#2801=DIRECTION('',(-1.,0.,0.));
#2802=DIRECTION('',(-1.,0.,0.));
#2803=DIRECTION('',(3.95548780422343E-16,6.12323399573677E-17,-1.));
#2804=DIRECTION('',(1.,0.,0.));
#2805=DIRECTION('',(0.,-6.12323399573677E-17,1.));
#2806=DIRECTION('',(-0.799999999999998,0.,0.600000000000003));
#2807=DIRECTION('',(0.600000000000003,0.,0.799999999999998));
#2808=DIRECTION('',(0.,1.,0.));
#2809=DIRECTION('',(0.,1.,0.));
#2810=DIRECTION('',(0.,0.,1.));
#2811=DIRECTION('',(1.,0.,0.));
#2812=DIRECTION('',(0.,1.,0.));
#2813=DIRECTION('',(0.799999999999998,0.,0.600000000000003));
#2814=DIRECTION('',(0.600000000000003,0.,-0.799999999999998));
#2815=DIRECTION('',(0.,1.,0.));
#2816=DIRECTION('',(0.,0.,-1.));
#2817=DIRECTION('',(-1.,0.,0.));
#2818=DIRECTION('',(0.,0.,-1.));
#2819=DIRECTION('',(-1.,0.,0.));
#2820=DIRECTION('',(0.,0.,-1.));
#2821=DIRECTION('',(-1.,0.,0.));
#2822=DIRECTION('',(0.,0.,1.));
#2823=DIRECTION('',(1.,0.,0.));
#2824=DIRECTION('',(0.,-2.09541263469025E-16,-1.));
#2825=DIRECTION('',(0.,1.,-2.09541263469025E-16));
#2826=DIRECTION('',(1.22464679914735E-16,-6.12323399573677E-17,1.));
#2827=DIRECTION('',(0.,1.,6.12323399573677E-17));
#2828=DIRECTION('',(-1.,0.,-3.01955515249899E-15));
#2829=DIRECTION('',(1.22464679914735E-16,-6.12323399573677E-17,1.));
#2830=DIRECTION('',(0.,-1.,-6.12323399573677E-17));
#2831=DIRECTION('',(1.22464679914735E-16,-6.12323399573677E-17,1.));
#2832=DIRECTION('',(0.,-1.,-6.12323399573677E-17));
#2833=DIRECTION('',(1.22464679914735E-16,-6.12323399573677E-17,1.));
#2834=DIRECTION('',(0.,-1.,-6.12323399573677E-17));
#2835=DIRECTION('',(4.39075410961952E-32,-2.09541263469025E-16,-1.));
#2836=DIRECTION('',(0.,1.,-2.09541263469025E-16));
#2837=DIRECTION('',(0.,-6.12323399573677E-17,1.));
#2838=DIRECTION('',(0.,-1.,-6.12323399573677E-17));
#2839=DIRECTION('',(1.,0.,-2.47686495063487E-16));
#2840=DIRECTION('',(0.,6.12323399573677E-17,-1.));
#2841=DIRECTION('',(0.,1.,6.12323399573677E-17));
#2842=DIRECTION('',(0.,6.12323399573677E-17,-1.));
#2843=DIRECTION('',(0.,-1.,-6.12323399573677E-17));
#2844=DIRECTION('',(0.,6.12323399573677E-17,-1.));
#2845=DIRECTION('',(0.,-1.,-6.12323399573677E-17));
#2846=DIRECTION('',(0.,1.,-2.71050543121376E-16));
#2847=DIRECTION('',(0.,2.71050543121376E-16,1.));
#2848=DIRECTION('',(6.25154955089247E-17,1.,-2.55770487901596E-16));
#2849=DIRECTION('',(-0.237430944938281,2.63299695518523E-16,0.97140441958317));
#2850=DIRECTION('',(-6.12323399573677E-17,-1.,-1.20049400363034E-16));
#2851=DIRECTION('',(0.,1.20049400363034E-16,-1.));
#2852=DIRECTION('',(1.,-6.12323399573677E-17,0.));
#2853=DIRECTION('',(1.,-6.12323399573677E-17,0.));
#2854=DIRECTION('',(-6.12323399573677E-17,-1.,-1.20049400363034E-16));
#2855=DIRECTION('',(0.,1.20049400363034E-16,-1.));
#2856=DIRECTION('',(0.,-2.09541263469025E-16,-1.));
#2857=DIRECTION('',(0.,1.,-2.09541263469025E-16));
#2858=DIRECTION('',(0.,-6.12323399573677E-17,1.));
#2859=DIRECTION('',(0.,-1.,-6.12323399573677E-17));
#2860=DIRECTION('',(1.,0.,-2.73197847130861E-15));
#2861=DIRECTION('',(0.,6.12323399573677E-17,-1.));
#2862=DIRECTION('',(0.,1.,6.12323399573677E-17));
#2863=DIRECTION('',(0.,6.12323399573677E-17,-1.));
#2864=DIRECTION('',(0.,-1.,-6.12323399573677E-17));
#2865=DIRECTION('',(0.,6.12323399573677E-17,-1.));
#2866=DIRECTION('',(0.,-1.,-6.12323399573677E-17));
#2867=DIRECTION('',(0.,-2.09541263469025E-16,-1.));
#2868=DIRECTION('',(0.,1.,-2.09541263469025E-16));
#2869=DIRECTION('',(1.22464679914735E-16,-6.12323399573677E-17,1.));
#2870=DIRECTION('',(0.,1.,6.12323399573677E-17));
#2871=DIRECTION('',(-1.,0.,-1.23843247531743E-16));
#2872=DIRECTION('',(1.22464679914735E-16,-6.12323399573677E-17,1.));
#2873=DIRECTION('',(0.,-1.,-6.12323399573677E-17));
#2874=DIRECTION('',(1.22464679914735E-16,-6.12323399573677E-17,1.));
#2875=DIRECTION('',(0.,-1.,-6.12323399573677E-17));
#2876=DIRECTION('',(1.22464679914735E-16,-6.12323399573677E-17,1.));
#2877=DIRECTION('',(0.,-1.,-6.12323399573677E-17));
#2878=DIRECTION('',(-3.74497331926271E-17,-1.,2.65773560284185E-16));
#2879=DIRECTION('',(0.139530033956157,-2.68399083199496E-16,-0.990217839479876));
#2880=DIRECTION('',(0.,-1.,2.71050543121376E-16));
#2881=DIRECTION('',(0.,-2.71050543121376E-16,-1.));
#2882=DIRECTION('',(6.12323399573677E-17,-1.,-1.20049400363034E-16));
#2883=DIRECTION('',(0.,1.20049400363034E-16,-1.));
#2884=DIRECTION('',(-1.,-6.12323399573677E-17,0.));
#2885=DIRECTION('',(-1.,-6.12323399573677E-17,0.));
#2886=DIRECTION('',(6.12323399573677E-17,-1.,-1.20049400363034E-16));
#2887=DIRECTION('',(0.,1.20049400363034E-16,-1.));
#2888=DIRECTION('',(0.,0.,1.));
#2889=DIRECTION('',(1.,-5.55111512312578E-17,0.));
#2890=CARTESIAN_POINT('',(0.,0.,0.));
#2891=CARTESIAN_POINT('',(0.,0.,0.9));
#2892=CARTESIAN_POINT('',(0.95,0.175,0.9));
#2893=CARTESIAN_POINT('',(0.95,0.175,0.9));
#2894=CARTESIAN_POINT('',(1.05,0.175,0.9));
#2895=CARTESIAN_POINT('',(0.95,-0.325,0.9));
#2896=CARTESIAN_POINT('',(0.95,-0.325,0.9));
#2897=CARTESIAN_POINT('',(-1.05,-0.325,0.9));
#2898=CARTESIAN_POINT('',(-0.95,-0.325,0.9));
#2899=CARTESIAN_POINT('',(-0.95,-0.325,0.9));
#2900=CARTESIAN_POINT('',(-0.95,0.175,0.9));
#2901=CARTESIAN_POINT('',(-0.95,0.175,0.9));
#2902=CARTESIAN_POINT('',(-1.05,0.175,0.9));
#2903=CARTESIAN_POINT('',(-1.05,0.325,0.9));
#2904=CARTESIAN_POINT('',(-1.05,0.325,0.9));
#2905=CARTESIAN_POINT('',(1.05,0.325,0.9));
#2906=CARTESIAN_POINT('',(1.05,0.325,0.9));
#2907=CARTESIAN_POINT('',(1.05,-0.325,0.9));
#2908=CARTESIAN_POINT('',(-1.05,-0.325,0.9));
#2909=CARTESIAN_POINT('',(1.05,-0.325,0.9));
#2910=CARTESIAN_POINT('',(1.05,-0.325,0.3));
#2911=CARTESIAN_POINT('',(1.05,-0.325,-1.4));
#2912=CARTESIAN_POINT('',(-1.05,-0.325,-1.4));
#2913=CARTESIAN_POINT('',(-1.05,-0.325,-1.4));
#2914=CARTESIAN_POINT('',(-1.05,-0.325,0.9));
#2915=CARTESIAN_POINT('',(-1.05,-0.325,0.3));
#2916=CARTESIAN_POINT('',(-1.05,-0.325,0.3));
#2917=CARTESIAN_POINT('',(-0.95,-0.325,0.3));
#2918=CARTESIAN_POINT('',(-0.95,-0.325,0.3));
#2919=CARTESIAN_POINT('',(0.95,-0.325,0.3));
#2920=CARTESIAN_POINT('',(0.95,-0.325,0.3));
#2921=CARTESIAN_POINT('',(1.05,-0.325,0.3));
#2922=CARTESIAN_POINT('',(-1.25,-0.625,-1.5));
#2923=CARTESIAN_POINT('',(1.15,0.325,-1.5));
#2924=CARTESIAN_POINT('',(1.15,-0.425,-1.5));
#2925=CARTESIAN_POINT('',(1.15,0.425,-1.5));
#2926=CARTESIAN_POINT('',(-1.05,0.425,-1.5));
#2927=CARTESIAN_POINT('',(-1.15,0.425,-1.5));
#2928=CARTESIAN_POINT('',(-1.15,-0.325,-1.5));
#2929=CARTESIAN_POINT('',(-1.15,-0.425,-1.5));
#2930=CARTESIAN_POINT('',(1.05,-0.425,-1.5));
#2931=CARTESIAN_POINT('',(-1.25,0.625,-1.5));
#2932=CARTESIAN_POINT('',(-1.25,0.625,-1.5));
#2933=CARTESIAN_POINT('',(1.25,0.625,-1.5));
#2934=CARTESIAN_POINT('',(1.25,-0.625,-1.5));
#2935=CARTESIAN_POINT('',(1.25,-0.625,-1.5));
#2936=CARTESIAN_POINT('',(-1.25,-0.625,-1.5));
#2937=CARTESIAN_POINT('',(-1.25,-0.625,-1.5));
#2938=CARTESIAN_POINT('',(-1.25,-0.625,-1.5));
#2939=CARTESIAN_POINT('',(-1.25,-0.625,1.5));
#2940=CARTESIAN_POINT('',(-1.25,0.625,1.5));
#2941=CARTESIAN_POINT('',(-1.25,0.625,1.5));
#2942=CARTESIAN_POINT('',(-1.25,0.625,0.9));
#2943=CARTESIAN_POINT('',(-1.25,0.625,0.9));
#2944=CARTESIAN_POINT('',(-1.25,-0.625,0.9));
#2945=CARTESIAN_POINT('',(-1.25,-0.625,1.5));
#2946=CARTESIAN_POINT('',(-1.25,-0.625,1.5));
#2947=CARTESIAN_POINT('',(-1.25,-0.625,1.5));
#2948=CARTESIAN_POINT('',(1.25,-0.625,-1.5));
#2949=CARTESIAN_POINT('',(1.25,-0.625,-1.5));
#2950=CARTESIAN_POINT('',(1.25,-0.625,0.9));
#2951=CARTESIAN_POINT('',(1.25,-0.625,1.5));
#2952=CARTESIAN_POINT('',(1.25,-0.625,0.9));
#2953=CARTESIAN_POINT('',(1.25,0.625,0.9));
#2954=CARTESIAN_POINT('',(1.25,0.625,-1.5));
#2955=CARTESIAN_POINT('',(1.25,0.625,1.5));
#2956=CARTESIAN_POINT('',(1.25,-0.625,1.5));
#2957=CARTESIAN_POINT('',(0.,-0.625,0.));
#2958=CARTESIAN_POINT('',(-1.25,-0.625,0.9));
#2959=CARTESIAN_POINT('',(1.25,-0.625,1.5));
#2960=CARTESIAN_POINT('',(0.,0.625,0.));
#2961=CARTESIAN_POINT('',(1.25,0.625,0.9));
#2962=CARTESIAN_POINT('',(1.25,0.625,1.5));
#2963=CARTESIAN_POINT('',(1.25,-0.625,1.5));
#2964=CARTESIAN_POINT('',(1.175,-0.625,0.9));
#2965=CARTESIAN_POINT('',(1.175,-0.55,0.9));
#2966=CARTESIAN_POINT('',(1.175,-0.55,0.9));
#2967=CARTESIAN_POINT('',(1.175,-0.55,0.4));
#2968=CARTESIAN_POINT('',(1.175,-0.625,0.4));
#2969=CARTESIAN_POINT('',(1.175,0.55,0.4));
#2970=CARTESIAN_POINT('',(1.175,0.55,0.9));
#2971=CARTESIAN_POINT('',(1.175,0.55,0.9));
#2972=CARTESIAN_POINT('',(1.175,-0.625,0.9));
#2973=CARTESIAN_POINT('',(1.175,-0.625,0.4));
#2974=CARTESIAN_POINT('',(-1.25,-0.625,0.4));
#2975=CARTESIAN_POINT('',(-1.25,-0.625,0.4));
#2976=CARTESIAN_POINT('',(1.25,-0.625,0.4));
#2977=CARTESIAN_POINT('',(1.25,-0.625,0.4));
#2978=CARTESIAN_POINT('',(1.25,0.625,0.4));
#2979=CARTESIAN_POINT('',(1.25,0.625,0.4));
#2980=CARTESIAN_POINT('',(-1.25,0.625,0.4));
#2981=CARTESIAN_POINT('',(-1.25,0.625,0.4));
#2982=CARTESIAN_POINT('',(-1.175,0.625,0.4));
#2983=CARTESIAN_POINT('',(-1.175,0.55,0.4));
#2984=CARTESIAN_POINT('',(-1.175,-0.55,0.4));
#2985=CARTESIAN_POINT('',(1.25,0.55,0.4));
#2986=CARTESIAN_POINT('',(-1.25,-0.55,0.4));
#2987=CARTESIAN_POINT('',(1.25,-0.625,0.9));
#2988=CARTESIAN_POINT('',(-1.25,-0.55,0.9));
#2989=CARTESIAN_POINT('',(-1.175,-0.55,0.9));
#2990=CARTESIAN_POINT('',(1.25,0.55,0.9));
#2991=CARTESIAN_POINT('',(-1.175,0.55,0.9));
#2992=CARTESIAN_POINT('',(-1.175,0.625,0.9));
#2993=CARTESIAN_POINT('',(1.25,0.55,0.9));
#2994=CARTESIAN_POINT('',(-1.175,0.55,0.9));
#2995=CARTESIAN_POINT('',(-1.25,-0.55,0.9));
#2996=CARTESIAN_POINT('',(-1.175,-0.55,0.9));
#2997=CARTESIAN_POINT('',(-1.175,0.625,0.9));
#2998=CARTESIAN_POINT('',(0.,-0.625,0.));
#2999=CARTESIAN_POINT('',(-1.25,-0.625,1.5));
#3000=CARTESIAN_POINT('',(1.25,-0.625,-1.5));
#3001=CARTESIAN_POINT('',(0.,0.625,0.));
#3002=CARTESIAN_POINT('',(-1.25,0.625,1.5));
#3003=CARTESIAN_POINT('',(1.25,0.625,-1.5));
#3004=CARTESIAN_POINT('',(1.25,-0.625,-1.5));
#3005=CARTESIAN_POINT('',(-1.25,-0.625,1.5));
#3006=CARTESIAN_POINT('',(-1.05,0.325,0.9));
#3007=CARTESIAN_POINT('',(-1.05,0.325,-1.4));
#3008=CARTESIAN_POINT('',(-1.05,0.325,-1.4));
#3009=CARTESIAN_POINT('',(-1.05,0.325,0.9));
#3010=CARTESIAN_POINT('',(-1.05,0.175,0.3));
#3011=CARTESIAN_POINT('',(-1.05,0.175,0.3));
#3012=CARTESIAN_POINT('',(-1.05,0.175,0.3));
#3013=CARTESIAN_POINT('',(1.05,-0.325,0.9));
#3014=CARTESIAN_POINT('',(1.05,0.325,0.9));
#3015=CARTESIAN_POINT('',(1.05,0.325,-1.4));
#3016=CARTESIAN_POINT('',(1.05,-0.325,-1.4));
#3017=CARTESIAN_POINT('',(1.05,0.175,0.3));
#3018=CARTESIAN_POINT('',(1.05,0.175,0.3));
#3019=CARTESIAN_POINT('',(1.05,0.175,0.3));
#3020=CARTESIAN_POINT('',(1.05,0.325,0.9));
#3021=CARTESIAN_POINT('',(1.05,0.325,-1.4));
#3022=CARTESIAN_POINT('',(-0.95,-0.325,0.3));
#3023=CARTESIAN_POINT('',(-0.95,-0.325,0.3));
#3024=CARTESIAN_POINT('',(-0.95,0.175,0.3));
#3025=CARTESIAN_POINT('',(-0.95,0.175,0.3));
#3026=CARTESIAN_POINT('',(-0.95,0.175,0.3));
#3027=CARTESIAN_POINT('',(-0.95,0.175,0.3));
#3028=CARTESIAN_POINT('',(0.,0.,0.3));
#3029=CARTESIAN_POINT('',(0.95,-0.325,0.3));
#3030=CARTESIAN_POINT('',(0.95,0.175,0.3));
#3031=CARTESIAN_POINT('',(0.95,0.175,0.3));
#3032=CARTESIAN_POINT('',(0.95,-0.325,0.3));
#3033=CARTESIAN_POINT('',(0.95,0.175,0.3));
#3034=CARTESIAN_POINT('',(0.95,0.175,0.3));
#3035=CARTESIAN_POINT('',(0.,0.,0.3));
#3036=CARTESIAN_POINT('',(-1.25,-0.425,-1.5));
#3037=CARTESIAN_POINT('',(-1.18333333333333,-0.458333333333333,-1.53333333333333));
#3038=CARTESIAN_POINT('',(1.21666666666667,-0.491666666666667,-1.56666666666667));
#3039=CARTESIAN_POINT('',(1.15,-0.625,-1.5));
#3040=CARTESIAN_POINT('',(0.350000000000002,-0.374999999999999,-0.7));
#3041=CARTESIAN_POINT('',(-1.15,-0.625,-1.5));
#3042=CARTESIAN_POINT('',(-1.18333333333333,0.458333333333333,-1.53333333333333));
#3043=CARTESIAN_POINT('',(-1.25,0.425,-1.5));
#3044=CARTESIAN_POINT('',(0.,0.,0.));
#3045=CARTESIAN_POINT('',(0.799999999999999,-0.15,-1.));
#3046=CARTESIAN_POINT('',(-0.899999999999999,-0.132582974572081,-1.));
#3047=CARTESIAN_POINT('',(-0.899999999999999,-0.25,-1.));
#3048=CARTESIAN_POINT('',(-0.899999999999999,-0.549999999999999,-1.));
#3049=CARTESIAN_POINT('',(0.,-0.549999999999999,-1.));
#3050=CARTESIAN_POINT('',(-1.05,-0.549999999999999,-1.));
#3051=CARTESIAN_POINT('',(-1.05,-0.132582974572081,-1.));
#3052=CARTESIAN_POINT('',(-1.05,-0.25,-1.));
#3053=CARTESIAN_POINT('',(-0.799999999999999,-0.25,-1.));
#3054=CARTESIAN_POINT('',(-0.799999999999999,0.,-1.));
#3055=CARTESIAN_POINT('',(0.799999999999999,0.,-1.));
#3056=CARTESIAN_POINT('',(0.799999999999999,-1.32776472016298E-32,-1.));
#3057=CARTESIAN_POINT('',(0.799999999999999,-0.25,-1.));
#3058=CARTESIAN_POINT('',(1.05,-0.25,-1.));
#3059=CARTESIAN_POINT('',(1.05,-0.132582974572081,-1.));
#3060=CARTESIAN_POINT('',(1.05,-0.549999999999999,-1.));
#3061=CARTESIAN_POINT('',(0.,-0.549999999999999,-1.));
#3062=CARTESIAN_POINT('',(0.899999999999999,-0.549999999999999,-1.));
#3063=CARTESIAN_POINT('',(0.899999999999999,-0.132582974572081,-1.));
#3064=CARTESIAN_POINT('',(0.899999999999999,-0.25,-1.));
#3065=CARTESIAN_POINT('',(0.799999999999999,-0.25,-1.));
#3066=CARTESIAN_POINT('',(0.799999999999999,-0.15,-1.));
#3067=CARTESIAN_POINT('',(0.799999999999999,-0.15,-1.));
#3068=CARTESIAN_POINT('',(-0.799999999999999,-0.15,-1.));
#3069=CARTESIAN_POINT('',(-0.799999999999999,-0.25,-1.));
#3070=CARTESIAN_POINT('',(-1.05,-5.51091059616308E-17,0.));
#3071=CARTESIAN_POINT('',(-1.05,-0.549999999999999,-1.));
#3072=CARTESIAN_POINT('',(-1.05,-0.579897788590275,-1.));
#3073=CARTESIAN_POINT('',(-1.05,-0.619884589221651,-0.973922200121395));
#3074=CARTESIAN_POINT('',(-1.05,-0.671533433988981,-0.911238680048031));
#3075=CARTESIAN_POINT('',(-1.05,-0.572388465464877,-0.730938719055977));
#3076=CARTESIAN_POINT('',(-1.05,-0.549999999999999,-0.669849024152823));
#3077=CARTESIAN_POINT('',(-1.05,-0.549999999999999,-0.6255008276504));
#3078=CARTESIAN_POINT('',(-1.05,-0.549999999999999,-0.6255008276504));
#3079=CARTESIAN_POINT('',(-1.05,-0.549999999999999,-0.6255008276504));
#3080=CARTESIAN_POINT('',(-1.05,-0.549999999999999,-0.400000000000001));
#3081=CARTESIAN_POINT('',(-1.05,-0.65,-0.400000000000001));
#3082=CARTESIAN_POINT('',(-1.05,-0.25,-0.400000000000001));
#3083=CARTESIAN_POINT('',(-1.05,-0.25,-0.400000000000001));
#3084=CARTESIAN_POINT('',(-0.899999999999999,-5.51091059616308E-17,0.));
#3085=CARTESIAN_POINT('',(-0.899999999999999,-0.55,-6.60271701996686E-17));
#3086=CARTESIAN_POINT('',(-0.899999999999999,-0.549999999999999,-0.6255008276504));
#3087=CARTESIAN_POINT('',(-0.899999999999998,-0.549999999999999,-0.400000000000001));
#3088=CARTESIAN_POINT('',(-0.899999999999999,-0.549999999999999,-1.));
#3089=CARTESIAN_POINT('',(-0.899999999999999,-0.579897788590275,-1.));
#3090=CARTESIAN_POINT('',(-0.899999999999999,-0.619884589221651,-0.973922200121395));
#3091=CARTESIAN_POINT('',(-0.899999999999999,-0.671533433988981,-0.911238680048031));
#3092=CARTESIAN_POINT('',(-0.899999999999999,-0.572388465464877,-0.730938719055977));
#3093=CARTESIAN_POINT('',(-0.899999999999999,-0.549999999999999,-0.669849024152823));
#3094=CARTESIAN_POINT('',(-0.899999999999999,-0.549999999999999,-0.6255008276504));
#3095=CARTESIAN_POINT('',(-0.899999999999999,-0.25,-0.400000000000001));
#3096=CARTESIAN_POINT('',(-0.899999999999999,-0.25,-0.400000000000001));
#3097=CARTESIAN_POINT('',(-0.899999999999999,-0.65,-0.400000000000001));
#3098=CARTESIAN_POINT('',(-0.299999999999999,-0.65,-0.748000000000001));
#3099=CARTESIAN_POINT('',(0.,-0.58481320886007,-0.748000000000001));
#3100=CARTESIAN_POINT('',(-0.449999999999998,-0.584813213342114,-0.748000009267421));
#3101=CARTESIAN_POINT('',(-0.299999999999999,-0.58481320886007,-0.748000000000001));
#3102=CARTESIAN_POINT('',(-0.449999999999999,-0.65,-0.748000000000001));
#3103=CARTESIAN_POINT('',(-0.449999999999999,-0.25,-0.748000000000001));
#3104=CARTESIAN_POINT('',(-0.549999999999999,-0.25,-0.748000000000001));
#3105=CARTESIAN_POINT('',(-0.549999999999999,-0.15,-0.748000000000001));
#3106=CARTESIAN_POINT('',(-0.549999999999998,-1.22464679914732E-19,-0.748000000000001));
#3107=CARTESIAN_POINT('',(-0.549999999999998,-1.22464679914732E-19,-0.748000000000001));
#3108=CARTESIAN_POINT('',(-0.549999999999999,-0.25,-0.748000000000001));
#3109=CARTESIAN_POINT('',(-0.299999999999999,-0.25,-0.748000000000001));
#3110=CARTESIAN_POINT('',(-0.299999999999999,-0.65,-0.748000000000001));
#3111=CARTESIAN_POINT('',(-0.299999999999998,2.75545529808153E-17,1.39397422176707E-16));
#3112=CARTESIAN_POINT('',(-0.299999999999999,-0.132582974572081,-0.398000000000001));
#3113=CARTESIAN_POINT('',(-0.299999999999999,-0.25,-0.398));
#3114=CARTESIAN_POINT('',(-0.299999999999999,-0.549999999999999,-0.398000000000001));
#3115=CARTESIAN_POINT('',(-0.299999999999998,-0.549999999999999,7.33702519770387E-17));
#3116=CARTESIAN_POINT('',(-0.299999999999998,-0.549999999999999,-0.6255008276504));
#3117=CARTESIAN_POINT('',(-0.299999999999998,-0.549999999999999,-1.));
#3118=CARTESIAN_POINT('',(-0.299999999999998,-0.579897788590275,-1.));
#3119=CARTESIAN_POINT('',(-0.299999999999998,-0.619884589221651,-0.973922200121395));
#3120=CARTESIAN_POINT('',(-0.299999999999998,-0.671533433988981,-0.911238680048031));
#3121=CARTESIAN_POINT('',(-0.299999999999998,-0.572388465464877,-0.730938719055977));
#3122=CARTESIAN_POINT('',(-0.299999999999998,-0.549999999999999,-0.669849024152823));
#3123=CARTESIAN_POINT('',(-0.299999999999998,-0.549999999999999,-0.6255008276504));
#3124=CARTESIAN_POINT('',(-0.299999999999999,-0.25,-0.748000000000001));
#3125=CARTESIAN_POINT('',(-0.449999999999998,2.75545529808153E-17,1.39397422176707E-16));
#3126=CARTESIAN_POINT('',(-0.449999999999998,-0.549999999999999,7.33702519770387E-17));
#3127=CARTESIAN_POINT('',(-0.449999999999999,-0.549999999999999,-0.398000000000001));
#3128=CARTESIAN_POINT('',(-0.449999999999998,-0.549999999999999,-0.6255008276504));
#3129=CARTESIAN_POINT('',(-0.449999999999999,-0.132582974572081,-0.398000000000001));
#3130=CARTESIAN_POINT('',(-0.449999999999999,-0.25,-0.398000000000001));
#3131=CARTESIAN_POINT('',(-0.449999999999999,-0.25,-0.748000000000001));
#3132=CARTESIAN_POINT('',(-0.449999999999998,-0.549999999999999,-1.));
#3133=CARTESIAN_POINT('',(-0.449999999999998,-0.579897788590275,-1.));
#3134=CARTESIAN_POINT('',(-0.449999999999998,-0.619884589221651,-0.973922200121395));
#3135=CARTESIAN_POINT('',(-0.449999999999998,-0.671533433988981,-0.911238680048031));
#3136=CARTESIAN_POINT('',(-0.449999999999998,-0.572388465464877,-0.730938719055977));
#3137=CARTESIAN_POINT('',(-0.449999999999998,-0.549999999999999,-0.669849024152823));
#3138=CARTESIAN_POINT('',(-0.449999999999998,-0.549999999999999,-0.6255008276504));
#3139=CARTESIAN_POINT('',(-0.648646320880198,-0.65,1.));
#3140=CARTESIAN_POINT('',(-0.79717899680218,-0.65,0.979070494906578));
#3141=CARTESIAN_POINT('',(-0.79717899680218,-0.55,0.979070494906578));
#3142=CARTESIAN_POINT('',(-0.79717899680218,-0.249999999999999,0.979070494906578));
#3143=CARTESIAN_POINT('',(-0.648646320880198,-0.55,1.));
#3144=CARTESIAN_POINT('',(-0.648646320880198,-0.55,1.));
#3145=CARTESIAN_POINT('',(-0.648646320880198,-0.65,1.));
#3146=CARTESIAN_POINT('',(-0.648646320880198,-0.249999999999999,1.));
#3147=CARTESIAN_POINT('',(-0.648646320880198,-0.249999999999999,1.));
#3148=CARTESIAN_POINT('',(-0.648646320880198,-0.65,1.));
#3149=CARTESIAN_POINT('',(-0.648646320880198,-0.55,1.));
#3150=CARTESIAN_POINT('',(-0.641938518082587,-0.55,0.952396012488642));
#3151=CARTESIAN_POINT('',(-0.641938518082587,-0.65,0.952396012488642));
#3152=CARTESIAN_POINT('',(-0.641938518082587,-0.249999999999999,0.952396012488642));
#3153=CARTESIAN_POINT('',(-0.648646320880198,-0.249999999999999,1.));
#3154=CARTESIAN_POINT('',(-1.34430323299376,-0.65,0.853426908303812));
#3155=CARTESIAN_POINT('',(-1.34430323299376,-0.55,0.853426908303812));
#3156=CARTESIAN_POINT('',(-0.653815778025457,-0.549999999999999,0.691136579365834));
#3157=CARTESIAN_POINT('',(-0.653815778025457,-0.65,0.691136579365834));
#3158=CARTESIAN_POINT('',(-0.653815778025457,-0.25,0.691136579365834));
#3159=CARTESIAN_POINT('',(-1.34430323299376,-0.25,0.853426908303812));
#3160=CARTESIAN_POINT('',(-0.653815778025457,-0.65,0.691136579365834));
#3161=CARTESIAN_POINT('',(-0.653815778025457,-0.55,0.691136579365834));
#3162=CARTESIAN_POINT('',(-0.889998921241274,-0.549999999999999,-0.313738440191417));
#3163=CARTESIAN_POINT('',(-0.889998921241274,-0.65,-0.313738440191417));
#3164=CARTESIAN_POINT('',(-0.889998921241274,-0.25,-0.313738440191417));
#3165=CARTESIAN_POINT('',(-0.653815778025457,-0.25,0.691136579365834));
#3166=CARTESIAN_POINT('',(-0.522986756785141,-0.65,-0.400000000000001));
#3167=CARTESIAN_POINT('',(-0.522986756785141,-0.549999999999999,-0.400000000000001));
#3168=CARTESIAN_POINT('',(-0.522986756785141,-0.25,-0.400000000000001));
#3169=CARTESIAN_POINT('',(-0.79717899680218,-0.65,0.979070494906578));
#3170=CARTESIAN_POINT('',(-0.79717899680218,-0.55,0.979070494906578));
#3171=CARTESIAN_POINT('',(-0.790471194004568,-0.55,0.931466507395218));
#3172=CARTESIAN_POINT('',(-0.79717899680218,-0.249999999999999,0.979070494906578));
#3173=CARTESIAN_POINT('',(-0.790471194004568,-0.249999999999999,0.931466507395218));
#3174=CARTESIAN_POINT('',(-0.790471194004568,-0.65,0.931466507395218));
#3175=CARTESIAN_POINT('',(-1.34430323299376,-0.65,0.853426908303812));
#3176=CARTESIAN_POINT('',(-1.34430323299376,-0.55,0.853426908303812));
#3177=CARTESIAN_POINT('',(-0.799836708746572,-0.55,0.725456949284282));
#3178=CARTESIAN_POINT('',(-1.34430323299376,-0.249999999999999,0.853426908303812));
#3179=CARTESIAN_POINT('',(-0.799836708746573,-0.25,0.725456949284282));
#3180=CARTESIAN_POINT('',(-0.799836708746573,-0.65,0.725456949284282));
#3181=CARTESIAN_POINT('',(-0.799836708746572,-0.65,0.725456949284282));
#3182=CARTESIAN_POINT('',(-0.799836708746572,-0.55,0.725456949284282));
#3183=CARTESIAN_POINT('',(-1.03601985196239,-0.549999999999999,-0.279418070272969));
#3184=CARTESIAN_POINT('',(-0.799836708746572,-0.25,0.725456949284282));
#3185=CARTESIAN_POINT('',(-1.03601985196239,-0.25,-0.279418070272969));
#3186=CARTESIAN_POINT('',(-1.03601985196239,-0.65,-0.279418070272969));
#3187=CARTESIAN_POINT('',(-0.522986756785141,-0.65,-0.400000000000001));
#3188=CARTESIAN_POINT('',(-0.522986756785141,-0.549999999999999,-0.400000000000001));
#3189=CARTESIAN_POINT('',(-0.522986756785141,-0.25,-0.400000000000001));
#3190=CARTESIAN_POINT('',(-0.413119214170443,-0.25,1.));
#3191=CARTESIAN_POINT('',(-0.413119214170443,-0.25,1.));
#3192=CARTESIAN_POINT('',(-0.413119214170443,-0.25,1.));
#3193=CARTESIAN_POINT('',(-0.413119214170443,-0.55,1.));
#3194=CARTESIAN_POINT('',(-0.413119214170443,-0.55,1.));
#3195=CARTESIAN_POINT('',(-0.267408551232968,-0.55,0.964385358259259));
#3196=CARTESIAN_POINT('',(-0.267408551232968,-0.25,0.964385358259259));
#3197=CARTESIAN_POINT('',(-0.267408551232968,-0.25,0.964385358259259));
#3198=CARTESIAN_POINT('',(-0.413119214170443,-0.25,1.));
#3199=CARTESIAN_POINT('',(-0.413119214170443,-0.25,1.));
#3200=CARTESIAN_POINT('',(-0.474571024263979,-0.25,0.748581382549932));
#3201=CARTESIAN_POINT('',(-0.474571024263979,-0.25,0.748581382549932));
#3202=CARTESIAN_POINT('',(-0.474571024263979,-0.55,0.748581382549932));
#3203=CARTESIAN_POINT('',(-0.413119214170443,-0.55,1.));
#3204=CARTESIAN_POINT('',(-0.413119214170443,-0.25,1.));
#3205=CARTESIAN_POINT('',(0.184844830957527,-0.25,0.587406771382619));
#3206=CARTESIAN_POINT('',(-0.493138377528514,-0.25,0.553564572674227));
#3207=CARTESIAN_POINT('',(-0.493138377528514,-0.25,0.553564572674227));
#3208=CARTESIAN_POINT('',(-0.493138377528514,-0.549999999999999,0.553564572674227));
#3209=CARTESIAN_POINT('',(0.184844830957527,-0.549999999999999,0.587406771382619));
#3210=CARTESIAN_POINT('',(0.184844830957527,-0.25,0.587406771382619));
#3211=CARTESIAN_POINT('',(-0.493138377528514,-0.25,0.553564572674227));
#3212=CARTESIAN_POINT('',(-0.454354482613634,-0.25,-0.223418912900996));
#3213=CARTESIAN_POINT('',(-0.454354482613634,-0.25,-0.223418912900996));
#3214=CARTESIAN_POINT('',(-0.454354482613634,-0.549999999999999,-0.223418912900996));
#3215=CARTESIAN_POINT('',(-0.493138377528514,-0.55,0.553564572674227));
#3216=CARTESIAN_POINT('',(-0.493138377528514,-0.25,0.553564572674227));
#3217=CARTESIAN_POINT('',(-3.95185317033972,-0.25,-0.398000000000001));
#3218=CARTESIAN_POINT('',(-3.95185317033972,-0.55,-0.398000000000001));
#3219=CARTESIAN_POINT('',(-3.95185317033972,-0.25,-0.398000000000001));
#3220=CARTESIAN_POINT('',(-0.267408551232968,-0.25,0.964385358259259));
#3221=CARTESIAN_POINT('',(-0.267408551232968,-0.55,0.964385358259259));
#3222=CARTESIAN_POINT('',(-0.328860361326503,-0.549999999999999,0.71296674080919));
#3223=CARTESIAN_POINT('',(-0.328860361326503,-0.25,0.71296674080919));
#3224=CARTESIAN_POINT('',(-0.328860361326503,-0.25,0.71296674080919));
#3225=CARTESIAN_POINT('',(-0.267408551232968,-0.25,0.964385358259259));
#3226=CARTESIAN_POINT('',(0.184844830957527,-0.25,0.587406771382619));
#3227=CARTESIAN_POINT('',(0.184844830957527,-0.549999999999999,0.587406771382619));
#3228=CARTESIAN_POINT('',(-0.343324899452842,-0.549999999999999,0.56104265978726));
#3229=CARTESIAN_POINT('',(-0.343324899452842,-0.25,0.56104265978726));
#3230=CARTESIAN_POINT('',(-0.343324899452842,-0.25,0.56104265978726));
#3231=CARTESIAN_POINT('',(0.184844830957527,-0.25,0.587406771382619));
#3232=CARTESIAN_POINT('',(-0.343324899452842,-0.25,0.56104265978726));
#3233=CARTESIAN_POINT('',(-0.343324899452842,-0.549999999999999,0.56104265978726));
#3234=CARTESIAN_POINT('',(-0.304541004537963,-0.549999999999999,-0.215940825787963));
#3235=CARTESIAN_POINT('',(-0.304541004537962,-0.25,-0.215940825787963));
#3236=CARTESIAN_POINT('',(-0.304541004537964,-0.25,-0.215940825787963));
#3237=CARTESIAN_POINT('',(-0.343324899452842,-0.25,0.56104265978726));
#3238=CARTESIAN_POINT('',(-3.95185317033972,-0.25,-0.398000000000001));
#3239=CARTESIAN_POINT('',(-3.95185317033972,-0.55,-0.398000000000001));
#3240=CARTESIAN_POINT('',(-3.95185317033972,-0.25,-0.398000000000001));
#3241=CARTESIAN_POINT('',(-0.549999999999999,3.04256949806892,-0.750000000000001));
#3242=CARTESIAN_POINT('',(-0.549999999999999,-0.15,-0.750000000000001));
#3243=CARTESIAN_POINT('',(-0.549999999999999,-0.15,-0.398000000000001));
#3244=CARTESIAN_POINT('',(-0.549999999999998,-0.15,1.));
#3245=CARTESIAN_POINT('',(-0.549999999999999,-2.15537836649934E-17,-0.398000000000001));
#3246=CARTESIAN_POINT('',(-0.549999999999999,-2.15537836649934E-17,-0.398000000000001));
#3247=CARTESIAN_POINT('',(-0.549999999999999,0.,6.81498508419457E-17));
#3248=CARTESIAN_POINT('',(-0.549999999999998,0.,1.));
#3249=CARTESIAN_POINT('',(-0.549999999999998,3.04256949806892,1.));
#3250=CARTESIAN_POINT('',(-0.549999999999999,3.04256949806892,-0.750000000000001));
#3251=CARTESIAN_POINT('',(-0.549999999999999,0.,6.81498508419457E-17));
#3252=CARTESIAN_POINT('',(-0.549999999999999,0.,-0.750000000000001));
#3253=CARTESIAN_POINT('',(-0.549999999999999,-0.15,-0.750000000000001));
#3254=CARTESIAN_POINT('',(-0.549999999999999,-0.15,-0.750000000000001));
#3255=CARTESIAN_POINT('',(-0.549999999999999,3.04256949806892,-0.750000000000001));
#3256=CARTESIAN_POINT('',(-0.799999999999999,-0.15,-1.));
#3257=CARTESIAN_POINT('',(-0.799999999999999,0.,-1.));
#3258=CARTESIAN_POINT('',(-0.799999999999999,0.,-0.400000000000001));
#3259=CARTESIAN_POINT('',(-0.799999999999999,0.,1.));
#3260=CARTESIAN_POINT('',(-0.799999999999999,8.57252759403148E-17,-0.400000000000001));
#3261=CARTESIAN_POINT('',(-0.799999999999999,-0.15,-0.400000000000001));
#3262=CARTESIAN_POINT('',(-0.799999999999999,-0.15,-1.));
#3263=CARTESIAN_POINT('',(-0.799999999999999,-0.15,1.));
#3264=CARTESIAN_POINT('',(-0.799999999999999,-0.15,1.));
#3265=CARTESIAN_POINT('',(1.05,-5.51091059616308E-17,0.));
#3266=CARTESIAN_POINT('',(1.05,-0.132582974572081,-0.400000000000001));
#3267=CARTESIAN_POINT('',(1.05,-0.25,-0.399999999999999));
#3268=CARTESIAN_POINT('',(1.05,-0.549999999999999,-0.400000000000001));
#3269=CARTESIAN_POINT('',(1.05,-0.55,1.18075921064523));
#3270=CARTESIAN_POINT('',(1.05,-0.549999999999999,-0.6255008276504));
#3271=CARTESIAN_POINT('',(1.05,-0.549999999999999,-0.6255008276504));
#3272=CARTESIAN_POINT('',(1.05,-0.549999999999999,-0.669849024152823));
#3273=CARTESIAN_POINT('',(1.05,-0.572388465464877,-0.730938719055977));
#3274=CARTESIAN_POINT('',(1.05,-0.671533433988981,-0.911238680048031));
#3275=CARTESIAN_POINT('',(1.05,-0.619884589221651,-0.973922200121395));
#3276=CARTESIAN_POINT('',(1.05,-0.579897788590275,-1.));
#3277=CARTESIAN_POINT('',(1.05,-0.549999999999999,-1.));
#3278=CARTESIAN_POINT('',(1.05,-0.25,-1.));
#3279=CARTESIAN_POINT('',(0.899999999999999,-5.51091059616308E-17,0.));
#3280=CARTESIAN_POINT('',(0.899999999999999,-0.55,-6.60271701996686E-17));
#3281=CARTESIAN_POINT('',(0.899999999999998,-0.549999999999999,-0.400000000000001));
#3282=CARTESIAN_POINT('',(0.899999999999999,-0.549999999999999,-0.6255008276504));
#3283=CARTESIAN_POINT('',(0.899999999999999,-0.132582974572081,-0.400000000000001));
#3284=CARTESIAN_POINT('',(0.899999999999998,-0.25,-0.4));
#3285=CARTESIAN_POINT('',(0.899999999999999,-0.25,-1.));
#3286=CARTESIAN_POINT('',(0.899999999999999,-0.549999999999999,-0.6255008276504));
#3287=CARTESIAN_POINT('',(0.899999999999999,-0.549999999999999,-0.669849024152823));
#3288=CARTESIAN_POINT('',(0.899999999999999,-0.572388465464877,-0.730938719055977));
#3289=CARTESIAN_POINT('',(0.899999999999999,-0.671533433988981,-0.911238680048031));
#3290=CARTESIAN_POINT('',(0.899999999999999,-0.619884589221651,-0.973922200121395));
#3291=CARTESIAN_POINT('',(0.899999999999999,-0.579897788590275,-1.));
#3292=CARTESIAN_POINT('',(0.899999999999999,-0.549999999999999,-1.));
#3293=CARTESIAN_POINT('',(0.299999999999999,-0.132582974572081,-0.748000000000001));
#3294=CARTESIAN_POINT('',(0.,-0.584813208860015,-0.747999999999887));
#3295=CARTESIAN_POINT('',(0.299999999999999,-0.584813208860015,-0.747999999999887));
#3296=CARTESIAN_POINT('',(0.449999999999998,-0.584813213342114,-0.748000009267421));
#3297=CARTESIAN_POINT('',(0.299999999999999,-0.132582974572081,-0.748000000000001));
#3298=CARTESIAN_POINT('',(0.299999999999998,-0.25,-0.748000000000001));
#3299=CARTESIAN_POINT('',(0.549999999999998,-0.25,-0.748000000000001));
#3300=CARTESIAN_POINT('',(0.549999999999999,1.07034130245479E-16,-0.748000000000001));
#3301=CARTESIAN_POINT('',(0.549999999999999,1.07034130245479E-16,-0.748000000000001));
#3302=CARTESIAN_POINT('',(0.549999999999999,-0.15,-0.748000000000001));
#3303=CARTESIAN_POINT('',(0.549999999999998,-0.25,-0.748000000000001));
#3304=CARTESIAN_POINT('',(0.449999999999999,-0.25,-0.748000000000001));
#3305=CARTESIAN_POINT('',(0.449999999999999,-0.132582974572081,-0.748000000000001));
#3306=CARTESIAN_POINT('',(0.299999999999999,-3.87663653953833E-18,0.));
#3307=CARTESIAN_POINT('',(0.299999999999999,-0.549999999999999,-0.6255008276504));
#3308=CARTESIAN_POINT('',(0.299999999999999,-0.549999999999999,-0.669849024152823));
#3309=CARTESIAN_POINT('',(0.299999999999999,-0.572388465464877,-0.730938719055977));
#3310=CARTESIAN_POINT('',(0.299999999999999,-0.671533433988981,-0.911238680048031));
#3311=CARTESIAN_POINT('',(0.299999999999999,-0.619884589221651,-0.973922200121395));
#3312=CARTESIAN_POINT('',(0.299999999999999,-0.579897788590275,-1.));
#3313=CARTESIAN_POINT('',(0.299999999999999,-0.549999999999999,-1.));
#3314=CARTESIAN_POINT('',(0.299999999999999,-0.549999999999999,-0.6255008276504));
#3315=CARTESIAN_POINT('',(0.299999999999999,-0.549999999999999,-6.60271701996686E-17));
#3316=CARTESIAN_POINT('',(0.299999999999999,-0.549999999999999,-0.398000000000001));
#3317=CARTESIAN_POINT('',(0.299999999999999,-0.132582974572081,-0.398000000000001));
#3318=CARTESIAN_POINT('',(0.299999999999999,-0.25,-0.398000000000001));
#3319=CARTESIAN_POINT('',(0.299999999999999,-0.25,-0.398000000000001));
#3320=CARTESIAN_POINT('',(0.449999999999999,2.75545529808154E-17,0.));
#3321=CARTESIAN_POINT('',(0.449999999999999,-0.549999999999999,-6.60271701996686E-17));
#3322=CARTESIAN_POINT('',(0.449999999999999,-0.549999999999999,-0.6255008276504));
#3323=CARTESIAN_POINT('',(0.449999999999999,-0.549999999999999,-0.398000000000001));
#3324=CARTESIAN_POINT('',(0.449999999999999,-0.549999999999999,-0.6255008276504));
#3325=CARTESIAN_POINT('',(0.449999999999999,-0.549999999999999,-0.669849024152823));
#3326=CARTESIAN_POINT('',(0.449999999999999,-0.572388465464877,-0.730938719055977));
#3327=CARTESIAN_POINT('',(0.449999999999999,-0.671533433988981,-0.911238680048031));
#3328=CARTESIAN_POINT('',(0.449999999999999,-0.619884589221651,-0.973922200121395));
#3329=CARTESIAN_POINT('',(0.449999999999999,-0.579897788590275,-1.));
#3330=CARTESIAN_POINT('',(0.449999999999999,-0.549999999999999,-1.));
#3331=CARTESIAN_POINT('',(0.449999999999999,-0.25,-0.398000000000001));
#3332=CARTESIAN_POINT('',(0.449999999999999,-0.25,-0.398000000000001));
#3333=CARTESIAN_POINT('',(0.449999999999999,-0.132582974572081,-0.398000000000001));
#3334=CARTESIAN_POINT('',(0.648646320880198,-0.65,1.));
#3335=CARTESIAN_POINT('',(0.648646320880198,-0.65,1.));
#3336=CARTESIAN_POINT('',(0.648646320880198,-0.55,1.));
#3337=CARTESIAN_POINT('',(0.648646320880198,-0.25,1.));
#3338=CARTESIAN_POINT('',(0.648646320880198,-0.55,1.));
#3339=CARTESIAN_POINT('',(0.79717899680218,-0.55,0.979070494906578));
#3340=CARTESIAN_POINT('',(0.79717899680218,-0.65,0.979070494906578));
#3341=CARTESIAN_POINT('',(0.79717899680218,-0.249999999999999,0.979070494906578));
#3342=CARTESIAN_POINT('',(0.648646320880198,-0.25,1.));
#3343=CARTESIAN_POINT('',(0.522986756785141,-0.65,-0.400000000000001));
#3344=CARTESIAN_POINT('',(0.522986756785141,-0.549999999999999,-0.400000000000001));
#3345=CARTESIAN_POINT('',(0.889998921241274,-0.549999999999999,-0.313738440191417));
#3346=CARTESIAN_POINT('',(0.889998921241274,-0.65,-0.313738440191417));
#3347=CARTESIAN_POINT('',(0.889998921241274,-0.25,-0.313738440191417));
#3348=CARTESIAN_POINT('',(0.522986756785141,-0.25,-0.400000000000001));
#3349=CARTESIAN_POINT('',(0.889998921241274,-0.65,-0.313738440191417));
#3350=CARTESIAN_POINT('',(0.889998921241274,-0.549999999999999,-0.313738440191417));
#3351=CARTESIAN_POINT('',(0.653815778025457,-0.549999999999999,0.691136579365834));
#3352=CARTESIAN_POINT('',(0.653815778025457,-0.65,0.691136579365834));
#3353=CARTESIAN_POINT('',(0.653815778025457,-0.25,0.691136579365834));
#3354=CARTESIAN_POINT('',(0.889998921241274,-0.25,-0.313738440191417));
#3355=CARTESIAN_POINT('',(1.34430323299376,-0.65,0.853426908303812));
#3356=CARTESIAN_POINT('',(1.34430323299376,-0.55,0.853426908303812));
#3357=CARTESIAN_POINT('',(0.641938518082587,-0.55,0.952396012488642));
#3358=CARTESIAN_POINT('',(0.641938518082587,-0.65,0.952396012488642));
#3359=CARTESIAN_POINT('',(0.641938518082587,-0.25,0.952396012488642));
#3360=CARTESIAN_POINT('',(1.34430323299376,-0.25,0.853426908303812));
#3361=CARTESIAN_POINT('',(0.641938518082587,-0.65,0.952396012488642));
#3362=CARTESIAN_POINT('',(0.641938518082587,-0.55,0.952396012488642));
#3363=CARTESIAN_POINT('',(0.641938518082587,-0.25,0.952396012488642));
#3364=CARTESIAN_POINT('',(0.522986756785141,-0.65,-0.400000000000001));
#3365=CARTESIAN_POINT('',(0.522986756785141,-0.549999999999999,-0.400000000000001));
#3366=CARTESIAN_POINT('',(1.03601985196239,-0.549999999999999,-0.27941807027297));
#3367=CARTESIAN_POINT('',(0.522986756785141,-0.25,-0.400000000000001));
#3368=CARTESIAN_POINT('',(1.03601985196239,-0.25,-0.27941807027297));
#3369=CARTESIAN_POINT('',(1.03601985196239,-0.65,-0.27941807027297));
#3370=CARTESIAN_POINT('',(1.03601985196239,-0.65,-0.279418070272969));
#3371=CARTESIAN_POINT('',(1.03601985196239,-0.549999999999999,-0.279418070272969));
#3372=CARTESIAN_POINT('',(0.799836708746573,-0.55,0.725456949284282));
#3373=CARTESIAN_POINT('',(1.03601985196239,-0.25,-0.279418070272969));
#3374=CARTESIAN_POINT('',(0.799836708746572,-0.25,0.725456949284282));
#3375=CARTESIAN_POINT('',(0.799836708746572,-0.65,0.725456949284282));
#3376=CARTESIAN_POINT('',(1.34430323299376,-0.65,0.853426908303812));
#3377=CARTESIAN_POINT('',(1.34430323299376,-0.55,0.853426908303812));
#3378=CARTESIAN_POINT('',(0.790471194004568,-0.55,0.931466507395218));
#3379=CARTESIAN_POINT('',(1.34430323299376,-0.25,0.853426908303812));
#3380=CARTESIAN_POINT('',(0.790471194004568,-0.25,0.931466507395218));
#3381=CARTESIAN_POINT('',(0.790471194004568,-0.65,0.931466507395218));
#3382=CARTESIAN_POINT('',(0.790471194004568,-0.65,0.931466507395218));
#3383=CARTESIAN_POINT('',(0.790471194004568,-0.55,0.931466507395218));
#3384=CARTESIAN_POINT('',(0.790471194004568,-0.249999999999999,0.931466507395218));
#3385=CARTESIAN_POINT('',(0.413119214170443,-0.25,1.));
#3386=CARTESIAN_POINT('',(0.267408551232968,-0.25,0.964385358259259));
#3387=CARTESIAN_POINT('',(0.267408551232968,-0.25,0.964385358259259));
#3388=CARTESIAN_POINT('',(0.267408551232968,-0.549999999999999,0.964385358259259));
#3389=CARTESIAN_POINT('',(0.413119214170443,-0.55,1.));
#3390=CARTESIAN_POINT('',(0.413119214170443,-0.55,1.));
#3391=CARTESIAN_POINT('',(0.413119214170443,-0.25,1.));
#3392=CARTESIAN_POINT('',(0.413119214170443,-0.25,1.));
#3393=CARTESIAN_POINT('',(0.413119214170443,-0.25,1.));
#3394=CARTESIAN_POINT('',(3.95185317033972,-0.25,-0.398000000000001));
#3395=CARTESIAN_POINT('',(0.454354482613636,-0.25,-0.22341891290099));
#3396=CARTESIAN_POINT('',(0.454354482613636,-0.25,-0.22341891290099));
#3397=CARTESIAN_POINT('',(0.454354482613635,-0.549999999999999,-0.22341891290099));
#3398=CARTESIAN_POINT('',(3.95185317033972,-0.55,-0.398000000000001));
#3399=CARTESIAN_POINT('',(3.95185317033972,-0.25,-0.398000000000001));
#3400=CARTESIAN_POINT('',(0.454354482613634,-0.25,-0.223418912900996));
#3401=CARTESIAN_POINT('',(0.493138377528514,-0.25,0.553564572674227));
#3402=CARTESIAN_POINT('',(0.493138377528514,-0.25,0.553564572674227));
#3403=CARTESIAN_POINT('',(0.493138377528514,-0.549999999999999,0.553564572674227));
#3404=CARTESIAN_POINT('',(0.454354482613634,-0.549999999999999,-0.223418912900996));
#3405=CARTESIAN_POINT('',(0.454354482613634,-0.25,-0.223418912900996));
#3406=CARTESIAN_POINT('',(-0.184844830957527,-0.25,0.587406771382619));
#3407=CARTESIAN_POINT('',(0.474571024263979,-0.25,0.748581382549931));
#3408=CARTESIAN_POINT('',(0.474571024263979,-0.25,0.748581382549931));
#3409=CARTESIAN_POINT('',(0.474571024263979,-0.55,0.748581382549931));
#3410=CARTESIAN_POINT('',(-0.184844830957527,-0.549999999999999,0.587406771382619));
#3411=CARTESIAN_POINT('',(-0.184844830957527,-0.25,0.587406771382619));
#3412=CARTESIAN_POINT('',(0.474571024263979,-0.25,0.748581382549932));
#3413=CARTESIAN_POINT('',(0.474571024263979,-0.55,0.748581382549932));
#3414=CARTESIAN_POINT('',(0.474571024263979,-0.25,0.748581382549932));
#3415=CARTESIAN_POINT('',(3.95185317033972,-0.25,-0.398000000000001));
#3416=CARTESIAN_POINT('',(3.95185317033972,-0.55,-0.398000000000001));
#3417=CARTESIAN_POINT('',(0.304541004537963,-0.549999999999999,-0.215940825787957));
#3418=CARTESIAN_POINT('',(0.304541004537964,-0.25,-0.215940825787957));
#3419=CARTESIAN_POINT('',(0.304541004537963,-0.25,-0.215940825787957));
#3420=CARTESIAN_POINT('',(3.95185317033972,-0.25,-0.398000000000001));
#3421=CARTESIAN_POINT('',(0.304541004537962,-0.25,-0.215940825787963));
#3422=CARTESIAN_POINT('',(0.304541004537962,-0.549999999999999,-0.215940825787963));
#3423=CARTESIAN_POINT('',(0.343324899452842,-0.549999999999999,0.56104265978726));
#3424=CARTESIAN_POINT('',(0.343324899452842,-0.25,0.56104265978726));
#3425=CARTESIAN_POINT('',(0.343324899452842,-0.25,0.56104265978726));
#3426=CARTESIAN_POINT('',(0.304541004537962,-0.25,-0.215940825787963));
#3427=CARTESIAN_POINT('',(-0.184844830957527,-0.25,0.587406771382619));
#3428=CARTESIAN_POINT('',(-0.184844830957527,-0.549999999999999,0.587406771382619));
#3429=CARTESIAN_POINT('',(0.328860361326504,-0.549999999999999,0.712966740809189));
#3430=CARTESIAN_POINT('',(0.328860361326503,-0.25,0.712966740809189));
#3431=CARTESIAN_POINT('',(0.328860361326504,-0.25,0.712966740809189));
#3432=CARTESIAN_POINT('',(-0.184844830957527,-0.25,0.587406771382619));
#3433=CARTESIAN_POINT('',(0.328860361326503,-0.25,0.71296674080919));
#3434=CARTESIAN_POINT('',(0.328860361326503,-0.549999999999999,0.71296674080919));
#3435=CARTESIAN_POINT('',(0.328860361326503,-0.25,0.71296674080919));
#3436=CARTESIAN_POINT('',(0.549999999999998,3.04256949806892,1.));
#3437=CARTESIAN_POINT('',(0.549999999999998,-0.15,1.));
#3438=CARTESIAN_POINT('',(0.549999999999999,-0.15,-0.750000000000001));
#3439=CARTESIAN_POINT('',(0.549999999999999,0.,6.81498508419457E-17));
#3440=CARTESIAN_POINT('',(0.549999999999999,0.,-0.750000000000001));
#3441=CARTESIAN_POINT('',(0.549999999999999,3.04256949806892,-0.750000000000001));
#3442=CARTESIAN_POINT('',(0.549999999999998,3.04256949806892,1.));
#3443=CARTESIAN_POINT('',(0.549999999999999,0.,6.81498508419457E-17));
#3444=CARTESIAN_POINT('',(0.549999999999999,8.56028112604001E-17,-0.398000000000001));
#3445=CARTESIAN_POINT('',(0.549999999999998,0.,1.));
#3446=CARTESIAN_POINT('',(0.549999999999999,8.56028112604001E-17,-0.398000000000001));
#3447=CARTESIAN_POINT('',(0.549999999999998,-0.15,-0.398000000000001));
#3448=CARTESIAN_POINT('',(0.549999999999998,-0.15,1.));
#3449=CARTESIAN_POINT('',(0.549999999999998,-0.15,1.));
#3450=CARTESIAN_POINT('',(0.549999999999998,3.04256949806892,1.));
#3451=CARTESIAN_POINT('',(0.799999999999999,-0.15,1.));
#3452=CARTESIAN_POINT('',(0.799999999999999,-0.15,1.));
#3453=CARTESIAN_POINT('',(0.799999999999999,-0.15,1.));
#3454=CARTESIAN_POINT('',(0.799999999999999,-0.15,-0.400000000000001));
#3455=CARTESIAN_POINT('',(0.799999999999999,-3.67394039744206E-17,-0.400000000000001));
#3456=CARTESIAN_POINT('',(0.799999999999999,0.,-0.400000000000001));
#3457=CARTESIAN_POINT('',(0.799999999999999,0.,1.));
#3458=CARTESIAN_POINT('',(0.799999999999999,0.,1.));
#3459=CARTESIAN_POINT('',(0.799999999999999,-0.15,1.));
#3460=CARTESIAN_POINT('',(0.,-0.15,0.));
#3461=CARTESIAN_POINT('',(-1.05,-0.15,1.));
#3462=CARTESIAN_POINT('',(-1.05,-0.15,1.));
#3463=CARTESIAN_POINT('',(-0.749999999999999,-0.15,1.4));
#3464=CARTESIAN_POINT('',(-0.799999999999999,-0.15,1.));
#3465=CARTESIAN_POINT('',(-0.799999999999999,-0.15,-1.));
#3466=CARTESIAN_POINT('',(0.799999999999999,-0.15,-1.));
#3467=CARTESIAN_POINT('',(1.05,-0.15,1.));
#3468=CARTESIAN_POINT('',(1.05,-0.15,1.));
#3469=CARTESIAN_POINT('',(0.749999999999999,-0.15,1.4));
#3470=CARTESIAN_POINT('',(0.749999999999999,-0.15,1.4));
#3471=CARTESIAN_POINT('',(-0.749999999999999,-0.15,1.4));
#3472=CARTESIAN_POINT('',(-0.549999999999999,-0.15,-0.750000000000001));
#3473=CARTESIAN_POINT('',(-0.549999999999998,-0.15,1.));
#3474=CARTESIAN_POINT('',(0.549999999999998,-0.15,1.));
#3475=CARTESIAN_POINT('',(0.549999999999999,-0.15,-0.750000000000001));
#3476=CARTESIAN_POINT('',(0.,0.,0.));
#3477=CARTESIAN_POINT('',(-1.05,0.,1.));
#3478=CARTESIAN_POINT('',(-1.05,0.,1.));
#3479=CARTESIAN_POINT('',(-0.749999999999999,0.,1.4));
#3480=CARTESIAN_POINT('',(-0.749999999999999,0.,1.4));
#3481=CARTESIAN_POINT('',(0.749999999999999,0.,1.4));
#3482=CARTESIAN_POINT('',(0.749999999999999,0.,1.4));
#3483=CARTESIAN_POINT('',(1.05,0.,1.));
#3484=CARTESIAN_POINT('',(1.05,0.,1.));
#3485=CARTESIAN_POINT('',(0.799999999999998,-3.67394039744206E-17,-0.400000000000001));
#3486=CARTESIAN_POINT('',(-0.799999999999999,0.,-1.));
#3487=CARTESIAN_POINT('',(-0.799999999999999,0.,1.));
#3488=CARTESIAN_POINT('',(0.,0.,1.));
#3489=CARTESIAN_POINT('',(-0.549999999999999,-2.15537836649934E-17,-0.398000000000001));
#3490=CARTESIAN_POINT('',(0.,0.,-0.750000000000001));
#3491=CARTESIAN_POINT('',(0.549999999999999,1.07034130245479E-16,-0.748000000000001));
#3492=CARTESIAN_POINT('',(-1.05,-0.15,1.));
#3493=CARTESIAN_POINT('',(-1.05,-0.15,1.));
#3494=CARTESIAN_POINT('',(-0.749999999999999,-0.15,1.4));
#3495=CARTESIAN_POINT('',(-0.749999999999999,-0.15,1.4));
#3496=CARTESIAN_POINT('',(0.749999999999999,-0.15,1.4));
#3497=CARTESIAN_POINT('',(0.749999999999999,-0.15,1.4));
#3498=CARTESIAN_POINT('',(1.05,-0.15,1.));
#3499=CARTESIAN_POINT('',(1.05,-0.15,1.));
#3500=CARTESIAN_POINT('',(-0.799999999999999,-0.15,1.));
#3501=CARTESIAN_POINT('',(-0.549999999999998,3.04256949806892,1.));
#3502=CARTESIAN_POINT('',(0.549999999999999,3.04256949806892,-0.750000000000001));
#3503=CARTESIAN_POINT('',(1.05,-0.132582974572081,-0.400000000000001));
#3504=CARTESIAN_POINT('',(0.799999999999999,-0.25,-0.400000000000001));
#3505=CARTESIAN_POINT('',(0.899999999999998,-0.25,-0.4));
#3506=CARTESIAN_POINT('',(0.799999999999999,-0.25,-0.400000000000001));
#3507=CARTESIAN_POINT('',(0.799999999999999,-0.25,-1.));
#3508=CARTESIAN_POINT('',(0.799999999999999,-0.25,-1.));
#3509=CARTESIAN_POINT('',(0.299999999999999,-0.132582974572081,-0.398000000000001));
#3510=CARTESIAN_POINT('',(0.549999999999998,-0.25,-0.398000000000001));
#3511=CARTESIAN_POINT('',(0.449999999999999,-0.25,-0.398));
#3512=CARTESIAN_POINT('',(0.549999999999998,-0.25,-0.398000000000001));
#3513=CARTESIAN_POINT('',(0.549999999999998,-0.25,1.));
#3514=CARTESIAN_POINT('',(0.549999999999998,-0.25,1.));
#3515=CARTESIAN_POINT('',(0.522986756785141,-0.25,-0.400000000000001));
#3516=CARTESIAN_POINT('',(0.474571024263979,-0.25,0.748581382549932));
#3517=CARTESIAN_POINT('',(0.,-0.55,1.18075921064523));
#3518=CARTESIAN_POINT('',(0.,-0.549999999999999,-0.6255008276504));
#3519=CARTESIAN_POINT('',(0.299999999999999,-0.549999999999999,-0.6255008276504));
#3520=CARTESIAN_POINT('',(0.449999999999999,-0.549999999999999,-0.6255008276504));
#3521=CARTESIAN_POINT('',(0.299999999999999,-0.549999999999999,-0.664895670206209));
#3522=CARTESIAN_POINT('',(0.449999999999999,-0.549999999999999,-0.664895670206209));
#3523=CARTESIAN_POINT('',(0.299999999999999,-0.56037456517734,-0.697604055676749));
#3524=CARTESIAN_POINT('',(0.449999999999999,-0.56037456517734,-0.697604055676749));
#3525=CARTESIAN_POINT('',(0.299999999999999,-0.585256876076165,-0.748916137582352));
#3526=CARTESIAN_POINT('',(0.449999999999999,-0.585256876076165,-0.748916137582352));
#3527=CARTESIAN_POINT('',(0.899999999999998,-0.549999999999999,-0.6255008276504));
#3528=CARTESIAN_POINT('',(1.05,-0.549999999999999,-0.6255008276504));
#3529=CARTESIAN_POINT('',(0.899999999999998,-0.549999999999999,-0.655279097727385));
#3530=CARTESIAN_POINT('',(1.05,-0.549999999999999,-0.655279097727385));
#3531=CARTESIAN_POINT('',(0.899999999999998,-0.556843557156318,-0.702599113953554));
#3532=CARTESIAN_POINT('',(1.05,-0.556843557156318,-0.702599113953554));
#3533=CARTESIAN_POINT('',(0.899999999999999,-0.643457754858923,-0.843766371095549));
#3534=CARTESIAN_POINT('',(1.05,-0.643457754858923,-0.843766371095549));
#3535=CARTESIAN_POINT('',(0.899999999999999,-0.65150218240061,-0.964955625585775));
#3536=CARTESIAN_POINT('',(1.05,-0.65150218240061,-0.964955625585775));
#3537=CARTESIAN_POINT('',(0.899999999999998,-0.589322649674044,-1.));
#3538=CARTESIAN_POINT('',(1.05,-0.589322649674044,-1.));
#3539=CARTESIAN_POINT('',(0.899999999999998,-0.549999999999999,-1.));
#3540=CARTESIAN_POINT('',(1.05,-0.549999999999999,-1.));
#3541=CARTESIAN_POINT('',(0.,-0.549999999999999,-0.6255008276504));
#3542=CARTESIAN_POINT('',(0.,-0.55,1.18075921064523));
#3543=CARTESIAN_POINT('',(-1.05,-0.65,-0.400000000000001));
#3544=CARTESIAN_POINT('',(-0.799999999999999,-0.25,-0.400000000000001));
#3545=CARTESIAN_POINT('',(-0.899999999999998,-0.25,-0.4));
#3546=CARTESIAN_POINT('',(-0.799999999999999,-0.25,-0.400000000000001));
#3547=CARTESIAN_POINT('',(-0.799999999999999,-0.25,1.));
#3548=CARTESIAN_POINT('',(-0.799999999999999,-0.25,1.));
#3549=CARTESIAN_POINT('',(-0.299999999999999,-0.132582974572081,-0.398000000000001));
#3550=CARTESIAN_POINT('',(-0.549999999999999,-0.25,-0.398000000000001));
#3551=CARTESIAN_POINT('',(-0.449999999999999,-0.25,-0.398000000000001));
#3552=CARTESIAN_POINT('',(-0.549999999999999,-0.25,-0.398000000000001));
#3553=CARTESIAN_POINT('',(-0.549999999999999,-0.25,-0.750000000000001));
#3554=CARTESIAN_POINT('',(-0.549999999999999,-0.25,-0.750000000000001));
#3555=CARTESIAN_POINT('',(-0.648646320880198,-0.249999999999999,1.));
#3556=CARTESIAN_POINT('',(-3.95185317033972,-0.25,-0.398000000000001));
#3557=CARTESIAN_POINT('',(0.,-0.549999999999999,-0.6255008276504));
#3558=CARTESIAN_POINT('',(0.,-0.549999999999999,-0.6255008276504));
#3559=CARTESIAN_POINT('',(-0.299999999999998,-0.584813213067477,-0.748000008699561));
#3560=CARTESIAN_POINT('',(-0.449999999999998,-0.584813213067477,-0.748000008699561));
#3561=CARTESIAN_POINT('',(-0.299999999999998,-0.560251181951374,-0.697213658159412));
#3562=CARTESIAN_POINT('',(-0.449999999999998,-0.560251181951374,-0.697213658159412));
#3563=CARTESIAN_POINT('',(-0.299999999999998,-0.549999999999999,-0.664660710906671));
#3564=CARTESIAN_POINT('',(-0.449999999999998,-0.549999999999999,-0.664660710906671));
#3565=CARTESIAN_POINT('',(-0.299999999999998,-0.549999999999999,-0.6255008276504));
#3566=CARTESIAN_POINT('',(-0.449999999999998,-0.549999999999999,-0.6255008276504));
#3567=CARTESIAN_POINT('',(-0.899999999999998,-0.549999999999999,-1.));
#3568=CARTESIAN_POINT('',(-1.05,-0.549999999999999,-1.));
#3569=CARTESIAN_POINT('',(-0.899999999999998,-0.589322649674044,-1.));
#3570=CARTESIAN_POINT('',(-1.05,-0.589322649674044,-1.));
#3571=CARTESIAN_POINT('',(-0.899999999999999,-0.65150218240061,-0.964955625585775));
#3572=CARTESIAN_POINT('',(-1.05,-0.65150218240061,-0.964955625585775));
#3573=CARTESIAN_POINT('',(-0.899999999999998,-0.643457754858923,-0.843766371095549));
#3574=CARTESIAN_POINT('',(-1.05,-0.643457754858923,-0.843766371095549));
#3575=CARTESIAN_POINT('',(-0.899999999999998,-0.556843557156318,-0.702599113953554));
#3576=CARTESIAN_POINT('',(-1.05,-0.556843557156318,-0.702599113953554));
#3577=CARTESIAN_POINT('',(-0.899999999999998,-0.549999999999999,-0.655279097727385));
#3578=CARTESIAN_POINT('',(-1.05,-0.549999999999999,-0.655279097727385));
#3579=CARTESIAN_POINT('',(-0.899999999999998,-0.549999999999999,-0.6255008276504));
#3580=CARTESIAN_POINT('',(-1.05,-0.549999999999999,-0.6255008276504));
#3581=CARTESIAN_POINT('',(0.,-0.549999999999999,-0.6255008276504));
#3582=CARTESIAN_POINT('',(0.,-0.549999999999999,-0.6255008276504));
#3583=CARTESIAN_POINT('',(-1.30104260698261E-15,0.325,-0.499999999999999));
#3584=MECHANICAL_DESIGN_GEOMETRIC_PRESENTATION_REPRESENTATION('',(#2132,
#2133),#3585);
#3585=(
GEOMETRIC_REPRESENTATION_CONTEXT(3)
GLOBAL_UNCERTAINTY_ASSIGNED_CONTEXT((#3588))
GLOBAL_UNIT_ASSIGNED_CONTEXT((#3593,#3592,#3591))
REPRESENTATION_CONTEXT('62200213421','TOP_LEVEL_ASSEMBLY_PART')
);
#3586=(
GEOMETRIC_REPRESENTATION_CONTEXT(3)
GLOBAL_UNCERTAINTY_ASSIGNED_CONTEXT((#3589))
GLOBAL_UNIT_ASSIGNED_CONTEXT((#3593,#3592,#3591))
REPRESENTATION_CONTEXT('62200213421','COMPONENT_PART')
);
#3587=(
GEOMETRIC_REPRESENTATION_CONTEXT(3)
GLOBAL_UNCERTAINTY_ASSIGNED_CONTEXT((#3590))
GLOBAL_UNIT_ASSIGNED_CONTEXT((#3593,#3592,#3591))
REPRESENTATION_CONTEXT('62200213421_PIN','COMPONENT_PART')
);
#3588=UNCERTAINTY_MEASURE_WITH_UNIT(LENGTH_MEASURE(0.005),#3593,
'DISTANCE_ACCURACY_VALUE','Maximum Tolerance applied to model');
#3589=UNCERTAINTY_MEASURE_WITH_UNIT(LENGTH_MEASURE(0.005),#3593,
'DISTANCE_ACCURACY_VALUE','Maximum Tolerance applied to model');
#3590=UNCERTAINTY_MEASURE_WITH_UNIT(LENGTH_MEASURE(0.005),#3593,
'DISTANCE_ACCURACY_VALUE','Maximum Tolerance applied to model');
#3591=(
NAMED_UNIT(*)
SI_UNIT($,.STERADIAN.)
SOLID_ANGLE_UNIT()
);
#3592=(
NAMED_UNIT(*)
PLANE_ANGLE_UNIT()
SI_UNIT($,.RADIAN.)
);
#3593=(
LENGTH_UNIT()
NAMED_UNIT(*)
SI_UNIT(.MILLI.,.METRE.)
);
#3594=PRODUCT_DEFINITION_SHAPE('','',#3599);
#3595=PRODUCT_DEFINITION_SHAPE('','',#3600);
#3596=PRODUCT_DEFINITION_SHAPE(' ','NAUO PRDDFN',#104);
#3597=PRODUCT_DEFINITION_SHAPE('','',#3601);
#3598=PRODUCT_DEFINITION_SHAPE(' ','NAUO PRDDFN',#105);
#3599=PRODUCT_DEFINITION('','',#3605,#3602);
#3600=PRODUCT_DEFINITION('','',#3606,#3603);
#3601=PRODUCT_DEFINITION('','',#3607,#3604);
#3602=PRODUCT_DEFINITION_CONTEXT('',#3621,'design');
#3603=PRODUCT_DEFINITION_CONTEXT('',#3621,'design');
#3604=PRODUCT_DEFINITION_CONTEXT('',#3621,'design');
#3605=PRODUCT_DEFINITION_FORMATION_WITH_SPECIFIED_SOURCE('','',#3611,
 .NOT_KNOWN.);
#3606=PRODUCT_DEFINITION_FORMATION_WITH_SPECIFIED_SOURCE('','',#3612,
 .NOT_KNOWN.);
#3607=PRODUCT_DEFINITION_FORMATION_WITH_SPECIFIED_SOURCE('','',#3613,
 .NOT_KNOWN.);
#3608=PRODUCT_RELATED_PRODUCT_CATEGORY('','',(#3611));
#3609=PRODUCT_RELATED_PRODUCT_CATEGORY('','',(#3612));
#3610=PRODUCT_RELATED_PRODUCT_CATEGORY('','',(#3613));
#3611=PRODUCT('62200213421','62200213421','62200213421',(#3617));
#3612=PRODUCT('62200213421','62200213421','62200213421',(#3618));
#3613=PRODUCT('62200213421_PIN','62200213421_PIN','62200213421_PIN',(#3619));
#3614=PRODUCT_CATEGORY('','');
#3615=PRODUCT_CATEGORY('','');
#3616=PRODUCT_CATEGORY('','');
#3617=PRODUCT_CONTEXT('',#3621,'mechanical');
#3618=PRODUCT_CONTEXT('',#3621,'mechanical');
#3619=PRODUCT_CONTEXT('',#3621,'mechanical');
#3620=APPLICATION_PROTOCOL_DEFINITION('international standard',
'automotive_design',2010,#3621);
#3621=APPLICATION_CONTEXT(
'core data for automotive mechanical design processes');
ENDSEC;
END-ISO-10303-21;
